site,n,reports,periods,valid_ndvi,missing_rate,elevation
-64.93_18.11,1,0,1,1,0.0,0.0
-65.15_18.22,1,0,1,0,1.0,0.0
-65.16_18.4,1,0,1,1,0.0,0.0
-65.22_18.47,1,0,1,1,0.0,0.0
-65.23_18.31,3,0,2,3,0.0,55.666666666666664
-65.23_18.32,18,0,3,12,0.3333333333333333,18.333333333333332
-65.24_18.31,2,0,2,2,0.0,1.5
-65.24_18.46,1,0,1,0,1.0,0.0
-65.25_18.3,1,0,1,0,1.0,0.0
-65.25_18.31,8,0,3,8,0.0,9.5
-65.25_18.32,5,0,3,3,0.4,3.4
-65.26_18.29,4,0,1,4,0.0,33.0
-65.26_18.3,7,0,3,6,0.14285714285714285,2.142857142857143
-65.26_18.31,26,0,3,26,0.0,21.76923076923077
-65.26_18.32,22,0,3,18,0.18181818181818182,14.318181818181818
-65.27_18.14,3,0,3,2,0.3333333333333333,7.0
-65.27_18.3,4,0,2,3,0.25,41.25
-65.27_18.32,11,0,2,10,0.09090909090909091,92.81818181818181
-65.28_18.14,8,0,2,7,0.125,4.625
-65.28_18.28,1,0,1,1,0.0,35.0
-65.28_18.29,3,0,2,1,0.6666666666666666,13.0
-65.28_18.3,4,0,2,2,0.5,6.5
-65.28_18.31,44,0,3,39,0.11363636363636363,7.568181818181818
-65.28_18.32,16,0,3,16,0.0,57.25
-65.28_18.33,1,0,1,1,0.0,0.0
-65.29_18.28,14,0,3,13,0.07142857142857142,10.357142857142858
-65.29_18.29,14,0,2,14,0.0,12.928571428571429
-65.29_18.3,3,0,2,3,0.0,16.333333333333332
-65.29_18.31,11,0,3,10,0.09090909090909091,7.2727272727272725
-65.29_18.32,74,0,3,54,0.2702702702702703,65.29729729729729
-65.29_18.33,2,0,2,2,0.0,82.5
-65.31_18.12,19,0,3,17,0.10526315789473684,0.0
-65.31_18.14,12,0,3,12,0.0,2.75
-65.31_18.15,2,0,1,2,0.0,0.0
-65.31_18.3,6,0,2,5,0.16666666666666666,12.166666666666666
-65.31_18.31,27,0,3,17,0.37037037037037035,39.03703703703704
-65.31_18.32,44,0,3,30,0.3181818181818182,8.136363636363637
-65.31_18.33,12,0,3,6,0.5,16.666666666666668
-65.32_18.13,2,0,1,2,0.0,117.0
-65.32_18.15,1,0,1,1,0.0,0.0
-65.32_18.31,3,0,2,2,0.3333333333333333,9.0
-65.32_18.32,11,0,3,7,0.36363636363636365,8.181818181818182
-65.32_18.33,65,0,3,44,0.3230769230769231,4.8
-65.32_18.34,1,0,1,1,0.0,6.0
-65.33_18.12,2,0,1,1,0.5,7.0
-65.33_18.13,7,0,3,6,0.14285714285714285,5.0
-65.33_18.15,29,0,3,26,0.10344827586206896,3.206896551724138
-65.33_18.29,1,0,1,0,1.0,0.0
-65.33_18.3,1,0,1,1,0.0,22.0
-65.33_18.31,3,0,2,3,0.0,2.0
-65.33_18.32,4,0,2,1,0.75,4.0
-65.33_18.33,6,0,2,4,0.3333333333333333,18.0
-65.33_18.34,1,0,1,1,0.0,63.0
-65.34_18.12,21,0,3,20,0.047619047619047616,4.095238095238095
-65.34_18.15,1,0,1,1,0.0,11.0
-65.34_18.31,1,0,1,1,0.0,0.0
-65.34_18.34,1,0,1,1,0.0,10.0
-65.35_18.13,1,0,1,1,0.0,17.0
-65.36_18.15,6,0,2,5,0.16666666666666666,1.5
-65.36_18.81,1,0,1,1,0.0,0.0
-65.37_18.12,1,0,1,1,0.0,7.0
-65.37_18.16,6,0,2,5,0.16666666666666666,4.0
-65.38_18.11,63,0,3,54,0.14285714285714285,5.174603174603175
-65.38_18.12,20,0,3,13,0.35,4.7
-65.38_18.16,7,0,2,5,0.2857142857142857,0.0
-65.39_18.11,93,0,3,73,0.21505376344086022,3.032258064516129
-65.39_18.12,1,0,1,0,1.0,30.0
-65.39_18.64,1,0,1,1,0.0,0.0
-65.3_18.14,23,0,3,20,0.13043478260869565,1.608695652173913
-65.3_18.3,55,0,3,44,0.2,11.963636363636363
-65.3_18.31,20,0,3,16,0.2,7.7
-65.3_18.32,3,0,2,3,0.0,42.333333333333336
-65.3_18.33,7,0,3,4,0.42857142857142855,95.0
-65.41_18.11,96,0,3,81,0.15625,3.5833333333333335
-65.41_18.12,26,0,2,23,0.11538461538461539,20.46153846153846
-65.42_18.1,29,0,3,26,0.10344827586206896,3.793103448275862
-65.42_18.11,63,0,3,55,0.12698412698412698,6.333333333333333
-65.42_18.12,9,0,3,9,0.0,19.666666666666668
-65.42_18.15,1,0,1,1,0.0,77.0
-65.42_18.16,17,0,3,15,0.11764705882352941,3.4705882352941178
-65.43_18.09,4,0,2,3,0.25,6.5
-65.43_18.1,49,0,3,44,0.10204081632653061,18.0
-65.43_18.11,5,0,2,3,0.4,1.4
-65.43_18.12,42,0,2,34,0.19047619047619047,26.761904761904763
-65.43_18.13,34,0,2,17,0.5,104.94117647058823
-65.43_18.14,16,0,2,15,0.0625,87.625
-65.43_18.15,8,0,3,4,0.5,39.25
-65.43_18.16,24,0,3,18,0.25,4.541666666666667
-65.44_18.09,7,0,3,6,0.14285714285714285,2.142857142857143
-65.44_18.1,18,0,3,15,0.16666666666666666,2.5
-65.44_18.11,31,0,3,26,0.16129032258064516,2.161290322580645
-65.44_18.12,36,0,3,20,0.4444444444444444,31.694444444444443
-65.44_18.13,13,0,3,11,0.15384615384615385,83.76923076923077
-65.44_18.14,1,0,1,0,1.0,25.0
-65.44_18.15,162,0,3,115,0.29012345679012347,12.08641975308642
-65.44_18.16,19,0,3,14,0.2631578947368421,12.421052631578947
-65.45_18.09,116,0,3,103,0.11206896551724138,3.7241379310344827
-65.45_18.1,87,0,3,76,0.12643678160919541,3.1954022988505746
-65.45_18.11,106,0,3,83,0.2169811320754717,17.92452830188679
-65.45_18.13,3,0,2,2,0.3333333333333333,78.33333333333333
-65.45_18.14,14,0,3,10,0.2857142857142857,17.571428571428573
-65.45_18.15,11,0,2,7,0.36363636363636365,12.272727272727273
-65.45_18.16,1,0,1,1,0.0,0.0
-65.45_18.57,1,0,1,1,0.0,0.0
-65.46_18.09,24,0,3,22,0.08333333333333333,0.375
-65.46_18.1,158,0,3,139,0.12025316455696203,3.1772151898734178
-65.46_18.11,4,0,2,3,0.25,12.0
-65.46_18.13,11,0,2,8,0.2727272727272727,75.0909090909091
-65.46_18.14,10,0,3,10,0.0,17.6
-65.46_18.17,1,0,1,0,1.0,0.0
-65.47_18.09,146,0,3,125,0.14383561643835616,10.404109589041095
-65.47_18.1,169,0,3,138,0.1834319526627219,7.2485207100591715
-65.47_18.11,2,0,2,2,0.0,23.0
-65.47_18.12,2,0,2,1,0.5,50.5
-65.47_18.14,19,0,3,15,0.21052631578947367,13.631578947368421
-65.48_18.1,69,0,3,57,0.17391304347826086,14.376811594202898
-65.48_18.11,9,0,3,8,0.1111111111111111,52.44444444444444
-65.48_18.12,9,0,1,9,0.0,75.0
-65.48_18.14,1,0,1,1,0.0,3.0
-65.49_18.1,99,0,3,84,0.15151515151515152,19.858585858585858
-65.49_18.11,17,0,3,17,0.0,71.05882352941177
-65.49_18.12,15,0,3,15,0.0,101.13333333333334
-65.49_18.13,13,0,3,9,0.3076923076923077,20.076923076923077
-65.49_18.14,3,0,2,2,0.3333333333333333,9.666666666666666
-65.4_18.11,11,0,1,8,0.2727272727272727,7.090909090909091
-65.4_18.14,3,0,2,3,0.0,87.0
-65.4_18.32,1,0,1,1,0.0,0.0
-65.51_18.09,175,0,3,150,0.14285714285714285,4.337142857142857
-65.51_18.1,2,0,2,1,0.5,35.0
-65.51_18.13,66,0,3,49,0.25757575757575757,2.5303030303030303
-65.51_18.14,64,0,3,36,0.4375,0.734375
-65.51_18.15,48,0,3,35,0.2708333333333333,1.9166666666666667
-65.52_18.09,135,0,3,119,0.11851851851851852,2.8666666666666667
-65.52_18.1,3,0,2,3,0.0,23.333333333333332
-65.52_18.11,1,0,1,1,0.0,80.0
-65.52_18.12,2,0,1,1,0.5,42.5
-65.52_18.13,36,0,3,24,0.3333333333333333,2.5277777777777777
-65.52_18.15,3,0,2,2,0.3333333333333333,0.3333333333333333
-65.52_18.16,1,0,1,1,0.0,0.0
-65.53_18.08,21,0,2,19,0.09523809523809523,6.714285714285714
-65.53_18.12,5,0,2,5,0.0,27.8
-65.53_18.13,2,0,1,2,0.0,3.5
-65.53_18.36,3,0,1,2,0.3333333333333333,1.0
-65.54_18.1,5,0,1,4,0.2,45.0
-65.54_18.11,22,0,3,16,0.2727272727272727,85.63636363636364
-65.54_18.12,1,0,1,1,0.0,8.0
-65.55_18.09,2,0,2,1,0.5,282.0
-65.55_18.1,74,0,3,57,0.22972972972972974,197.55405405405406
-65.55_18.11,82,0,3,63,0.23170731707317074,28.902439024390244
-65.55_18.12,17,0,3,16,0.058823529411764705,8.764705882352942
-65.55_18.37,1,0,1,1,0.0,3.0
-65.55_18.44,1,0,1,1,0.0,0.0
-65.56_18.11,2,0,1,1,0.5,10.0
-65.56_18.12,94,0,3,68,0.2765957446808511,2.25531914893617
-65.57_18.09,1,0,1,1,0.0,0.0
-65.57_18.1,2,0,2,1,0.5,1.0
-65.57_18.11,31,0,3,26,0.16129032258064516,4.774193548387097
-65.57_18.12,13,0,2,11,0.15384615384615385,3.923076923076923
-65.57_18.18,1,0,1,1,0.0,0.0
-65.57_18.34,9,0,3,8,0.1111111111111111,3.5555555555555554
-65.57_18.35,11,0,3,8,0.2727272727272727,10.909090909090908
-65.57_18.38,5,0,3,5,0.0,5.4
-65.58_18.1,3,0,3,1,0.6666666666666666,2.6666666666666665
-65.58_18.11,28,0,2,21,0.25,5.678571428571429
-65.58_18.12,22,0,2,18,0.18181818181818182,1.8181818181818181
-65.58_18.34,1,0,1,0,1.0,0.0
-65.58_18.37,1,0,1,1,0.0,0.0
-65.58_18.38,2,0,2,1,0.5,4.0
-65.58_18.6,1,0,1,1,0.0,0.0
-65.59_18.12,2,0,1,0,1.0,0.0
-65.59_18.25,1,0,1,1,0.0,30.0
-65.59_18.38,11,0,2,7,0.36363636363636365,3.5454545454545454
-65.59_18.39,5,0,2,1,0.8,2.6
-65.5_18.11,7,0,2,3,0.5714285714285714,143.0
-65.5_18.12,20,0,2,12,0.4,101.4
-65.5_18.13,3,0,1,2,0.3333333333333333,1.0
-65.5_18.14,4,0,2,4,0.0,6.25
-65.61_18.21,1,0,1,0,1.0,0.0
-65.61_18.22,3,0,3,3,0.0,7.0
-65.61_18.23,91,1,2,84,0.07692307692307693,10.68131868131868
-65.61_18.24,64,0,2,58,0.09375,1.84375
-65.61_18.25,13,0,3,12,0.07692307692307693,1.4615384615384615
-65.61_18.26,3,0,3,2,0.3333333333333333,1.6666666666666667
-65.61_18.38,1,0,1,0,1.0,0.0
-65.61_18.39,1,0,1,1,0.0,0.0
-65.61_18.4,1,0,1,1,0.0,0.0
-65.62_18.21,1,0,1,1,0.0,0.0
-65.62_18.22,3,0,1,2,0.3333333333333333,0.3333333333333333
-65.62_18.23,44,0,2,38,0.13636363636363635,9.227272727272727
-65.62_18.24,6,0,2,4,0.3333333333333333,4.166666666666667
-65.62_18.31,1,0,1,1,0.0,0.0
-65.62_18.34,9,0,3,6,0.3333333333333333,7.333333333333333
-65.62_18.36,126,0,3,104,0.1746031746031746,4.753968253968254
-65.62_18.37,14,0,3,13,0.07142857142857142,8.357142857142858
-65.62_18.38,35,1,3,26,0.2571428571428571,35.17142857142857
-65.62_18.39,2,0,2,2,0.0,19.5
-65.63_18.23,7,0,2,6,0.14285714285714285,3.5714285714285716
-65.63_18.24,18,0,2,16,0.1111111111111111,5.444444444444445
-65.63_18.25,18,0,3,14,0.2222222222222222,3.388888888888889
-65.63_18.26,40,0,3,32,0.2,6.6
-65.63_18.27,265,0,3,236,0.10943396226415095,4.743396226415094
-65.63_18.28,1,0,1,0,1.0,9.0
-65.63_18.29,4,0,2,2,0.5,1.5
-65.63_18.3,1,0,1,1,0.0,15.0
-65.63_18.31,2,1,2,2,0.0,13.0
-65.63_18.32,1,0,1,1,0.0,0.0
-65.63_18.33,56,1,3,47,0.16071428571428573,4.910714285714286
-65.63_18.34,18,0,3,17,0.05555555555555555,17.5
-65.63_18.35,15,0,3,6,0.6,28.666666666666668
-65.63_18.36,62,0,3,47,0.24193548387096775,60.5
-65.63_18.37,292,3,3,237,0.18835616438356165,10.294520547945206
-65.63_18.38,10,0,3,7,0.3,6.4
-65.64_18.21,5,0,1,5,0.0,2.0
-65.64_18.22,1,0,1,0,1.0,0.0
-65.64_18.23,4,0,2,4,0.0,5.25
-65.64_18.24,7,0,2,6,0.14285714285714285,17.714285714285715
-65.64_18.25,3,0,2,3,0.0,18.666666666666668
-65.64_18.26,4,0,1,2,0.5,12.5
-65.64_18.27,19,0,3,19,0.0,8.210526315789474
-65.64_18.28,6,0,3,6,0.0,15.333333333333334
-65.64_18.29,25,0,3,18,0.28,9.84
-65.64_18.3,1,0,1,1,0.0,13.0
-65.64_18.33,88,3,3,76,0.13636363636363635,28.852272727272727
-65.64_18.34,49,0,3,43,0.12244897959183673,29.836734693877553
-65.64_18.35,19,0,3,16,0.15789473684210525,15.210526315789474
-65.64_18.36,11,0,3,7,0.36363636363636365,20.272727272727273
-65.64_18.37,215,1,3,164,0.2372093023255814,14.376744186046512
-65.64_18.38,9,0,3,6,0.3333333333333333,9.444444444444445
-65.65_18.22,3,0,2,2,0.3333333333333333,25.0
-65.65_18.24,4,0,2,3,0.25,15.5
-65.65_18.25,13,0,2,12,0.07692307692307693,44.84615384615385
-65.65_18.26,57,0,3,41,0.2807017543859649,26.666666666666668
-65.65_18.27,3,0,3,3,0.0,22.0
-65.65_18.28,8,0,3,8,0.0,46.375
-65.65_18.29,2,0,1,2,0.0,26.0
-65.65_18.3,9,0,2,9,0.0,13.777777777777779
-65.65_18.31,6,0,2,4,0.3333333333333333,9.166666666666666
-65.65_18.32,4,0,3,3,0.25,12.75
-65.65_18.33,4,0,3,4,0.0,14.0
-65.65_18.34,3,0,2,3,0.0,39.666666666666664
-65.65_18.36,4,0,2,2,0.5,16.75
-65.65_18.37,4,0,2,3,0.25,7.0
-65.65_18.38,1,0,1,1,0.0,0.0
-65.65_18.58,1,0,1,1,0.0,0.0
-65.66_18.22,1,0,1,1,0.0,58.0
-65.66_18.23,38,0,2,36,0.05263157894736842,4.2105263157894735
-65.66_18.24,1,0,1,1,0.0,19.0
-65.66_18.25,2,0,2,2,0.0,63.0
-65.66_18.26,3,0,1,2,0.3333333333333333,56.333333333333336
-65.66_18.27,2,0,2,2,0.0,55.0
-65.66_18.29,3,0,3,3,0.0,69.0
-65.66_18.3,42,0,2,36,0.14285714285714285,20.19047619047619
-65.66_18.32,3,0,2,2,0.3333333333333333,11.0
-65.66_18.33,6,0,3,6,0.0,26.166666666666668
-65.66_18.34,6,1,3,4,0.3333333333333333,28.666666666666668
-65.67_18.2,10,0,3,9,0.1,12.1
-65.67_18.21,1,0,1,1,0.0,15.0
-65.67_18.22,3,0,2,3,0.0,15.0
-65.67_18.23,2,0,2,1,0.5,8.5
-65.67_18.27,2,0,2,0,1.0,151.0
-65.67_18.29,3,0,1,2,0.3333333333333333,124.66666666666667
-65.67_18.3,1,0,1,1,0.0,23.0
-65.67_18.31,1,0,1,1,0.0,33.0
-65.67_18.32,3,0,1,3,0.0,102.33333333333333
-65.67_18.33,1,0,1,1,0.0,119.0
-65.67_18.34,7,0,2,5,0.2857142857142857,50.285714285714285
-65.67_18.35,9,0,3,7,0.2222222222222222,34.0
-65.67_18.36,2,0,1,1,0.5,24.0
-65.68_18.21,5,0,2,5,0.0,15.0
-65.68_18.22,1,0,1,0,1.0,12.0
-65.68_18.23,1,0,1,1,0.0,60.0
-65.68_18.27,31,1,3,13,0.5806451612903226,140.41935483870967
-65.68_18.29,1,0,1,0,1.0,66.0
-65.68_18.33,5,0,2,4,0.2,64.0
-65.68_18.35,2,0,1,0,1.0,62.0
-65.68_18.37,5,0,2,3,0.4,2.8
-65.69_18.18,1,0,1,1,0.0,9.0
-65.69_18.21,2,0,1,2,0.0,3.0
-65.69_18.22,3,0,2,2,0.3333333333333333,11.0
-65.69_18.26,3,0,2,1,0.6666666666666666,115.0
-65.69_18.27,1,0,1,1,0.0,193.0
-65.69_18.28,2,0,2,2,0.0,90.5
-65.69_18.29,2,0,1,1,0.5,69.0
-65.69_18.3,2,0,1,0,1.0,47.5
-65.69_18.31,1,0,1,0,1.0,122.0
-65.69_18.33,2,0,1,0,1.0,122.0
-65.69_18.34,11,1,2,8,0.2727272727272727,66.27272727272727
-65.69_18.35,2,0,2,1,0.5,31.0
-65.69_18.36,5,0,3,2,0.6,16.8
-65.69_18.37,8,0,2,5,0.375,3.75
-65.6_18.22,3,0,2,3,0.0,2.6666666666666665
-65.6_18.23,28,0,3,23,0.17857142857142858,11.642857142857142
-65.6_18.24,218,0,3,207,0.05045871559633028,1.9357798165137614
-65.6_18.54,1,0,1,1,0.0,0.0
-65.71_18.18,2,0,2,2,0.0,4.0
-65.71_18.19,22,0,3,21,0.045454545454545456,4.681818181818182
-65.71_18.2,3,0,2,2,0.3333333333333333,15.333333333333334
-65.71_18.25,1,0,1,0,1.0,43.0
-65.71_18.26,2,0,1,2,0.0,150.0
-65.71_18.28,1,1,1,1,0.0,79.0
-65.71_18.29,1,0,1,1,0.0,114.0
-65.71_18.3,3,0,2,1,0.6666666666666666,205.33333333333334
-65.71_18.31,4,0,1,1,0.75,308.5
-65.71_18.35,2,0,2,0,1.0,20.5
-65.71_18.36,7,0,2,3,0.5714285714285714,22.428571428571427
-65.71_18.37,38,0,3,28,0.2631578947368421,7.394736842105263
-65.71_18.38,48,0,3,29,0.3958333333333333,3.75
-65.72_18.19,17,0,3,14,0.17647058823529413,18.058823529411764
-65.72_18.2,1,0,1,1,0.0,45.0
-65.72_18.27,26,0,2,14,0.46153846153846156,100.65384615384616
-65.72_18.28,1,0,1,0,1.0,252.0
-65.72_18.31,1,0,1,1,0.0,383.0
-65.72_18.32,5,0,2,1,0.8,197.0
-65.72_18.33,24,0,3,7,0.7083333333333334,185.04166666666666
-65.72_18.34,7,0,1,4,0.42857142857142855,43.285714285714285
-65.72_18.35,2,0,1,2,0.0,31.5
-65.72_18.36,4,0,2,1,0.75,22.25
-65.72_18.37,15,0,3,13,0.13333333333333333,28.2
-65.72_18.38,209,2,3,143,0.3157894736842105,6.157894736842105
-65.72_18.39,12,0,3,10,0.16666666666666666,1.8333333333333333
-65.72_18.4,1,0,1,0,1.0,0.0
-65.73_18.18,3,0,2,3,0.0,4.666666666666667
-65.73_18.19,27,0,3,12,0.5555555555555556,2.925925925925926
-65.73_18.21,5,0,2,3,0.4,19.0
-65.73_18.22,1,0,1,1,0.0,49.0
-65.73_18.23,1,0,1,1,0.0,46.0
-65.73_18.24,2,0,1,0,1.0,62.5
-65.73_18.25,2,0,1,0,1.0,207.0
-65.73_18.26,9,0,2,9,0.0,171.0
-65.73_18.27,3,0,2,1,0.6666666666666666,156.0
-65.73_18.31,1,1,1,1,0.0,170.0
-65.73_18.32,20,0,3,9,0.55,120.05
-65.73_18.33,57,3,3,32,0.43859649122807015,119.91228070175438
-65.73_18.34,28,2,3,8,0.7142857142857143,89.57142857142857
-65.73_18.35,47,4,3,22,0.5319148936170213,36.765957446808514
-65.73_18.36,12,0,2,5,0.5833333333333334,50.0
-65.73_18.37,56,1,2,48,0.14285714285714285,17.107142857142858
-65.73_18.38,40,0,3,24,0.4,2.325
-65.73_18.39,23,0,3,18,0.21739130434782608,1.4782608695652173
-65.74_18.16,145,0,3,117,0.19310344827586207,5.0344827586206895
-65.74_18.17,36,0,3,26,0.2777777777777778,7.472222222222222
-65.74_18.18,24,1,3,21,0.125,4.916666666666667
-65.74_18.2,1,0,1,0,1.0,10.0
-65.74_18.21,12,0,3,5,0.5833333333333334,22.0
-65.74_18.22,2,0,1,2,0.0,42.0
-65.74_18.24,1,0,1,1,0.0,60.0
-65.74_18.25,5,0,2,3,0.4,155.8
-65.74_18.32,14,4,2,8,0.42857142857142855,212.85714285714286
-65.74_18.33,8,2,2,2,0.75,268.875
-65.74_18.34,64,3,2,32,0.5,159.6875
-65.74_18.35,7,1,3,4,0.42857142857142855,79.0
-65.74_18.36,15,0,2,10,0.3333333333333333,60.333333333333336
-65.74_18.38,120,0,3,78,0.35,5.316666666666666
-65.74_18.39,2,1,1,0,1.0,0.0
-65.74_21.24,1,0,1,0,1.0,0.0
-65.75_18.16,10,0,3,8,0.2,4.0
-65.75_18.17,4,0,2,4,0.0,3.75
-65.75_18.19,17,1,2,15,0.11764705882352941,1.0
-65.75_18.2,1,0,1,0,1.0,5.0
-65.75_18.23,1,1,1,1,0.0,84.0
-65.75_18.25,1,0,1,0,1.0,251.0
-65.75_18.26,1,0,1,1,0.0,365.0
-65.75_18.32,167,20,3,54,0.6766467065868264,150.125748502994
-65.75_18.33,24,3,3,11,0.5416666666666666,100.20833333333333
-65.75_18.34,29,4,2,8,0.7241379310344828,167.79310344827587
-65.75_18.35,8,1,2,0,1.0,127.75
-65.75_18.36,2,0,1,1,0.5,63.0
-65.75_18.38,34,0,3,26,0.23529411764705882,9.588235294117647
-65.75_18.39,91,1,3,67,0.26373626373626374,8.967032967032967
-65.76_18.15,21,0,2,17,0.19047619047619047,4.904761904761905
-65.76_18.16,35,0,3,25,0.2857142857142857,3.8857142857142857
-65.76_18.17,2,0,1,0,1.0,1.0
-65.76_18.22,1,0,1,1,0.0,14.0
-65.76_18.23,1,0,1,1,0.0,38.0
-65.76_18.24,4,0,1,4,0.0,110.0
-65.76_18.27,5,0,2,0,1.0,1019.2
-65.76_18.32,2,0,2,1,0.5,221.0
-65.76_18.33,184,31,3,71,0.6141304347826086,230.94565217391303
-65.76_18.34,667,75,3,256,0.616191904047976,188.0029985007496
-65.76_18.35,6,0,3,1,0.8333333333333334,48.5
-65.76_18.36,18,1,3,10,0.4444444444444444,37.333333333333336
-65.76_18.37,4,0,2,2,0.5,20.75
-65.76_18.38,58,0,3,38,0.3448275862068966,13.068965517241379
-65.76_18.39,246,0,3,189,0.23170731707317074,9.601626016260163
-65.76_18.4,11,0,3,8,0.2727272727272727,5.7272727272727275
-65.77_18.14,4,0,2,1,0.75,11.25
-65.77_18.15,494,7,3,411,0.1680161943319838,2.7935222672064777
-65.77_18.16,4,0,2,3,0.25,2.0
-65.77_18.17,50,0,2,40,0.2,3.74
-65.77_18.2,1,0,1,0,1.0,67.0
-65.77_18.21,1,0,1,0,1.0,12.0
-65.77_18.23,1,0,1,0,1.0,35.0
-65.77_18.24,4,1,2,3,0.25,88.25
-65.77_18.27,1,1,1,1,0.0,729.0
-65.77_18.31,227,33,3,73,0.6784140969162996,497.24229074889865
-65.77_18.32,155,26,3,53,0.6580645161290323,463.03225806451616
-65.77_18.33,33,8,3,16,0.5151515151515151,407.0
-65.77_18.34,10,2,3,1,0.9,207.9
-65.77_18.35,23,1,3,12,0.4782608695652174,31.0
-65.77_18.36,29,0,3,15,0.4827586206896552,23.93103448275862
-65.77_18.37,48,0,3,30,0.375,14.791666666666666
-65.77_18.38,10,0,3,6,0.4,82.3
-65.77_18.39,8,0,3,7,0.125,39.625
-65.77_18.4,26,0,2,22,0.15384615384615385,5.884615384615385
-65.77_18.41,15,0,2,14,0.06666666666666667,5.133333333333334
-65.78_18.11,4,0,1,1,0.75,20.5
-65.78_18.14,1,0,1,1,0.0,31.0
-65.78_18.15,5,0,3,3,0.4,3.0
-65.78_18.16,76,0,3,60,0.21052631578947367,12.0
-65.78_18.17,5,0,3,4,0.2,3.6
-65.78_18.19,1,0,1,1,0.0,16.0
-65.78_18.22,1,0,1,1,0.0,18.0
-65.78_18.23,12,2,2,7,0.4166666666666667,17.25
-65.78_18.24,5,0,3,4,0.2,35.0
-65.78_18.29,4,0,2,0,1.0,767.5
-65.78_18.3,163,49,3,65,0.6012269938650306,625.2208588957055
-65.78_18.31,106,22,3,37,0.6509433962264151,510.87735849056605
-65.78_18.33,4,1,1,2,0.5,437.5
-65.78_18.34,1,0,1,1,0.0,427.0
-65.78_18.35,13,1,3,11,0.15384615384615385,108.38461538461539
-65.78_18.36,5,1,2,2,0.6,60.8
-65.78_18.37,4,0,2,2,0.5,37.0
-65.78_18.38,1,0,1,1,0.0,22.0
-65.78_18.39,8,0,3,6,0.25,59.125
-65.78_18.41,12,0,3,6,0.5,7.75
-65.79_18.08,1,0,1,0,1.0,0.0
-65.79_18.09,29,0,3,24,0.1724137931034483,8.793103448275861
-65.79_18.1,3,0,1,3,0.0,2.0
-65.79_18.11,1,0,1,0,1.0,4.0
-65.79_18.13,5,0,2,4,0.2,6.2
-65.79_18.14,7,0,1,5,0.2857142857142857,5.428571428571429
-65.79_18.15,9,0,2,7,0.2222222222222222,7.111111111111111
-65.79_18.19,1,0,1,1,0.0,20.0
-65.79_18.23,1,1,1,0,1.0,19.0
-65.79_18.24,9,0,2,6,0.3333333333333333,39.55555555555556
-65.79_18.25,15,1,3,10,0.3333333333333333,116.8
-65.79_18.26,10,3,3,5,0.5,426.8
-65.79_18.27,11,5,3,5,0.5454545454545454,507.1818181818182
-65.79_18.29,37,14,3,11,0.7027027027027027,761.5675675675676
-65.79_18.3,461,151,3,96,0.7917570498915402,787.1453362255966
-65.79_18.31,38,9,3,10,0.7368421052631579,1031.6052631578948
-65.79_18.32,1,1,1,0,1.0,856.0
-65.79_18.33,1,0,1,1,0.0,298.0
-65.79_18.36,5,0,1,1,0.8,136.0
-65.79_18.38,4,0,2,2,0.5,14.25
-65.79_18.39,1,0,1,0,1.0,20.0
-65.79_18.4,1,0,1,1,0.0,4.0
-65.79_18.41,1,0,1,1,0.0,0.0
-65.79_18.42,92,2,3,57,0.3804347826086957,4.076086956521739
-65.7_18.18,3,0,1,3,0.0,0.0
-65.7_18.2,8,0,1,8,0.0,39.875
-65.7_18.3,1,0,1,0,1.0,90.0
-65.7_18.31,7,2,2,3,0.5714285714285714,285.14285714285717
-65.7_18.33,3,0,2,0,1.0,253.66666666666666
-65.7_18.34,14,0,2,11,0.21428571428571427,79.0
-65.7_18.35,8,0,3,7,0.125,36.75
-65.7_18.36,205,3,3,139,0.32195121951219513,5.058536585365854
-65.7_18.37,11,0,3,9,0.18181818181818182,0.0
-65.81_18.06,2,0,2,0,1.0,41.0
-65.81_18.07,3,0,2,3,0.0,72.66666666666667
-65.81_18.1,6,0,3,5,0.16666666666666666,8.166666666666666
-65.81_18.14,3,0,1,2,0.3333333333333333,11.333333333333334
-65.81_18.17,1,0,1,0,1.0,89.0
-65.81_18.2,2,0,1,2,0.0,112.0
-65.81_18.21,3,0,1,3,0.0,64.66666666666667
-65.81_18.28,1,1,1,0,1.0,826.0
-65.81_18.32,11,0,1,0,1.0,420.1818181818182
-65.81_18.33,1,0,1,0,1.0,289.0
-65.81_18.34,93,23,3,65,0.3010752688172043,258.3010752688172
-65.81_18.35,38,1,3,23,0.39473684210526316,63.31578947368421
-65.81_18.36,14,0,2,11,0.21428571428571427,62.42857142857143
-65.81_18.37,7,0,2,3,0.5714285714285714,12.571428571428571
-65.81_18.38,1,0,1,1,0.0,6.0
-65.81_18.39,17,0,3,11,0.35294117647058826,2.6470588235294117
-65.81_18.41,2,0,2,1,0.5,3.0
-65.82_18.06,6,0,2,5,0.16666666666666666,6.5
-65.82_18.07,2,0,1,1,0.5,13.5
-65.82_18.09,7,0,2,7,0.0,84.57142857142857
-65.82_18.1,2,0,2,1,0.5,37.0
-65.82_18.11,1,0,1,1,0.0,26.0
-65.82_18.12,1,0,1,1,0.0,33.0
-65.82_18.13,1,0,1,0,1.0,29.0
-65.82_18.14,1,0,1,1,0.0,15.0
-65.82_18.15,23,0,3,22,0.043478260869565216,21.08695652173913
-65.82_18.16,1,0,1,1,0.0,77.0
-65.82_18.23,5,0,2,1,0.8,282.0
-65.82_18.24,1,0,1,1,0.0,470.0
-65.82_18.3,2,0,1,0,1.0,603.0
-65.82_18.31,3,3,1,0,1.0,548.3333333333334
-65.82_18.32,38,17,3,22,0.42105263157894735,367.5263157894737
-65.82_18.33,1,1,1,1,0.0,220.0
-65.82_18.34,5,0,3,4,0.2,162.4
-65.82_18.35,5,0,2,3,0.4,54.2
-65.82_18.36,7,0,2,7,0.0,38.42857142857143
-65.82_18.37,4,0,3,3,0.25,25.75
-65.82_18.38,13,1,3,11,0.15384615384615385,7.6923076923076925
-65.82_18.39,6,0,3,3,0.5,1.5
-65.82_18.4,5,0,2,4,0.2,0.6
-65.82_18.41,59,0,3,41,0.3050847457627119,8.491525423728813
-65.82_18.42,1,0,1,1,0.0,4.0
-65.83_18.04,7,0,3,6,0.14285714285714285,7.285714285714286
-65.83_18.05,35,0,3,33,0.05714285714285714,6.8
-65.83_18.06,2,0,2,2,0.0,4.0
-65.83_18.11,1,0,1,1,0.0,70.0
-65.83_18.14,2,0,1,1,0.5,32.5
-65.83_18.15,3,0,2,3,0.0,24.0
-65.83_18.16,1,0,1,0,1.0,101.0
-65.83_18.22,1,0,1,1,0.0,98.0
-65.83_18.23,1,0,1,0,1.0,106.0
-65.83_18.27,2,1,2,1,0.5,1016.0
-65.83_18.28,2,1,2,0,1.0,876.0
-65.83_18.3,12,0,1,7,0.4166666666666667,435.0
-65.83_18.31,8,5,2,6,0.25,512.625
-65.83_18.32,21,4,2,7,0.6666666666666666,433.5238095238095
-65.83_18.34,12,0,3,6,0.5,149.41666666666666
-65.83_18.35,15,1,2,7,0.5333333333333333,105.0
-65.83_18.36,18,3,3,13,0.2777777777777778,62.166666666666664
-65.83_18.38,4,0,1,4,0.0,11.25
-65.83_18.39,8,0,2,6,0.25,4.0
-65.83_18.41,1,0,1,1,0.0,7.0
-65.83_18.42,13,0,3,10,0.23076923076923078,0.7692307692307693
-65.84_18.01,4,0,1,2,0.5,23.0
-65.84_18.02,89,2,3,70,0.21348314606741572,33.19101123595506
-65.84_18.04,10,0,3,7,0.3,16.9
-65.84_18.05,23,1,3,17,0.2608695652173913,4.130434782608695
-65.84_18.07,2,0,2,2,0.0,5.5
-65.84_18.08,1,0,1,1,0.0,47.0
-65.84_18.13,2,0,1,2,0.0,157.5
-65.84_18.15,34,1,3,30,0.11764705882352941,30.235294117647058
-65.84_18.16,4,0,2,1,0.75,38.0
-65.84_18.19,2,0,1,1,0.5,225.0
-65.84_18.23,2,0,1,2,0.0,96.5
-65.84_18.24,1,1,1,1,0.0,369.0
-65.84_18.28,2,1,1,0,1.0,903.5
-65.84_18.29,2,0,2,0,1.0,454.0
-65.84_18.3,6,0,3,3,0.5,482.3333333333333
-65.84_18.31,2,0,2,2,0.0,342.5
-65.84_18.32,3,0,2,3,0.0,337.3333333333333
-65.84_18.33,9,1,2,4,0.5555555555555556,199.33333333333334
-65.84_18.34,7,0,1,3,0.5714285714285714,61.285714285714285
-65.84_18.35,14,1,3,5,0.6428571428571429,44.42857142857143
-65.84_18.36,1,1,1,1,0.0,24.0
-65.84_18.38,4,0,2,4,0.0,11.75
-65.84_18.4,1,0,1,0,1.0,0.0
-65.84_18.41,1,0,1,0,1.0,4.0
-65.84_18.42,1,0,1,1,0.0,4.0
-65.84_18.43,26,0,3,21,0.19230769230769232,4.653846153846154
-65.85_18.01,8,0,2,7,0.125,12.375
-65.85_18.02,11,0,2,11,0.0,99.27272727272727
-65.85_18.04,1,0,1,1,0.0,4.0
-65.85_18.05,2,0,2,2,0.0,7.5
-65.85_18.06,1,0,1,1,0.0,1.0
-65.85_18.14,2,0,1,2,0.0,98.5
-65.85_18.19,1,0,1,1,0.0,127.0
-65.85_18.21,2,1,1,1,0.5,100.5
-65.85_18.24,1,0,1,1,0.0,138.0
-65.85_18.28,40,13,2,16,0.6,732.0
-65.85_18.29,3,0,2,2,0.3333333333333333,607.0
-65.85_18.3,3,0,2,2,0.3333333333333333,529.0
-65.85_18.31,5,0,2,3,0.4,461.8
-65.85_18.32,1,0,1,1,0.0,251.0
-65.85_18.33,14,0,3,10,0.2857142857142857,198.42857142857142
-65.85_18.37,1,0,1,1,0.0,43.0
-65.85_18.43,10,0,2,10,0.0,5.0
-65.86_18.02,2,0,1,2,0.0,210.0
-65.86_18.04,2,0,2,2,0.0,21.5
-65.86_18.06,1,0,1,1,0.0,9.0
-65.86_18.08,2,0,2,1,0.5,12.0
-65.86_18.11,1,0,1,0,1.0,220.0
-65.86_18.12,2,0,2,1,0.5,305.0
-65.86_18.14,2,0,1,2,0.0,114.5
-65.86_18.18,4,0,2,3,0.25,134.5
-65.86_18.19,4,0,1,3,0.25,134.25
-65.86_18.2,2,0,1,1,0.5,95.0
-65.86_18.26,2,0,2,0,1.0,450.5
-65.86_18.27,1,1,1,1,0.0,514.0
-65.86_18.28,10,3,2,4,0.6,597.3
-65.86_18.31,3,0,2,1,0.6666666666666666,476.0
-65.86_18.32,1,0,1,0,1.0,478.0
-65.86_18.33,2,0,1,2,0.0,235.5
-65.86_18.34,1,0,1,1,0.0,163.0
-65.86_18.35,1,0,1,1,0.0,93.0
-65.86_18.38,1,0,1,1,0.0,13.0
-65.86_18.43,8,1,3,6,0.25,4.375
-65.87_18.0,1,0,1,1,0.0,7.0
-65.87_18.01,3,0,1,3,0.0,11.0
-65.87_18.02,1,0,1,1,0.0,204.0
-65.87_18.04,1,0,1,1,0.0,34.0
-65.87_18.05,7,0,2,2,0.7142857142857143,11.571428571428571
-65.87_18.13,1,1,1,0,1.0,191.0
-65.87_18.14,2,0,2,1,0.5,201.5
-65.87_18.17,8,0,1,2,0.75,111.375
-65.87_18.18,1,0,1,0,1.0,120.0
-65.87_18.19,7,0,2,5,0.2857142857142857,117.57142857142857
-65.87_18.2,1,0,1,1,0.0,92.0
-65.87_18.23,2,0,2,1,0.5,94.0
-65.87_18.28,18,4,2,12,0.3333333333333333,520.7777777777778
-65.87_18.31,5,1,2,1,0.8,501.6
-65.87_18.32,37,2,3,32,0.13513513513513514,329.64864864864865
-65.87_18.33,4,0,2,3,0.25,121.75
-65.87_18.39,1,0,1,1,0.0,6.0
-65.87_18.44,1,0,1,1,0.0,7.0
-65.88_17.99,23,0,3,17,0.2608695652173913,8.478260869565217
-65.88_18.0,51,0,3,46,0.09803921568627451,8.509803921568627
-65.88_18.01,2,0,1,2,0.0,47.0
-65.88_18.03,1,0,1,1,0.0,417.0
-65.88_18.04,58,1,3,23,0.603448275862069,34.689655172413794
-65.88_18.05,1,0,1,0,1.0,22.0
-65.88_18.06,4,0,2,4,0.0,15.75
-65.88_18.1,2,0,1,2,0.0,220.0
-65.88_18.12,1,0,1,0,1.0,247.0
-65.88_18.13,3,0,1,0,1.0,241.66666666666666
-65.88_18.23,1,0,1,0,1.0,84.0
-65.88_18.26,1,0,1,1,0.0,520.0
-65.88_18.29,3,0,2,2,0.3333333333333333,301.0
-65.88_18.33,9,0,1,8,0.1111111111111111,184.22222222222223
-65.88_18.36,1,0,1,1,0.0,46.0
-65.88_18.37,2,0,2,2,0.0,37.0
-65.88_18.38,47,1,3,43,0.0851063829787234,18.0
-65.88_18.39,1,0,1,1,0.0,16.0
-65.88_18.42,3,0,1,3,0.0,4.0
-65.88_18.43,46,0,3,41,0.10869565217391304,2.3043478260869565
-65.88_18.44,68,0,3,62,0.08823529411764706,0.9264705882352942
-65.89_17.99,17,0,2,15,0.11764705882352941,11.647058823529411
-65.89_18.0,6,0,3,3,0.5,16.5
-65.89_18.06,3,0,1,3,0.0,16.333333333333332
-65.89_18.07,1,0,1,1,0.0,20.0
-65.89_18.09,1,0,1,1,0.0,42.0
-65.89_18.11,1,1,1,0,1.0,270.0
-65.89_18.17,1,0,1,1,0.0,121.0
-65.89_18.18,4,0,2,1,0.75,112.0
-65.89_18.19,5,0,1,3,0.4,114.6
-65.89_18.2,1,0,1,1,0.0,146.0
-65.89_18.24,8,0,2,7,0.125,94.125
-65.89_18.25,2,0,2,2,0.0,196.0
-65.89_18.28,1,0,1,1,0.0,389.0
-65.89_18.29,7,0,2,6,0.14285714285714285,284.57142857142856
-65.89_18.3,3,0,1,3,0.0,136.66666666666666
-65.89_18.31,3,0,1,2,0.3333333333333333,118.66666666666667
-65.89_18.32,1,0,1,1,0.0,70.0
-65.89_18.33,5,0,2,5,0.0,98.4
-65.89_18.34,4,0,3,3,0.25,47.75
-65.89_18.35,17,0,2,17,0.0,135.0
-65.89_18.36,3,0,2,3,0.0,21.666666666666668
-65.89_18.37,1,0,1,1,0.0,29.0
-65.89_18.38,27,0,3,21,0.2222222222222222,9.518518518518519
-65.89_18.39,2,0,2,2,0.0,9.0
-65.89_18.4,2,0,2,2,0.0,31.0
-65.89_18.41,11,0,3,9,0.18181818181818182,2.6363636363636362
-65.89_18.42,1,0,1,1,0.0,2.0
-65.89_18.43,1,0,1,1,0.0,2.0
-65.89_18.45,1,0,1,1,0.0,3.0
-65.8_18.07,10,0,2,10,0.0,24.1
-65.8_18.08,49,0,3,40,0.1836734693877551,9.346938775510203
-65.8_18.09,217,4,3,194,0.10599078341013825,3.1382488479262673
-65.8_18.1,12,0,3,11,0.08333333333333333,3.4166666666666665
-65.8_18.11,1,0,1,1,0.0,21.0
-65.8_18.12,2,0,1,1,0.5,14.0
-65.8_18.13,2,0,1,2,0.0,5.0
-65.8_18.14,9,0,2,8,0.1111111111111111,11.777777777777779
-65.8_18.15,2,0,1,1,0.5,11.5
-65.8_18.18,1,0,1,1,0.0,16.0
-65.8_18.19,1,0,1,0,1.0,83.0
-65.8_18.2,1,0,1,0,1.0,77.0
-65.8_18.21,1,0,1,1,0.0,36.0
-65.8_18.22,4,0,2,4,0.0,138.25
-65.8_18.25,18,0,3,14,0.2222222222222222,230.33333333333334
-65.8_18.26,115,17,3,46,0.6,444.9391304347826
-65.8_18.27,112,33,3,48,0.5714285714285714,495.70535714285717
-65.8_18.28,2,0,1,0,1.0,667.5
-65.8_18.3,2,2,2,0,1.0,756.0
-65.8_18.31,2,1,2,2,0.0,965.0
-65.8_18.34,20,1,2,9,0.55,138.15
-65.8_18.35,3,0,1,0,1.0,80.0
-65.8_18.38,4,1,3,4,0.0,8.0
-65.8_18.39,1,0,1,1,0.0,4.0
-65.8_18.4,12,0,3,11,0.08333333333333333,3.0833333333333335
-65.8_18.41,159,0,3,124,0.22012578616352202,3.006289308176101
-65.8_18.42,11,0,3,7,0.36363636363636365,2.090909090909091
-65.91_17.98,4,0,2,4,0.0,9.5
-65.91_18.02,4,0,2,3,0.25,30.0
-65.91_18.04,2,0,1,2,0.0,56.0
-65.91_18.06,2,0,1,1,0.5,22.5
-65.91_18.11,1,0,1,1,0.0,276.0
-65.91_18.17,2,0,1,2,0.0,114.0
-65.91_18.18,3,0,1,3,0.0,107.33333333333333
-65.91_18.19,1,0,1,1,0.0,108.0
-65.91_18.22,5,0,2,4,0.2,76.4
-65.91_18.23,126,0,2,110,0.12698412698412698,64.11904761904762
-65.91_18.24,2,0,1,2,0.0,61.0
-65.91_18.3,1,0,1,1,0.0,125.0
-65.91_18.31,1,0,1,1,0.0,119.0
-65.91_18.33,2,0,1,2,0.0,77.0
-65.91_18.34,3,0,1,2,0.3333333333333333,49.333333333333336
-65.91_18.36,1,0,1,1,0.0,31.0
-65.91_18.37,1,0,1,1,0.0,16.0
-65.91_18.38,6,0,2,5,0.16666666666666666,5.833333333333333
-65.91_18.39,9,0,2,8,0.1111111111111111,5.888888888888889
-65.91_18.4,6,0,3,6,0.0,25.833333333333332
-65.91_18.41,7,0,3,5,0.2857142857142857,0.42857142857142855
-65.91_18.42,5,0,2,5,0.0,1.4
-65.91_18.43,2,0,1,2,0.0,2.0
-65.91_18.45,15,0,3,15,0.0,0.9333333333333333
-65.92_17.97,2,0,2,2,0.0,0.0
-65.92_17.98,5,0,2,5,0.0,12.4
-65.92_18.03,1,0,1,0,1.0,346.0
-65.92_18.07,1,0,1,1,0.0,164.0
-65.92_18.11,1,0,1,1,0.0,321.0
-65.92_18.14,4,0,1,0,1.0,374.0
-65.92_18.17,2,0,1,1,0.5,140.0
-65.92_18.18,2,0,2,1,0.5,140.5
-65.92_18.2,4,0,1,3,0.25,101.75
-65.92_18.21,10,0,3,8,0.2,119.4
-65.92_18.22,1,0,1,0,1.0,73.0
-65.92_18.23,5,0,2,5,0.0,67.0
-65.92_18.24,2,0,2,2,0.0,64.0
-65.92_18.27,1,0,1,1,0.0,259.0
-65.92_18.3,1,0,1,1,0.0,146.0
-65.92_18.32,1,0,1,1,0.0,249.0
-65.92_18.36,1,0,1,1,0.0,24.0
-65.92_18.37,1,0,1,1,0.0,15.0
-65.92_18.38,1,0,1,1,0.0,15.0
-65.92_18.4,4,0,1,4,0.0,9.0
-65.92_18.44,2,0,1,2,0.0,7.5
-65.93_17.98,1,0,1,1,0.0,12.0
-65.93_18.0,1,0,1,0,1.0,59.0
-65.93_18.08,2,0,1,1,0.5,256.0
-65.93_18.12,1,0,1,1,0.0,336.0
-65.93_18.18,1,0,1,1,0.0,147.0
-65.93_18.23,1,0,1,1,0.0,95.0
-65.93_18.24,1,0,1,1,0.0,77.0
-65.93_18.35,1,0,1,1,0.0,80.0
-65.93_18.36,2,0,1,0,1.0,47.0
-65.93_18.37,3,0,1,3,0.0,17.0
-65.93_18.38,1,0,1,1,0.0,18.0
-65.93_18.39,1,0,1,0,1.0,5.0
-65.93_18.41,2,0,1,2,0.0,11.0
-65.93_18.44,1,0,1,1,0.0,0.0
-65.94_17.97,2,0,1,2,0.0,7.5
-65.94_17.98,5,0,1,5,0.0,48.8
-65.94_17.99,6,0,2,3,0.5,213.0
-65.94_18.0,1,0,1,1,0.0,71.0
-65.94_18.03,2,1,2,1,0.5,229.0
-65.94_18.07,1,0,1,1,0.0,245.0
-65.94_18.14,1,0,1,1,0.0,338.0
-65.94_18.19,1,0,1,1,0.0,138.0
-65.94_18.2,2,0,1,2,0.0,217.0
-65.94_18.22,1,0,1,1,0.0,135.0
-65.94_18.23,1,0,1,1,0.0,151.0
-65.94_18.25,6,0,2,6,0.0,60.666666666666664
-65.94_18.26,12,0,2,10,0.16666666666666666,75.5
-65.94_18.33,3,0,1,3,0.0,115.0
-65.94_18.35,1,0,1,1,0.0,128.0
-65.94_18.37,7,0,3,4,0.42857142857142855,20.142857142857142
-65.94_18.38,8,0,2,6,0.25,11.0
-65.94_18.4,1,0,1,0,1.0,10.0
-65.94_18.41,11,0,2,10,0.09090909090909091,6.636363636363637
-65.94_18.45,3,0,2,3,0.0,4.333333333333333
-65.95_17.97,8,0,3,8,0.0,8.875
-65.95_18.0,1,0,1,0,1.0,401.0
-65.95_18.03,2,0,1,2,0.0,141.0
-65.95_18.06,1,0,1,0,1.0,199.0
-65.95_18.09,1,0,1,0,1.0,337.0
-65.95_18.15,16,0,3,12,0.25,182.375
-65.95_18.19,1,0,1,1,0.0,103.0
-65.95_18.24,2,0,2,1,0.5,71.0
-65.95_18.25,8,0,1,6,0.25,53.875
-65.95_18.26,2,0,1,1,0.5,69.0
-65.95_18.27,1,0,1,1,0.0,85.0
-65.95_18.29,2,0,1,2,0.0,258.0
-65.95_18.36,1,0,1,1,0.0,48.0
-65.95_18.37,232,1,2,184,0.20689655172413793,15.189655172413794
-65.95_18.38,4,0,1,4,0.0,9.75
-65.95_18.4,1,0,1,1,0.0,6.0
-65.95_18.41,6,0,2,5,0.16666666666666666,5.333333333333333
-65.95_18.42,14,0,3,14,0.0,3.0714285714285716
-65.95_18.44,2,0,2,2,0.0,1.0
-65.95_18.45,2,0,1,2,0.0,4.5
-65.96_17.97,4,0,2,4,0.0,3.0
-65.96_17.98,3,0,1,3,0.0,30.0
-65.96_18.02,1,0,1,1,0.0,209.0
-65.96_18.09,1,1,1,1,0.0,291.0
-65.96_18.15,3,0,1,3,0.0,175.33333333333334
-65.96_18.17,1,0,1,1,0.0,150.0
-65.96_18.18,2,1,2,2,0.0,97.0
-65.96_18.19,3,0,2,3,0.0,98.33333333333333
-65.96_18.2,2,0,2,1,0.5,91.5
-65.96_18.21,43,0,3,34,0.20930232558139536,114.5813953488372
-65.96_18.22,1,1,1,1,0.0,173.0
-65.96_18.23,6,0,2,2,0.6666666666666666,195.0
-65.96_18.24,2,0,2,1,0.5,233.5
-65.96_18.25,6,1,2,6,0.0,110.5
-65.96_18.31,6,0,2,3,0.5,112.0
-65.96_18.36,5,0,2,5,0.0,58.0
-65.96_18.37,2,0,2,2,0.0,12.0
-65.96_18.38,5,0,2,4,0.2,17.0
-65.96_18.4,195,0,3,173,0.11282051282051282,6.969230769230769
-65.96_18.41,28,0,3,22,0.21428571428571427,3.107142857142857
-65.96_18.42,28,0,3,21,0.25,2.9642857142857144
-65.96_18.43,1,0,1,1,0.0,5.0
-65.96_18.44,501,5,3,433,0.13572854291417166,3.067864271457086
-65.96_18.45,24,0,3,23,0.041666666666666664,2.3333333333333335
-65.97_17.97,5,0,2,3,0.4,7.0
-65.97_17.98,1,0,1,1,0.0,9.0
-65.97_18.15,1,0,1,1,0.0,222.0
-65.97_18.18,2,0,1,2,0.0,123.5
-65.97_18.19,2,0,2,1,0.5,100.0
-65.97_18.2,1,0,1,1,0.0,82.0
-65.97_18.21,1,0,1,1,0.0,170.0
-65.97_18.26,4,0,2,4,0.0,51.5
-65.97_18.31,1,0,1,1,0.0,63.0
-65.97_18.32,4,0,1,2,0.5,82.75
-65.97_18.33,2,0,2,1,0.5,144.0
-65.97_18.34,4,0,2,1,0.75,156.0
-65.97_18.35,6,0,2,4,0.3333333333333333,126.83333333333333
-65.97_18.37,1,0,1,1,0.0,18.0
-65.97_18.38,2,0,1,2,0.0,15.0
-65.97_18.39,5,0,3,3,0.4,15.2
-65.97_18.4,34,0,3,31,0.08823529411764706,7.852941176470588
-65.97_18.41,13,0,3,13,0.0,3.769230769230769
-65.97_18.42,63,0,2,57,0.09523809523809523,4.634920634920635
-65.97_18.43,2,0,1,1,0.5,7.0
-65.97_18.45,403,0,3,366,0.09181141439205956,0.5037220843672456
-65.97_18.46,6,0,2,5,0.16666666666666666,1.5
-65.98_17.97,12,0,3,11,0.08333333333333333,4.5
-65.98_18.05,1,0,1,1,0.0,301.0
-65.98_18.08,1,0,1,1,0.0,311.0
-65.98_18.09,1,0,1,1,0.0,343.0
-65.98_18.13,1,0,1,1,0.0,187.0
-65.98_18.14,1,0,1,1,0.0,166.0
-65.98_18.15,5,0,2,3,0.4,181.0
-65.98_18.19,1,0,1,1,0.0,147.0
-65.98_18.2,2,0,2,1,0.5,138.5
-65.98_18.25,2,1,2,2,0.0,84.5
-65.98_18.26,15,0,2,12,0.2,44.53333333333333
-65.98_18.27,2,0,2,2,0.0,67.0
-65.98_18.29,1,0,1,1,0.0,333.0
-65.98_18.31,2,0,1,2,0.0,98.0
-65.98_18.32,1,0,1,1,0.0,60.0
-65.98_18.33,1,0,1,1,0.0,102.0
-65.98_18.34,1,0,1,1,0.0,72.0
-65.98_18.35,1889,2,3,1597,0.15457914240338805,92.0
-65.98_18.36,8,1,2,8,0.0,28.75
-65.98_18.37,15,0,2,14,0.06666666666666667,32.8
-65.98_18.39,1,0,1,1,0.0,26.0
-65.98_18.4,9,0,3,8,0.1111111111111111,16.666666666666668
-65.98_18.41,5,0,3,4,0.2,7.0
-65.98_18.42,11,0,2,10,0.09090909090909091,6.090909090909091
-65.98_18.43,3,0,1,2,0.3333333333333333,4.666666666666667
-65.98_18.44,3,0,1,3,0.0,3.0
-65.98_18.45,10,0,3,10,0.0,2.6
-65.98_18.46,14,0,3,14,0.0,1.8571428571428572
-65.99_17.97,9,0,2,9,0.0,1.7777777777777777
-65.99_17.98,22,0,3,19,0.13636363636363635,33.22727272727273
-65.99_18.0,7,0,1,7,0.0,87.85714285714286
-65.99_18.01,1,0,1,1,0.0,155.0
-65.99_18.04,3,2,1,3,0.0,348.6666666666667
-65.99_18.06,1,0,1,1,0.0,476.0
-65.99_18.07,3,0,1,0,1.0,371.0
-65.99_18.08,1,0,1,1,0.0,373.0
-65.99_18.12,2,0,1,2,0.0,208.0
-65.99_18.18,1,0,1,1,0.0,133.0
-65.99_18.2,2,0,1,1,0.5,131.0
-65.99_18.21,7,1,2,5,0.2857142857142857,84.85714285714286
-65.99_18.22,2,0,1,2,0.0,77.0
-65.99_18.23,2,0,1,2,0.0,157.0
-65.99_18.25,6,0,2,5,0.16666666666666666,60.166666666666664
-65.99_18.26,4,0,1,2,0.5,51.5
-65.99_18.27,8,0,2,8,0.0,54.5
-65.99_18.3,2,0,2,2,0.0,360.5
-65.99_18.34,1,0,1,0,1.0,31.0
-65.99_18.35,56,0,2,49,0.125,29.089285714285715
-65.99_18.36,26,0,2,25,0.038461538461538464,28.5
-65.99_18.37,9,0,2,9,0.0,38.888888888888886
-65.99_18.38,1,0,1,1,0.0,38.0
-65.99_18.39,8,0,2,7,0.125,44.0
-65.99_18.4,1,0,1,1,0.0,14.0
-65.99_18.41,6,0,2,3,0.5,3.6666666666666665
-65.99_18.42,6,0,2,4,0.3333333333333333,6.666666666666667
-65.99_18.43,19,0,3,18,0.05263157894736842,6.7894736842105265
-65.99_18.44,2,0,2,2,0.0,4.0
-65.99_18.45,18,0,3,16,0.1111111111111111,0.9444444444444444
-65.99_18.46,57,0,3,56,0.017543859649122806,3.43859649122807
-65.9_17.99,2,0,2,1,0.5,0.0
-65.9_18.0,1,0,1,1,0.0,7.0
-65.9_18.01,4,0,2,3,0.25,10.5
-65.9_18.04,1,0,1,1,0.0,203.0
-65.9_18.11,1,0,1,0,1.0,240.0
-65.9_18.14,1,0,1,0,1.0,201.0
-65.9_18.17,1,0,1,1,0.0,110.0
-65.9_18.18,2,0,1,2,0.0,115.0
-65.9_18.2,1,0,1,1,0.0,140.0
-65.9_18.24,5,0,2,4,0.2,82.2
-65.9_18.25,2,0,1,1,0.5,165.0
-65.9_18.28,2,0,2,2,0.0,311.0
-65.9_18.29,1,1,1,1,0.0,204.0
-65.9_18.34,1,0,1,1,0.0,40.0
-65.9_18.36,5,0,2,5,0.0,36.6
-65.9_18.37,5,1,2,5,0.0,15.4
-65.9_18.38,10,0,2,10,0.0,11.5
-65.9_18.45,28,0,3,27,0.03571428571428571,2.6785714285714284
-66.01_17.98,1,0,1,1,0.0,6.0
-66.01_18.0,1,0,1,1,0.0,12.0
-66.01_18.01,1,0,1,1,0.0,23.0
-66.01_18.02,3,0,3,3,0.0,91.33333333333333
-66.01_18.03,1,0,1,1,0.0,82.0
-66.01_18.04,2,0,1,2,0.0,257.0
-66.01_18.05,2,0,1,2,0.0,323.0
-66.01_18.09,1,1,1,0,1.0,475.0
-66.01_18.21,1,0,1,1,0.0,111.0
-66.01_18.22,1,0,1,1,0.0,65.0
-66.01_18.24,20,0,3,20,0.0,57.4
-66.01_18.25,13,0,2,13,0.0,77.76923076923077
-66.01_18.26,2,0,2,2,0.0,53.0
-66.01_18.27,5,0,2,5,0.0,47.2
-66.01_18.28,20,0,2,17,0.15,50.5
-66.01_18.31,1,0,1,1,0.0,51.0
-66.01_18.32,3,1,2,2,0.3333333333333333,59.333333333333336
-66.01_18.33,4,0,1,1,0.75,43.0
-66.01_18.34,4,0,2,4,0.0,28.25
-66.01_18.35,10,0,2,10,0.0,30.1
-66.01_18.36,1,0,1,1,0.0,52.0
-66.01_18.37,3,0,2,3,0.0,48.333333333333336
-66.01_18.38,5,1,2,5,0.0,65.4
-66.01_18.39,8,1,3,7,0.125,43.0
-66.01_18.4,1,0,1,1,0.0,18.0
-66.01_18.41,1,0,1,0,1.0,2.0
-66.01_18.42,1,0,1,1,0.0,4.0
-66.01_18.43,14,0,3,11,0.21428571428571427,1.9285714285714286
-66.01_18.44,149,0,3,133,0.10738255033557047,7.771812080536913
-66.01_18.45,2,0,2,2,0.0,0.5
-66.01_18.47,1,0,1,1,0.0,0.0
-66.01_18.49,1,0,1,1,0.0,0.0
-66.02_17.98,6,0,3,6,0.0,5.333333333333333
-66.02_18.0,3,0,2,3,0.0,15.0
-66.02_18.01,2,0,1,2,0.0,19.0
-66.02_18.02,12,2,3,11,0.08333333333333333,69.0
-66.02_18.05,2,0,1,2,0.0,433.0
-66.02_18.1,5,0,2,1,0.8,723.6
-66.02_18.11,1,0,1,0,1.0,569.0
-66.02_18.12,1,0,1,0,1.0,343.0
-66.02_18.16,2,0,1,1,0.5,505.0
-66.02_18.19,1,0,1,1,0.0,288.0
-66.02_18.21,25,0,2,19,0.24,84.0
-66.02_18.22,3,0,2,3,0.0,67.66666666666667
-66.02_18.23,1,0,1,1,0.0,66.0
-66.02_18.24,7,0,3,6,0.14285714285714285,59.142857142857146
-66.02_18.25,13,0,2,12,0.07692307692307693,54.76923076923077
-66.02_18.28,22,0,2,21,0.045454545454545456,58.31818181818182
-66.02_18.29,9,0,2,8,0.1111111111111111,48.0
-66.02_18.3,1,0,1,1,0.0,72.0
-66.02_18.31,3,0,2,3,0.0,41.333333333333336
-66.02_18.32,5,0,2,5,0.0,66.4
-66.02_18.33,743,91,3,628,0.15477792732166892,168.885598923284
-66.02_18.35,9,0,1,8,0.1111111111111111,54.0
-66.02_18.36,6,0,1,4,0.3333333333333333,67.0
-66.02_18.37,3,0,1,2,0.3333333333333333,69.0
-66.02_18.38,12,1,3,11,0.08333333333333333,77.83333333333333
-66.02_18.39,3,0,2,3,0.0,63.0
-66.02_18.4,12,0,2,12,0.0,28.0
-66.02_18.41,4,2,2,3,0.25,6.5
-66.02_18.42,5,0,2,4,0.2,0.0
-66.02_18.43,5,0,3,5,0.0,3.2
-66.02_18.44,239,0,3,206,0.13807531380753138,5.389121338912134
-66.02_18.45,21,0,3,13,0.38095238095238093,2.9523809523809526
-66.02_20.01,1,0,1,0,1.0,0.0
-66.03_18.0,1,1,1,0,1.0,42.0
-66.03_18.02,10,0,2,8,0.2,71.0
-66.03_18.03,16,0,2,15,0.0625,80.5
-66.03_18.04,2,0,1,2,0.0,96.5
-66.03_18.09,81,38,3,43,0.4691358024691358,608.0617283950618
-66.03_18.15,2,1,1,2,0.0,393.5
-66.03_18.17,6,0,2,5,0.16666666666666666,172.16666666666666
-66.03_18.18,1,0,1,1,0.0,138.0
-66.03_18.2,2,0,1,0,1.0,233.0
-66.03_18.22,2,0,2,1,0.5,68.5
-66.03_18.23,10,0,2,10,0.0,73.3
-66.03_18.24,58,0,3,45,0.22413793103448276,60.53448275862069
-66.03_18.25,2,0,1,1,0.5,58.5
-66.03_18.26,2,0,2,1,0.5,55.5
-66.03_18.28,3,0,2,2,0.3333333333333333,94.0
-66.03_18.29,2,0,1,2,0.0,45.0
-66.03_18.3,7,0,2,7,0.0,50.285714285714285
-66.03_18.32,2,0,1,1,0.5,86.5
-66.03_18.33,6,0,2,6,0.0,181.83333333333334
-66.03_18.35,3,0,2,3,0.0,90.33333333333333
-66.03_18.36,65,0,2,51,0.2153846153846154,68.63076923076923
-66.03_18.37,6,0,2,6,0.0,70.0
-66.03_18.38,5,0,2,4,0.2,79.0
-66.03_18.39,123,0,3,109,0.11382113821138211,63.300813008130085
-66.03_18.4,1250,0,3,1031,0.1752,37.98
-66.03_18.41,4,0,1,4,0.0,5.75
-66.03_18.42,1,0,1,1,0.0,2.0
-66.03_18.43,31,0,3,30,0.03225806451612903,2.5161290322580645
-66.03_18.44,35,0,3,31,0.11428571428571428,3.3714285714285714
-66.03_18.45,13,0,3,11,0.15384615384615385,1.3846153846153846
-66.04_17.96,74,1,3,72,0.02702702702702703,5.013513513513513
-66.04_17.97,1,0,1,1,0.0,5.0
-66.04_17.98,6,0,2,6,0.0,11.333333333333334
-66.04_17.99,2,0,2,2,0.0,24.0
-66.04_18.0,2,0,1,2,0.0,49.0
-66.04_18.03,3,0,1,3,0.0,99.33333333333333
-66.04_18.04,2,0,2,2,0.0,109.5
-66.04_18.08,35,1,2,35,0.0,588.4
-66.04_18.09,10,5,3,5,0.5,607.4
-66.04_18.1,17,9,2,6,0.6470588235294118,768.1176470588235
-66.04_18.11,1,0,1,1,0.0,625.0
-66.04_18.14,3,1,2,2,0.3333333333333333,333.6666666666667
-66.04_18.15,5,0,2,5,0.0,184.2
-66.04_18.16,26,0,3,23,0.11538461538461539,165.26923076923077
-66.04_18.17,634,5,2,527,0.16876971608832808,134.21135646687696
-66.04_18.18,25,2,3,23,0.08,122.96
-66.04_18.19,1,0,1,0,1.0,221.0
-66.04_18.2,3,0,1,3,0.0,104.66666666666667
-66.04_18.21,4,0,2,4,0.0,94.0
-66.04_18.23,26,0,2,24,0.07692307692307693,78.6923076923077
-66.04_18.24,23,0,2,22,0.043478260869565216,63.65217391304348
-66.04_18.25,7,0,3,7,0.0,61.0
-66.04_18.26,6,0,2,3,0.5,67.66666666666667
-66.04_18.27,1011,94,2,829,0.18001978239366964,100.45994065281899
-66.04_18.29,1,0,1,1,0.0,68.0
-66.04_18.3,2,0,2,1,0.5,78.5
-66.04_18.31,1,0,1,1,0.0,110.0
-66.04_18.32,1,0,1,1,0.0,121.0
-66.04_18.33,1,0,1,1,0.0,144.0
-66.04_18.34,1,0,1,1,0.0,149.0
-66.04_18.35,2,1,1,2,0.0,112.0
-66.04_18.36,5,0,2,4,0.2,78.2
-66.04_18.37,8,0,3,8,0.0,54.75
-66.04_18.38,17,0,3,12,0.29411764705882354,80.6470588235294
-66.04_18.39,21,0,3,17,0.19047619047619047,35.76190476190476
-66.04_18.4,63,1,3,56,0.1111111111111111,23.984126984126984
-66.04_18.41,4,0,2,4,0.0,14.25
-66.04_18.42,6,0,3,5,0.16666666666666666,5.5
-66.04_18.43,13,0,3,11,0.15384615384615385,3.230769230769231
-66.04_18.44,6,0,2,6,0.0,4.333333333333333
-66.04_18.45,128,1,3,120,0.0625,3.2734375
-66.04_19.99,1,0,1,0,1.0,0.0
-66.05_17.95,4,0,2,3,0.25,4.5
-66.05_17.96,114,3,3,113,0.008771929824561403,0.12280701754385964
-66.05_17.97,1,0,1,1,0.0,7.0
-66.05_17.98,1,0,1,1,0.0,21.0
-66.05_17.99,3,0,1,3,0.0,34.666666666666664
-66.05_18.0,2,0,1,2,0.0,55.0
-66.05_18.07,2,0,1,2,0.0,291.5
-66.05_18.08,2,0,2,2,0.0,242.0
-66.05_18.1,52,26,3,24,0.5384615384615384,757.4807692307693
-66.05_18.11,3,3,2,3,0.0,793.3333333333334
-66.05_18.12,5,2,3,2,0.6,712.8
-66.05_18.17,3,0,2,3,0.0,201.0
-66.05_18.18,4,1,2,4,0.0,122.5
-66.05_18.19,29,0,2,29,0.0,94.0
-66.05_18.2,96,0,3,83,0.13541666666666666,93.5625
-66.05_18.21,3,0,1,3,0.0,98.0
-66.05_18.22,6,0,3,6,0.0,89.5
-66.05_18.24,15,0,3,13,0.13333333333333333,78.13333333333334
-66.05_18.25,7,1,3,6,0.14285714285714285,82.14285714285714
-66.05_18.26,3,0,2,2,0.3333333333333333,75.33333333333333
-66.05_18.28,1,1,1,1,0.0,102.0
-66.05_18.29,82,12,3,69,0.15853658536585366,60.69512195121951
-66.05_18.3,1,0,1,0,1.0,63.0
-66.05_18.32,1,0,1,1,0.0,232.0
-66.05_18.33,3,0,2,3,0.0,150.33333333333334
-66.05_18.34,164,1,3,142,0.13414634146341464,116.8780487804878
-66.05_18.35,2,0,2,2,0.0,107.5
-66.05_18.36,7,0,2,6,0.14285714285714285,85.71428571428571
-66.05_18.37,21,0,3,19,0.09523809523809523,47.57142857142857
-66.05_18.38,16,0,3,16,0.0,39.9375
-66.05_18.39,41,2,3,38,0.07317073170731707,42.926829268292686
-66.05_18.4,374,0,3,319,0.14705882352941177,33.3903743315508
-66.05_18.41,59,0,3,45,0.23728813559322035,33.83050847457627
-66.05_18.42,2,0,1,1,0.5,9.0
-66.05_18.43,21,0,3,14,0.3333333333333333,8.19047619047619
-66.05_18.44,23,0,2,23,0.0,10.08695652173913
-66.05_18.45,141,1,3,133,0.05673758865248227,2.425531914893617
-66.06_17.96,36,0,2,36,0.0,3.0277777777777777
-66.06_17.97,1,0,1,1,0.0,9.0
-66.06_18.01,2,0,1,0,1.0,112.0
-66.06_18.06,1,0,1,1,0.0,229.0
-66.06_18.07,4,0,2,4,0.0,210.25
-66.06_18.1,3,2,2,3,0.0,722.0
-66.06_18.11,1,0,1,0,1.0,791.0
-66.06_18.13,1,1,1,1,0.0,607.0
-66.06_18.15,2,0,1,1,0.5,537.0
-66.06_18.16,2,0,2,2,0.0,414.5
-66.06_18.19,6,0,2,3,0.5,129.83333333333334
-66.06_18.22,1,0,1,1,0.0,107.0
-66.06_18.23,9,0,3,7,0.2222222222222222,90.0
-66.06_18.24,143,7,3,121,0.15384615384615385,87.37062937062937
-66.06_18.25,3,0,2,3,0.0,102.0
-66.06_18.26,29,2,2,24,0.1724137931034483,95.20689655172414
-66.06_18.27,4,0,2,4,0.0,347.0
-66.06_18.29,4,0,1,4,0.0,141.0
-66.06_18.31,18,4,3,13,0.2777777777777778,308.22222222222223
-66.06_18.32,5,2,1,5,0.0,294.6
-66.06_18.33,12,0,3,10,0.16666666666666666,150.0
-66.06_18.34,2,0,1,2,0.0,99.5
-66.06_18.35,7,0,2,5,0.2857142857142857,85.71428571428571
-66.06_18.36,14,1,3,12,0.14285714285714285,57.357142857142854
-66.06_18.37,25,1,3,22,0.12,36.56
-66.06_18.38,23,0,3,19,0.17391304347826086,24.17391304347826
-66.06_18.39,787,5,3,669,0.14993646759847523,27.921219822109276
-66.06_18.4,41,0,3,37,0.0975609756097561,12.75609756097561
-66.06_18.41,262,0,3,216,0.17557251908396945,22.950381679389313
-66.06_18.42,27,0,3,19,0.2962962962962963,10.037037037037036
-66.06_18.43,38,0,3,30,0.21052631578947367,7.7105263157894735
-66.06_18.44,42,1,3,38,0.09523809523809523,16.928571428571427
-66.06_18.45,87,0,3,86,0.011494252873563218,7.804597701149425
-66.06_18.46,10,0,2,7,0.3,4.8
-66.06_18.5,1,0,1,1,0.0,0.0
-66.07_17.96,3,0,2,3,0.0,3.0
-66.07_17.97,13,0,1,12,0.07692307692307693,14.0
-66.07_17.98,1,0,1,1,0.0,20.0
-66.07_18.08,1,1,1,1,0.0,667.0
-66.07_18.1,2,0,1,0,1.0,667.0
-66.07_18.11,4,2,2,1,0.75,798.5
-66.07_18.12,7,3,3,2,0.7142857142857143,769.1428571428571
-66.07_18.13,15,1,3,9,0.4,533.4666666666667
-66.07_18.15,1,0,1,1,0.0,508.0
-66.07_18.19,16,3,3,15,0.0625,311.0
-66.07_18.2,2,0,1,1,0.5,331.5
-66.07_18.21,1,0,1,1,0.0,120.0
-66.07_18.23,4,1,2,1,0.75,128.75
-66.07_18.24,4,0,3,4,0.0,102.0
-66.07_18.26,2,0,2,1,0.5,99.5
-66.07_18.27,7,0,1,7,0.0,368.2857142857143
-66.07_18.29,1,0,1,1,0.0,132.0
-66.07_18.3,6,0,2,5,0.16666666666666666,95.5
-66.07_18.31,6,0,2,6,0.0,180.83333333333334
-66.07_18.32,2,0,1,2,0.0,197.0
-66.07_18.33,5,1,3,5,0.0,143.2
-66.07_18.34,27,0,3,22,0.18518518518518517,99.14814814814815
-66.07_18.35,5,0,2,5,0.0,61.6
-66.07_18.36,168,0,3,126,0.25,69.01785714285714
-66.07_18.37,27,0,3,23,0.14814814814814814,59.592592592592595
-66.07_18.38,36,1,3,28,0.2222222222222222,40.47222222222222
-66.07_18.39,25,0,3,22,0.12,17.68
-66.07_18.4,26,0,3,24,0.07692307692307693,15.307692307692308
-66.07_18.41,60,0,3,51,0.15,8.066666666666666
-66.07_18.42,56,0,3,49,0.125,9.625
-66.07_18.43,13,1,3,13,0.0,4.769230769230769
-66.07_18.44,45,1,3,35,0.2222222222222222,3.8666666666666667
-66.07_18.45,87,0,3,82,0.05747126436781609,17.620689655172413
-66.07_18.46,124,0,3,117,0.056451612903225805,5.580645161290323
-66.07_18.52,1,0,1,1,0.0,0.0
-66.07_18.6,1,0,1,1,0.0,0.0
-66.08_17.98,3,0,2,3,0.0,24.666666666666668
-66.08_18.07,2,0,1,2,0.0,602.0
-66.08_18.11,2,1,1,2,0.0,811.0
-66.08_18.12,175,71,3,93,0.4685714285714286,639.2
-66.08_18.13,2,0,2,1,0.5,521.0
-66.08_18.14,1,1,1,1,0.0,466.0
-66.08_18.16,1,0,1,1,0.0,534.0
-66.08_18.18,2,0,1,0,1.0,291.5
-66.08_18.19,1,0,1,1,0.0,321.0
-66.08_18.2,1,0,1,1,0.0,335.0
-66.08_18.29,3,0,1,1,0.6666666666666666,227.0
-66.08_18.3,1,0,1,1,0.0,106.0
-66.08_18.33,16,0,3,12,0.25,121.25
-66.08_18.34,112,2,3,104,0.07142857142857142,110.83928571428571
-66.08_18.35,6,0,3,5,0.16666666666666666,102.33333333333333
-66.08_18.36,13,0,1,10,0.23076923076923078,85.46153846153847
-66.08_18.37,31,2,3,16,0.4838709677419355,74.25806451612904
-66.08_18.38,131,0,3,103,0.21374045801526717,33.37404580152672
-66.08_18.39,2,0,1,2,0.0,17.5
-66.08_18.4,18,0,3,14,0.2222222222222222,9.277777777777779
-66.08_18.41,13,0,2,13,0.0,7.230769230769231
-66.08_18.42,41,0,3,38,0.07317073170731707,6.829268292682927
-66.08_18.43,12,0,3,11,0.08333333333333333,6.583333333333333
-66.08_18.44,378,9,3,337,0.10846560846560846,0.5714285714285714
-66.08_18.45,102,0,3,92,0.09803921568627451,12.323529411764707
-66.08_18.46,400,0,3,355,0.1125,3.6725
-66.08_18.47,1,0,1,1,0.0,0.0
-66.09_18.06,5,1,1,5,0.0,578.8
-66.09_18.12,1,1,1,0,1.0,725.0
-66.09_18.13,15,0,2,14,0.06666666666666667,406.4
-66.09_18.14,3,0,2,3,0.0,574.3333333333334
-66.09_18.23,8,1,2,5,0.375,388.0
-66.09_18.25,1,0,1,1,0.0,163.0
-66.09_18.26,2,0,2,2,0.0,217.0
-66.09_18.27,1,0,1,1,0.0,439.0
-66.09_18.29,1,0,1,1,0.0,185.0
-66.09_18.3,2,0,2,2,0.0,120.5
-66.09_18.31,1,0,1,1,0.0,104.0
-66.09_18.32,6,1,3,5,0.16666666666666666,158.83333333333334
-66.09_18.33,4,0,1,3,0.25,124.0
-66.09_18.34,3,0,1,3,0.0,60.333333333333336
-66.09_18.35,8,0,2,7,0.125,58.375
-66.09_18.36,10,0,2,10,0.0,63.9
-66.09_18.37,37,1,3,35,0.05405405405405406,48.54054054054054
-66.09_18.38,14,0,3,13,0.07142857142857142,41.5
-66.09_18.39,9,0,2,8,0.1111111111111111,33.111111111111114
-66.09_18.4,2,0,2,2,0.0,31.0
-66.09_18.41,130,4,3,102,0.2153846153846154,37.207692307692305
-66.09_18.42,9,0,3,7,0.2222222222222222,6.444444444444445
-66.09_18.43,2,0,1,2,0.0,4.0
-66.09_18.44,2,0,2,2,0.0,0.0
-66.09_18.45,215,1,3,212,0.013953488372093023,6.158139534883721
-66.09_18.46,408,2,3,387,0.051470588235294115,9.387254901960784
-66.09_18.47,109,0,3,104,0.045871559633027525,1.2293577981651376
-66.09_18.75,1,0,1,1,0.0,0.0
-66.0_17.98,3,0,2,2,0.3333333333333333,14.0
-66.0_17.99,3,0,2,3,0.0,20.0
-66.0_18.01,1,0,1,1,0.0,179.0
-66.0_18.04,1,0,1,1,0.0,222.0
-66.0_18.09,4,1,2,1,0.75,396.5
-66.0_18.11,2,0,1,1,0.5,301.5
-66.0_18.16,2,0,1,2,0.0,227.0
-66.0_18.21,3,0,2,2,0.3333333333333333,75.0
-66.0_18.22,33,1,3,26,0.21212121212121213,65.72727272727273
-66.0_18.23,2,0,1,2,0.0,74.0
-66.0_18.24,2,0,2,1,0.5,70.0
-66.0_18.25,24,1,2,16,0.3333333333333333,68.33333333333333
-66.0_18.26,57,0,2,36,0.3684210526315789,52.68421052631579
-66.0_18.27,3,1,2,3,0.0,60.333333333333336
-66.0_18.28,1,0,1,1,0.0,156.0
-66.0_18.32,2,0,1,1,0.5,161.0
-66.0_18.33,2,1,2,2,0.0,51.0
-66.0_18.35,1,0,1,1,0.0,42.0
-66.0_18.36,36,0,2,33,0.08333333333333333,15.444444444444445
-66.0_18.37,17,0,2,16,0.058823529411764705,45.1764705882353
-66.0_18.38,4,0,1,1,0.75,37.75
-66.0_18.39,43,1,3,39,0.09302325581395349,66.20930232558139
-66.0_18.4,18,0,3,14,0.2222222222222222,15.0
-66.0_18.41,25,1,2,20,0.2,5.84
-66.0_18.42,6,0,2,5,0.16666666666666666,4.166666666666667
-66.0_18.43,10,0,3,10,0.0,2.4
-66.0_18.44,98,1,3,89,0.09183673469387756,8.244897959183673
-66.0_18.45,29,0,3,24,0.1724137931034483,3.5517241379310347
-66.11_17.95,1,0,1,1,0.0,14.0
-66.11_17.97,4,0,2,4,0.0,28.5
-66.11_17.98,1,0,1,1,0.0,77.0
-66.11_17.99,6,0,2,6,0.0,85.66666666666667
-66.11_18.01,1,0,1,1,0.0,126.0
-66.11_18.02,2,0,1,1,0.5,165.0
-66.11_18.03,15,1,2,12,0.2,162.0
-66.11_18.06,1,0,1,1,0.0,645.0
-66.11_18.08,2,0,1,1,0.5,559.5
-66.11_18.09,3,0,1,3,0.0,486.6666666666667
-66.11_18.1,1,0,1,1,0.0,438.0
-66.11_18.13,2,0,1,1,0.5,384.0
-66.11_18.15,1,0,1,1,0.0,407.0
-66.11_18.18,2,0,1,2,0.0,430.0
-66.11_18.19,11,1,3,8,0.2727272727272727,415.54545454545456
-66.11_18.2,1,0,1,1,0.0,457.0
-66.11_18.22,1,0,1,1,0.0,443.0
-66.11_18.23,1,0,1,1,0.0,363.0
-66.11_18.25,1,0,1,0,1.0,303.0
-66.11_18.26,2,0,1,2,0.0,272.5
-66.11_18.29,4,0,1,3,0.25,293.0
-66.11_18.3,1,0,1,1,0.0,172.0
-66.11_18.31,2,0,1,2,0.0,141.0
-66.11_18.32,4,0,2,3,0.25,205.0
-66.11_18.33,19,0,1,15,0.21052631578947367,77.84210526315789
-66.11_18.34,3,0,2,2,0.3333333333333333,63.666666666666664
-66.11_18.35,2,0,1,1,0.5,36.0
-66.11_18.36,9,0,3,8,0.1111111111111111,32.44444444444444
-66.11_18.37,29,0,2,19,0.3448275862068966,27.586206896551722
-66.11_18.38,1,0,1,1,0.0,57.0
-66.11_18.39,26,0,2,25,0.038461538461538464,30.46153846153846
-66.11_18.4,4,0,3,1,0.75,24.75
-66.11_18.41,11,0,3,5,0.5454545454545454,25.90909090909091
-66.11_18.42,16,0,2,11,0.3125,39.4375
-66.11_18.43,26,0,2,20,0.23076923076923078,2.3846153846153846
-66.11_18.44,68,0,3,50,0.2647058823529412,1.338235294117647
-66.11_18.45,2,0,2,1,0.5,0.0
-66.11_18.46,140,0,3,107,0.2357142857142857,3.892857142857143
-66.11_18.47,130,0,3,108,0.16923076923076924,20.692307692307693
-66.11_18.52,1,0,1,0,1.0,0.0
-66.12_17.97,4,0,2,4,0.0,38.0
-66.12_17.98,9,0,2,9,0.0,53.55555555555556
-66.12_17.99,2,0,1,2,0.0,61.5
-66.12_18.0,3,0,1,3,0.0,118.0
-66.12_18.01,3,1,1,3,0.0,178.0
-66.12_18.03,4,0,2,3,0.25,506.75
-66.12_18.13,4,0,2,3,0.25,378.25
-66.12_18.14,9,0,2,9,0.0,404.55555555555554
-66.12_18.15,2,0,2,2,0.0,448.0
-66.12_18.16,1,0,1,1,0.0,447.0
-66.12_18.17,1,0,1,0,1.0,434.0
-66.12_18.19,10,0,3,10,0.0,406.4
-66.12_18.2,1,0,1,1,0.0,425.0
-66.12_18.22,1,0,1,1,0.0,384.0
-66.12_18.24,1,0,1,1,0.0,354.0
-66.12_18.25,1,0,1,0,1.0,321.0
-66.12_18.26,1,0,1,1,0.0,426.0
-66.12_18.29,5,0,3,5,0.0,233.6
-66.12_18.3,29,2,3,22,0.2413793103448276,180.44827586206895
-66.12_18.32,1,0,1,1,0.0,264.0
-66.12_18.35,35,0,3,33,0.05714285714285714,41.94285714285714
-66.12_18.36,75,0,2,53,0.29333333333333333,26.92
-66.12_18.37,9,0,3,5,0.4444444444444444,38.22222222222222
-66.12_18.38,13,1,3,7,0.46153846153846156,87.38461538461539
-66.12_18.39,35,1,3,19,0.45714285714285713,33.91428571428571
-66.12_18.4,33,0,3,24,0.2727272727272727,42.21212121212121
-66.12_18.41,13,0,3,9,0.3076923076923077,18.384615384615383
-66.12_18.42,7,0,3,2,0.7142857142857143,11.142857142857142
-66.12_18.43,5,0,2,4,0.2,4.8
-66.12_18.44,252,0,3,155,0.38492063492063494,1.4523809523809523
-66.12_18.45,1,0,1,1,0.0,0.0
-66.12_18.46,367,0,3,280,0.23705722070844687,9.051771117166213
-66.12_18.47,1292,2,3,998,0.22755417956656346,32.39628482972136
-66.13_17.97,1,0,1,1,0.0,31.0
-66.13_17.99,2,0,1,2,0.0,72.0
-66.13_18.0,2,0,1,2,0.0,244.5
-66.13_18.01,3,0,2,3,0.0,343.0
-66.13_18.03,3,1,1,3,0.0,395.0
-66.13_18.04,1,0,1,1,0.0,617.0
-66.13_18.06,2,0,2,2,0.0,805.0
-66.13_18.07,12,2,1,11,0.08333333333333333,741.4166666666666
-66.13_18.13,1,0,1,1,0.0,374.0
-66.13_18.14,5,0,2,3,0.4,393.6
-66.13_18.15,1,0,1,1,0.0,449.0
-66.13_18.18,1,0,1,1,0.0,429.0
-66.13_18.19,3,0,2,3,0.0,412.3333333333333
-66.13_18.2,1,0,1,1,0.0,453.0
-66.13_18.21,1,0,1,1,0.0,452.0
-66.13_18.22,2,0,2,1,0.5,443.0
-66.13_18.23,1,0,1,1,0.0,403.0
-66.13_18.26,4,0,2,2,0.5,243.75
-66.13_18.28,2,0,1,1,0.5,420.0
-66.13_18.34,2,0,2,0,1.0,49.0
-66.13_18.36,59,0,3,39,0.3389830508474576,61.49152542372882
-66.13_18.37,334,0,3,205,0.38622754491017963,36.32035928143713
-66.13_18.38,45,3,3,35,0.2222222222222222,39.666666666666664
-66.13_18.39,50,0,2,31,0.38,14.52
-66.13_18.4,77,0,3,44,0.42857142857142855,44.142857142857146
-66.13_18.41,1,0,1,1,0.0,30.0
-66.13_18.43,51,0,2,35,0.3137254901960784,4.235294117647059
-66.13_18.44,244,0,3,171,0.29918032786885246,1.569672131147541
-66.13_18.45,205,0,3,133,0.35121951219512193,0.2975609756097561
-66.13_18.46,29,0,3,19,0.3448275862068966,4.827586206896552
-66.13_18.47,6,0,3,2,0.6666666666666666,1.1666666666666667
-66.13_18.48,2,0,2,2,0.0,0.0
-66.14_17.94,3,0,2,3,0.0,5.0
-66.14_17.95,2,0,1,2,0.0,8.5
-66.14_17.96,1,0,1,1,0.0,17.0
-66.14_17.97,1,0,1,1,0.0,25.0
-66.14_17.98,1,0,1,1,0.0,42.0
-66.14_17.99,1,0,1,1,0.0,82.0
-66.14_18.0,2,1,1,2,0.0,189.0
-66.14_18.02,4,0,1,4,0.0,354.25
-66.14_18.05,1,0,1,1,0.0,715.0
-66.14_18.06,8,1,2,8,0.0,790.375
-66.14_18.08,1,0,1,1,0.0,796.0
-66.14_18.12,2,0,1,2,0.0,387.0
-66.14_18.13,2,0,2,2,0.0,381.5
-66.14_18.14,3,1,2,3,0.0,379.3333333333333
-66.14_18.18,2,0,1,0,1.0,415.5
-66.14_18.19,67,2,3,58,0.13432835820895522,415.04477611940297
-66.14_18.2,3,0,1,3,0.0,399.6666666666667
-66.14_18.21,1,0,1,1,0.0,478.0
-66.14_18.23,2,0,1,2,0.0,382.0
-66.14_18.26,2,0,2,2,0.0,291.5
-66.14_18.28,7,1,2,1,0.8571428571428571,179.85714285714286
-66.14_18.29,1,1,1,1,0.0,130.0
-66.14_18.3,2,0,1,1,0.5,81.5
-66.14_18.31,6,0,2,4,0.3333333333333333,52.666666666666664
-66.14_18.32,2,0,1,1,0.5,76.0
-66.14_18.33,3,0,1,1,0.6666666666666666,50.0
-66.14_18.34,1,0,1,1,0.0,71.0
-66.14_18.35,7,0,2,4,0.42857142857142855,42.42857142857143
-66.14_18.36,7,0,3,5,0.2857142857142857,31.0
-66.14_18.37,18,4,3,9,0.5,35.166666666666664
-66.14_18.38,4,1,2,1,0.75,14.5
-66.14_18.39,365,2,3,214,0.4136986301369863,11.208219178082192
-66.14_18.4,4,0,1,4,0.0,9.25
-66.14_18.41,561,9,3,298,0.46880570409982175,23.3475935828877
-66.14_18.42,4,0,1,1,0.75,3.5
-66.14_18.43,9,0,3,7,0.2222222222222222,2.6666666666666665
-66.14_18.45,36,0,3,18,0.5,0.8333333333333334
-66.14_18.46,47,0,3,30,0.3617021276595745,2.574468085106383
-66.14_18.47,84,0,3,64,0.23809523809523808,0.47619047619047616
-66.14_18.48,1,0,1,1,0.0,1.0
-66.14_18.53,1,0,1,1,0.0,0.0
-66.15_17.93,1,0,1,1,0.0,3.0
-66.15_17.95,3,0,1,3,0.0,10.0
-66.15_17.96,6,0,1,6,0.0,10.5
-66.15_17.98,1,0,1,1,0.0,30.0
-66.15_18.08,19,2,3,15,0.21052631578947367,720.2105263157895
-66.15_18.09,3,1,2,2,0.3333333333333333,667.0
-66.15_18.11,3,0,3,3,0.0,436.0
-66.15_18.12,4,0,2,3,0.25,403.0
-66.15_18.13,11,2,2,7,0.36363636363636365,407.1818181818182
-66.15_18.14,1,0,1,1,0.0,405.0
-66.15_18.16,1,0,1,1,0.0,441.0
-66.15_18.18,255,13,3,186,0.27058823529411763,405.9372549019608
-66.15_18.19,1,0,1,0,1.0,433.0
-66.15_18.2,13,1,2,9,0.3076923076923077,435.0
-66.15_18.28,3,0,1,2,0.3333333333333333,435.0
-66.15_18.3,1,0,1,0,1.0,251.0
-66.15_18.34,2,1,1,1,0.5,172.5
-66.15_18.35,1,0,1,0,1.0,55.0
-66.15_18.36,8,0,2,7,0.125,63.0
-66.15_18.37,8,0,3,5,0.375,40.875
-66.15_18.39,9,0,3,3,0.6666666666666666,12.333333333333334
-66.15_18.4,10,0,2,4,0.6,10.5
-66.15_18.41,175,1,3,84,0.52,6.331428571428572
-66.15_18.42,15,0,2,8,0.4666666666666667,6.8
-66.15_18.44,3,0,1,2,0.3333333333333333,2.6666666666666665
-66.15_18.45,14,0,2,6,0.5714285714285714,3.7142857142857144
-66.15_18.46,2,0,2,1,0.5,5.0
-66.15_18.54,1,0,1,1,0.0,0.0
-66.16_17.93,6,0,3,6,0.0,2.1666666666666665
-66.16_17.94,7,0,3,7,0.0,4.0
-66.16_17.95,18,0,3,18,0.0,4.944444444444445
-66.16_17.96,3,0,2,3,0.0,9.0
-66.16_17.98,1,0,1,1,0.0,39.0
-66.16_18.09,1,0,1,1,0.0,663.0
-66.16_18.11,2,0,2,2,0.0,401.0
-66.16_18.12,9,0,3,3,0.6666666666666666,397.44444444444446
-66.16_18.15,2,0,1,1,0.5,360.0
-66.16_18.16,1,0,1,1,0.0,465.0
-66.16_18.17,2,0,2,2,0.0,430.5
-66.16_18.18,4,1,2,2,0.5,427.5
-66.16_18.21,4,0,2,3,0.25,500.75
-66.16_18.24,1,0,1,1,0.0,425.0
-66.16_18.28,2,0,1,0,1.0,464.0
-66.16_18.29,3,0,2,1,0.6666666666666666,474.6666666666667
-66.16_18.3,1,1,1,0,1.0,330.0
-66.16_18.33,2,0,1,0,1.0,136.5
-66.16_18.34,1,0,1,0,1.0,180.0
-66.16_18.35,1,0,1,1,0.0,60.0
-66.16_18.36,3,0,2,1,0.6666666666666666,47.333333333333336
-66.16_18.37,2,0,2,2,0.0,31.5
-66.16_18.38,35,1,2,21,0.4,23.914285714285715
-66.16_18.39,3,0,2,1,0.6666666666666666,18.0
-66.16_18.4,4,0,3,2,0.5,13.25
-66.16_18.41,7,0,2,3,0.5714285714285714,18.285714285714285
-66.16_18.42,14,0,3,7,0.5,5.071428571428571
-66.16_18.43,24,0,3,11,0.5416666666666666,4.75
-66.16_18.44,119,0,3,81,0.31932773109243695,3.689075630252101
-66.16_18.45,11,0,3,7,0.36363636363636365,2.272727272727273
-66.17_17.94,268,6,3,265,0.011194029850746268,1.5186567164179106
-66.17_17.96,1,0,1,1,0.0,9.0
-66.17_17.97,5,0,1,5,0.0,21.2
-66.17_17.98,2,0,1,2,0.0,33.5
-66.17_18.0,2,1,1,2,0.0,56.0
-66.17_18.01,1,0,1,1,0.0,92.0
-66.17_18.04,4,0,1,4,0.0,310.0
-66.17_18.06,4,1,2,4,0.0,285.5
-66.17_18.08,8,1,3,6,0.25,619.375
-66.17_18.11,2,0,1,2,0.0,397.0
-66.17_18.12,1,0,1,1,0.0,386.0
-66.17_18.17,1,0,1,0,1.0,491.0
-66.17_18.18,1,0,1,1,0.0,398.0
-66.17_18.2,3,0,1,3,0.0,459.0
-66.17_18.22,1,0,1,0,1.0,515.0
-66.17_18.23,1,0,1,0,1.0,503.0
-66.17_18.24,2,0,1,0,1.0,372.0
-66.17_18.28,1,1,1,1,0.0,497.0
-66.17_18.3,6,2,2,2,0.6666666666666666,286.0
-66.17_18.31,1,0,1,0,1.0,203.0
-66.17_18.36,2,0,1,1,0.5,55.0
-66.17_18.37,7,1,3,7,0.0,30.0
-66.17_18.38,1,0,1,0,1.0,17.0
-66.17_18.39,16,3,2,12,0.25,22.1875
-66.17_18.4,267,11,3,157,0.41198501872659177,33.835205992509366
-66.17_18.41,19,2,2,8,0.5789473684210527,21.57894736842105
-66.17_18.42,1,0,1,0,1.0,6.0
-66.17_18.43,16,0,3,5,0.6875,4.0625
-66.17_18.44,3,0,2,3,0.0,3.6666666666666665
-66.17_18.45,16,0,3,11,0.3125,2.875
-66.18_17.94,14,1,3,14,0.0,4.785714285714286
-66.18_17.96,1,0,1,1,0.0,17.0
-66.18_17.98,7,0,2,7,0.0,24.285714285714285
-66.18_17.99,5,0,1,5,0.0,43.0
-66.18_18.0,4,0,1,4,0.0,132.25
-66.18_18.01,1,0,1,1,0.0,232.0
-66.18_18.03,4,0,1,4,0.0,314.5
-66.18_18.04,3,0,1,3,0.0,287.6666666666667
-66.18_18.06,1,0,1,1,0.0,220.0
-66.18_18.08,63,26,3,43,0.31746031746031744,767.015873015873
-66.18_18.09,1,0,1,1,0.0,615.0
-66.18_18.12,1,0,1,0,1.0,440.0
-66.18_18.13,4,0,2,4,0.0,434.5
-66.18_18.18,1,0,1,1,0.0,384.0
-66.18_18.19,4,0,3,2,0.5,430.25
-66.18_18.23,14,0,2,9,0.35714285714285715,440.85714285714283
-66.18_18.26,1,0,1,1,0.0,458.0
-66.18_18.29,1,0,1,1,0.0,404.0
-66.18_18.31,1,0,1,1,0.0,240.0
-66.18_18.33,1,0,1,0,1.0,126.0
-66.18_18.34,5,0,2,5,0.0,107.0
-66.18_18.35,95,0,3,66,0.30526315789473685,103.82105263157895
-66.18_18.36,10,0,1,6,0.4,95.9
-66.18_18.37,2,0,2,1,0.5,40.0
-66.18_18.38,3,0,2,2,0.3333333333333333,24.0
-66.18_18.39,1,0,1,1,0.0,28.0
-66.18_18.4,15,1,3,8,0.4666666666666667,43.2
-66.18_18.41,1,0,1,0,1.0,66.0
-66.18_18.44,5,0,2,3,0.4,4.2
-66.18_18.45,2,0,1,1,0.5,1.5
-66.18_18.46,48,0,3,24,0.5,0.875
-66.18_18.47,2,0,1,0,1.0,1.5
-66.19_17.94,6,0,2,6,0.0,4.0
-66.19_18.0,3,0,2,3,0.0,77.33333333333333
-66.19_18.01,3,0,1,2,0.3333333333333333,207.33333333333334
-66.19_18.02,2,0,1,2,0.0,306.0
-66.19_18.03,1,0,1,1,0.0,249.0
-66.19_18.04,1,0,1,1,0.0,216.0
-66.19_18.06,2,0,1,2,0.0,380.5
-66.19_18.07,7,1,2,4,0.42857142857142855,720.8571428571429
-66.19_18.08,7,2,2,5,0.2857142857142857,793.2857142857143
-66.19_18.1,1,0,1,1,0.0,551.0
-66.19_18.14,3,0,1,0,1.0,344.0
-66.19_18.17,1,0,1,1,0.0,532.0
-66.19_18.18,1,0,1,0,1.0,413.0
-66.19_18.19,4,0,1,3,0.25,334.0
-66.19_18.2,1,0,1,1,0.0,577.0
-66.19_18.21,1,0,1,1,0.0,548.0
-66.19_18.23,1,0,1,0,1.0,363.0
-66.19_18.29,8,1,2,5,0.375,247.5
-66.19_18.32,1,0,1,0,1.0,157.0
-66.19_18.34,1,0,1,0,1.0,130.0
-66.19_18.37,1,0,1,1,0.0,36.0
-66.19_18.38,1,0,1,1,0.0,34.0
-66.19_18.41,26,2,3,4,0.8461538461538461,42.03846153846154
-66.19_18.42,8,2,2,4,0.5,31.25
-66.19_18.43,3,0,3,3,0.0,15.0
-66.19_18.44,4,0,1,4,0.0,3.25
-66.19_18.45,2,0,1,2,0.0,3.5
-66.19_18.46,23,0,2,17,0.2608695652173913,5.0
-66.19_18.47,229,2,3,182,0.2052401746724891,1.0698689956331877
-66.1_17.98,1,0,1,0,1.0,40.0
-66.1_17.99,1,0,1,1,0.0,123.0
-66.1_18.01,1,0,1,1,0.0,135.0
-66.1_18.03,1,1,1,1,0.0,256.0
-66.1_18.04,1,0,1,0,1.0,414.0
-66.1_18.06,8,0,3,1,0.875,582.625
-66.1_18.07,6,0,3,4,0.3333333333333333,587.3333333333334
-66.1_18.08,2,0,2,2,0.0,552.0
-66.1_18.12,1,0,1,1,0.0,682.0
-66.1_18.14,1940,8,3,1556,0.1979381443298969,492.94020618556704
-66.1_18.15,19,2,3,16,0.15789473684210525,436.36842105263156
-66.1_18.17,1,0,1,1,0.0,444.0
-66.1_18.19,1,0,1,1,0.0,397.0
-66.1_18.2,1,0,1,1,0.0,415.0
-66.1_18.21,1,0,1,1,0.0,464.0
-66.1_18.24,2,0,1,1,0.5,187.0
-66.1_18.25,4,0,2,3,0.25,263.5
-66.1_18.26,4,0,3,2,0.5,259.5
-66.1_18.27,1,0,1,1,0.0,434.0
-66.1_18.28,7,0,3,5,0.2857142857142857,386.0
-66.1_18.29,3,0,2,3,0.0,216.66666666666666
-66.1_18.3,2,1,1,2,0.0,150.0
-66.1_18.31,94,27,1,94,0.0,112.73404255319149
-66.1_18.32,11,0,2,10,0.09090909090909091,137.8181818181818
-66.1_18.33,4,0,2,2,0.5,100.25
-66.1_18.34,93,0,2,79,0.15053763440860216,94.33333333333333
-66.1_18.35,1,0,1,1,0.0,45.0
-66.1_18.36,8,0,2,8,0.0,43.25
-66.1_18.37,39,0,3,35,0.10256410256410256,37.94871794871795
-66.1_18.38,530,0,3,394,0.25660377358490566,51.77924528301887
-66.1_18.39,12,0,3,9,0.25,44.083333333333336
-66.1_18.4,32,0,2,29,0.09375,34.5625
-66.1_18.41,22,0,3,17,0.22727272727272727,20.954545454545453
-66.1_18.42,9,0,2,7,0.2222222222222222,3.6666666666666665
-66.1_18.45,10,0,3,7,0.3,2.6
-66.1_18.46,27,0,3,25,0.07407407407407407,2.5555555555555554
-66.1_18.47,13,0,3,13,0.0,6.076923076923077
-66.21_17.92,19,0,2,19,0.0,3.526315789473684
-66.21_17.94,4,0,2,4,0.0,2.0
-66.21_17.95,1,0,1,1,0.0,0.0
-66.21_17.96,2,0,2,2,0.0,4.0
-66.21_18.01,2,0,2,2,0.0,122.5
-66.21_18.02,1,0,1,1,0.0,135.0
-66.21_18.04,1,0,1,1,0.0,146.0
-66.21_18.14,1,0,1,1,0.0,286.0
-66.21_18.2,3,0,2,2,0.3333333333333333,306.0
-66.21_18.24,3,0,1,1,0.6666666666666666,186.66666666666666
-66.21_18.25,1,0,1,1,0.0,178.0
-66.21_18.26,7,0,2,5,0.2857142857142857,171.85714285714286
-66.21_18.29,2,0,1,2,0.0,70.5
-66.21_18.3,2,0,2,0,1.0,68.0
-66.21_18.31,1,0,1,0,1.0,56.0
-66.21_18.32,9,0,2,6,0.3333333333333333,81.11111111111111
-66.21_18.35,9,0,2,4,0.5555555555555556,101.22222222222223
-66.21_18.36,2,1,2,2,0.0,55.5
-66.21_18.38,1,0,1,1,0.0,56.0
-66.21_18.39,2,0,2,1,0.5,43.5
-66.21_18.4,2,0,1,0,1.0,79.0
-66.21_18.41,3,0,2,1,0.6666666666666666,50.0
-66.21_18.42,7,0,3,4,0.42857142857142855,32.0
-66.21_18.43,3,0,1,3,0.0,7.0
-66.21_18.47,17,0,3,13,0.23529411764705882,0.7647058823529411
-66.22_17.92,5,0,2,5,0.0,1.0
-66.22_17.93,1,0,1,1,0.0,0.0
-66.22_17.95,12,0,2,11,0.08333333333333333,7.75
-66.22_17.96,365,8,3,340,0.0684931506849315,11.35068493150685
-66.22_17.97,1,0,1,1,0.0,8.0
-66.22_17.98,15,0,2,12,0.2,16.666666666666668
-66.22_17.99,4,0,2,4,0.0,34.0
-66.22_18.03,3,0,2,3,0.0,113.0
-66.22_18.06,1,0,1,0,1.0,399.0
-66.22_18.07,8,0,2,2,0.75,473.625
-66.22_18.17,1,0,1,1,0.0,279.0
-66.22_18.22,2,0,2,1,0.5,252.0
-66.22_18.3,1,0,1,0,1.0,216.0
-66.22_18.31,1,0,1,1,0.0,86.0
-66.22_18.32,1,0,1,1,0.0,173.0
-66.22_18.33,2,0,1,2,0.0,80.0
-66.22_18.34,2,0,1,2,0.0,56.0
-66.22_18.35,3,0,2,3,0.0,92.0
-66.22_18.36,7,0,1,0,1.0,50.0
-66.22_18.37,1,0,1,0,1.0,53.0
-66.22_18.38,1,0,1,1,0.0,50.0
-66.22_18.39,2,0,1,0,1.0,30.0
-66.22_18.4,2,0,2,0,1.0,95.0
-66.22_18.41,1,0,1,1,0.0,77.0
-66.22_18.42,1,0,1,0,1.0,3.0
-66.22_18.43,1,0,1,1,0.0,1.0
-66.22_18.44,2,0,1,1,0.5,0.5
-66.22_18.45,49,0,3,41,0.16326530612244897,0.0
-66.22_18.47,8,0,2,6,0.25,4.0
-66.23_17.92,3,0,2,3,0.0,0.0
-66.23_17.93,2,0,1,2,0.0,0.0
-66.23_17.94,2,0,1,2,0.0,3.0
-66.23_17.95,1,0,1,1,0.0,12.0
-66.23_17.96,157,2,2,138,0.12101910828025478,8.67515923566879
-66.23_17.97,1,0,1,0,1.0,7.0
-66.23_18.03,1,0,1,1,0.0,86.0
-66.23_18.05,2,1,1,2,0.0,330.5
-66.23_18.08,5,0,2,3,0.4,538.2
-66.23_18.09,7,0,2,6,0.14285714285714285,729.8571428571429
-66.23_18.1,2,0,1,1,0.5,683.0
-66.23_18.13,77,32,2,29,0.6233766233766234,696.0
-66.23_18.16,1,0,1,1,0.0,263.0
-66.23_18.22,7,0,3,2,0.7142857142857143,199.28571428571428
-66.23_18.26,1,0,1,1,0.0,533.0
-66.23_18.32,4,0,2,2,0.5,54.25
-66.23_18.33,1,0,1,1,0.0,102.0
-66.23_18.34,99,37,3,51,0.48484848484848486,93.01010101010101
-66.23_18.35,1,0,1,0,1.0,109.0
-66.23_18.36,2,1,1,0,1.0,96.0
-66.23_18.38,13,1,2,5,0.6153846153846154,46.84615384615385
-66.23_18.39,5,0,2,4,0.2,53.8
-66.23_18.4,19,0,2,17,0.10526315789473684,78.47368421052632
-66.23_18.42,15,1,2,10,0.3333333333333333,24.133333333333333
-66.23_18.43,2,0,2,2,0.0,3.0
-66.23_18.44,1,0,1,1,0.0,2.0
-66.23_18.45,22,0,3,16,0.2727272727272727,2.590909090909091
-66.23_18.46,2,0,1,1,0.5,1.0
-66.23_18.47,58,0,3,45,0.22413793103448276,2.293103448275862
-66.23_18.62,1,0,1,1,0.0,0.0
-66.24_17.94,2,0,1,2,0.0,0.0
-66.24_17.95,18,1,2,17,0.05555555555555555,3.888888888888889
-66.24_17.96,21,0,2,20,0.047619047619047616,20.0
-66.24_17.97,40,0,2,30,0.25,12.3
-66.24_17.98,3,0,2,1,0.6666666666666666,22.0
-66.24_18.01,1,0,1,1,0.0,54.0
-66.24_18.03,4,0,2,4,0.0,85.5
-66.24_18.04,4,0,2,1,0.75,78.5
-66.24_18.06,1,0,1,1,0.0,173.0
-66.24_18.07,1,0,1,0,1.0,188.0
-66.24_18.15,1,0,1,1,0.0,371.0
-66.24_18.3,5,0,3,2,0.6,123.4
-66.24_18.33,2,0,2,1,0.5,66.0
-66.24_18.34,28,4,3,10,0.6428571428571429,56.642857142857146
-66.24_18.37,1,0,1,1,0.0,61.0
-66.24_18.39,1,0,1,0,1.0,78.0
-66.24_18.42,3,0,3,2,0.3333333333333333,11.666666666666666
-66.24_18.44,3,0,2,2,0.3333333333333333,3.0
-66.24_18.45,281,1,3,174,0.3807829181494662,1.9217081850533808
-66.24_18.46,1,0,1,0,1.0,3.0
-66.24_18.47,25,0,3,20,0.2,3.2
-66.25_17.92,1,0,1,1,0.0,0.0
-66.25_17.93,5,0,2,5,0.0,3.2
-66.25_17.94,6,0,2,5,0.16666666666666666,4.0
-66.25_17.95,65,3,3,55,0.15384615384615385,0.6
-66.25_17.96,4,0,2,4,0.0,5.75
-66.25_17.97,5,0,2,4,0.2,7.0
-66.25_18.07,2,0,1,2,0.0,231.5
-66.25_18.13,1,0,1,0,1.0,620.0
-66.25_18.14,3,0,2,2,0.3333333333333333,614.6666666666666
-66.25_18.23,3,0,1,1,0.6666666666666666,574.0
-66.25_18.3,6,0,2,4,0.3333333333333333,136.5
-66.25_18.36,1,0,1,0,1.0,38.0
-66.25_18.37,1,0,1,0,1.0,34.0
-66.25_18.38,6,0,1,2,0.6666666666666666,17.666666666666668
-66.25_18.39,5,1,3,4,0.2,29.6
-66.25_18.4,1,0,1,0,1.0,26.0
-66.25_18.42,6,0,2,4,0.3333333333333333,9.166666666666666
-66.25_18.44,4,0,2,1,0.75,6.75
-66.25_18.45,200,0,3,134,0.33,1.35
-66.25_18.46,14,0,3,13,0.07142857142857142,1.7857142857142858
-66.25_18.47,43,0,3,34,0.20930232558139536,1.5116279069767442
-66.25_18.48,32,0,2,18,0.4375,3.875
-66.26_17.92,3,0,2,2,0.3333333333333333,7.333333333333333
-66.26_17.94,8,0,3,7,0.125,1.625
-66.26_17.95,202,0,3,178,0.1188118811881188,1.0544554455445545
-66.26_17.96,22,0,2,15,0.3181818181818182,7.363636363636363
-66.26_17.97,3,0,2,1,0.6666666666666666,10.0
-66.26_17.98,1,0,1,1,0.0,17.0
-66.26_17.99,1,0,1,0,1.0,26.0
-66.26_18.07,1,0,1,1,0.0,383.0
-66.26_18.1,1,0,1,0,1.0,668.0
-66.26_18.11,1,0,1,0,1.0,653.0
-66.26_18.12,7,2,2,3,0.5714285714285714,644.7142857142857
-66.26_18.13,19,2,2,8,0.5789473684210527,686.1052631578947
-66.26_18.14,74,5,3,33,0.5540540540540541,612.081081081081
-66.26_18.16,1,0,1,0,1.0,585.0
-66.26_18.26,17,0,2,4,0.7647058823529411,628.8823529411765
-66.26_18.28,1,0,1,1,0.0,356.0
-66.26_18.3,1,0,1,1,0.0,166.0
-66.26_18.31,1,0,1,1,0.0,189.0
-66.26_18.38,2,0,2,2,0.0,102.0
-66.26_18.4,3,0,1,3,0.0,52.0
-66.26_18.41,6,0,2,4,0.3333333333333333,5.666666666666667
-66.26_18.42,2,0,1,1,0.5,7.0
-66.26_18.43,10,0,3,4,0.6,7.1
-66.26_18.44,6,0,2,6,0.0,7.333333333333333
-66.26_18.45,2,0,1,2,0.0,4.5
-66.26_18.46,14,0,2,11,0.21428571428571427,7.285714285714286
-66.26_18.47,4,0,1,3,0.25,2.5
-66.26_18.48,74,0,3,58,0.21621621621621623,3.175675675675676
-66.27_17.93,2,0,2,2,0.0,0.0
-66.27_17.96,5,0,2,5,0.0,4.6
-66.27_17.98,2,0,1,2,0.0,18.0
-66.27_17.99,2,0,1,1,0.5,27.5
-66.27_18.12,30,4,2,11,0.6333333333333333,645.9666666666667
-66.27_18.13,2,0,2,1,0.5,632.0
-66.27_18.14,12,1,2,3,0.75,607.3333333333334
-66.27_18.24,1,0,1,1,0.0,605.0
-66.27_18.25,2,0,1,1,0.5,621.5
-66.27_18.28,1,0,1,1,0.0,387.0
-66.27_18.3,1,0,1,1,0.0,340.0
-66.27_18.31,5,0,1,2,0.6,226.2
-66.27_18.35,3,0,1,1,0.6666666666666666,111.0
-66.27_18.36,1,0,1,0,1.0,117.0
-66.27_18.37,2,0,1,2,0.0,121.0
-66.27_18.42,8,0,3,2,0.75,9.0
-66.27_18.43,7,0,3,4,0.42857142857142855,7.428571428571429
-66.27_18.44,1,0,1,1,0.0,6.0
-66.27_18.45,13,0,3,10,0.23076923076923078,4.076923076923077
-66.27_18.46,14,0,3,13,0.07142857142857142,13.5
-66.27_18.47,59,1,3,43,0.2711864406779661,3.4915254237288136
-66.27_18.48,77,1,3,53,0.3116883116883117,2.1948051948051948
-66.28_17.95,4,0,1,4,0.0,1.0
-66.28_17.96,25,0,3,22,0.12,0.0
-66.28_17.99,4,0,3,3,0.25,19.25
-66.28_18.11,1,0,1,0,1.0,632.0
-66.28_18.12,10,2,1,5,0.5,612.0
-66.28_18.13,1,0,1,0,1.0,601.0
-66.28_18.17,32,8,3,20,0.375,436.75
-66.28_18.2,1,0,1,1,0.0,575.0
-66.28_18.21,5,0,2,2,0.6,591.0
-66.28_18.24,1,0,1,1,0.0,650.0
-66.28_18.25,3,0,2,0,1.0,651.0
-66.28_18.26,1,0,1,0,1.0,566.0
-66.28_18.27,1,0,1,0,1.0,523.0
-66.28_18.29,1,0,1,1,0.0,474.0
-66.28_18.34,1,0,1,1,0.0,176.0
-66.28_18.38,1,0,1,1,0.0,113.0
-66.28_18.4,1,0,1,0,1.0,84.0
-66.28_18.41,1,0,1,1,0.0,75.0
-66.28_18.42,1,0,1,0,1.0,24.0
-66.28_18.43,1,0,1,1,0.0,20.0
-66.28_18.44,50,0,2,43,0.14,16.88
-66.28_18.45,7,0,1,5,0.2857142857142857,4.0
-66.28_18.46,4,0,2,4,0.0,8.25
-66.28_18.47,163,1,3,133,0.18404907975460122,7.411042944785276
-66.28_18.48,17,0,2,9,0.47058823529411764,1.4705882352941178
-66.29_17.95,10,0,2,10,0.0,1.2
-66.29_17.96,30,0,2,21,0.3,0.9666666666666667
-66.29_17.97,1,0,1,1,0.0,3.0
-66.29_17.98,3,0,2,2,0.3333333333333333,8.666666666666666
-66.29_17.99,2,0,1,2,0.0,15.0
-66.29_18.0,2,1,2,1,0.5,36.0
-66.29_18.13,1,0,1,0,1.0,640.0
-66.29_18.17,12,2,2,7,0.4166666666666667,521.3333333333334
-66.29_18.18,13,3,3,8,0.38461538461538464,578.9230769230769
-66.29_18.2,1,1,1,0,1.0,733.0
-66.29_18.24,1,1,1,0,1.0,608.0
-66.29_18.26,1,0,1,1,0.0,508.0
-66.29_18.28,3,2,2,1,0.6666666666666666,407.3333333333333
-66.29_18.29,31,2,3,15,0.5161290322580645,402.8709677419355
-66.29_18.31,12,2,2,8,0.3333333333333333,405.75
-66.29_18.32,2,0,2,0,1.0,160.5
-66.29_18.34,2,0,1,1,0.5,91.0
-66.29_18.35,1,0,1,1,0.0,140.0
-66.29_18.36,1,0,1,1,0.0,142.0
-66.29_18.38,1,0,1,1,0.0,116.0
-66.29_18.39,1,0,1,1,0.0,73.0
-66.29_18.4,6,3,1,4,0.3333333333333333,113.0
-66.29_18.41,1,0,1,1,0.0,71.0
-66.29_18.43,12,0,1,5,0.5833333333333334,44.083333333333336
-66.29_18.44,1,0,1,1,0.0,15.0
-66.29_18.45,15,0,3,11,0.26666666666666666,8.933333333333334
-66.29_18.46,310,1,3,213,0.31290322580645163,10.361290322580645
-66.29_18.47,39,0,3,32,0.1794871794871795,4.17948717948718
-66.2_17.93,72,3,3,70,0.027777777777777776,3.263888888888889
-66.2_17.94,199,3,3,193,0.03015075376884422,3.1608040201005023
-66.2_17.96,2,0,1,2,0.0,0.0
-66.2_18.01,2,0,1,1,0.5,151.5
-66.2_18.02,8,1,2,4,0.5,292.625
-66.2_18.05,1,0,1,1,0.0,167.0
-66.2_18.07,4,2,2,3,0.25,717.0
-66.2_18.08,3,0,2,2,0.3333333333333333,768.0
-66.2_18.09,1,0,1,1,0.0,651.0
-66.2_18.1,2,0,2,1,0.5,587.0
-66.2_18.16,1,0,1,0,1.0,562.0
-66.2_18.18,8,1,2,6,0.25,565.75
-66.2_18.19,2,1,1,0,1.0,315.5
-66.2_18.2,4,0,2,3,0.25,319.0
-66.2_18.22,116,7,3,48,0.5862068965517241,222.07758620689654
-66.2_18.23,6,0,3,3,0.5,253.5
-66.2_18.25,1,0,1,0,1.0,296.0
-66.2_18.32,1,0,1,1,0.0,155.0
-66.2_18.33,4,0,2,2,0.5,118.0
-66.2_18.34,2,1,1,1,0.5,114.0
-66.2_18.36,2,0,2,1,0.5,83.5
-66.2_18.37,1,0,1,0,1.0,75.0
-66.2_18.38,4,0,1,2,0.5,72.0
-66.2_18.41,2,0,2,2,0.0,45.5
-66.2_18.44,2,0,2,0,1.0,1.5
-66.2_18.45,2,0,1,1,0.5,0.0
-66.2_18.46,1,0,1,0,1.0,2.0
-66.2_18.47,13,0,3,8,0.38461538461538464,0.6153846153846154
-66.31_17.97,5,0,3,3,0.4,2.8
-66.31_17.99,1,0,1,1,0.0,17.0
-66.31_18.01,1,0,1,0,1.0,51.0
-66.31_18.04,1,0,1,1,0.0,201.0
-66.31_18.09,4,0,3,2,0.5,160.25
-66.31_18.13,3,0,1,2,0.3333333333333333,634.0
-66.31_18.16,12,0,3,4,0.6666666666666666,620.4166666666666
-66.31_18.18,1,0,1,0,1.0,647.0
-66.31_18.19,6,0,2,2,0.6666666666666666,616.8333333333334
-66.31_18.2,1,0,1,1,0.0,654.0
-66.31_18.22,1,0,1,0,1.0,610.0
-66.31_18.23,1,0,1,0,1.0,575.0
-66.31_18.26,1,0,1,1,0.0,471.0
-66.31_18.29,1,0,1,0,1.0,452.0
-66.31_18.3,1,0,1,1,0.0,395.0
-66.31_18.34,2,0,1,2,0.0,158.5
-66.31_18.35,11,3,3,6,0.45454545454545453,189.0
-66.31_18.36,1,0,1,0,1.0,152.0
-66.31_18.37,1,0,1,1,0.0,146.0
-66.31_18.42,1,0,1,1,0.0,65.0
-66.31_18.46,37,0,2,31,0.16216216216216217,3.7837837837837838
-66.31_18.47,46,0,3,36,0.21739130434782608,4.108695652173913
-66.31_18.48,26,0,3,16,0.38461538461538464,0.11538461538461539
-66.32_17.98,2,0,2,1,0.5,7.0
-66.32_17.99,1,0,1,1,0.0,17.0
-66.32_18.04,1,0,1,1,0.0,233.0
-66.32_18.15,1,0,1,0,1.0,769.0
-66.32_18.22,1,0,1,0,1.0,591.0
-66.32_18.23,1,0,1,1,0.0,607.0
-66.32_18.26,1,0,1,1,0.0,532.0
-66.32_18.29,1,0,1,1,0.0,381.0
-66.32_18.31,1,0,1,1,0.0,289.0
-66.32_18.33,1,0,1,1,0.0,98.0
-66.32_18.34,6,0,2,2,0.6666666666666666,83.66666666666667
-66.32_18.35,1,0,1,0,1.0,113.0
-66.32_18.37,43,1,3,32,0.2558139534883721,162.8139534883721
-66.32_18.38,2,0,2,2,0.0,163.5
-66.32_18.41,1,0,1,1,0.0,47.0
-66.32_18.42,1,0,1,1,0.0,27.0
-66.32_18.43,4,0,1,2,0.5,64.0
-66.32_18.47,67,2,3,45,0.3283582089552239,5.492537313432836
-66.32_18.48,20,0,3,11,0.45,8.0
-66.33_17.98,1,0,1,1,0.0,2.0
-66.33_18.01,1,0,1,0,1.0,78.0
-66.33_18.02,4,0,2,3,0.25,98.5
-66.33_18.04,1,0,1,1,0.0,179.0
-66.33_18.08,2,0,2,1,0.5,145.5
-66.33_18.18,2,0,1,2,0.0,657.0
-66.33_18.19,14,1,3,9,0.35714285714285715,645.9285714285714
-66.33_18.2,3,0,3,2,0.3333333333333333,907.3333333333334
-66.33_18.23,1,0,1,0,1.0,598.0
-66.33_18.31,1,1,1,1,0.0,263.0
-66.33_18.32,1,0,1,0,1.0,118.0
-66.33_18.34,3,0,2,0,1.0,112.33333333333333
-66.33_18.37,2,0,2,2,0.0,193.5
-66.33_18.38,1,1,1,1,0.0,140.0
-66.33_18.39,1,0,1,1,0.0,168.0
-66.33_18.4,2,0,1,2,0.0,145.0
-66.33_18.41,3,0,2,2,0.3333333333333333,34.333333333333336
-66.33_18.42,1,0,1,1,0.0,26.0
-66.33_18.43,1,0,1,0,1.0,59.0
-66.33_18.44,1,0,1,0,1.0,39.0
-66.33_18.47,13,0,3,9,0.3076923076923077,18.53846153846154
-66.33_18.48,22,0,3,18,0.18181818181818182,15.181818181818182
-66.33_18.63,1,0,1,1,0.0,0.0
-66.34_17.97,2,0,1,1,0.5,3.0
-66.34_17.98,45,0,2,35,0.2222222222222222,3.5555555555555554
-66.34_18.0,2,0,2,1,0.5,41.0
-66.34_18.02,2,0,1,2,0.0,173.0
-66.34_18.06,1,0,1,1,0.0,277.0
-66.34_18.08,6,0,2,3,0.5,175.83333333333334
-66.34_18.09,1,0,1,1,0.0,156.0
-66.34_18.15,1,1,1,1,0.0,736.0
-66.34_18.18,1,0,1,1,0.0,727.0
-66.34_18.19,8,0,3,1,0.875,673.375
-66.34_18.21,2,1,1,0,1.0,821.0
-66.34_18.32,1,1,1,1,0.0,163.0
-66.34_18.39,1,0,1,0,1.0,99.0
-66.34_18.4,1,0,1,1,0.0,48.0
-66.34_18.41,9,1,1,2,0.7777777777777778,55.888888888888886
-66.34_18.42,6,0,3,5,0.16666666666666666,16.166666666666668
-66.34_18.43,1,0,1,0,1.0,61.0
-66.34_18.44,1,0,1,1,0.0,64.0
-66.34_18.45,2,0,2,2,0.0,7.5
-66.34_18.46,5,0,2,3,0.4,3.8
-66.34_18.47,8,0,2,3,0.625,4.375
-66.34_18.48,283,1,3,219,0.22614840989399293,17.526501766784452
-66.35_18.01,2,0,1,2,0.0,93.0
-66.35_18.04,27,7,1,19,0.2962962962962963,208.40740740740742
-66.35_18.08,1,0,1,0,1.0,109.0
-66.35_18.09,2,0,2,0,1.0,148.5
-66.35_18.16,1,0,1,1,0.0,784.0
-66.35_18.29,1,0,1,0,1.0,508.0
-66.35_18.3,3,0,2,1,0.6666666666666666,387.0
-66.35_18.31,2,0,1,1,0.5,288.0
-66.35_18.33,1,0,1,1,0.0,165.0
-66.35_18.35,1,0,1,0,1.0,195.0
-66.35_18.36,2,0,1,0,1.0,125.0
-66.35_18.37,1,0,1,0,1.0,184.0
-66.35_18.4,1,0,1,0,1.0,31.0
-66.35_18.42,1,0,1,1,0.0,27.0
-66.35_18.43,1,0,1,1,0.0,22.0
-66.35_18.45,4,1,2,3,0.25,6.75
-66.35_18.46,6,0,2,5,0.16666666666666666,9.333333333333334
-66.35_18.47,8,0,2,7,0.125,5.25
-66.35_18.48,5,1,2,1,0.8,3.4
-66.36_17.96,9,2,3,8,0.1111111111111111,0.0
-66.36_17.97,1,1,1,0,1.0,2.0
-66.36_18.02,1,0,1,0,1.0,204.0
-66.36_18.03,1,0,1,0,1.0,218.0
-66.36_18.04,1,0,1,0,1.0,137.0
-66.36_18.05,125,0,3,44,0.648,133.12
-66.36_18.08,8,0,3,2,0.75,137.0
-66.36_18.09,2,0,1,2,0.0,131.0
-66.36_18.15,3,0,1,3,0.0,464.0
-66.36_18.17,1,0,1,1,0.0,839.0
-66.36_18.33,1,0,1,1,0.0,220.0
-66.36_18.34,2,0,2,2,0.0,238.0
-66.36_18.42,1,0,1,1,0.0,64.0
-66.36_18.46,1,0,1,0,1.0,3.0
-66.36_18.47,1,0,1,1,0.0,5.0
-66.36_19.43,1,0,1,1,0.0,0.0
-66.37_17.96,9,0,2,8,0.1111111111111111,2.6666666666666665
-66.37_18.0,2,0,1,1,0.5,30.0
-66.37_18.02,1,0,1,1,0.0,72.0
-66.37_18.03,1,0,1,0,1.0,73.0
-66.37_18.04,46,3,3,34,0.2608695652173913,65.8913043478261
-66.37_18.05,3,0,1,3,0.0,85.0
-66.37_18.08,3,0,2,1,0.6666666666666666,163.0
-66.37_18.09,1,0,1,1,0.0,234.0
-66.37_18.13,4,1,2,3,0.25,273.75
-66.37_18.2,1,1,1,0,1.0,781.0
-66.37_18.22,1,0,1,1,0.0,627.0
-66.37_18.31,1,0,1,0,1.0,346.0
-66.37_18.33,2,0,1,0,1.0,181.5
-66.37_18.34,2,0,1,2,0.0,216.0
-66.37_18.36,1,0,1,0,1.0,175.0
-66.37_18.37,3,0,1,2,0.3333333333333333,168.0
-66.37_18.42,1,0,1,0,1.0,74.0
-66.37_18.43,5,1,3,1,0.8,41.4
-66.37_18.44,1,0,1,1,0.0,9.0
-66.37_18.45,2,0,2,1,0.5,11.0
-66.37_18.48,1,0,1,1,0.0,3.0
-66.38_17.95,4,0,3,2,0.5,2.0
-66.38_17.96,3,0,2,2,0.3333333333333333,3.0
-66.38_18.0,1,0,1,0,1.0,33.0
-66.38_18.01,6,0,3,4,0.3333333333333333,48.0
-66.38_18.04,3,0,2,2,0.3333333333333333,70.0
-66.38_18.12,1,0,1,0,1.0,479.0
-66.38_18.16,2,0,1,1,0.5,800.0
-66.38_18.17,2,0,1,1,0.5,853.5
-66.38_18.22,1,0,1,1,0.0,573.0
-66.38_18.24,1,0,1,1,0.0,472.0
-66.38_18.31,3,0,2,1,0.6666666666666666,286.0
-66.38_18.35,1,0,1,1,0.0,128.0
-66.38_18.36,1,0,1,0,1.0,187.0
-66.38_18.37,7,2,2,6,0.14285714285714285,156.28571428571428
-66.38_18.38,3,0,2,2,0.3333333333333333,133.0
-66.38_18.39,12,0,1,8,0.3333333333333333,121.75
-66.38_18.42,2,1,1,0,1.0,39.0
-66.38_18.43,1,0,1,1,0.0,23.0
-66.38_18.44,49,0,3,28,0.42857142857142855,49.57142857142857
-66.38_18.46,1,0,1,1,0.0,4.0
-66.38_18.48,17,0,2,14,0.17647058823529413,3.588235294117647
-66.38_18.49,158,0,3,114,0.27848101265822783,0.0189873417721519
-66.39_17.98,4,0,3,2,0.5,14.0
-66.39_17.99,1,0,1,1,0.0,25.0
-66.39_18.0,1,0,1,1,0.0,38.0
-66.39_18.01,31,0,3,18,0.41935483870967744,44.483870967741936
-66.39_18.06,1,1,1,1,0.0,207.0
-66.39_18.08,1,0,1,1,0.0,153.0
-66.39_18.14,1,0,1,0,1.0,567.0
-66.39_18.17,1,0,1,0,1.0,854.0
-66.39_18.23,3,1,3,1,0.6666666666666666,504.6666666666667
-66.39_18.25,1,0,1,1,0.0,647.0
-66.39_18.26,11,2,2,3,0.7272727272727273,686.5454545454545
-66.39_18.27,1,0,1,0,1.0,573.0
-66.39_18.28,6,0,1,3,0.5,580.8333333333334
-66.39_18.31,1,0,1,0,1.0,306.0
-66.39_18.32,1,0,1,1,0.0,253.0
-66.39_18.35,8,1,3,6,0.25,118.125
-66.39_18.36,7,0,3,4,0.42857142857142855,99.14285714285714
-66.39_18.43,12,0,1,8,0.3333333333333333,55.0
-66.39_18.44,2,0,2,2,0.0,14.0
-66.39_18.45,1,0,1,1,0.0,6.0
-66.39_18.46,1,0,1,0,1.0,5.0
-66.39_18.47,2,0,1,2,0.0,2.0
-66.39_18.48,8,0,2,8,0.0,5.25
-66.39_18.49,18,0,3,12,0.3333333333333333,2.2222222222222223
-66.3_17.96,34,1,3,26,0.23529411764705882,2.3823529411764706
-66.3_17.98,7,0,2,7,0.0,7.0
-66.3_18.1,5,0,2,2,0.6,386.2
-66.3_18.15,1,0,1,1,0.0,657.0
-66.3_18.16,4,1,3,1,0.75,594.5
-66.3_18.17,4,0,1,3,0.25,586.25
-66.3_18.18,1,0,1,0,1.0,603.0
-66.3_18.19,2,0,1,2,0.0,581.0
-66.3_18.2,1,0,1,0,1.0,679.0
-66.3_18.25,52,3,2,16,0.6923076923076923,539.0
-66.3_18.28,3,0,1,1,0.6666666666666666,509.3333333333333
-66.3_18.29,1,0,1,1,0.0,428.0
-66.3_18.31,1,0,1,1,0.0,315.0
-66.3_18.33,1,0,1,1,0.0,219.0
-66.3_18.41,1,0,1,0,1.0,87.0
-66.3_18.42,2,0,2,0,1.0,56.0
-66.3_18.43,7,0,2,2,0.7142857142857143,45.714285714285715
-66.3_18.44,14,0,3,9,0.35714285714285715,66.07142857142857
-66.3_18.45,73,0,1,62,0.1506849315068493,2.0
-66.3_18.46,43,0,2,38,0.11627906976744186,8.55813953488372
-66.3_18.47,64,0,3,50,0.21875,12.421875
-66.3_18.48,29,0,2,21,0.27586206896551724,2.0344827586206895
-66.41_17.95,5,0,2,5,0.0,1.4
-66.41_17.96,1,0,1,1,0.0,1.0
-66.41_17.98,1,0,1,1,0.0,16.0
-66.41_18.16,2,0,1,0,1.0,738.5
-66.41_18.17,2,0,1,0,1.0,770.0
-66.41_18.18,2,1,1,1,0.5,805.5
-66.41_18.21,2,0,2,0,1.0,854.5
-66.41_18.22,1,0,1,1,0.0,751.0
-66.41_18.24,1,0,1,1,0.0,622.0
-66.41_18.26,3,0,1,0,1.0,570.3333333333334
-66.41_18.28,1,0,1,0,1.0,365.0
-66.41_18.3,1,0,1,0,1.0,138.0
-66.41_18.31,1,0,1,1,0.0,326.0
-66.41_18.32,5,0,2,3,0.4,217.8
-66.41_18.33,146,1,3,56,0.6164383561643836,202.77397260273972
-66.41_18.36,2,0,2,2,0.0,115.5
-66.41_18.37,8,0,2,7,0.125,146.375
-66.41_18.39,4,0,1,4,0.0,121.0
-66.41_18.41,3,0,1,3,0.0,128.33333333333334
-66.41_18.44,1,0,1,1,0.0,30.0
-66.41_18.45,22,0,3,10,0.5454545454545454,9.0
-66.41_18.46,5,0,2,1,0.8,6.0
-66.41_18.48,3,0,2,1,0.6666666666666666,5.666666666666667
-66.41_18.49,20,1,2,9,0.55,3.7
-66.42_17.96,1,0,1,1,0.0,10.0
-66.42_17.98,2,0,1,2,0.0,10.0
-66.42_18.01,1,0,1,0,1.0,42.0
-66.42_18.03,2,0,2,2,0.0,66.0
-66.42_18.2,1,0,1,0,1.0,894.0
-66.42_18.21,1,0,1,0,1.0,867.0
-66.42_18.26,3,0,1,2,0.3333333333333333,638.3333333333334
-66.42_18.27,1,0,1,0,1.0,643.0
-66.42_18.32,1,0,1,0,1.0,221.0
-66.42_18.34,2,0,1,1,0.5,176.5
-66.42_18.35,2,0,1,2,0.0,155.0
-66.42_18.36,3,0,2,3,0.0,136.66666666666666
-66.42_18.38,6,1,2,4,0.3333333333333333,142.5
-66.42_18.39,3,0,2,0,1.0,150.66666666666666
-66.42_18.43,1,0,1,1,0.0,84.0
-66.42_18.44,7,0,2,7,0.0,34.285714285714285
-66.42_18.45,11,0,3,8,0.2727272727272727,12.0
-66.42_18.46,65,0,3,39,0.4,9.246153846153845
-66.42_18.47,14,0,3,13,0.07142857142857142,5.5
-66.42_18.48,2,0,2,2,0.0,6.5
-66.42_18.49,17,0,3,11,0.35294117647058826,3.9411764705882355
-66.42_18.76,1,0,1,1,0.0,0.0
-66.43_18.04,1,0,1,1,0.0,71.0
-66.43_18.07,1,0,1,1,0.0,96.0
-66.43_18.17,1,0,1,0,1.0,761.0
-66.43_18.21,3,0,2,2,0.3333333333333333,818.6666666666666
-66.43_18.24,1,0,1,1,0.0,500.0
-66.43_18.25,3,0,1,1,0.6666666666666666,601.0
-66.43_18.32,1,0,1,0,1.0,121.0
-66.43_18.34,1,0,1,1,0.0,186.0
-66.43_18.36,5,0,3,4,0.2,141.6
-66.43_18.37,3,0,3,1,0.6666666666666666,151.33333333333334
-66.43_18.38,8,0,2,7,0.125,188.625
-66.43_18.39,2,0,2,1,0.5,176.0
-66.43_18.42,1,0,1,1,0.0,118.0
-66.43_18.43,1,0,1,0,1.0,78.0
-66.43_18.44,2,0,1,1,0.5,32.0
-66.43_18.45,5,0,2,5,0.0,19.8
-66.43_18.46,139,1,3,84,0.39568345323741005,6.028776978417266
-66.43_18.47,1,0,1,1,0.0,4.0
-66.43_18.48,5,0,1,3,0.4,16.6
-66.43_18.49,8,1,2,8,0.0,8.75
-66.44_17.99,1,0,1,1,0.0,8.0
-66.44_18.03,1,0,1,1,0.0,131.0
-66.44_18.11,2,0,1,1,0.5,346.0
-66.44_18.21,9,0,2,5,0.4444444444444444,785.0
-66.44_18.29,2,0,2,1,0.5,402.5
-66.44_18.3,1,0,1,0,1.0,79.0
-66.44_18.31,2,0,1,1,0.5,75.0
-66.44_18.34,1,0,1,1,0.0,184.0
-66.44_18.36,2,1,1,1,0.5,151.0
-66.44_18.37,1,0,1,1,0.0,228.0
-66.44_18.38,3,0,2,1,0.6666666666666666,186.0
-66.44_18.43,3,0,1,0,1.0,79.0
-66.44_18.44,10,0,3,6,0.4,69.7
-66.44_18.45,34,1,3,11,0.6764705882352942,15.088235294117647
-66.44_18.46,80,8,3,43,0.4625,0.0375
-66.44_18.48,2,0,1,1,0.5,16.0
-66.45_18.03,2,0,1,1,0.5,88.0
-66.45_18.05,3,1,1,1,0.6666666666666666,146.66666666666666
-66.45_18.09,1,0,1,1,0.0,274.0
-66.45_18.17,1,0,1,0,1.0,937.0
-66.45_18.18,3,0,3,1,0.6666666666666666,979.6666666666666
-66.45_18.34,3,0,2,2,0.3333333333333333,207.0
-66.45_18.35,10,0,2,2,0.8,166.1
-66.45_18.36,15,0,3,14,0.06666666666666667,181.46666666666667
-66.45_18.43,10,0,2,2,0.8,83.6
-66.45_18.45,6,0,2,2,0.6666666666666666,18.666666666666668
-66.45_18.47,23,0,3,16,0.30434782608695654,5.3478260869565215
-66.45_18.54,1,0,1,1,0.0,0.0
-66.46_17.99,7,0,3,6,0.14285714285714285,4.0
-66.46_18.01,3,0,2,3,0.0,8.0
-66.46_18.05,5,1,2,2,0.6,104.8
-66.46_18.08,21,3,2,15,0.2857142857142857,494.0952380952381
-66.46_18.09,3,2,1,1,0.6666666666666666,624.0
-66.46_18.18,1,0,1,0,1.0,972.0
-66.46_18.19,1,1,1,0,1.0,983.0
-66.46_18.26,2,0,1,0,1.0,186.5
-66.46_18.29,2,0,1,2,0.0,92.0
-66.46_18.3,2,0,1,1,0.5,134.5
-66.46_18.31,1,0,1,1,0.0,147.0
-66.46_18.34,3,0,3,2,0.3333333333333333,45.0
-66.46_18.43,4,0,2,1,0.75,63.5
-66.46_18.44,19,0,2,13,0.3157894736842105,35.1578947368421
-66.46_18.45,23,0,2,13,0.43478260869565216,33.82608695652174
-66.46_18.47,18,0,3,11,0.3888888888888889,1.2222222222222223
-66.47_17.99,27,0,3,24,0.1111111111111111,0.4444444444444444
-66.47_18.0,2,0,2,2,0.0,10.5
-66.47_18.05,2,0,2,0,1.0,104.0
-66.47_18.07,1,0,1,1,0.0,384.0
-66.47_18.09,1,0,1,1,0.0,586.0
-66.47_18.1,2,1,2,2,0.0,168.5
-66.47_18.12,2,0,1,2,0.0,287.0
-66.47_18.18,6,3,2,4,0.3333333333333333,813.0
-66.47_18.21,24,14,3,13,0.4583333333333333,864.6666666666666
-66.47_18.23,5,0,1,4,0.2,714.0
-66.47_18.28,1,0,1,1,0.0,209.0
-66.47_18.31,2,0,1,1,0.5,351.0
-66.47_18.33,3,0,1,3,0.0,116.0
-66.47_18.34,11,0,2,5,0.5454545454545454,54.27272727272727
-66.47_18.35,9,2,2,5,0.4444444444444444,83.77777777777777
-66.47_18.36,2,1,2,0,1.0,129.5
-66.47_18.37,1,1,1,1,0.0,260.0
-66.47_18.42,5,1,2,2,0.6,84.0
-66.47_18.43,10,0,3,6,0.4,57.5
-66.47_18.44,3,0,2,1,0.6666666666666666,54.333333333333336
-66.47_18.45,47,0,3,36,0.23404255319148937,15.72340425531915
-66.47_18.46,5,0,3,4,0.2,16.8
-66.47_18.47,4,0,3,3,0.25,29.75
-66.48_17.99,10,0,2,10,0.0,3.3
-66.48_18.03,2,0,2,2,0.0,71.5
-66.48_18.05,1,0,1,1,0.0,112.0
-66.48_18.1,2,1,1,1,0.5,179.5
-66.48_18.11,2,0,2,1,0.5,172.0
-66.48_18.12,2,0,1,2,0.0,315.0
-66.48_18.17,2,2,1,2,0.0,1066.0
-66.48_18.18,1,0,1,0,1.0,893.0
-66.48_18.19,2,0,2,1,0.5,855.0
-66.48_18.21,9,2,3,2,0.7777777777777778,754.2222222222222
-66.48_18.23,1,0,1,1,0.0,799.0
-66.48_18.25,1,0,1,0,1.0,559.0
-66.48_18.26,1,0,1,0,1.0,516.0
-66.48_18.3,2,0,2,1,0.5,316.5
-66.48_18.31,9,0,2,4,0.5555555555555556,360.77777777777777
-66.48_18.33,7,4,1,2,0.7142857142857143,206.0
-66.48_18.35,1,0,1,1,0.0,103.0
-66.48_18.36,2,0,1,2,0.0,38.0
-66.48_18.38,9,3,1,6,0.3333333333333333,173.22222222222223
-66.48_18.39,1,0,1,1,0.0,114.0
-66.48_18.41,1,0,1,1,0.0,116.0
-66.48_18.42,1,0,1,1,0.0,116.0
-66.48_18.43,103,0,3,70,0.32038834951456313,42.359223300970875
-66.48_18.44,4,0,3,3,0.25,42.25
-66.48_18.45,8,0,2,7,0.125,19.25
-66.48_18.46,98,2,3,70,0.2857142857142857,23.448979591836736
-66.48_18.47,33,0,3,29,0.12121212121212122,13.606060606060606
-66.49_18.03,3,1,2,3,0.0,43.0
-66.49_18.04,3,0,1,2,0.3333333333333333,63.0
-66.49_18.05,3,0,3,0,1.0,73.33333333333333
-66.49_18.06,1,0,1,0,1.0,116.0
-66.49_18.09,1,0,1,0,1.0,152.0
-66.49_18.1,26,0,3,20,0.23076923076923078,159.3846153846154
-66.49_18.11,14,1,3,13,0.07142857142857142,178.57142857142858
-66.49_18.12,1,0,1,1,0.0,220.0
-66.49_18.13,1,0,1,1,0.0,189.0
-66.49_18.15,1,0,1,0,1.0,730.0
-66.49_18.17,13,5,3,1,0.9230769230769231,882.4615384615385
-66.49_18.18,38,15,3,11,0.7105263157894737,868.0
-66.49_18.19,12,2,3,2,0.8333333333333334,910.1666666666666
-66.49_18.2,1,0,1,0,1.0,943.0
-66.49_18.22,2,0,2,1,0.5,701.0
-66.49_18.23,4,0,1,4,0.0,674.0
-66.49_18.29,2,0,2,1,0.5,129.5
-66.49_18.31,1,0,1,1,0.0,329.0
-66.49_18.33,1,0,1,0,1.0,206.0
-66.49_18.36,2,0,1,1,0.5,82.0
-66.49_18.37,1,0,1,1,0.0,83.0
-66.49_18.39,3,0,2,2,0.3333333333333333,22.0
-66.49_18.4,2,0,1,2,0.0,66.5
-66.49_18.41,1,0,1,1,0.0,27.0
-66.49_18.42,1,0,1,0,1.0,101.0
-66.49_18.43,14,1,2,7,0.5,29.428571428571427
-66.49_18.45,76,0,3,60,0.21052631578947367,30.82894736842105
-66.49_18.46,3,0,1,3,0.0,32.333333333333336
-66.49_18.47,41,0,3,22,0.4634146341463415,12.512195121951219
-66.49_20.52,1,0,1,0,1.0,0.0
-66.4_17.95,12,0,3,10,0.16666666666666666,0.6666666666666666
-66.4_17.96,3,0,1,3,0.0,7.0
-66.4_17.97,1,0,1,1,0.0,11.0
-66.4_18.04,1,0,1,1,0.0,112.0
-66.4_18.05,5,0,2,3,0.4,142.0
-66.4_18.1,5,0,1,0,1.0,233.0
-66.4_18.16,1,0,1,0,1.0,750.0
-66.4_18.17,3,0,2,0,1.0,820.6666666666666
-66.4_18.22,1,0,1,1,0.0,679.0
-66.4_18.25,1,0,1,0,1.0,659.0
-66.4_18.28,1,0,1,1,0.0,437.0
-66.4_18.31,2,1,1,2,0.0,345.0
-66.4_18.32,1,0,1,1,0.0,285.0
-66.4_18.36,1,0,1,1,0.0,141.0
-66.4_18.43,1,0,1,1,0.0,62.0
-66.4_18.44,5,0,1,4,0.2,64.6
-66.4_18.45,3,0,2,3,0.0,11.333333333333334
-66.4_18.48,1,0,1,1,0.0,13.0
-66.4_18.49,98,0,3,64,0.3469387755102041,1.336734693877551
-66.51_17.9,1,0,1,1,0.0,0.0
-66.51_18.04,3,0,2,0,1.0,38.333333333333336
-66.51_18.05,7,0,3,6,0.14285714285714285,45.0
-66.51_18.09,5,0,1,5,0.0,106.8
-66.51_18.12,2,0,1,2,0.0,183.0
-66.51_18.16,4,1,2,1,0.75,811.0
-66.51_18.17,37,27,2,13,0.6486486486486487,728.0
-66.51_18.18,2,0,2,0,1.0,626.0
-66.51_18.19,4,0,2,3,0.25,576.5
-66.51_18.2,1,1,1,0,1.0,525.0
-66.51_18.24,1,1,1,0,1.0,311.0
-66.51_18.28,5,0,1,1,0.8,343.4
-66.51_18.31,94,66,3,37,0.6063829787234043,342.1276595744681
-66.51_18.35,3,1,1,3,0.0,199.0
-66.51_18.36,12,4,3,5,0.5833333333333334,216.41666666666666
-66.51_18.38,1,0,1,1,0.0,208.0
-66.51_18.43,65,0,3,47,0.27692307692307694,10.538461538461538
-66.51_18.45,5,0,3,4,0.2,17.6
-66.51_18.46,52,1,3,40,0.23076923076923078,8.01923076923077
-66.51_18.47,41,1,3,34,0.17073170731707318,7.512195121951219
-66.51_18.48,32,0,3,23,0.28125,3.125
-66.52_17.89,6,0,2,6,0.0,48.0
-66.52_18.05,7,0,1,3,0.5714285714285714,51.285714285714285
-66.52_18.13,2,1,1,1,0.5,587.5
-66.52_18.16,34,15,3,12,0.6470588235294118,929.2058823529412
-66.52_18.18,1,0,1,1,0.0,791.0
-66.52_18.19,1,0,1,0,1.0,692.0
-66.52_18.22,1,0,1,0,1.0,446.0
-66.52_18.24,3,2,2,0,1.0,591.3333333333334
-66.52_18.25,1,0,1,1,0.0,584.0
-66.52_18.26,1,0,1,0,1.0,530.0
-66.52_18.31,2,0,2,2,0.0,338.5
-66.52_18.36,7,2,2,3,0.5714285714285714,178.0
-66.52_18.37,1,0,1,0,1.0,191.0
-66.52_18.39,4,0,2,3,0.25,170.0
-66.52_18.42,3,0,1,3,0.0,45.666666666666664
-66.52_18.43,2,0,1,0,1.0,6.0
-66.52_18.45,9,0,2,5,0.4444444444444444,4.0
-66.52_18.46,88,0,3,66,0.25,3.0795454545454546
-66.52_18.47,1050,9,3,810,0.22857142857142856,7.916190476190476
-66.52_18.48,151,1,3,101,0.33112582781456956,6.47682119205298
-66.53_17.89,1,0,1,1,0.0,0.0
-66.53_17.98,1,0,1,0,1.0,0.0
-66.53_18.0,1,0,1,1,0.0,14.0
-66.53_18.02,2,0,2,1,0.5,20.0
-66.53_18.03,1,0,1,1,0.0,34.0
-66.53_18.04,8,1,2,5,0.375,128.75
-66.53_18.05,3,1,2,2,0.3333333333333333,73.66666666666667
-66.53_18.13,3,0,3,1,0.6666666666666666,586.6666666666666
-66.53_18.15,7,4,3,3,0.5714285714285714,959.4285714285714
-66.53_18.16,5,3,2,1,0.8,924.0
-66.53_18.24,5,0,2,2,0.6,730.0
-66.53_18.25,4,2,2,1,0.75,696.75
-66.53_18.3,1,0,1,0,1.0,351.0
-66.53_18.34,1,1,1,1,0.0,260.0
-66.53_18.35,15,10,2,13,0.13333333333333333,247.53333333333333
-66.53_18.36,1,1,1,1,0.0,235.0
-66.53_18.37,10,2,3,8,0.2,204.1
-66.53_18.41,1,0,1,1,0.0,124.0
-66.53_18.43,5,0,3,2,0.6,16.6
-66.53_18.45,1,0,1,0,1.0,4.0
-66.53_18.46,5,0,1,3,0.4,0.0
-66.53_18.47,54,0,3,48,0.1111111111111111,1.8888888888888888
-66.53_18.48,433,2,3,360,0.16859122401847576,5.979214780600462
-66.54_17.97,1,0,1,1,0.0,0.0
-66.54_17.98,1,0,1,1,0.0,1.0
-66.54_17.99,1,0,1,1,0.0,5.0
-66.54_18.04,2,0,2,2,0.0,44.0
-66.54_18.06,7,1,2,5,0.2857142857142857,76.42857142857143
-66.54_18.11,1,1,1,1,0.0,230.0
-66.54_18.15,16,9,3,4,0.75,988.625
-66.54_18.19,4,1,1,2,0.5,905.25
-66.54_18.2,1,1,1,0,1.0,873.0
-66.54_18.21,1,0,1,0,1.0,1043.0
-66.54_18.23,3,2,2,2,0.3333333333333333,670.3333333333334
-66.54_18.24,2,1,1,0,1.0,605.0
-66.54_18.26,3,3,1,3,0.0,714.0
-66.54_18.28,4,1,1,4,0.0,328.0
-66.54_18.29,1,0,1,1,0.0,334.0
-66.54_18.3,9,2,3,2,0.7777777777777778,353.8888888888889
-66.54_18.34,2,2,1,1,0.5,281.0
-66.54_18.35,4,0,2,3,0.25,229.5
-66.54_18.36,66,22,3,46,0.30303030303030304,206.37878787878788
-66.54_18.37,2,1,2,2,0.0,207.0
-66.54_18.38,1,0,1,1,0.0,225.0
-66.54_18.43,1,0,1,0,1.0,36.0
-66.54_18.44,64,0,3,41,0.359375,10.40625
-66.54_18.45,187,7,3,135,0.27807486631016043,25.390374331550802
-66.54_18.46,115,0,3,86,0.25217391304347825,3.243478260869565
-66.54_18.47,3,0,1,3,0.0,1.0
-66.54_18.48,183,2,3,145,0.20765027322404372,4.295081967213115
-66.55_18.0,3,0,2,3,0.0,12.0
-66.55_18.03,1,0,1,0,1.0,42.0
-66.55_18.04,10,1,3,7,0.3,53.9
-66.55_18.05,2,0,2,2,0.0,74.0
-66.55_18.15,24,13,3,8,0.6666666666666666,1200.625
-66.55_18.21,1,0,1,0,1.0,558.0
-66.55_18.23,1,1,1,0,1.0,742.0
-66.55_18.26,1,0,1,0,1.0,625.0
-66.55_18.28,2,2,1,1,0.5,501.0
-66.55_18.31,34,10,3,20,0.4117647058823529,363.88235294117646
-66.55_18.32,1,0,1,1,0.0,319.0
-66.55_18.35,7,3,2,5,0.2857142857142857,207.57142857142858
-66.55_18.36,19,0,3,14,0.2631578947368421,210.94736842105263
-66.55_18.37,4,0,1,2,0.5,219.25
-66.55_18.38,1,0,1,0,1.0,186.0
-66.55_18.39,3,0,1,1,0.6666666666666666,160.0
-66.55_18.43,11,0,3,6,0.45454545454545453,54.27272727272727
-66.55_18.44,8,1,2,4,0.5,25.875
-66.55_18.45,19,0,3,10,0.47368421052631576,27.789473684210527
-66.55_18.46,15,0,3,12,0.2,1.6
-66.55_18.47,53,0,3,45,0.1509433962264151,1.6226415094339623
-66.55_18.48,339,2,3,293,0.13569321533923304,9.442477876106194
-66.55_18.49,12,0,2,9,0.25,2.9166666666666665
-66.56_18.01,23,0,3,20,0.13043478260869565,11.695652173913043
-66.56_18.05,1,0,1,1,0.0,72.0
-66.56_18.06,76,3,3,48,0.3684210526315789,103.21052631578948
-66.56_18.08,3,0,1,3,0.0,132.0
-66.56_18.09,1,0,1,0,1.0,143.0
-66.56_18.15,3,0,2,2,0.3333333333333333,1183.3333333333333
-66.56_18.16,6,6,2,4,0.3333333333333333,1159.8333333333333
-66.56_18.18,1,1,1,0,1.0,1080.0
-66.56_18.19,1,0,1,0,1.0,728.0
-66.56_18.21,10,1,3,7,0.3,541.3
-66.56_18.23,4,4,2,2,0.5,763.75
-66.56_18.31,15,9,3,11,0.26666666666666666,383.6666666666667
-66.56_18.32,1,0,1,1,0.0,349.0
-66.56_18.34,23,0,1,18,0.21739130434782608,238.0
-66.56_18.35,70,17,3,47,0.32857142857142857,209.2
-66.56_18.36,4,0,2,3,0.25,198.75
-66.56_18.37,3,0,1,3,0.0,202.33333333333334
-66.56_18.39,2,0,1,2,0.0,202.0
-66.56_18.4,1,0,1,1,0.0,158.0
-66.56_18.41,7,0,3,6,0.14285714285714285,137.14285714285714
-66.56_18.42,2,1,2,1,0.5,104.0
-66.56_18.43,16,0,3,6,0.625,80.4375
-66.56_18.44,4,0,2,2,0.5,63.75
-66.56_18.45,49,0,3,46,0.061224489795918366,38.59183673469388
-66.56_18.46,2,0,1,1,0.5,6.5
-66.56_18.47,27,0,3,24,0.1111111111111111,0.0
-66.56_18.48,25,0,3,21,0.16,1.32
-66.56_18.49,196,0,3,175,0.10714285714285714,3.770408163265306
-66.57_17.97,4,0,2,3,0.25,3.0
-66.57_17.98,1,0,1,1,0.0,4.0
-66.57_18.01,1,0,1,0,1.0,5.0
-66.57_18.05,2,0,2,1,0.5,74.5
-66.57_18.06,1,0,1,1,0.0,150.0
-66.57_18.1,1,0,1,0,1.0,191.0
-66.57_18.12,12,0,1,10,0.16666666666666666,273.75
-66.57_18.16,19,12,3,5,0.7368421052631579,1241.7894736842106
-66.57_18.17,29,21,3,15,0.4827586206896552,1272.2413793103449
-66.57_18.21,4,0,1,4,0.0,541.0
-66.57_18.22,8,0,2,6,0.25,512.0
-66.57_18.24,2,1,1,2,0.0,736.0
-66.57_18.26,2,0,2,1,0.5,621.0
-66.57_18.27,1,0,1,0,1.0,607.0
-66.57_18.28,1,0,1,1,0.0,555.0
-66.57_18.31,7,3,2,4,0.42857142857142855,322.0
-66.57_18.33,1,0,1,0,1.0,292.0
-66.57_18.35,3,0,3,3,0.0,191.0
-66.57_18.36,11,0,3,6,0.45454545454545453,206.63636363636363
-66.57_18.37,1,0,1,1,0.0,195.0
-66.57_18.38,1,0,1,1,0.0,175.0
-66.57_18.4,4,0,2,3,0.25,147.25
-66.57_18.42,4,0,1,0,1.0,119.0
-66.57_18.43,5,0,2,3,0.4,89.0
-66.57_18.45,10,0,3,7,0.3,21.2
-66.57_18.46,6,0,1,3,0.5,23.5
-66.57_18.48,1,0,1,1,0.0,18.0
-66.57_18.49,2,0,2,2,0.0,0.0
-66.58_17.96,1,0,1,1,0.0,0.0
-66.58_17.97,2,0,2,2,0.0,3.0
-66.58_18.01,3,0,2,3,0.0,9.333333333333334
-66.58_18.03,4,2,2,3,0.25,71.0
-66.58_18.04,10,1,3,6,0.4,65.9
-66.58_18.05,2,0,2,2,0.0,62.5
-66.58_18.06,2,0,2,2,0.0,68.5
-66.58_18.07,93,2,3,50,0.46236559139784944,101.60215053763442
-66.58_18.08,19,2,3,14,0.2631578947368421,231.3684210526316
-66.58_18.09,12,1,1,7,0.4166666666666667,192.0
-66.58_18.1,142,8,3,79,0.44366197183098594,190.95070422535213
-66.58_18.11,17,1,3,16,0.058823529411764705,260.0
-66.58_18.12,2,0,1,0,1.0,315.0
-66.58_18.13,4,0,2,3,0.25,327.75
-66.58_18.17,57,39,3,25,0.5614035087719298,1300.122807017544
-66.58_18.19,8,0,2,8,0.0,651.125
-66.58_18.22,3,0,1,0,1.0,516.0
-66.58_18.23,5,0,2,4,0.2,488.8
-66.58_18.24,1,0,1,0,1.0,822.0
-66.58_18.25,5,3,2,0,1.0,824.0
-66.58_18.32,1,1,1,0,1.0,186.0
-66.58_18.35,1,0,1,1,0.0,229.0
-66.58_18.36,46,3,3,33,0.2826086956521739,191.97826086956522
-66.58_18.37,1,0,1,1,0.0,193.0
-66.58_18.39,1,0,1,1,0.0,179.0
-66.58_18.4,3,0,2,2,0.3333333333333333,164.0
-66.58_18.41,1,1,1,0,1.0,151.0
-66.58_18.42,5,0,1,3,0.4,121.2
-66.58_18.43,3,0,2,2,0.3333333333333333,98.66666666666667
-66.58_18.44,1,0,1,1,0.0,91.0
-66.58_18.46,10,0,3,8,0.2,18.7
-66.58_18.47,1,0,1,1,0.0,0.0
-66.58_18.48,16,0,3,14,0.125,2.5
-66.58_18.49,1,0,1,1,0.0,0.0
-66.59_17.98,4,0,2,4,0.0,4.25
-66.59_18.0,3,0,1,3,0.0,12.666666666666666
-66.59_18.01,62,2,2,50,0.1935483870967742,16.612903225806452
-66.59_18.03,3,0,1,3,0.0,30.0
-66.59_18.04,1,0,1,1,0.0,43.0
-66.59_18.05,8,0,2,5,0.375,48.125
-66.59_18.06,2,0,2,1,0.5,101.0
-66.59_18.09,3,0,2,1,0.6666666666666666,213.0
-66.59_18.1,1,0,1,0,1.0,216.0
-66.59_18.13,2,0,1,0,1.0,575.0
-66.59_18.14,1,0,1,1,0.0,532.0
-66.59_18.17,35,16,3,10,0.7142857142857143,1213.4285714285713
-66.59_18.18,1,0,1,0,1.0,987.0
-66.59_18.19,4,3,1,2,0.5,843.75
-66.59_18.2,1,0,1,0,1.0,673.0
-66.59_18.22,8,0,3,3,0.625,450.125
-66.59_18.23,1,0,1,1,0.0,493.0
-66.59_18.33,1,0,1,0,1.0,251.0
-66.59_18.34,3,2,1,3,0.0,293.6666666666667
-66.59_18.35,1,1,1,1,0.0,238.0
-66.59_18.36,50,0,3,27,0.46,201.98
-66.59_18.37,7,0,3,5,0.2857142857142857,215.14285714285714
-66.59_18.41,3,0,2,2,0.3333333333333333,152.33333333333334
-66.59_18.43,2,0,1,1,0.5,92.5
-66.59_18.44,4,1,2,4,0.0,100.75
-66.59_18.45,6,2,1,1,0.8333333333333334,54.333333333333336
-66.59_18.46,4,0,3,2,0.5,14.5
-66.59_18.47,2,0,2,0,1.0,1.0
-66.59_18.48,33,0,3,28,0.15151515151515152,10.393939393939394
-66.59_18.49,4,0,1,4,0.0,7.0
-66.5_18.03,1,0,1,1,0.0,36.0
-66.5_18.04,3,0,2,3,0.0,54.0
-66.5_18.05,1,0,1,0,1.0,58.0
-66.5_18.06,35,9,2,27,0.22857142857142856,87.0
-66.5_18.08,3,0,2,3,0.0,80.0
-66.5_18.09,5,0,2,4,0.2,118.2
-66.5_18.11,1,0,1,1,0.0,115.0
-66.5_18.12,1,0,1,1,0.0,124.0
-66.5_18.14,1,0,1,1,0.0,273.0
-66.5_18.16,1,0,1,0,1.0,843.0
-66.5_18.17,6,4,3,1,0.8333333333333334,902.3333333333334
-66.5_18.18,2,1,1,1,0.5,817.0
-66.5_18.19,2,2,1,0,1.0,942.0
-66.5_18.2,1,1,1,0,1.0,1000.0
-66.5_18.22,1,0,1,0,1.0,457.0
-66.5_18.25,2,0,2,1,0.5,248.5
-66.5_18.26,4,0,1,2,0.5,209.75
-66.5_18.28,1,0,1,0,1.0,145.0
-66.5_18.29,1,0,1,1,0.0,139.0
-66.5_18.32,1,1,1,0,1.0,350.0
-66.5_18.34,6,4,2,5,0.16666666666666666,283.0
-66.5_18.36,2,0,1,0,1.0,240.5
-66.5_18.43,15,0,2,8,0.4666666666666667,20.066666666666666
-66.5_18.44,4,0,2,1,0.75,27.75
-66.5_18.45,6,0,2,5,0.16666666666666666,47.833333333333336
-66.5_18.46,21,1,3,16,0.23809523809523808,15.095238095238095
-66.5_18.47,10,0,2,9,0.1,16.0
-66.5_18.48,5,0,3,4,0.2,1.6
-66.61_17.96,71,2,3,58,0.18309859154929578,2.3943661971830985
-66.61_17.97,98,1,3,94,0.04081632653061224,2.2448979591836733
-66.61_17.98,28,0,2,22,0.21428571428571427,5.785714285714286
-66.61_17.99,75,2,3,70,0.06666666666666667,9.146666666666667
-66.61_18.0,8,0,2,8,0.0,13.5
-66.61_18.01,78,3,3,65,0.16666666666666666,18.76923076923077
-66.61_18.02,4,0,3,4,0.0,40.0
-66.61_18.03,3,0,1,3,0.0,30.333333333333332
-66.61_18.04,6,0,2,3,0.5,44.833333333333336
-66.61_18.11,1,0,1,1,0.0,341.0
-66.61_18.16,11,0,2,7,0.36363636363636365,866.3636363636364
-66.61_18.19,4,0,1,0,1.0,550.0
-66.61_18.2,3,0,2,2,0.3333333333333333,419.3333333333333
-66.61_18.22,4,0,3,1,0.75,414.5
-66.61_18.25,3,2,1,2,0.3333333333333333,760.3333333333334
-66.61_18.27,2,2,2,0,1.0,636.5
-66.61_18.32,1,0,1,0,1.0,132.0
-66.61_18.33,1,0,1,1,0.0,329.0
-66.61_18.39,3,1,2,3,0.0,197.0
-66.61_18.41,2,0,2,0,1.0,163.0
-66.61_18.42,2,0,1,0,1.0,139.5
-66.61_18.43,1,0,1,1,0.0,97.0
-66.61_18.44,1,0,1,0,1.0,84.0
-66.61_18.46,10,1,3,7,0.3,24.3
-66.61_18.47,1,0,1,1,0.0,0.0
-66.61_18.48,24,0,3,17,0.2916666666666667,3.25
-66.61_18.49,1,0,1,1,0.0,0.0
-66.62_17.96,1,0,1,1,0.0,1.0
-66.62_17.97,93,0,3,83,0.10752688172043011,5.720430107526882
-66.62_17.98,10,0,3,8,0.2,3.4
-66.62_17.99,2,0,1,2,0.0,5.0
-66.62_18.0,19,1,3,14,0.2631578947368421,10.421052631578947
-66.62_18.01,13,1,3,10,0.23076923076923078,15.384615384615385
-66.62_18.02,15,0,2,11,0.26666666666666666,91.33333333333333
-66.62_18.03,3,0,1,3,0.0,64.0
-66.62_18.04,37,3,3,23,0.3783783783783784,66.4054054054054
-66.62_18.1,1,1,1,1,0.0,503.0
-66.62_18.16,2,0,2,2,0.0,855.5
-66.62_18.21,2,0,2,0,1.0,416.5
-66.62_18.23,2,0,1,2,0.0,522.0
-66.62_18.24,1,1,1,0,1.0,714.0
-66.62_18.25,3,1,3,0,1.0,895.6666666666666
-66.62_18.26,1,1,1,0,1.0,783.0
-66.62_18.31,3,0,1,3,0.0,283.6666666666667
-66.62_18.36,1,0,1,1,0.0,260.0
-66.62_18.42,1,0,1,0,1.0,129.0
-66.62_18.43,2,0,1,2,0.0,93.0
-66.62_18.44,3,0,3,0,1.0,44.666666666666664
-66.62_18.46,3,0,1,3,0.0,7.0
-66.62_18.48,13,0,3,13,0.0,3.923076923076923
-66.62_18.49,19,0,3,16,0.15789473684210525,2.789473684210526
-66.63_17.98,2,0,1,2,0.0,5.0
-66.63_17.99,23,9,2,21,0.08695652173913043,3.652173913043478
-66.63_18.0,8,0,2,8,0.0,5.625
-66.63_18.01,4,0,1,4,0.0,13.75
-66.63_18.03,1,0,1,1,0.0,64.0
-66.63_18.04,3,0,2,2,0.3333333333333333,83.0
-66.63_18.06,2,0,1,2,0.0,116.0
-66.63_18.08,1,1,1,1,0.0,248.0
-66.63_18.13,5,3,1,4,0.2,671.8
-66.63_18.15,1,1,1,1,0.0,788.0
-66.63_18.16,2,1,1,1,0.5,780.0
-66.63_18.19,7,1,2,3,0.5714285714285714,489.85714285714283
-66.63_18.2,1,0,1,0,1.0,394.0
-66.63_18.23,6,2,2,3,0.5,342.0
-66.63_18.32,1,1,1,0,1.0,102.0
-66.63_18.35,3,0,2,1,0.6666666666666666,243.0
-66.63_18.36,4,0,2,4,0.0,236.5
-66.63_18.37,12,0,3,9,0.25,212.08333333333334
-66.63_18.38,32,0,3,25,0.21875,201.625
-66.63_18.39,2,0,1,1,0.5,203.0
-66.63_18.43,1,0,1,0,1.0,98.0
-66.63_18.44,2,0,2,1,0.5,48.0
-66.63_18.46,2,0,2,0,1.0,18.0
-66.63_18.47,63,1,3,48,0.23809523809523808,2.126984126984127
-66.63_18.48,30,1,3,25,0.16666666666666666,5.766666666666667
-66.63_18.49,198,0,3,183,0.07575757575757576,6.732323232323233
-66.63_18.5,1,0,1,1,0.0,0.0
-66.64_17.98,12,0,3,11,0.08333333333333333,5.25
-66.64_17.99,3,0,1,3,0.0,9.333333333333334
-66.64_18.0,6,0,3,6,0.0,13.166666666666666
-66.64_18.01,4,0,1,4,0.0,19.75
-66.64_18.02,1,0,1,1,0.0,24.0
-66.64_18.03,4,0,1,3,0.25,54.75
-66.64_18.04,8,0,3,6,0.25,70.5
-66.64_18.06,1,0,1,1,0.0,123.0
-66.64_18.08,2,0,2,1,0.5,201.5
-66.64_18.15,2,0,2,1,0.5,771.0
-66.64_18.18,1,0,1,0,1.0,590.0
-66.64_18.19,1,0,1,1,0.0,488.0
-66.64_18.21,1,0,1,1,0.0,585.0
-66.64_18.22,8,1,3,4,0.5,343.375
-66.64_18.23,9,1,2,6,0.3333333333333333,310.8888888888889
-66.64_18.25,4,0,1,4,0.0,291.0
-66.64_18.28,52,16,3,31,0.40384615384615385,184.59615384615384
-66.64_18.3,5,0,3,5,0.0,102.4
-66.64_18.33,2,1,1,0,1.0,351.0
-66.64_18.34,32,7,3,22,0.3125,325.4375
-66.64_18.38,1,0,1,0,1.0,238.0
-66.64_18.4,1,0,1,0,1.0,163.0
-66.64_18.44,7,0,2,2,0.7142857142857143,49.285714285714285
-66.64_18.45,1,0,1,1,0.0,38.0
-66.64_18.46,4,0,1,3,0.25,16.25
-66.64_18.47,8,0,3,6,0.25,2.125
-66.64_18.48,2,0,2,1,0.5,6.5
-66.64_18.49,201,0,3,165,0.1791044776119403,4.850746268656716
-66.65_17.99,5,1,3,4,0.2,10.2
-66.65_18.0,2,0,2,2,0.0,21.0
-66.65_18.01,5,2,2,4,0.2,27.6
-66.65_18.02,3,1,2,3,0.0,48.333333333333336
-66.65_18.04,2,0,1,1,0.5,141.0
-66.65_18.05,2,0,1,0,1.0,113.0
-66.65_18.08,65,14,3,38,0.4153846153846154,194.66153846153847
-66.65_18.13,1,0,1,1,0.0,766.0
-66.65_18.16,3,0,2,2,0.3333333333333333,800.6666666666666
-66.65_18.21,7,3,1,4,0.42857142857142855,392.0
-66.65_18.24,1,0,1,1,0.0,283.0
-66.65_18.27,11,1,3,10,0.09090909090909091,259.0
-66.65_18.28,5,0,2,2,0.6,270.2
-66.65_18.31,6,0,3,6,0.0,105.16666666666667
-66.65_18.32,2,0,1,0,1.0,242.0
-66.65_18.33,19,2,3,14,0.2631578947368421,332.0
-66.65_18.41,2,0,2,0,1.0,147.5
-66.65_18.44,4,0,1,3,0.25,43.5
-66.65_18.45,6,0,3,4,0.3333333333333333,20.166666666666668
-66.65_18.47,5,0,2,4,0.2,4.8
-66.65_18.48,3,0,3,1,0.6666666666666666,4.333333333333333
-66.65_18.49,3,0,2,3,0.0,9.333333333333334
-66.66_17.97,8,0,2,8,0.0,2.0
-66.66_17.99,6,2,1,6,0.0,60.666666666666664
-66.66_18.03,9,0,2,7,0.2222222222222222,57.22222222222222
-66.66_18.06,1,0,1,1,0.0,131.0
-66.66_18.11,14,7,3,9,0.35714285714285715,609.1428571428571
-66.66_18.14,1,0,1,1,0.0,791.0
-66.66_18.16,1,0,1,0,1.0,781.0
-66.66_18.2,2,2,1,2,0.0,736.0
-66.66_18.24,3,3,1,0,1.0,335.6666666666667
-66.66_18.25,1,0,1,0,1.0,275.0
-66.66_18.27,4,0,2,4,0.0,264.0
-66.66_18.28,2,1,2,1,0.5,220.5
-66.66_18.33,12,2,3,2,0.8333333333333334,156.58333333333334
-66.66_18.34,2,1,2,2,0.0,190.5
-66.66_18.41,1,0,1,1,0.0,176.0
-66.66_18.44,4,0,1,3,0.25,22.0
-66.66_18.45,1,0,1,1,0.0,14.0
-66.66_18.48,20,0,3,16,0.2,3.1
-66.66_18.49,105,0,3,89,0.1523809523809524,12.247619047619047
-66.67_17.97,331,10,3,290,0.12386706948640483,3.1722054380664653
-66.67_17.98,16,0,3,15,0.0625,50.1875
-66.67_18.09,6,1,3,5,0.16666666666666666,221.0
-66.67_18.12,4,0,1,4,0.0,572.0
-66.67_18.15,1,0,1,1,0.0,833.0
-66.67_18.16,1,1,1,1,0.0,713.0
-66.67_18.18,4,1,2,1,0.75,666.5
-66.67_18.22,1,1,1,1,0.0,456.0
-66.67_18.23,3,0,1,2,0.3333333333333333,438.0
-66.67_18.24,1,1,1,0,1.0,309.0
-66.67_18.26,5,0,2,1,0.8,425.0
-66.67_18.27,2,0,2,2,0.0,506.5
-66.67_18.28,2,0,2,2,0.0,540.0
-66.67_18.29,5,1,2,4,0.2,472.0
-66.67_18.31,1,0,1,1,0.0,186.0
-66.67_18.32,35,9,2,29,0.17142857142857143,160.57142857142858
-66.67_18.33,16,0,3,9,0.4375,126.4375
-66.67_18.34,85,1,3,49,0.4235294117647059,98.14117647058823
-66.67_18.35,14,0,2,9,0.35714285714285715,68.5
-66.67_18.38,1,0,1,1,0.0,231.0
-66.67_18.41,1,0,1,1,0.0,178.0
-66.67_18.44,50,1,2,36,0.28,18.08
-66.67_18.45,19,0,3,12,0.3684210526315789,9.894736842105264
-66.67_18.46,1,0,1,1,0.0,4.0
-66.67_18.47,6,0,3,5,0.16666666666666666,0.0
-66.67_18.48,86,0,3,67,0.22093023255813954,2.2093023255813953
-66.67_18.49,7,0,2,5,0.2857142857142857,5.428571428571429
-66.68_17.97,9,0,2,9,0.0,4.555555555555555
-66.68_17.99,2,0,1,2,0.0,89.0
-66.68_18.04,4,0,1,0,1.0,170.0
-66.68_18.16,1,0,1,0,1.0,795.0
-66.68_18.18,1,1,1,0,1.0,611.0
-66.68_18.25,2,0,2,1,0.5,205.5
-66.68_18.27,22,2,2,11,0.5,475.1363636363636
-66.68_18.28,2,1,2,2,0.0,430.5
-66.68_18.31,1,0,1,1,0.0,158.0
-66.68_18.32,79,18,3,49,0.379746835443038,333.7721518987342
-66.68_18.33,21,0,3,11,0.47619047619047616,327.1904761904762
-66.68_18.34,2,1,1,1,0.5,331.5
-66.68_18.37,8,1,3,4,0.5,28.0
-66.68_18.38,4,0,2,0,1.0,19.0
-66.68_18.39,2,0,1,1,0.5,23.0
-66.68_18.4,1,0,1,0,1.0,216.0
-66.68_18.45,28,1,3,24,0.14285714285714285,6.964285714285714
-66.68_18.48,40,0,3,33,0.175,3.8
-66.68_18.49,9,0,2,8,0.1111111111111111,2.111111111111111
-66.69_17.97,1,0,1,1,0.0,13.0
-66.69_17.98,4,0,2,3,0.25,4.0
-66.69_18.03,1,0,1,1,0.0,148.0
-66.69_18.04,3,0,1,0,1.0,148.66666666666666
-66.69_18.05,1,0,1,1,0.0,187.0
-66.69_18.12,4,0,1,0,1.0,779.25
-66.69_18.14,1,0,1,1,0.0,803.0
-66.69_18.15,3,1,1,0,1.0,776.3333333333334
-66.69_18.26,7,0,3,5,0.2857142857142857,174.57142857142858
-66.69_18.29,6,0,1,4,0.3333333333333333,433.0
-66.69_18.31,1,0,1,1,0.0,107.0
-66.69_18.32,10,0,3,7,0.3,342.6
-66.69_18.33,8,4,1,5,0.375,374.0
-66.69_18.37,31,2,3,13,0.5806451612903226,250.25806451612902
-66.69_18.38,10,1,3,9,0.1,220.2
-66.69_18.39,3,0,2,1,0.6666666666666666,136.0
-66.69_18.4,4,0,1,1,0.75,67.75
-66.69_18.41,34,0,2,14,0.5882352941176471,20.235294117647058
-66.69_18.42,6,0,1,2,0.6666666666666666,15.0
-66.69_18.45,11,0,3,6,0.45454545454545453,5.0
-66.69_18.46,35,0,3,27,0.22857142857142856,1.8571428571428572
-66.69_18.47,2,0,2,1,0.5,0.5
-66.69_18.48,87,1,3,66,0.2413793103448276,4.218390804597701
-66.6_17.97,130,2,3,120,0.07692307692307693,4.7846153846153845
-66.6_17.98,5,0,2,5,0.0,4.2
-66.6_17.99,5,0,3,5,0.0,7.2
-66.6_18.0,11,0,3,8,0.2727272727272727,14.0
-66.6_18.01,5,0,3,3,0.4,19.2
-66.6_18.02,7,1,2,7,0.0,24.0
-66.6_18.04,1,0,1,1,0.0,57.0
-66.6_18.1,1,0,1,1,0.0,443.0
-66.6_18.14,1,1,1,1,0.0,589.0
-66.6_18.16,1,1,1,0,1.0,1010.0
-66.6_18.17,7,4,3,3,0.5714285714285714,1084.857142857143
-66.6_18.19,2,0,2,1,0.5,741.0
-66.6_18.21,2,0,2,0,1.0,466.0
-66.6_18.22,2,0,2,2,0.0,439.0
-66.6_18.24,1,1,1,1,0.0,919.0
-66.6_18.29,1,1,1,1,0.0,450.0
-66.6_18.3,1,1,1,0,1.0,398.0
-66.6_18.33,1,0,1,1,0.0,314.0
-66.6_18.35,8,1,3,4,0.5,245.375
-66.6_18.36,85,5,3,56,0.3411764705882353,203.51764705882354
-66.6_18.37,26,0,3,8,0.6923076923076923,194.3846153846154
-66.6_18.38,14,0,3,7,0.5,197.92857142857142
-66.6_18.39,13,1,2,10,0.23076923076923078,197.30769230769232
-66.6_18.43,5,3,1,3,0.4,102.0
-66.6_18.44,2,0,1,2,0.0,95.0
-66.6_18.45,765,31,3,558,0.27058823529411763,40.20522875816994
-66.6_18.46,11,1,2,5,0.5454545454545454,19.636363636363637
-66.6_18.47,3,0,3,1,0.6666666666666666,4.666666666666667
-66.6_18.48,36,0,2,23,0.3611111111111111,7.388888888888889
-66.6_18.49,12,0,3,11,0.08333333333333333,7.25
-66.71_17.98,7,0,2,3,0.5714285714285714,5.428571428571429
-66.71_17.99,3,0,2,3,0.0,6.666666666666667
-66.71_18.0,2,0,1,2,0.0,178.0
-66.71_18.04,1,0,1,1,0.0,176.0
-66.71_18.07,1,0,1,1,0.0,187.0
-66.71_18.11,2,1,2,2,0.0,591.5
-66.71_18.12,1,0,1,0,1.0,887.0
-66.71_18.13,4,3,1,0,1.0,925.0
-66.71_18.14,8,3,3,4,0.5,757.75
-66.71_18.15,1,0,1,1,0.0,585.0
-66.71_18.16,3,0,2,1,0.6666666666666666,644.0
-66.71_18.21,1,0,1,1,0.0,442.0
-66.71_18.22,2,0,1,2,0.0,373.5
-66.71_18.23,2,1,1,0,1.0,329.0
-66.71_18.24,72,64,3,57,0.20833333333333334,222.25
-66.71_18.25,4,3,2,3,0.25,185.25
-66.71_18.26,12,5,3,9,0.25,178.66666666666666
-66.71_18.27,38,4,3,29,0.23684210526315788,138.73684210526315
-66.71_18.28,11,0,3,9,0.18181818181818182,161.1818181818182
-66.71_18.29,10,0,2,8,0.2,133.9
-66.71_18.3,1,0,1,0,1.0,221.0
-66.71_18.31,1,0,1,1,0.0,390.0
-66.71_18.32,1,0,1,1,0.0,345.0
-66.71_18.33,53,24,3,32,0.39622641509433965,330.3207547169811
-66.71_18.34,640,303,3,446,0.303125,282.234375
-66.71_18.37,2,0,1,1,0.5,241.5
-66.71_18.38,1,0,1,0,1.0,235.0
-66.71_18.39,3,0,2,1,0.6666666666666666,200.0
-66.71_18.41,6,2,2,3,0.5,55.666666666666664
-66.71_18.42,5,0,3,3,0.4,16.0
-66.71_18.43,3,0,3,1,0.6666666666666666,12.666666666666666
-66.71_18.44,3,0,1,2,0.3333333333333333,10.333333333333334
-66.71_18.45,1,0,1,1,0.0,7.0
-66.71_18.46,6,0,2,6,0.0,0.0
-66.71_18.47,70,0,3,60,0.14285714285714285,3.5714285714285716
-66.72_17.98,1,0,1,1,0.0,7.0
-66.72_17.99,15,1,2,13,0.13333333333333333,2.066666666666667
-66.72_18.0,8,0,2,8,0.0,11.75
-66.72_18.01,1,0,1,0,1.0,17.0
-66.72_18.05,2,0,1,2,0.0,46.5
-66.72_18.06,4,0,3,3,0.25,83.75
-66.72_18.07,1,0,1,1,0.0,89.0
-66.72_18.12,1,0,1,0,1.0,673.0
-66.72_18.14,1,1,1,1,0.0,724.0
-66.72_18.15,3,1,2,2,0.3333333333333333,620.3333333333334
-66.72_18.16,22,2,3,17,0.22727272727272727,502.27272727272725
-66.72_18.17,1,0,1,0,1.0,582.0
-66.72_18.18,10,2,2,8,0.2,688.0
-66.72_18.22,1,0,1,1,0.0,246.0
-66.72_18.24,2,0,1,1,0.5,192.0
-66.72_18.25,16,2,3,11,0.3125,187.5
-66.72_18.26,14,3,3,12,0.14285714285714285,168.92857142857142
-66.72_18.27,4,0,2,4,0.0,160.0
-66.72_18.28,6,0,1,6,0.0,357.5
-66.72_18.29,2,1,1,2,0.0,431.5
-66.72_18.3,2,0,2,1,0.5,194.0
-66.72_18.31,2,1,2,2,0.0,246.0
-66.72_18.33,37,18,3,20,0.4594594594594595,358.8918918918919
-66.72_18.34,2,1,2,0,1.0,375.0
-66.72_18.37,5,1,2,3,0.4,254.0
-66.72_18.39,2,0,2,2,0.0,191.0
-66.72_18.4,5,1,3,4,0.2,200.6
-66.72_18.41,3,0,1,3,0.0,87.0
-66.72_18.42,2,0,1,2,0.0,150.0
-66.72_18.45,10,0,3,7,0.3,7.9
-66.72_18.46,5,0,3,4,0.2,6.2
-66.72_18.47,28,0,3,24,0.14285714285714285,6.678571428571429
-66.72_18.48,9,0,2,4,0.5555555555555556,3.4444444444444446
-66.73_18.01,5,1,2,5,0.0,15.8
-66.73_18.06,1,0,1,1,0.0,89.0
-66.73_18.07,1,0,1,1,0.0,132.0
-66.73_18.08,2,1,1,2,0.0,154.0
-66.73_18.09,1,1,1,1,0.0,299.0
-66.73_18.11,3,0,2,2,0.3333333333333333,904.3333333333334
-66.73_18.13,33,13,2,12,0.6363636363636364,772.030303030303
-66.73_18.14,5,3,3,2,0.6,826.0
-66.73_18.15,4,2,2,4,0.0,732.5
-66.73_18.16,3,0,1,0,1.0,486.0
-66.73_18.17,12,0,3,3,0.75,472.0
-66.73_18.2,2,2,1,0,1.0,446.0
-66.73_18.21,1,0,1,1,0.0,398.0
-66.73_18.26,1,0,1,1,0.0,159.0
-66.73_18.27,1,0,1,1,0.0,198.0
-66.73_18.28,4,1,2,1,0.75,431.75
-66.73_18.29,2,1,2,2,0.0,419.0
-66.73_18.3,7,1,3,6,0.14285714285714285,426.14285714285717
-66.73_18.34,7,5,2,5,0.2857142857142857,342.0
-66.73_18.37,1,1,1,1,0.0,222.0
-66.73_18.38,2,0,2,1,0.5,125.0
-66.73_18.39,1,0,1,1,0.0,202.0
-66.73_18.4,1,1,1,1,0.0,107.0
-66.73_18.41,6,1,3,3,0.5,127.0
-66.73_18.43,3,0,1,2,0.3333333333333333,84.0
-66.73_18.44,1,0,1,0,1.0,70.0
-66.73_18.46,4,0,2,3,0.25,50.25
-66.73_18.47,23,0,3,20,0.13043478260869565,8.0
-66.74_18.01,2,0,2,2,0.0,13.0
-66.74_18.02,4,0,1,1,0.75,95.0
-66.74_18.03,1,0,1,0,1.0,137.0
-66.74_18.04,24,3,3,17,0.2916666666666667,87.0
-66.74_18.1,1,0,1,1,0.0,438.0
-66.74_18.11,1,1,1,1,0.0,898.0
-66.74_18.12,8,5,3,7,0.125,877.625
-66.74_18.13,7,1,3,4,0.42857142857142855,782.8571428571429
-66.74_18.14,28,10,3,12,0.5714285714285714,748.8214285714286
-66.74_18.15,3,2,2,2,0.3333333333333333,569.0
-66.74_18.16,2,0,1,2,0.0,515.5
-66.74_18.17,12,2,2,4,0.6666666666666666,464.3333333333333
-66.74_18.18,3,0,1,3,0.0,451.0
-66.74_18.19,1,0,1,1,0.0,528.0
-66.74_18.24,16,6,3,14,0.125,306.25
-66.74_18.29,2,0,1,2,0.0,417.5
-66.74_18.32,1,0,1,0,1.0,382.0
-66.74_18.36,4,2,2,1,0.75,273.0
-66.74_18.37,1,0,1,1,0.0,255.0
-66.74_18.38,6,1,3,5,0.16666666666666666,206.5
-66.74_18.42,2,1,2,1,0.5,156.0
-66.74_18.43,1,0,1,0,1.0,94.0
-66.74_18.44,8,0,2,8,0.0,103.5
-66.74_18.45,14,0,3,11,0.21428571428571427,70.28571428571429
-66.74_18.46,5,0,2,3,0.4,32.8
-66.74_18.47,41,0,3,36,0.12195121951219512,47.292682926829265
-66.75_17.97,4,0,2,3,0.25,3.0
-66.75_17.99,3,0,2,1,0.6666666666666666,3.0
-66.75_18.0,1,0,1,1,0.0,6.0
-66.75_18.04,7,2,3,4,0.42857142857142855,57.714285714285715
-66.75_18.06,8,0,2,6,0.25,141.25
-66.75_18.13,2,2,1,2,0.0,841.5
-66.75_18.14,4,1,2,3,0.25,820.0
-66.75_18.16,2,1,1,2,0.0,587.5
-66.75_18.17,2,0,1,1,0.5,769.0
-66.75_18.19,279,61,3,173,0.37992831541218636,688.6774193548387
-66.75_18.2,1,1,1,1,0.0,862.0
-66.75_18.22,2,0,2,1,0.5,702.5
-66.75_18.25,1,0,1,1,0.0,483.0
-66.75_18.29,2,0,1,2,0.0,435.0
-66.75_18.3,5,4,1,3,0.4,411.0
-66.75_18.31,3,1,3,3,0.0,371.6666666666667
-66.75_18.34,2,1,2,1,0.5,287.5
-66.75_18.35,59,12,3,42,0.288135593220339,314.8813559322034
-66.75_18.37,1,0,1,0,1.0,266.0
-66.75_18.4,1,1,1,1,0.0,211.0
-66.75_18.42,1,0,1,1,0.0,150.0
-66.75_18.44,5,0,2,3,0.4,94.2
-66.75_18.45,8,0,2,6,0.25,77.75
-66.75_18.47,7,0,2,4,0.42857142857142855,28.142857142857142
-66.75_18.48,1,0,1,1,0.0,19.0
-66.76_17.98,92,0,3,76,0.17391304347826086,8.5
-66.76_18.0,1,0,1,1,0.0,15.0
-66.76_18.02,2,0,1,2,0.0,22.0
-66.76_18.03,3,0,1,3,0.0,20.0
-66.76_18.1,1,0,1,0,1.0,611.0
-66.76_18.13,14,9,3,7,0.5,937.4285714285714
-66.76_18.17,1,1,1,1,0.0,686.0
-66.76_18.18,7,1,2,5,0.2857142857142857,627.8571428571429
-66.76_18.19,1,0,1,0,1.0,597.0
-66.76_18.2,2,2,1,2,0.0,801.0
-66.76_18.21,10,4,2,8,0.2,698.1
-66.76_18.23,8,7,2,5,0.375,918.25
-66.76_18.24,1,1,1,1,0.0,649.0
-66.76_18.25,4,3,1,4,0.0,560.0
-66.76_18.28,2,0,2,2,0.0,455.0
-66.76_18.29,3,0,1,3,0.0,439.0
-66.76_18.3,2,1,2,1,0.5,418.0
-66.76_18.31,1,1,1,1,0.0,348.0
-66.76_18.38,2,0,2,1,0.5,234.5
-66.76_18.4,5,0,3,3,0.4,152.4
-66.76_18.41,43,14,3,20,0.5348837209302325,145.65116279069767
-66.76_18.42,5,0,2,3,0.4,150.0
-66.76_18.43,3,0,1,3,0.0,123.33333333333333
-66.76_18.44,1,0,1,0,1.0,79.0
-66.76_18.45,1,0,1,1,0.0,83.0
-66.76_18.46,3,1,1,3,0.0,47.666666666666664
-66.76_18.48,3,0,2,2,0.3333333333333333,22.666666666666668
-66.76_18.87,1,0,1,1,0.0,0.0
-66.77_18.01,6,0,2,5,0.16666666666666666,1.8333333333333333
-66.77_18.02,1,0,1,0,1.0,36.0
-66.77_18.04,4,1,2,2,0.5,118.75
-66.77_18.05,7,4,3,5,0.2857142857142857,84.14285714285714
-66.77_18.06,2,2,1,2,0.0,120.5
-66.77_18.13,6,4,3,4,0.3333333333333333,983.0
-66.77_18.14,7,3,2,3,0.5714285714285714,1115.142857142857
-66.77_18.15,35,22,3,19,0.45714285714285713,1013.9714285714285
-66.77_18.19,4,0,2,3,0.25,550.0
-66.77_18.22,2,1,1,2,0.0,644.0
-66.77_18.25,1,0,1,0,1.0,544.0
-66.77_18.28,1,1,1,1,0.0,430.0
-66.77_18.29,20,3,3,16,0.2,381.55
-66.77_18.31,8,3,1,4,0.5,354.625
-66.77_18.34,1,1,1,0,1.0,296.0
-66.77_18.35,1,1,1,0,1.0,284.0
-66.77_18.4,4,0,1,2,0.5,204.0
-66.77_18.41,4,0,2,3,0.25,183.5
-66.77_18.42,3,0,2,2,0.3333333333333333,148.33333333333334
-66.77_18.43,35,0,2,25,0.2857142857142857,138.0
-66.77_18.44,2,0,1,1,0.5,82.5
-66.77_18.45,3,0,1,3,0.0,88.66666666666667
-66.77_18.46,2,0,1,2,0.0,88.0
-66.77_18.47,7,0,2,6,0.14285714285714285,24.0
-66.77_18.48,8,0,3,7,0.125,18.75
-66.77_18.49,3,0,1,1,0.6666666666666666,13.0
-66.78_18.0,5,1,3,4,0.2,1.8
-66.78_18.01,1,0,1,1,0.0,12.0
-66.78_18.04,1,0,1,0,1.0,273.0
-66.78_18.05,3,0,1,2,0.3333333333333333,99.66666666666667
-66.78_18.06,1,0,1,0,1.0,86.0
-66.78_18.14,4,2,2,2,0.5,969.25
-66.78_18.15,2,0,1,1,0.5,1021.5
-66.78_18.19,19,1,2,14,0.2631578947368421,565.3684210526316
-66.78_18.26,6,4,2,4,0.3333333333333333,517.3333333333334
-66.78_18.27,3,1,2,3,0.0,617.0
-66.78_18.28,2,0,1,2,0.0,444.0
-66.78_18.29,24,5,3,20,0.16666666666666666,325.0833333333333
-66.78_18.3,15,3,3,11,0.26666666666666666,331.8666666666667
-66.78_18.31,1,0,1,0,1.0,393.0
-66.78_18.33,3,1,1,2,0.3333333333333333,338.0
-66.78_18.39,1,0,1,1,0.0,213.0
-66.78_18.4,3,0,2,2,0.3333333333333333,220.66666666666666
-66.78_18.47,3,0,2,2,0.3333333333333333,35.666666666666664
-66.78_18.49,1,0,1,1,0.0,17.0
-66.79_17.99,13,0,2,12,0.07692307692307693,6.076923076923077
-66.79_18.0,25,1,2,20,0.2,2.72
-66.79_18.02,12,4,2,5,0.5833333333333334,13.916666666666666
-66.79_18.03,8,5,2,4,0.5,65.625
-66.79_18.17,3,1,2,3,0.0,617.6666666666666
-66.79_18.18,2,1,2,1,0.5,721.5
-66.79_18.2,1,0,1,1,0.0,489.0
-66.79_18.21,1,0,1,1,0.0,674.0
-66.79_18.22,1,0,1,0,1.0,609.0
-66.79_18.26,3,0,2,0,1.0,583.6666666666666
-66.79_18.28,5,0,3,3,0.4,481.0
-66.79_18.33,3,1,1,3,0.0,315.0
-66.79_18.34,1,0,1,0,1.0,357.0
-66.79_18.38,3,0,2,2,0.3333333333333333,270.0
-66.79_18.4,6,0,2,5,0.16666666666666666,225.0
-66.79_18.42,1,0,1,0,1.0,163.0
-66.79_18.44,1,0,1,1,0.0,99.0
-66.79_18.46,1,0,1,1,0.0,85.0
-66.79_18.47,2,0,1,1,0.5,61.0
-66.79_18.48,7,0,2,6,0.14285714285714285,24.857142857142858
-66.79_18.49,206,1,3,164,0.20388349514563106,6.179611650485437
-66.7_17.98,6,0,2,6,0.0,21.5
-66.7_18.05,1,0,1,1,0.0,70.0
-66.7_18.14,32,22,3,18,0.4375,945.96875
-66.7_18.2,12,4,3,9,0.25,389.25
-66.7_18.22,2,0,1,1,0.5,349.0
-66.7_18.27,8,2,3,6,0.25,145.25
-66.7_18.3,1,0,1,1,0.0,113.0
-66.7_18.32,1,0,1,0,1.0,359.0
-66.7_18.33,15,1,3,11,0.26666666666666666,352.6
-66.7_18.34,2,1,1,0,1.0,299.0
-66.7_18.37,7,1,2,1,0.8571428571428571,258.0
-66.7_18.38,3,0,3,3,0.0,254.0
-66.7_18.39,3,0,1,3,0.0,203.0
-66.7_18.4,1,0,1,0,1.0,116.0
-66.7_18.41,4,0,1,3,0.25,24.5
-66.7_18.42,9,0,2,8,0.1111111111111111,14.0
-66.7_18.44,1,0,1,0,1.0,14.0
-66.7_18.46,7,0,2,6,0.14285714285714285,4.428571428571429
-66.7_18.47,156,0,3,123,0.21153846153846154,3.8461538461538463
-66.7_18.48,370,0,3,293,0.20810810810810812,1.1432432432432433
-66.81_17.96,1,0,1,1,0.0,12.0
-66.81_17.99,1,0,1,1,0.0,17.0
-66.81_18.08,7,0,3,7,0.0,182.14285714285714
-66.81_18.09,1,0,1,1,0.0,326.0
-66.81_18.12,1,1,1,1,0.0,678.0
-66.81_18.14,1,0,1,1,0.0,940.0
-66.81_18.16,1,0,1,1,0.0,886.0
-66.81_18.23,3,0,2,2,0.3333333333333333,678.3333333333334
-66.81_18.25,16,5,2,15,0.0625,692.875
-66.81_18.26,1,1,1,1,0.0,469.0
-66.81_18.27,4,2,3,1,0.75,467.5
-66.81_18.28,1,0,1,1,0.0,466.0
-66.81_18.3,8,3,2,8,0.0,349.25
-66.81_18.35,2,0,1,2,0.0,344.0
-66.81_18.37,1,0,1,1,0.0,291.0
-66.81_18.4,5,2,2,3,0.4,219.2
-66.81_18.42,1,0,1,1,0.0,155.0
-66.81_18.43,2,0,1,0,1.0,145.5
-66.81_18.45,1,0,1,1,0.0,79.0
-66.81_18.46,3,0,2,3,0.0,84.0
-66.81_18.47,1,0,1,1,0.0,54.0
-66.81_18.49,6,0,3,5,0.16666666666666666,8.333333333333334
-66.82_17.96,5,0,3,2,0.6,21.2
-66.82_17.98,1,0,1,1,0.0,3.0
-66.82_18.1,1,0,1,1,0.0,881.0
-66.82_18.16,1,0,1,1,0.0,928.0
-66.82_18.21,21,6,3,18,0.14285714285714285,683.0
-66.82_18.25,2,2,1,2,0.0,643.5
-66.82_18.3,4,1,2,4,0.0,309.5
-66.82_18.33,4,3,2,3,0.25,322.25
-66.82_18.34,1,0,1,1,0.0,300.0
-66.82_18.35,8,0,3,6,0.25,305.875
-66.82_18.36,1,0,1,0,1.0,261.0
-66.82_18.44,2,0,1,0,1.0,128.5
-66.82_18.45,3,0,2,3,0.0,82.0
-66.82_18.47,1,0,1,0,1.0,70.0
-66.82_18.48,88,1,3,71,0.19318181818181818,24.295454545454547
-66.82_18.49,12,0,2,9,0.25,10.083333333333334
-66.83_18.01,1,0,1,1,0.0,27.0
-66.83_18.03,1,0,1,1,0.0,43.0
-66.83_18.08,1,0,1,1,0.0,357.0
-66.83_18.1,2,0,1,2,0.0,347.5
-66.83_18.13,1,0,1,1,0.0,931.0
-66.83_18.14,6,2,2,3,0.5,884.8333333333334
-66.83_18.15,5,2,2,2,0.6,837.8
-66.83_18.18,1,0,1,1,0.0,470.0
-66.83_18.19,1,0,1,0,1.0,454.0
-66.83_18.2,1,0,1,0,1.0,474.0
-66.83_18.29,1,1,1,1,0.0,356.0
-66.83_18.31,2,0,2,2,0.0,310.5
-66.83_18.32,1,1,1,1,0.0,325.0
-66.83_18.35,4,2,3,4,0.0,308.5
-66.83_18.36,1,0,1,0,1.0,315.0
-66.83_18.38,3,1,2,2,0.3333333333333333,275.3333333333333
-66.83_18.42,9,2,2,7,0.2222222222222222,195.88888888888889
-66.83_18.47,1,0,1,1,0.0,10.0
-66.83_18.48,1,0,1,1,0.0,24.0
-66.83_18.49,37,0,3,29,0.21621621621621623,5.621621621621622
-66.84_17.95,4,0,2,3,0.25,16.0
-66.84_17.97,2,1,1,2,0.0,68.5
-66.84_18.0,3,2,1,3,0.0,23.333333333333332
-66.84_18.05,2,0,2,2,0.0,72.0
-66.84_18.09,1,0,1,1,0.0,293.0
-66.84_18.11,1,0,1,1,0.0,534.0
-66.84_18.14,5,2,3,3,0.4,887.4
-66.84_18.15,1,1,1,1,0.0,770.0
-66.84_18.17,1,0,1,1,0.0,725.0
-66.84_18.19,3,0,3,1,0.6666666666666666,454.6666666666667
-66.84_18.23,1,1,1,1,0.0,302.0
-66.84_18.29,3,0,2,2,0.3333333333333333,433.6666666666667
-66.84_18.34,3,0,3,3,0.0,330.0
-66.84_18.38,1,1,1,1,0.0,278.0
-66.84_18.39,1,0,1,0,1.0,259.0
-66.84_18.43,16,8,3,10,0.375,148.5
-66.84_18.45,1,0,1,1,0.0,109.0
-66.84_18.47,5,0,2,5,0.0,72.8
-66.84_18.48,53,0,3,46,0.1320754716981132,7.132075471698113
-66.84_18.49,571,0,3,483,0.15411558669001751,3.586690017513135
-66.85_17.95,180,10,3,155,0.1388888888888889,6.833333333333333
-66.85_17.96,26,1,3,18,0.3076923076923077,16.153846153846153
-66.85_17.97,2,2,1,2,0.0,142.0
-66.85_17.98,1,1,1,1,0.0,70.0
-66.85_17.99,1,0,1,1,0.0,106.0
-66.85_18.02,2,0,2,2,0.0,55.0
-66.85_18.03,15,0,3,15,0.0,38.6
-66.85_18.04,1,0,1,1,0.0,43.0
-66.85_18.05,2,0,1,2,0.0,85.0
-66.85_18.06,1,0,1,1,0.0,98.0
-66.85_18.07,1,0,1,1,0.0,166.0
-66.85_18.08,1,0,1,1,0.0,294.0
-66.85_18.09,1,0,1,0,1.0,170.0
-66.85_18.1,1,0,1,1,0.0,204.0
-66.85_18.14,1,0,1,1,0.0,863.0
-66.85_18.25,1,1,1,1,0.0,549.0
-66.85_18.26,1,0,1,1,0.0,541.0
-66.85_18.27,10,4,1,8,0.2,459.9
-66.85_18.29,3,0,1,2,0.3333333333333333,456.3333333333333
-66.85_18.3,1,0,1,1,0.0,436.0
-66.85_18.36,1,0,1,1,0.0,317.0
-66.85_18.39,5,0,2,3,0.4,257.0
-66.85_18.4,3,0,2,2,0.3333333333333333,255.0
-66.85_18.45,2,0,2,0,1.0,154.0
-66.85_18.46,9,0,2,6,0.3333333333333333,112.0
-66.85_18.47,14,0,3,11,0.21428571428571427,108.07142857142857
-66.85_18.48,5,0,3,3,0.4,33.2
-66.85_18.49,226,0,3,193,0.14601769911504425,7.3053097345132745
-66.86_17.95,4,0,3,2,0.5,5.0
-66.86_17.96,56,2,3,46,0.17857142857142858,27.303571428571427
-66.86_17.97,6,0,2,6,0.0,161.5
-66.86_17.98,5,1,1,5,0.0,194.4
-66.86_18.03,12,0,1,11,0.08333333333333333,35.25
-66.86_18.04,12,0,2,12,0.0,58.25
-66.86_18.1,30,3,3,25,0.16666666666666666,182.73333333333332
-66.86_18.14,1,0,1,0,1.0,862.0
-66.86_18.18,1,0,1,1,0.0,669.0
-66.86_18.2,1,0,1,1,0.0,538.0
-66.86_18.23,2,2,2,2,0.0,364.0
-66.86_18.32,1,0,1,1,0.0,366.0
-66.86_18.33,1,0,1,1,0.0,338.0
-66.86_18.34,1,0,1,1,0.0,365.0
-66.86_18.35,2,0,1,1,0.5,346.5
-66.86_18.36,2,1,2,1,0.5,319.0
-66.86_18.39,2,0,2,2,0.0,258.5
-66.86_18.41,1,1,1,0,1.0,201.0
-66.86_18.42,1,0,1,0,1.0,201.0
-66.86_18.43,1,0,1,1,0.0,177.0
-66.86_18.44,3,0,2,2,0.3333333333333333,140.66666666666666
-66.86_18.46,2,0,2,2,0.0,112.0
-66.86_18.47,1,0,1,1,0.0,74.0
-66.86_18.48,2,0,1,2,0.0,74.0
-66.86_18.49,75,0,3,63,0.16,12.066666666666666
-66.87_17.94,21,0,3,20,0.047619047619047616,4.904761904761905
-66.87_17.95,75,6,3,67,0.10666666666666667,5.24
-66.87_17.96,10,0,3,10,0.0,63.6
-66.87_17.97,381,44,3,336,0.11811023622047244,160.8188976377953
-66.87_17.98,3,0,3,3,0.0,187.33333333333334
-66.87_18.01,1,0,1,1,0.0,90.0
-66.87_18.02,6,1,2,6,0.0,46.0
-66.87_18.04,1,0,1,1,0.0,49.0
-66.87_18.05,1,0,1,0,1.0,92.0
-66.87_18.06,1,0,1,1,0.0,176.0
-66.87_18.09,4,0,1,1,0.75,179.0
-66.87_18.11,4,0,1,4,0.0,198.0
-66.87_18.13,3,3,1,0,1.0,693.0
-66.87_18.14,1,0,1,1,0.0,918.0
-66.87_18.27,3,0,2,1,0.6666666666666666,476.0
-66.87_18.28,6,0,2,5,0.16666666666666666,437.3333333333333
-66.87_18.29,2,1,1,2,0.0,347.0
-66.87_18.3,3,0,3,3,0.0,293.6666666666667
-66.87_18.36,1,0,1,1,0.0,303.0
-66.87_18.43,4,0,2,1,0.75,183.5
-66.87_18.44,2,0,2,0,1.0,143.5
-66.87_18.45,862,0,3,512,0.4060324825986079,129.0
-66.87_18.46,2,0,1,1,0.5,121.0
-66.87_18.47,1,0,1,1,0.0,85.0
-66.87_18.48,2,0,2,1,0.5,45.0
-66.87_18.49,749,0,3,619,0.17356475300400534,4.025367156208278
-66.88_17.95,204,6,3,173,0.15196078431372548,9.612745098039216
-66.88_17.96,8,0,3,7,0.125,44.875
-66.88_17.97,3,2,1,1,0.6666666666666666,195.66666666666666
-66.88_17.98,189,27,3,165,0.12698412698412698,112.47619047619048
-66.88_18.02,25,12,3,25,0.0,49.84
-66.88_18.04,1,0,1,1,0.0,69.0
-66.88_18.1,3,0,2,3,0.0,392.0
-66.88_18.14,9,7,3,3,0.6666666666666666,735.3333333333334
-66.88_18.15,2,1,1,0,1.0,938.0
-66.88_18.17,1,0,1,1,0.0,607.0
-66.88_18.19,1,0,1,1,0.0,376.0
-66.88_18.2,1,0,1,1,0.0,374.0
-66.88_18.21,2,0,1,2,0.0,336.0
-66.88_18.26,7,0,2,7,0.0,435.2857142857143
-66.88_18.28,3,1,1,2,0.3333333333333333,434.3333333333333
-66.88_18.29,7,0,3,4,0.42857142857142855,359.14285714285717
-66.88_18.3,16,1,2,13,0.1875,328.0
-66.88_18.31,3,0,2,2,0.3333333333333333,387.0
-66.88_18.33,1,0,1,1,0.0,335.0
-66.88_18.37,2,0,1,1,0.5,306.0
-66.88_18.38,4,0,2,3,0.25,313.0
-66.88_18.39,1,0,1,0,1.0,287.0
-66.88_18.43,1,0,1,0,1.0,180.0
-66.88_18.45,4,0,1,0,1.0,126.5
-66.88_18.47,20,0,3,16,0.2,101.45
-66.88_18.48,58,1,3,37,0.3620689655172414,79.43103448275862
-66.88_18.49,7,0,3,6,0.14285714285714285,35.57142857142857
-66.89_17.95,7,0,2,6,0.14285714285714285,9.714285714285714
-66.89_17.96,1,0,1,1,0.0,126.0
-66.89_17.98,1,0,1,1,0.0,47.0
-66.89_18.0,2,0,1,2,0.0,19.0
-66.89_18.04,3,0,1,2,0.3333333333333333,57.333333333333336
-66.89_18.1,1,0,1,1,0.0,352.0
-66.89_18.11,1,0,1,1,0.0,454.0
-66.89_18.14,1,1,1,0,1.0,836.0
-66.89_18.15,6,1,2,3,0.5,885.5
-66.89_18.2,1,0,1,1,0.0,347.0
-66.89_18.22,5,2,2,3,0.4,488.8
-66.89_18.25,7,0,2,7,0.0,194.85714285714286
-66.89_18.27,1,0,1,1,0.0,507.0
-66.89_18.28,2,0,2,2,0.0,465.0
-66.89_18.29,4,0,2,0,1.0,374.75
-66.89_18.35,2,0,1,2,0.0,312.0
-66.89_18.36,1,1,1,0,1.0,287.0
-66.89_18.37,1,0,1,1,0.0,211.0
-66.89_18.39,4,1,1,2,0.5,284.75
-66.89_18.41,1,1,1,0,1.0,212.0
-66.89_18.42,1,0,1,1,0.0,207.0
-66.89_18.43,5,0,2,3,0.4,178.8
-66.89_18.44,1,0,1,0,1.0,156.0
-66.89_18.45,3,0,2,3,0.0,144.66666666666666
-66.89_18.46,1,0,1,1,0.0,110.0
-66.89_18.47,5,0,2,4,0.2,96.2
-66.89_18.48,967,0,3,808,0.16442605997931747,30.80351602895553
-66.89_18.49,1,0,1,1,0.0,37.0
-66.8_15.8,1,0,1,0,1.0,0.0
-66.8_18.01,1,0,1,1,0.0,5.0
-66.8_18.03,22,0,3,19,0.13636363636363635,24.772727272727273
-66.8_18.06,1,0,1,1,0.0,111.0
-66.8_18.09,1,0,1,1,0.0,241.0
-66.8_18.14,2,1,1,1,0.5,1013.5
-66.8_18.15,2,1,1,2,0.0,889.0
-66.8_18.16,3,3,1,3,0.0,854.0
-66.8_18.17,2,1,1,2,0.0,627.5
-66.8_18.18,2,1,1,2,0.0,573.0
-66.8_18.2,2,0,1,0,1.0,490.0
-66.8_18.22,7,3,1,7,0.0,620.0
-66.8_18.25,1,1,1,1,0.0,603.0
-66.8_18.27,1,0,1,1,0.0,484.0
-66.8_18.29,1,0,1,1,0.0,393.0
-66.8_18.3,3,2,1,2,0.3333333333333333,410.6666666666667
-66.8_18.36,1,0,1,0,1.0,327.0
-66.8_18.39,1,0,1,1,0.0,234.0
-66.8_18.4,4,0,1,3,0.25,187.5
-66.8_18.41,4,1,2,2,0.5,169.5
-66.8_18.44,2,0,1,1,0.5,112.5
-66.8_18.45,1,0,1,0,1.0,83.0
-66.8_18.46,3,0,2,2,0.3333333333333333,97.33333333333333
-66.8_18.48,1,0,1,1,0.0,26.0
-66.8_18.49,19,0,3,13,0.3157894736842105,6.315789473684211
-66.91_17.95,1,0,1,1,0.0,27.0
-66.91_17.96,4,0,2,4,0.0,15.0
-66.91_17.97,26,1,3,18,0.3076923076923077,4.5
-66.91_17.98,6,0,3,6,0.0,11.166666666666666
-66.91_18.0,1,0,1,1,0.0,11.0
-66.91_18.01,2,0,1,1,0.5,13.5
-66.91_18.02,1,0,1,1,0.0,62.0
-66.91_18.03,4,1,2,3,0.25,69.0
-66.91_18.07,108,35,3,86,0.2037037037037037,168.67592592592592
-66.91_18.09,1,0,1,1,0.0,276.0
-66.91_18.11,1,0,1,0,1.0,575.0
-66.91_18.18,1,1,1,1,0.0,652.0
-66.91_18.2,1,0,1,1,0.0,519.0
-66.91_18.23,1,0,1,1,0.0,528.0
-66.91_18.24,2,0,1,2,0.0,386.5
-66.91_18.26,2,0,1,2,0.0,265.5
-66.91_18.27,1,0,1,1,0.0,371.0
-66.91_18.32,1,1,1,1,0.0,326.0
-66.91_18.36,3,0,3,2,0.3333333333333333,213.0
-66.91_18.37,1,0,1,0,1.0,204.0
-66.91_18.38,2,0,2,2,0.0,275.5
-66.91_18.42,3,0,2,1,0.6666666666666666,210.33333333333334
-66.91_18.43,5,1,3,3,0.4,211.6
-66.91_18.46,2,0,1,1,0.5,138.0
-66.91_18.47,4,0,1,4,0.0,89.5
-66.91_18.48,28,0,3,24,0.14285714285714285,60.392857142857146
-66.92_17.95,1,0,1,1,0.0,6.0
-66.92_17.96,1,0,1,1,0.0,5.0
-66.92_17.97,2,0,1,2,0.0,5.5
-66.92_17.99,4,0,2,4,0.0,10.0
-66.92_18.0,1,0,1,1,0.0,12.0
-66.92_18.03,1,0,1,1,0.0,70.0
-66.92_18.07,6,1,3,5,0.16666666666666666,218.66666666666666
-66.92_18.12,5,1,3,2,0.6,639.8
-66.92_18.13,2,0,1,1,0.5,704.0
-66.92_18.15,5,3,3,1,0.8,784.8
-66.92_18.16,5,2,3,2,0.6,790.6
-66.92_18.19,7,1,1,7,0.0,441.7142857142857
-66.92_18.2,2,0,1,2,0.0,417.0
-66.92_18.26,6,0,2,5,0.16666666666666666,150.33333333333334
-66.92_18.27,1,0,1,1,0.0,362.0
-66.92_18.29,2,1,1,0,1.0,284.0
-66.92_18.33,1,0,1,1,0.0,258.0
-66.92_18.36,1,0,1,1,0.0,255.0
-66.92_18.37,100,1,3,53,0.47,211.66
-66.92_18.38,26,0,3,14,0.46153846153846156,198.0
-66.92_18.39,1,0,1,1,0.0,219.0
-66.92_18.4,15,0,3,7,0.5333333333333333,209.26666666666668
-66.92_18.46,1,0,1,1,0.0,141.0
-66.92_18.48,13,0,3,8,0.38461538461538464,68.61538461538461
-66.92_18.49,4,0,1,2,0.5,48.75
-66.93_17.94,2,0,1,2,0.0,8.0
-66.93_17.95,5,1,1,5,0.0,19.0
-66.93_17.96,65,2,2,53,0.18461538461538463,10.6
-66.93_17.97,38,2,3,32,0.15789473684210525,12.763157894736842
-66.93_17.98,1,1,1,1,0.0,114.0
-66.93_17.99,2,0,2,2,0.0,6.0
-66.93_18.02,1,0,1,1,0.0,21.0
-66.93_18.04,1,0,1,1,0.0,62.0
-66.93_18.05,2,0,1,0,1.0,193.0
-66.93_18.07,1,0,1,1,0.0,148.0
-66.93_18.08,2,0,1,2,0.0,255.0
-66.93_18.09,1,0,1,1,0.0,250.0
-66.93_18.11,1,0,1,1,0.0,459.0
-66.93_18.15,9,0,2,2,0.7777777777777778,683.1111111111111
-66.93_18.23,2,0,1,2,0.0,247.0
-66.93_18.31,1,0,1,1,0.0,357.0
-66.93_18.32,8,1,2,5,0.375,326.0
-66.93_18.36,3,0,1,3,0.0,229.66666666666666
-66.93_18.37,1,0,1,1,0.0,203.0
-66.93_18.38,115,9,3,65,0.43478260869565216,210.89565217391305
-66.93_18.4,3,0,3,0,1.0,187.0
-66.93_18.41,2,1,2,2,0.0,231.0
-66.93_18.42,2,0,1,0,1.0,230.0
-66.93_18.43,4,1,2,3,0.25,207.0
-66.93_18.46,23,0,3,14,0.391304347826087,138.65217391304347
-66.93_18.47,2,0,2,1,0.5,118.0
-66.93_18.48,9,2,2,6,0.3333333333333333,105.88888888888889
-66.93_18.49,5,0,2,4,0.2,47.6
-66.94_17.89,1,0,1,0,1.0,0.0
-66.94_17.93,1,0,1,1,0.0,5.0
-66.94_17.94,5,1,2,5,0.0,31.4
-66.94_17.95,10,2,2,10,0.0,11.3
-66.94_17.97,3,1,2,3,0.0,40.666666666666664
-66.94_18.04,2,0,1,2,0.0,63.5
-66.94_18.05,1,0,1,0,1.0,86.0
-66.94_18.07,2,0,1,1,0.5,126.5
-66.94_18.08,18,0,1,16,0.1111111111111111,114.77777777777777
-66.94_18.11,5,1,2,3,0.4,210.2
-66.94_18.15,7,2,2,5,0.2857142857142857,649.5714285714286
-66.94_18.16,3,0,1,3,0.0,591.3333333333334
-66.94_18.21,3,1,1,0,1.0,281.0
-66.94_18.22,5,0,2,4,0.2,238.2
-66.94_18.23,8,0,1,8,0.0,284.375
-66.94_18.32,3,0,2,3,0.0,336.0
-66.94_18.33,1,0,1,1,0.0,322.0
-66.94_18.4,6,4,1,5,0.16666666666666666,183.83333333333334
-66.94_18.43,37,3,2,27,0.2702702702702703,182.72972972972974
-66.94_18.46,150,12,3,110,0.26666666666666666,155.95333333333335
-66.94_18.47,8,1,3,5,0.375,118.375
-66.94_18.48,11,0,2,7,0.36363636363636365,115.72727272727273
-66.94_18.49,6,0,3,6,0.0,68.33333333333333
-66.95_17.93,30,4,3,27,0.1,12.833333333333334
-66.95_17.94,79,10,3,67,0.1518987341772152,10.215189873417721
-66.95_17.97,1,0,1,1,0.0,65.0
-66.95_17.98,1,0,1,1,0.0,31.0
-66.95_17.99,3,0,2,3,0.0,37.0
-66.95_18.04,2,0,1,2,0.0,53.5
-66.95_18.05,2,0,2,1,0.5,80.5
-66.95_18.07,5,0,2,2,0.6,94.0
-66.95_18.08,1,0,1,1,0.0,110.0
-66.95_18.11,5,1,1,2,0.6,458.0
-66.95_18.12,10,3,3,6,0.4,551.1
-66.95_18.13,18,0,2,13,0.2777777777777778,657.5555555555555
-66.95_18.15,9,4,3,5,0.4444444444444444,785.7777777777778
-66.95_18.16,1,1,1,0,1.0,715.0
-66.95_18.17,3,0,2,1,0.6666666666666666,527.6666666666666
-66.95_18.19,1,0,1,0,1.0,522.0
-66.95_18.2,2,0,1,2,0.0,384.0
-66.95_18.21,1,0,1,1,0.0,499.0
-66.95_18.23,1,0,1,1,0.0,327.0
-66.95_18.24,3,1,2,2,0.3333333333333333,391.3333333333333
-66.95_18.26,6,4,2,5,0.16666666666666666,405.8333333333333
-66.95_18.29,1,0,1,0,1.0,257.0
-66.95_18.33,3,0,2,1,0.6666666666666666,251.0
-66.95_18.35,1,0,1,1,0.0,294.0
-66.95_18.36,1,1,1,1,0.0,238.0
-66.95_18.39,2,0,2,1,0.5,279.5
-66.95_18.45,3,0,1,2,0.3333333333333333,158.0
-66.95_18.46,59,1,3,38,0.3559322033898305,140.38983050847457
-66.95_18.47,4,0,1,4,0.0,113.0
-66.95_18.48,40,5,3,37,0.075,55.95
-66.95_18.49,551,0,3,448,0.1869328493647913,43.509981851179674
-66.96_17.93,7,2,3,7,0.0,13.571428571428571
-66.96_17.94,31,2,3,30,0.03225806451612903,8.64516129032258
-66.96_17.95,2,0,2,2,0.0,5.0
-66.96_17.98,11,0,2,8,0.2727272727272727,27.09090909090909
-66.96_18.03,2,0,1,2,0.0,25.5
-66.96_18.04,2,0,1,2,0.0,40.5
-66.96_18.06,1,0,1,1,0.0,111.0
-66.96_18.07,20,0,3,16,0.2,104.2
-66.96_18.08,14,0,3,8,0.42857142857142855,104.28571428571429
-66.96_18.09,6,0,2,3,0.5,171.83333333333334
-66.96_18.1,2,1,1,2,0.0,187.0
-66.96_18.11,3,0,2,2,0.3333333333333333,320.0
-66.96_18.13,7,1,3,3,0.5714285714285714,670.0
-66.96_18.14,78,18,3,45,0.4230769230769231,746.5384615384615
-66.96_18.15,3,0,1,3,0.0,732.0
-66.96_18.16,1,0,1,1,0.0,426.0
-66.96_18.17,6,3,2,6,0.0,465.5
-66.96_18.18,2,0,2,2,0.0,423.0
-66.96_18.2,1,0,1,1,0.0,416.0
-66.96_18.21,1,0,1,1,0.0,423.0
-66.96_18.23,4,0,1,1,0.75,387.5
-66.96_18.25,1,0,1,1,0.0,382.0
-66.96_18.29,1,0,1,1,0.0,271.0
-66.96_18.3,4,0,2,3,0.25,216.5
-66.96_18.33,3,0,2,1,0.6666666666666666,117.0
-66.96_18.35,1,0,1,0,1.0,301.0
-66.96_18.36,2,0,1,2,0.0,220.5
-66.96_18.42,3,0,3,2,0.3333333333333333,227.0
-66.96_18.43,2,1,1,2,0.0,208.0
-66.96_18.45,1,0,1,0,1.0,135.0
-66.96_18.46,2,1,2,2,0.0,147.0
-66.96_18.48,7,1,2,7,0.0,50.857142857142854
-66.96_18.49,177,1,3,155,0.12429378531073447,11.615819209039548
-66.97_17.94,2,1,1,1,0.5,2.0
-66.97_17.95,21,2,3,19,0.09523809523809523,5.666666666666667
-66.97_17.97,1,0,1,1,0.0,31.0
-66.97_17.99,1,0,1,1,0.0,23.0
-66.97_18.03,2,1,2,1,0.5,23.5
-66.97_18.04,1,0,1,1,0.0,31.0
-66.97_18.06,2,1,1,1,0.5,128.0
-66.97_18.08,1,0,1,1,0.0,92.0
-66.97_18.09,49,1,3,32,0.3469387755102041,133.14285714285714
-66.97_18.1,2,0,2,2,0.0,199.0
-66.97_18.13,1,1,1,0,1.0,576.0
-66.97_18.14,130,45,3,87,0.33076923076923076,831.8923076923077
-66.97_18.18,3,1,3,2,0.3333333333333333,440.6666666666667
-66.97_18.2,1,0,1,0,1.0,283.0
-66.97_18.21,2,0,1,2,0.0,271.0
-66.97_18.22,1,0,1,1,0.0,524.0
-66.97_18.23,4,0,2,4,0.0,459.25
-66.97_18.28,2,0,1,2,0.0,257.0
-66.97_18.31,3,0,2,1,0.6666666666666666,179.66666666666666
-66.97_18.32,1,0,1,1,0.0,129.0
-66.97_18.33,2,0,2,2,0.0,104.0
-66.97_18.41,8,2,3,4,0.5,255.125
-66.97_18.42,137,43,3,84,0.38686131386861317,228.8102189781022
-66.97_18.43,1,0,1,0,1.0,183.0
-66.97_18.44,1,0,1,0,1.0,182.0
-66.97_18.48,9,1,2,6,0.3333333333333333,101.66666666666667
-66.97_18.49,87,0,3,81,0.06896551724137931,15.540229885057471
-66.97_18.5,1,0,1,1,0.0,0.0
-66.98_17.96,2,1,2,2,0.0,9.0
-66.98_17.97,2,0,1,1,0.5,8.0
-66.98_18.03,2,0,1,1,0.5,20.5
-66.98_18.04,5,1,2,4,0.2,46.6
-66.98_18.05,1,0,1,1,0.0,41.0
-66.98_18.08,3,0,1,3,0.0,99.33333333333333
-66.98_18.1,11,2,2,8,0.2727272727272727,147.63636363636363
-66.98_18.14,248,61,3,132,0.46774193548387094,884.5362903225806
-66.98_18.15,7,1,2,4,0.42857142857142855,873.2857142857143
-66.98_18.17,9,3,3,6,0.3333333333333333,491.55555555555554
-66.98_18.18,26,2,3,25,0.038461538461538464,440.46153846153845
-66.98_18.19,2,1,2,1,0.5,439.5
-66.98_18.2,1,0,1,1,0.0,614.0
-66.98_18.21,2,0,2,2,0.0,431.0
-66.98_18.22,3,0,2,3,0.0,422.6666666666667
-66.98_18.24,1,0,1,1,0.0,202.0
-66.98_18.25,2,1,2,1,0.5,192.0
-66.98_18.26,6,1,1,4,0.3333333333333333,259.5
-66.98_18.27,16,0,2,13,0.1875,102.3125
-66.98_18.28,4,0,2,3,0.25,89.25
-66.98_18.32,2,0,2,1,0.5,100.0
-66.98_18.33,4,1,2,4,0.0,97.0
-66.98_18.34,2,0,2,2,0.0,110.0
-66.98_18.36,24,0,3,21,0.125,124.625
-66.98_18.37,2,1,2,1,0.5,180.0
-66.98_18.38,1,0,1,1,0.0,197.0
-66.98_18.42,1,0,1,1,0.0,246.0
-66.98_18.45,14,1,3,12,0.14285714285714285,148.07142857142858
-66.98_18.47,1,0,1,0,1.0,89.0
-66.98_18.48,3,0,2,1,0.6666666666666666,85.66666666666667
-66.98_18.49,82,0,2,81,0.012195121951219513,76.2560975609756
-66.99_17.95,1,0,1,1,0.0,3.0
-66.99_17.97,7,0,3,7,0.0,9.428571428571429
-66.99_17.98,2,0,2,2,0.0,25.5
-66.99_18.04,2,0,2,2,0.0,54.5
-66.99_18.05,1,0,1,1,0.0,138.0
-66.99_18.08,1,0,1,1,0.0,78.0
-66.99_18.09,1,1,1,0,1.0,216.0
-66.99_18.12,16,4,3,8,0.5,317.75
-66.99_18.13,6,5,3,2,0.6666666666666666,356.6666666666667
-66.99_18.15,654,299,3,384,0.41284403669724773,805.1987767584097
-66.99_18.16,8,2,3,4,0.5,663.25
-66.99_18.17,133,42,3,86,0.3533834586466165,550.2330827067669
-66.99_18.18,264,56,3,196,0.25757575757575757,515.1287878787879
-66.99_18.19,2,1,2,2,0.0,422.0
-66.99_18.2,6,1,3,4,0.3333333333333333,593.8333333333334
-66.99_18.23,3,1,2,2,0.3333333333333333,352.6666666666667
-66.99_18.24,3,0,2,3,0.0,318.0
-66.99_18.25,9,3,2,7,0.2222222222222222,286.0
-66.99_18.26,5,0,1,1,0.8,271.0
-66.99_18.28,2,0,1,1,0.5,178.0
-66.99_18.29,1,0,1,1,0.0,238.0
-66.99_18.3,1,0,1,0,1.0,177.0
-66.99_18.33,18,1,2,17,0.05555555555555555,72.38888888888889
-66.99_18.34,8,1,3,7,0.125,83.75
-66.99_18.35,47,7,2,38,0.19148936170212766,104.14893617021276
-66.99_18.36,3,0,2,3,0.0,107.0
-66.99_18.47,1,0,1,1,0.0,100.0
-66.99_18.49,8,0,2,8,0.0,68.125
-66.9_17.95,78,1,3,66,0.15384615384615385,16.21794871794872
-66.9_17.96,43,3,3,37,0.13953488372093023,119.09302325581395
-66.9_17.97,21,0,3,21,0.0,35.61904761904762
-66.9_17.98,11,0,3,10,0.09090909090909091,18.454545454545453
-66.9_18.02,20,8,3,17,0.15,44.05
-66.9_18.18,2,0,2,1,0.5,697.0
-66.9_18.19,2,0,1,1,0.5,672.5
-66.9_18.2,2,1,2,1,0.5,604.5
-66.9_18.22,27,10,2,21,0.2222222222222222,622.3333333333334
-66.9_18.27,4,0,2,3,0.25,421.0
-66.9_18.28,1,0,1,1,0.0,501.0
-66.9_18.3,5,0,1,4,0.2,350.0
-66.9_18.36,8,3,2,7,0.125,232.625
-66.9_18.37,3,0,1,3,0.0,210.66666666666666
-66.9_18.39,1,0,1,1,0.0,257.0
-66.9_18.41,55,0,2,43,0.21818181818181817,218.5090909090909
-66.9_18.42,27,0,1,20,0.25925925925925924,214.96296296296296
-66.9_18.44,1,0,1,0,1.0,159.0
-66.9_18.46,9,0,3,8,0.1111111111111111,111.77777777777777
-66.9_18.47,2,0,2,1,0.5,72.0
-66.9_18.48,54,1,3,42,0.2222222222222222,16.77777777777778
-66.9_18.49,3,0,1,0,1.0,0.0
-67.01_17.97,5,0,2,4,0.2,0.0
-67.01_17.98,104,4,3,88,0.15384615384615385,7.413461538461538
-67.01_17.99,1,0,1,1,0.0,44.0
-67.01_18.0,1,0,1,0,1.0,23.0
-67.01_18.02,1,0,1,1,0.0,10.0
-67.01_18.04,1,0,1,1,0.0,29.0
-67.01_18.05,1,0,1,1,0.0,118.0
-67.01_18.08,6,0,2,5,0.16666666666666666,103.83333333333333
-67.01_18.09,3,0,2,3,0.0,138.33333333333334
-67.01_18.1,1,0,1,1,0.0,137.0
-67.01_18.13,1,0,1,1,0.0,294.0
-67.01_18.14,12,3,2,5,0.5833333333333334,417.1666666666667
-67.01_18.17,1,0,1,0,1.0,431.0
-67.01_18.18,55,29,3,42,0.23636363636363636,409.76363636363635
-67.01_18.19,6,2,2,3,0.5,404.0
-67.01_18.21,22,15,3,14,0.36363636363636365,472.95454545454544
-67.01_18.26,4,1,1,4,0.0,256.0
-67.01_18.27,2,1,2,2,0.0,123.5
-67.01_18.31,11,1,1,10,0.09090909090909091,137.36363636363637
-67.01_18.32,106,6,1,98,0.07547169811320754,108.17924528301887
-67.01_18.35,4,0,2,3,0.25,55.75
-67.01_18.37,1,0,1,1,0.0,160.0
-67.01_18.38,1,0,1,0,1.0,121.0
-67.01_18.44,1,0,1,0,1.0,160.0
-67.01_18.46,1,0,1,1,0.0,178.0
-67.01_18.47,2,0,1,1,0.5,124.0
-67.01_18.48,138,0,1,115,0.16666666666666666,104.76086956521739
-67.01_18.49,1,0,1,1,0.0,68.0
-67.01_18.5,34,0,3,32,0.058823529411764705,20.147058823529413
-67.01_18.51,41,0,3,37,0.0975609756097561,0.2926829268292683
-67.02_17.97,11,1,2,11,0.0,10.545454545454545
-67.02_17.98,2,0,2,2,0.0,8.5
-67.02_17.99,1,0,1,1,0.0,24.0
-67.02_18.0,2,1,1,2,0.0,50.0
-67.02_18.02,17,0,3,15,0.11764705882352941,11.0
-67.02_18.05,1,0,1,0,1.0,97.0
-67.02_18.07,2,0,1,0,1.0,77.0
-67.02_18.09,4,0,1,4,0.0,102.5
-67.02_18.12,1,0,1,1,0.0,141.0
-67.02_18.13,2,0,2,1,0.5,311.5
-67.02_18.24,4,0,2,4,0.0,371.75
-67.02_18.25,7,0,1,7,0.0,372.85714285714283
-67.02_18.26,3,0,1,3,0.0,378.6666666666667
-67.02_18.35,1,0,1,1,0.0,54.0
-67.02_18.37,1,0,1,1,0.0,177.0
-67.02_18.46,4,0,2,2,0.5,163.5
-67.02_18.47,13,0,3,9,0.3076923076923077,113.92307692307692
-67.02_18.48,2,0,2,2,0.0,109.5
-67.02_18.49,5,0,3,5,0.0,87.4
-67.02_18.5,8,0,2,6,0.25,71.875
-67.02_18.51,133,0,3,115,0.13533834586466165,5.0
-67.03_17.96,1,0,1,1,0.0,0.0
-67.03_17.97,187,29,3,164,0.12299465240641712,9.67379679144385
-67.03_17.98,2,0,2,2,0.0,15.5
-67.03_17.99,1,0,1,1,0.0,27.0
-67.03_18.02,4,0,2,4,0.0,12.75
-67.03_18.03,6,0,2,4,0.3333333333333333,17.0
-67.03_18.05,1,0,1,1,0.0,62.0
-67.03_18.07,4,0,1,2,0.5,93.0
-67.03_18.08,6,0,1,5,0.16666666666666666,65.16666666666667
-67.03_18.09,7,0,3,5,0.2857142857142857,58.142857142857146
-67.03_18.14,1,0,1,1,0.0,232.0
-67.03_18.18,1,0,1,1,0.0,290.0
-67.03_18.19,1,0,1,1,0.0,189.0
-67.03_18.2,2,0,2,1,0.5,409.0
-67.03_18.21,2,2,1,2,0.0,421.0
-67.03_18.25,1,0,1,1,0.0,282.0
-67.03_18.31,1,0,1,0,1.0,154.0
-67.03_18.34,2,0,1,2,0.0,89.0
-67.03_18.36,5,0,2,2,0.6,73.8
-67.03_18.37,1,0,1,1,0.0,67.0
-67.03_18.38,5,0,2,5,0.0,135.4
-67.03_18.45,1,0,1,1,0.0,168.0
-67.03_18.46,7,0,1,4,0.42857142857142855,150.57142857142858
-67.03_18.47,1,0,1,1,0.0,118.0
-67.03_18.48,2,0,2,2,0.0,102.5
-67.03_18.49,2,0,1,1,0.5,93.0
-67.03_18.5,2,0,2,2,0.0,66.0
-67.03_18.51,35,0,3,31,0.11428571428571428,23.82857142857143
-67.04_17.96,13,0,3,12,0.07692307692307693,1.6923076923076923
-67.04_17.97,109,5,3,102,0.06422018348623854,7.495412844036697
-67.04_17.98,61,1,2,56,0.08196721311475409,36.114754098360656
-67.04_18.0,9,0,3,7,0.2222222222222222,25.88888888888889
-67.04_18.02,12,0,2,12,0.0,18.0
-67.04_18.03,159,3,3,138,0.1320754716981132,19.138364779874212
-67.04_18.05,5,0,2,5,0.0,64.0
-67.04_18.07,1,0,1,1,0.0,166.0
-67.04_18.08,20,0,3,16,0.2,61.75
-67.04_18.09,6,0,3,5,0.16666666666666666,44.0
-67.04_18.1,2,0,2,2,0.0,52.0
-67.04_18.14,5,0,2,3,0.4,180.4
-67.04_18.18,1,0,1,1,0.0,175.0
-67.04_18.19,6,1,2,1,0.8333333333333334,286.1666666666667
-67.04_18.2,1,0,1,1,0.0,311.0
-67.04_18.23,11,4,2,7,0.36363636363636365,258.72727272727275
-67.04_18.24,2,1,1,1,0.5,237.0
-67.04_18.25,4,1,1,4,0.0,268.0
-67.04_18.29,3,0,2,2,0.3333333333333333,61.333333333333336
-67.04_18.34,1,0,1,0,1.0,79.0
-67.04_18.35,1,0,1,1,0.0,67.0
-67.04_18.37,3,0,2,3,0.0,75.66666666666667
-67.04_18.38,1,0,1,1,0.0,103.0
-67.04_18.4,6,0,2,4,0.3333333333333333,257.1666666666667
-67.04_18.45,2,1,1,2,0.0,177.0
-67.04_18.47,9,0,2,7,0.2222222222222222,123.11111111111111
-67.04_18.48,3,0,2,1,0.6666666666666666,112.0
-67.04_18.5,13,0,2,13,0.0,77.84615384615384
-67.04_18.51,132,1,3,122,0.07575757575757576,2.0833333333333335
-67.05_17.93,2,0,1,2,0.0,0.0
-67.05_17.97,315,18,3,286,0.09206349206349207,9.368253968253969
-67.05_17.98,409,46,3,378,0.07579462102689487,17.52322738386308
-67.05_17.99,2,0,1,2,0.0,99.0
-67.05_18.0,9,2,3,8,0.1111111111111111,34.888888888888886
-67.05_18.01,8,0,3,8,0.0,18.125
-67.05_18.02,10,0,3,9,0.1,19.2
-67.05_18.03,56,0,3,50,0.10714285714285714,21.821428571428573
-67.05_18.04,9,0,3,8,0.1111111111111111,43.55555555555556
-67.05_18.05,28,2,3,26,0.07142857142857142,52.25
-67.05_18.06,2,0,2,1,0.5,106.5
-67.05_18.08,12,0,3,8,0.3333333333333333,65.75
-67.05_18.09,6,0,2,5,0.16666666666666666,91.83333333333333
-67.05_18.1,1,0,1,0,1.0,37.0
-67.05_18.11,1,0,1,1,0.0,65.0
-67.05_18.15,1,0,1,0,1.0,120.0
-67.05_18.21,1,0,1,0,1.0,337.0
-67.05_18.23,1,0,1,1,0.0,411.0
-67.05_18.26,1,0,1,1,0.0,274.0
-67.05_18.28,3,0,2,1,0.6666666666666666,42.666666666666664
-67.05_18.29,2,1,2,1,0.5,65.0
-67.05_18.34,2,0,2,2,0.0,84.0
-67.05_18.36,1,0,1,1,0.0,75.0
-67.05_18.38,1,0,1,1,0.0,83.0
-67.05_18.39,1,0,1,0,1.0,171.0
-67.05_18.44,1,0,1,0,1.0,187.0
-67.05_18.45,1,0,1,1,0.0,168.0
-67.05_18.46,16,0,1,8,0.5,145.25
-67.05_18.49,1,0,1,1,0.0,86.0
-67.05_18.5,1,0,1,1,0.0,88.0
-67.05_18.51,44,0,3,40,0.09090909090909091,5.9772727272727275
-67.06_17.97,81,10,3,73,0.09876543209876543,6.7407407407407405
-67.06_17.98,214,57,3,190,0.11214953271028037,23.33177570093458
-67.06_17.99,29,0,3,19,0.3448275862068966,71.20689655172414
-67.06_18.0,1,0,1,1,0.0,55.0
-67.06_18.01,2,0,1,2,0.0,19.0
-67.06_18.02,20,0,3,19,0.05,21.4
-67.06_18.04,3,0,2,3,0.0,41.0
-67.06_18.05,1,0,1,1,0.0,58.0
-67.06_18.07,2,0,2,2,0.0,72.0
-67.06_18.09,1,0,1,0,1.0,42.0
-67.06_18.15,2,1,1,2,0.0,73.5
-67.06_18.2,5,3,2,5,0.0,261.0
-67.06_18.24,1,1,1,1,0.0,363.0
-67.06_18.27,8,4,2,7,0.125,202.0
-67.06_18.33,1,0,1,0,1.0,124.0
-67.06_18.35,1,0,1,1,0.0,81.0
-67.06_18.39,1,0,1,0,1.0,67.0
-67.06_18.44,5,1,3,3,0.4,192.8
-67.06_18.45,84,6,2,66,0.21428571428571427,164.5
-67.06_18.46,3,0,2,3,0.0,141.66666666666666
-67.06_18.47,2,0,1,2,0.0,133.5
-67.06_18.48,1,0,1,1,0.0,81.0
-67.06_18.49,3,0,1,2,0.3333333333333333,76.33333333333333
-67.06_18.5,1,0,1,1,0.0,72.0
-67.06_18.51,69,0,3,63,0.08695652173913043,5.739130434782608
-67.07_17.97,25,12,3,23,0.08,6.04
-67.07_17.98,4,1,1,4,0.0,14.25
-67.07_17.99,1,0,1,0,1.0,60.0
-67.07_18.0,6,0,2,6,0.0,39.333333333333336
-67.07_18.01,10,0,2,8,0.2,22.0
-67.07_18.02,139,1,3,118,0.1510791366906475,18.81294964028777
-67.07_18.03,2,0,2,1,0.5,32.5
-67.07_18.04,2,0,2,2,0.0,38.0
-67.07_18.05,2,0,1,2,0.0,73.0
-67.07_18.07,4,0,1,3,0.25,153.0
-67.07_18.11,6,0,1,0,1.0,40.0
-67.07_18.12,2,0,2,2,0.0,42.5
-67.07_18.15,1,0,1,1,0.0,78.0
-67.07_18.19,1,0,1,1,0.0,293.0
-67.07_18.2,2,2,1,1,0.5,152.0
-67.07_18.21,4,4,2,3,0.25,269.0
-67.07_18.24,6,3,3,6,0.0,275.5
-67.07_18.25,1,0,1,1,0.0,97.0
-67.07_18.26,1,0,1,1,0.0,191.0
-67.07_18.28,1,1,1,1,0.0,86.0
-67.07_18.37,1,0,1,1,0.0,99.0
-67.07_18.38,1,0,1,1,0.0,86.0
-67.07_18.44,1,0,1,0,1.0,177.0
-67.07_18.46,3,0,2,3,0.0,140.0
-67.07_18.49,5,0,2,3,0.4,70.6
-67.07_18.5,8,0,2,8,0.0,77.0
-67.07_18.51,66,0,3,53,0.19696969696969696,10.090909090909092
-67.08_17.98,3,0,1,3,0.0,22.0
-67.08_17.99,1,0,1,1,0.0,85.0
-67.08_18.0,1,0,1,1,0.0,55.0
-67.08_18.02,19,0,2,13,0.3157894736842105,19.0
-67.08_18.03,2,0,2,1,0.5,33.0
-67.08_18.04,5,0,1,2,0.6,51.6
-67.08_18.08,1,0,1,1,0.0,38.0
-67.08_18.09,1,0,1,0,1.0,25.0
-67.08_18.16,4,0,1,1,0.75,70.25
-67.08_18.17,4,1,2,2,0.5,135.25
-67.08_18.23,1,0,1,1,0.0,179.0
-67.08_18.26,4,1,1,4,0.0,76.0
-67.08_18.33,1,0,1,1,0.0,149.0
-67.08_18.38,7,0,2,4,0.42857142857142855,102.57142857142857
-67.08_18.39,2,0,1,2,0.0,87.5
-67.08_18.4,2,0,1,2,0.0,141.0
-67.08_18.43,3,0,1,1,0.6666666666666666,201.0
-67.08_18.44,1,0,1,1,0.0,174.0
-67.08_18.47,1,0,1,1,0.0,129.0
-67.08_18.49,2,0,1,2,0.0,73.5
-67.08_18.5,1,0,1,1,0.0,45.0
-67.08_18.51,25,0,2,23,0.08,5.32
-67.09_17.96,1,0,1,1,0.0,11.0
-67.09_17.99,1,0,1,1,0.0,58.0
-67.09_18.01,9,1,3,6,0.3333333333333333,26.77777777777778
-67.09_18.03,8,0,2,7,0.125,30.75
-67.09_18.13,1,0,1,1,0.0,32.0
-67.09_18.14,1,0,1,1,0.0,40.0
-67.09_18.15,2,0,2,1,0.5,54.5
-67.09_18.16,2,0,1,2,0.0,128.0
-67.09_18.17,3,1,2,2,0.3333333333333333,215.0
-67.09_18.18,1,0,1,1,0.0,385.0
-67.09_18.19,1,0,1,0,1.0,207.0
-67.09_18.36,3,0,2,2,0.3333333333333333,52.666666666666664
-67.09_18.39,1,0,1,1,0.0,60.0
-67.09_18.4,1,0,1,1,0.0,74.0
-67.09_18.44,20,0,3,16,0.2,173.9
-67.09_18.45,1,0,1,1,0.0,150.0
-67.09_18.48,2,0,1,1,0.5,72.0
-67.09_18.5,1,0,1,1,0.0,71.0
-67.09_18.51,16,0,2,15,0.0625,9.5
-67.09_18.52,12,0,3,7,0.4166666666666667,1.6666666666666667
-67.0_17.97,105,5,3,81,0.22857142857142856,3.0
-67.0_17.99,4,0,2,4,0.0,51.5
-67.0_18.02,13,1,2,12,0.07692307692307693,6.0
-67.0_18.1,1,0,1,0,1.0,118.0
-67.0_18.12,1,0,1,1,0.0,345.0
-67.0_18.13,1,0,1,1,0.0,386.0
-67.0_18.15,1,0,1,0,1.0,550.0
-67.0_18.16,494,218,3,314,0.3643724696356275,749.4696356275304
-67.0_18.18,2,1,1,2,0.0,515.0
-67.0_18.2,1,0,1,0,1.0,484.0
-67.0_18.21,22,15,3,19,0.13636363636363635,533.5
-67.0_18.22,5,1,1,0,1.0,462.8
-67.0_18.25,1,0,1,1,0.0,269.0
-67.0_18.29,2,0,2,2,0.0,205.0
-67.0_18.32,3,0,1,3,0.0,99.0
-67.0_18.33,1,0,1,0,1.0,65.0
-67.0_18.34,1,0,1,1,0.0,65.0
-67.0_18.35,14,4,2,9,0.35714285714285715,85.64285714285714
-67.0_18.36,6,0,2,6,0.0,84.0
-67.0_18.37,1,0,1,1,0.0,190.0
-67.0_18.4,5,1,1,4,0.2,319.0
-67.0_18.44,1,0,1,1,0.0,166.0
-67.0_18.45,3,0,2,2,0.3333333333333333,159.0
-67.0_18.47,1,0,1,1,0.0,109.0
-67.0_18.48,9,0,1,8,0.1111111111111111,106.77777777777777
-67.0_18.49,3,0,1,3,0.0,64.33333333333333
-67.11_17.95,6,0,2,5,0.16666666666666666,8.0
-67.11_17.97,5,1,2,4,0.2,33.8
-67.11_17.98,6,1,2,5,0.16666666666666666,57.0
-67.11_17.99,1,0,1,1,0.0,110.0
-67.11_18.0,5,0,2,5,0.0,114.2
-67.11_18.01,691,31,3,593,0.14182344428364688,19.573082489146167
-67.11_18.02,54,1,3,42,0.2222222222222222,19.38888888888889
-67.11_18.03,24,0,3,19,0.20833333333333334,24.708333333333332
-67.11_18.05,1,1,1,1,0.0,70.0
-67.11_18.06,1,0,1,1,0.0,95.0
-67.11_18.07,1,0,1,1,0.0,179.0
-67.11_18.08,7,0,2,5,0.2857142857142857,50.142857142857146
-67.11_18.12,1,0,1,0,1.0,22.0
-67.11_18.13,2,0,1,2,0.0,24.0
-67.11_18.14,2,0,2,2,0.0,44.5
-67.11_18.15,1,0,1,1,0.0,66.0
-67.11_18.16,1,0,1,0,1.0,82.0
-67.11_18.17,1,0,1,1,0.0,116.0
-67.11_18.18,3,0,2,2,0.3333333333333333,261.0
-67.11_18.21,2,0,1,2,0.0,92.5
-67.11_18.22,3,0,2,3,0.0,132.66666666666666
-67.11_18.23,46,7,3,31,0.32608695652173914,195.02173913043478
-67.11_18.25,1,0,1,1,0.0,133.0
-67.11_18.28,2,0,1,2,0.0,21.0
-67.11_18.29,1,0,1,1,0.0,11.0
-67.11_18.35,1,0,1,0,1.0,86.0
-67.11_18.37,1,0,1,0,1.0,20.0
-67.11_18.39,3,1,2,2,0.3333333333333333,39.666666666666664
-67.11_18.4,2,0,1,2,0.0,144.0
-67.11_18.45,2,0,2,2,0.0,146.5
-67.11_18.46,1,0,1,1,0.0,107.0
-67.11_18.47,13,0,3,13,0.0,107.61538461538461
-67.11_18.48,1,0,1,1,0.0,69.0
-67.11_18.49,8,0,2,7,0.125,65.0
-67.11_18.5,1,0,1,1,0.0,66.0
-67.11_18.51,53,0,3,44,0.16981132075471697,26.37735849056604
-67.11_18.52,2,0,1,2,0.0,0.0
-67.12_17.98,3,0,2,2,0.3333333333333333,66.33333333333333
-67.12_18.0,2,1,1,1,0.5,198.5
-67.12_18.01,2,1,1,2,0.0,23.0
-67.12_18.02,1,0,1,1,0.0,20.0
-67.12_18.06,2,0,1,2,0.0,139.5
-67.12_18.08,3,0,2,3,0.0,235.0
-67.12_18.13,4,0,1,3,0.25,19.5
-67.12_18.14,7,0,2,4,0.42857142857142855,25.285714285714285
-67.12_18.15,1,0,1,1,0.0,83.0
-67.12_18.17,1,0,1,1,0.0,78.0
-67.12_18.18,7,0,1,4,0.42857142857142855,181.85714285714286
-67.12_18.19,9,0,3,7,0.2222222222222222,216.11111111111111
-67.12_18.21,1,0,1,1,0.0,43.0
-67.12_18.23,38,3,3,31,0.18421052631578946,41.81578947368421
-67.12_18.28,2,0,1,2,0.0,44.0
-67.12_18.29,1,0,1,1,0.0,27.0
-67.12_18.37,1,0,1,1,0.0,17.0
-67.12_18.38,3,0,2,1,0.6666666666666666,28.666666666666668
-67.12_18.39,1,0,1,0,1.0,39.0
-67.12_18.4,10,1,2,9,0.1,49.6
-67.12_18.42,2,0,2,0,1.0,205.5
-67.12_18.44,5,0,2,4,0.2,164.0
-67.12_18.46,6,0,2,4,0.3333333333333333,117.83333333333333
-67.12_18.47,1,0,1,1,0.0,87.0
-67.12_18.48,2,0,2,2,0.0,73.0
-67.12_18.49,1,0,1,1,0.0,70.0
-67.12_18.5,2,0,1,1,0.5,61.5
-67.12_18.51,52,0,3,42,0.19230769230769232,10.615384615384615
-67.12_18.57,1,0,1,1,0.0,0.0
-67.13_17.95,166,53,3,147,0.1144578313253012,8.740963855421686
-67.13_17.96,21,4,3,21,0.0,22.904761904761905
-67.13_17.97,3,0,2,3,0.0,33.333333333333336
-67.13_17.98,30,3,2,28,0.06666666666666667,70.26666666666667
-67.13_17.99,77,17,3,72,0.06493506493506493,161.6883116883117
-67.13_18.0,28,8,3,26,0.07142857142857142,136.71428571428572
-67.13_18.01,3,0,2,3,0.0,24.333333333333332
-67.13_18.02,16,0,2,9,0.4375,14.6875
-67.13_18.03,4,0,2,4,0.0,24.25
-67.13_18.05,11,1,2,11,0.0,98.0
-67.13_18.09,2,0,1,1,0.5,26.0
-67.13_18.11,3,0,3,3,0.0,13.333333333333334
-67.13_18.13,2,0,2,2,0.0,13.0
-67.13_18.14,1,0,1,1,0.0,11.0
-67.13_18.16,1,0,1,1,0.0,128.0
-67.13_18.17,11,0,3,10,0.09090909090909091,40.81818181818182
-67.13_18.2,1,0,1,1,0.0,67.0
-67.13_18.21,6,0,3,6,0.0,26.833333333333332
-67.13_18.22,5,0,3,3,0.4,35.0
-67.13_18.23,19,3,2,13,0.3157894736842105,65.21052631578948
-67.13_18.24,3,0,2,2,0.3333333333333333,43.0
-67.13_18.26,6,0,3,6,0.0,12.0
-67.13_18.27,4,0,3,4,0.0,12.25
-67.13_18.29,10,2,3,6,0.4,19.1
-67.13_18.3,3,0,2,2,0.3333333333333333,68.0
-67.13_18.33,3,0,1,3,0.0,123.0
-67.13_18.36,2,0,1,1,0.5,174.0
-67.13_18.37,3,0,2,3,0.0,83.0
-67.13_18.43,2,0,1,1,0.5,190.5
-67.13_18.46,137,0,3,101,0.26277372262773724,120.0
-67.13_18.48,1,0,1,0,1.0,77.0
-67.13_18.5,25,1,3,24,0.04,64.56
-67.13_18.51,3,0,2,3,0.0,33.333333333333336
-67.14_17.95,14,3,3,14,0.0,2.7857142857142856
-67.14_17.96,30,8,2,28,0.06666666666666667,20.433333333333334
-67.14_17.98,12,4,3,11,0.08333333333333333,78.41666666666667
-67.14_17.99,2,0,1,2,0.0,51.0
-67.14_18.0,3,0,1,3,0.0,14.333333333333334
-67.14_18.02,1,1,1,0,1.0,22.0
-67.14_18.03,4,1,2,3,0.25,35.0
-67.14_18.04,3,0,1,0,1.0,25.333333333333332
-67.14_18.08,22,2,3,20,0.09090909090909091,47.63636363636363
-67.14_18.09,2,0,2,2,0.0,27.0
-67.14_18.12,1,0,1,1,0.0,13.0
-67.14_18.14,1,0,1,1,0.0,11.0
-67.14_18.15,2,0,1,1,0.5,16.5
-67.14_18.16,5,0,2,4,0.2,19.2
-67.14_18.17,29,4,1,28,0.034482758620689655,35.89655172413793
-67.14_18.18,2,0,1,2,0.0,34.0
-67.14_18.19,9,0,3,7,0.2222222222222222,26.11111111111111
-67.14_18.2,16,0,3,13,0.1875,17.9375
-67.14_18.21,96,4,3,83,0.13541666666666666,15.59375
-67.14_18.22,5,0,2,3,0.4,27.0
-67.14_18.23,2,0,1,2,0.0,87.0
-67.14_18.24,2,0,1,2,0.0,39.0
-67.14_18.26,4,0,3,4,0.0,12.0
-67.14_18.29,3,0,2,2,0.3333333333333333,19.666666666666668
-67.14_18.37,3,0,2,2,0.3333333333333333,26.333333333333332
-67.14_18.4,5,0,3,5,0.0,30.0
-67.14_18.42,7,0,2,6,0.14285714285714285,124.42857142857143
-67.14_18.44,2,0,1,0,1.0,138.5
-67.14_18.45,1,0,1,1,0.0,151.0
-67.14_18.46,1,0,1,1,0.0,127.0
-67.14_18.47,10,0,2,5,0.5,101.6
-67.14_18.49,2,0,1,0,1.0,63.0
-67.14_18.5,117,0,3,112,0.042735042735042736,66.22222222222223
-67.14_18.51,54,0,3,42,0.2222222222222222,15.444444444444445
-67.15_17.98,8,0,3,7,0.125,47.125
-67.15_18.0,3,0,1,3,0.0,13.666666666666666
-67.15_18.01,122,4,3,101,0.1721311475409836,6.172131147540983
-67.15_18.02,176,3,3,159,0.09659090909090909,6.7102272727272725
-67.15_18.03,4,0,3,3,0.25,26.0
-67.15_18.06,10,0,2,9,0.1,67.4
-67.15_18.08,212,0,3,154,0.27358490566037735,27.702830188679247
-67.15_18.09,2,0,1,2,0.0,28.0
-67.15_18.11,1,0,1,1,0.0,63.0
-67.15_18.13,1,0,1,1,0.0,15.0
-67.15_18.14,2,0,2,2,0.0,25.0
-67.15_18.15,1,0,1,1,0.0,10.0
-67.15_18.16,2,0,2,2,0.0,15.0
-67.15_18.17,5,0,2,2,0.6,11.8
-67.15_18.18,3,0,1,2,0.3333333333333333,17.0
-67.15_18.19,14,0,3,12,0.14285714285714285,4.142857142857143
-67.15_18.2,35,0,3,30,0.14285714285714285,3.742857142857143
-67.15_18.21,19,0,3,16,0.15789473684210525,4.0
-67.15_18.22,3,0,2,2,0.3333333333333333,17.0
-67.15_18.23,159,1,3,140,0.11949685534591195,48.21383647798742
-67.15_18.24,25,0,1,20,0.2,11.2
-67.15_18.25,7,0,3,6,0.14285714285714285,11.0
-67.15_18.27,1,0,1,1,0.0,8.0
-67.15_18.28,2,0,2,2,0.0,9.0
-67.15_18.3,2,0,2,2,0.0,25.0
-67.15_18.31,3,0,2,3,0.0,99.33333333333333
-67.15_18.32,2,0,1,2,0.0,270.0
-67.15_18.33,9,0,2,9,0.0,222.11111111111111
-67.15_18.37,1,0,1,1,0.0,48.0
-67.15_18.39,1,0,1,1,0.0,5.0
-67.15_18.41,4,0,3,2,0.5,41.25
-67.15_18.42,12,1,3,6,0.5,109.83333333333333
-67.15_18.43,14,0,3,11,0.21428571428571427,23.5
-67.15_18.44,1,0,1,0,1.0,133.0
-67.15_18.45,1,0,1,1,0.0,133.0
-67.15_18.46,252,0,2,190,0.24603174603174602,68.58730158730158
-67.15_18.47,5,0,3,2,0.6,70.4
-67.15_18.48,3,0,1,2,0.3333333333333333,69.33333333333333
-67.15_18.49,66,0,3,60,0.09090909090909091,69.46969696969697
-67.15_18.5,23,0,2,21,0.08695652173913043,65.3913043478261
-67.16_17.96,20,1,3,18,0.1,8.0
-67.16_17.97,2,0,1,1,0.5,33.0
-67.16_17.98,1,0,1,1,0.0,25.0
-67.16_17.99,7,0,3,5,0.2857142857142857,44.857142857142854
-67.16_18.0,101,23,3,96,0.04950495049504951,16.0
-67.16_18.01,750,24,3,620,0.17333333333333334,5.057333333333333
-67.16_18.02,16,1,3,14,0.125,6.4375
-67.16_18.03,9,0,3,6,0.3333333333333333,11.11111111111111
-67.16_18.05,1,0,1,1,0.0,33.0
-67.16_18.06,2,0,1,2,0.0,50.0
-67.16_18.08,6,0,3,4,0.3333333333333333,29.0
-67.16_18.09,5,0,2,3,0.4,26.0
-67.16_18.1,3,0,2,3,0.0,28.666666666666668
-67.16_18.11,4,0,2,4,0.0,23.5
-67.16_18.15,11,3,2,11,0.0,26.0
-67.16_18.19,15,0,3,13,0.13333333333333333,4.066666666666666
-67.16_18.21,296,0,3,269,0.09121621621621621,1.162162162162162
-67.16_18.22,7,0,3,5,0.2857142857142857,3.2857142857142856
-67.16_18.23,5,0,2,5,0.0,33.4
-67.16_18.24,12,0,3,12,0.0,22.833333333333332
-67.16_18.25,5,0,2,5,0.0,4.8
-67.16_18.27,5,0,3,5,0.0,8.6
-67.16_18.28,17,0,3,17,0.0,4.294117647058823
-67.16_18.29,3,0,2,3,0.0,5.666666666666667
-67.16_18.34,2,0,1,2,0.0,67.0
-67.16_18.35,3,0,1,3,0.0,158.0
-67.16_18.36,7,0,2,7,0.0,66.0
-67.16_18.37,2,0,1,2,0.0,19.0
-67.16_18.38,27,0,3,23,0.14814814814814814,8.481481481481481
-67.16_18.39,4,0,2,1,0.75,6.75
-67.16_18.4,2,0,2,2,0.0,8.0
-67.16_18.41,234,0,3,198,0.15384615384615385,8.264957264957266
-67.16_18.42,21,0,3,15,0.2857142857142857,8.0
-67.16_18.43,131,1,3,113,0.13740458015267176,1.900763358778626
-67.16_18.44,34,0,2,27,0.20588235294117646,9.0
-67.16_18.45,5,0,3,4,0.2,35.0
-67.16_18.46,135,2,3,111,0.17777777777777778,13.992592592592592
-67.16_18.47,4,0,3,3,0.25,49.25
-67.16_18.48,2,0,2,2,0.0,16.0
-67.16_18.49,217,5,3,189,0.12903225806451613,13.728110599078342
-67.16_20.35,1,0,1,0,1.0,0.0
-67.17_17.97,64,3,3,55,0.140625,3.3125
-67.17_17.98,308,41,3,274,0.11038961038961038,18.194805194805195
-67.17_17.99,3,2,2,3,0.0,30.666666666666668
-67.17_18.0,10,4,3,9,0.1,13.2
-67.17_18.01,33,3,3,26,0.21212121212121213,8.242424242424242
-67.17_18.02,91,0,3,75,0.17582417582417584,8.043956043956044
-67.17_18.03,47,0,3,37,0.2127659574468085,12.659574468085106
-67.17_18.04,2,0,1,2,0.0,37.0
-67.17_18.05,3,0,1,2,0.3333333333333333,51.0
-67.17_18.07,2,1,1,2,0.0,23.0
-67.17_18.08,1,0,1,0,1.0,25.0
-67.17_18.11,7,0,3,6,0.14285714285714285,50.285714285714285
-67.17_18.12,3,0,1,1,0.6666666666666666,17.666666666666668
-67.17_18.13,1,0,1,1,0.0,13.0
-67.17_18.14,1,0,1,1,0.0,69.0
-67.17_18.17,12,0,3,12,0.0,2.9166666666666665
-67.17_18.18,31,0,3,27,0.12903225806451613,3.806451612903226
-67.17_18.19,2,0,2,2,0.0,2.5
-67.17_18.22,3,0,1,2,0.3333333333333333,1.3333333333333333
-67.17_18.23,1,0,1,0,1.0,6.0
-67.17_18.24,1,0,1,0,1.0,0.0
-67.17_18.25,4,0,3,2,0.5,4.5
-67.17_18.26,3,0,1,3,0.0,5.666666666666667
-67.17_18.27,1,0,1,1,0.0,4.0
-67.17_18.29,5,0,2,4,0.2,2.8
-67.17_18.3,2,1,1,2,0.0,14.5
-67.17_18.33,1,1,1,1,0.0,272.0
-67.17_18.36,12,0,2,12,0.0,40.666666666666664
-67.17_18.39,7,0,3,6,0.14285714285714285,24.428571428571427
-67.17_18.4,4,0,1,4,0.0,9.0
-67.17_18.41,20,0,2,14,0.3,5.8
-67.17_18.46,1,0,1,1,0.0,9.0
-67.17_18.47,48,1,3,44,0.08333333333333333,13.5
-67.17_18.48,12,0,3,9,0.25,7.083333333333333
-67.18_17.94,1,0,1,1,0.0,0.0
-67.18_17.96,3,0,2,3,0.0,2.3333333333333335
-67.18_17.97,574,18,3,516,0.10104529616724739,3.681184668989547
-67.18_17.98,92,2,3,88,0.043478260869565216,14.152173913043478
-67.18_17.99,3,0,1,3,0.0,38.666666666666664
-67.18_18.0,40,13,3,32,0.2,20.875
-67.18_18.02,3,0,1,2,0.3333333333333333,0.0
-67.18_18.03,290,2,3,245,0.15517241379310345,11.872413793103448
-67.18_18.04,23,0,2,17,0.2608695652173913,25.26086956521739
-67.18_18.09,2,0,1,1,0.5,32.0
-67.18_18.1,7,0,3,7,0.0,18.142857142857142
-67.18_18.11,7,0,2,5,0.2857142857142857,6.285714285714286
-67.18_18.12,28,0,3,23,0.17857142857142858,5.071428571428571
-67.18_18.13,29,0,3,27,0.06896551724137931,4.448275862068965
-67.18_18.14,12,0,2,11,0.08333333333333333,7.75
-67.18_18.15,2,0,1,2,0.0,4.5
-67.18_18.16,35,2,3,35,0.0,14.285714285714286
-67.18_18.17,13,1,3,10,0.23076923076923078,3.3076923076923075
-67.18_18.25,26,1,3,22,0.15384615384615385,6.961538461538462
-67.18_18.26,3,0,2,3,0.0,5.0
-67.18_18.3,1,1,1,1,0.0,40.0
-67.18_18.36,1,0,1,1,0.0,46.0
-67.18_18.37,1,0,1,1,0.0,43.0
-67.18_18.38,4,0,1,3,0.25,24.5
-67.18_18.39,5,0,2,4,0.2,16.8
-67.18_18.4,4,0,1,2,0.5,5.5
-67.18_18.41,101,0,3,80,0.2079207920792079,3.722772277227723
-67.19_17.93,192,7,3,167,0.13020833333333334,25.619791666666668
-67.19_17.94,658,22,3,590,0.1033434650455927,6.721884498480243
-67.19_17.95,84,0,3,71,0.15476190476190477,3.4761904761904763
-67.19_17.96,13,1,2,9,0.3076923076923077,0.9230769230769231
-67.19_17.97,9,0,3,8,0.1111111111111111,12.11111111111111
-67.19_17.98,327,11,3,300,0.08256880733944955,16.425076452599388
-67.19_18.0,2,0,1,1,0.5,8.0
-67.19_18.03,60,12,2,48,0.2,6.25
-67.19_18.04,6,0,2,6,0.0,21.666666666666668
-67.19_18.05,11,2,2,9,0.18181818181818182,17.636363636363637
-67.19_18.06,9,1,3,6,0.3333333333333333,21.88888888888889
-67.19_18.07,7,0,1,1,0.8571428571428571,2.7142857142857144
-67.19_18.08,6,0,2,4,0.3333333333333333,15.666666666666666
-67.19_18.09,19,0,3,15,0.21052631578947367,11.421052631578947
-67.19_18.1,20,0,3,15,0.25,11.85
-67.19_18.12,1,0,1,1,0.0,0.0
-67.19_18.14,30,0,2,30,0.0,6.433333333333334
-67.19_18.26,7,0,2,5,0.2857142857142857,2.5714285714285716
-67.19_18.27,247,0,3,219,0.11336032388663968,1.9878542510121457
-67.19_18.28,36,0,3,35,0.027777777777777776,7.083333333333333
-67.19_18.29,5,0,3,5,0.0,7.0
-67.19_18.3,1,0,1,1,0.0,12.0
-67.19_18.32,3,0,2,2,0.3333333333333333,288.6666666666667
-67.19_18.33,2,0,2,1,0.5,231.0
-67.19_18.36,10,0,2,10,0.0,82.6
-67.19_18.37,6,0,1,4,0.3333333333333333,18.5
-67.19_18.38,1,0,1,1,0.0,23.0
-67.19_18.39,1,0,1,1,0.0,13.0
-67.19_18.4,5,0,2,5,0.0,9.2
-67.1_17.96,5,0,2,3,0.4,9.0
-67.1_17.97,5,2,1,5,0.0,28.6
-67.1_17.98,2,1,1,2,0.0,43.0
-67.1_17.99,14,0,3,12,0.14285714285714285,64.0
-67.1_18.0,1,0,1,1,0.0,103.0
-67.1_18.01,784,45,3,651,0.16964285714285715,18.4859693877551
-67.1_18.02,14,0,3,10,0.2857142857142857,16.714285714285715
-67.1_18.03,9,0,3,8,0.1111111111111111,27.77777777777778
-67.1_18.04,1,0,1,1,0.0,128.0
-67.1_18.08,5,1,2,3,0.4,63.0
-67.1_18.1,1,0,1,1,0.0,19.0
-67.1_18.13,2,0,1,2,0.0,35.0
-67.1_18.14,1,0,1,1,0.0,97.0
-67.1_18.15,4,0,2,3,0.25,87.5
-67.1_18.16,1,0,1,1,0.0,105.0
-67.1_18.18,1,0,1,0,1.0,319.0
-67.1_18.2,2,0,2,2,0.0,126.5
-67.1_18.22,2,0,1,2,0.0,276.0
-67.1_18.23,1,0,1,1,0.0,267.0
-67.1_18.28,2,0,2,2,0.0,50.0
-67.1_18.29,1,0,1,1,0.0,87.0
-67.1_18.34,2,0,1,0,1.0,122.0
-67.1_18.39,2,0,2,2,0.0,62.5
-67.1_18.4,2,0,1,2,0.0,66.0
-67.1_18.41,1,0,1,1,0.0,228.0
-67.1_18.44,1,0,1,1,0.0,189.0
-67.1_18.45,1,0,1,1,0.0,145.0
-67.1_18.47,1,0,1,1,0.0,107.0
-67.1_18.48,1,0,1,1,0.0,88.0
-67.1_18.49,2,0,2,2,0.0,65.5
-67.1_18.5,38,1,2,31,0.18421052631578946,66.71052631578948
-67.1_18.51,96,0,3,82,0.14583333333333334,7.28125
-67.1_18.52,4,0,1,4,0.0,6.0
-67.21_17.95,8,0,3,7,0.125,1.875
-67.21_17.96,22,2,3,20,0.09090909090909091,1.0909090909090908
-67.21_17.97,225,18,3,200,0.1111111111111111,1.3111111111111111
-67.21_17.98,120,5,3,104,0.13333333333333333,8.025
-67.21_17.99,17,0,3,16,0.058823529411764705,23.470588235294116
-67.21_18.0,1,0,1,1,0.0,11.0
-67.21_18.07,1,0,1,0,1.0,0.0
-67.21_18.29,3,0,2,1,0.6666666666666666,8.0
-67.21_18.3,9,0,3,9,0.0,15.88888888888889
-67.21_18.32,4,0,1,4,0.0,199.0
-67.21_18.34,1,0,1,1,0.0,115.0
-67.21_18.38,7,0,2,4,0.42857142857142855,5.428571428571429
-67.21_18.39,5,0,1,5,0.0,1.2
-67.22_17.98,2,0,1,2,0.0,8.0
-67.22_18.3,15,0,3,12,0.2,18.933333333333334
-67.22_18.31,1,0,1,1,0.0,51.0
-67.22_18.33,1,0,1,1,0.0,123.0
-67.22_18.34,2,0,2,2,0.0,82.5
-67.22_18.37,3,0,2,3,0.0,19.0
-67.22_18.38,7,0,2,6,0.14285714285714285,6.428571428571429
-67.23_18.3,11,0,2,10,0.09090909090909091,23.454545454545453
-67.23_18.31,5,1,2,5,0.0,25.8
-67.23_18.35,2,1,1,2,0.0,61.5
-67.23_18.36,1,0,1,1,0.0,29.0
-67.23_18.38,7,0,2,5,0.2857142857142857,5.0
-67.23_18.78,1,0,1,1,0.0,0.0
-67.24_18.3,2,0,2,2,0.0,6.5
-67.24_18.31,90,0,3,77,0.14444444444444443,7.0777777777777775
-67.24_18.32,54,0,2,51,0.05555555555555555,7.351851851851852
-67.24_18.33,7,0,2,5,0.2857142857142857,43.285714285714285
-67.24_18.34,2,0,2,2,0.0,37.5
-67.24_18.35,5,0,1,5,0.0,82.4
-67.24_18.36,63,0,2,59,0.06349206349206349,53.698412698412696
-67.24_18.37,2,1,1,2,0.0,17.0
-67.25_18.32,13,0,3,8,0.38461538461538464,6.615384615384615
-67.25_18.33,32,0,3,27,0.15625,8.0
-67.25_18.34,102,2,3,85,0.16666666666666666,14.764705882352942
-67.25_18.35,9,0,3,6,0.3333333333333333,67.11111111111111
-67.25_18.36,10,0,2,10,0.0,73.7
-67.25_18.37,31,4,3,26,0.16129032258064516,5.774193548387097
-67.25_18.8,1,0,1,1,0.0,0.0
-67.26_18.33,1,0,1,1,0.0,0.0
-67.26_18.34,32,1,3,26,0.1875,6.96875
-67.26_18.35,130,2,3,111,0.14615384615384616,10.238461538461538
-67.26_18.36,16,0,3,14,0.125,65.8125
-67.26_18.37,24,1,2,21,0.125,14.125
-67.27_18.34,2,0,1,2,0.0,0.0
-67.27_18.35,16,0,3,14,0.125,7.5
-67.27_18.36,463,14,3,407,0.12095032397408208,13.991360691144708
-67.27_18.37,5,0,2,5,0.0,5.6
-67.29_20.45,1,0,1,0,1.0,0.0
-67.2_17.93,1,0,1,1,0.0,5.0
-67.2_17.94,4,0,3,4,0.0,3.75
-67.2_17.95,358,13,3,300,0.16201117318435754,6.888268156424581
-67.2_17.96,556,39,3,505,0.09172661870503597,6.366906474820144
-67.2_17.98,13,1,2,12,0.07692307692307693,20.153846153846153
-67.2_17.99,1,0,1,1,0.0,42.0
-67.2_18.0,5,1,3,5,0.0,8.0
-67.2_18.03,1,0,1,1,0.0,5.0
-67.2_18.04,324,27,3,281,0.13271604938271606,7.012345679012346
-67.2_18.05,55,4,3,51,0.07272727272727272,8.036363636363637
-67.2_18.06,18,0,3,18,0.0,7.444444444444445
-67.2_18.07,5,0,2,4,0.2,6.6
-67.2_18.08,10,0,2,8,0.2,6.5
-67.2_18.1,2,0,2,2,0.0,10.5
-67.2_18.29,14,0,3,12,0.14285714285714285,12.071428571428571
-67.2_18.37,1,0,1,1,0.0,19.0
-67.2_18.38,6,0,2,6,0.0,14.666666666666666
-67.2_18.39,4,0,2,3,0.25,8.25
-67.2_19.11,1,0,1,1,0.0,0.0
-67.35_18.16,1,0,1,1,0.0,0.0
-67.3_18.37,1,0,1,1,0.0,0.0
-67.42_19.5,1,0,1,1,0.0,0.0
-67.47_18.34,1,0,1,1,0.0,0.0
-67.47_18.37,1,0,1,0,1.0,0.0
-67.68_17.87,1,0,1,1,0.0,0.0
-67.69_16.93,1,0,1,1,0.0,0.0
-67.69_19.19,1,0,1,0,1.0,0.0
-67.78_18.55,1,0,1,1,0.0,0.0
-67.81_18.44,1,0,1,1,0.0,0.0
-67.83_17.15,1,0,1,1,0.0,0.0
-67.84_18.13,1,0,1,1,0.0,0.0
-67.85_18.08,2,0,2,2,0.0,40.0
-67.85_18.09,3,0,2,3,0.0,48.333333333333336
-67.87_18.06,1,0,1,1,0.0,12.0
-67.87_18.07,2,0,1,2,0.0,9.0
-67.87_18.09,1,0,1,1,0.0,52.0
-67.87_18.11,1,0,1,1,0.0,62.0
-67.87_18.42,1,0,1,1,0.0,0.0
-67.88_18.06,1,0,1,0,1.0,9.0
-67.89_18.09,7,0,3,7,0.0,60.57142857142857
-67.91_18.06,2,0,1,1,0.5,6.0
-67.92_18.06,1,0,1,1,0.0,0.0
-67.93_18.07,11,0,3,10,0.09090909090909091,5.090909090909091
-67.93_18.08,15,0,3,12,0.2,8.533333333333333
-67.94_18.08,12,0,3,7,0.4166666666666667,7.5
-67.94_18.09,32,0,3,19,0.40625,8.75
-67.95_18.16,2,0,2,1,0.5,31.5
-68.04_15.17,1,0,1,0,1.0,0.0
-68.06_16.6,1,0,1,0,1.0,0.0
-68.46_15.34,1,0,1,0,1.0,0.0
