site,elev_z,veg_z,elev_m,veg_raw,psi_Predicted,psi_SE,psi_lower,psi_upper,col_Predicted,col_SE,col_lower,col_upper,ext_Predicted,ext_SE,ext_lower,ext_upper,elev_band,green_band,cell,reported_periods,all_nine_visits,pattern
-65.23_18.32,-0.454571025537484,1.2547272255529,18.3333333333333,0.790759842949819,0.161603339759615,0.0343157616552503,0.105009897703884,0.240500958513243,0.0603994894810711,0.0183380071064142,0.0329966827820535,0.108017487156379,0.312098970870539,0.0960269406063381,0.158828860377981,0.521566265098557,Low,High,Low_High,0,True,000
-65.25_18.31,-0.495696101179227,-0.0391493617581759,9.5,0.520004638336308,0.0781487581387028,0.0134658909888435,0.0555078392039432,0.108959243057692,0.0563721337612692,0.0093793340714712,0.0405687766928844,0.07783220252617,0.574023892709625,0.0805000476349347,0.41411890139711,0.71981401579313,Low,Mid,Low_Mid,0,False,000
-65.25_18.32,-0.524095681716731,-1.78198665395238,3.4,0.155300405889564,0.028477065073599,0.011069911162693,0.013203306654468,0.0603393145629713,0.0513454685685484,0.0143607721002802,0.0294743124213548,0.0879747952196347,0.851347362669972,0.0889905379045557,0.590735590613592,0.957848072835116,Low,Low,Low_Low,0,False,000
-65.26_18.3,-0.529948522670597,-0.245112490856077,2.14285714285714,0.476905018396795,0.0663506090190237,0.0124716363687094,0.0457063119636967,0.0953873371337956,0.0557548040389101,0.008878550841517,0.0407005530960701,0.075936523049113,0.620463557896729,0.083227276983273,0.449873485798532,0.765704715072008,Low,Mid,Low_Mid,0,False,000
-65.26_18.31,-0.438574624562177,0.409581621795146,21.7692307692308,0.613905594934413,0.107905337075747,0.0170839657919902,0.0786986894237763,0.146230738348738,0.0577394255002306,0.0115975314991546,0.0387857916002315,0.0851348693822285,0.472502607639375,0.0789522323313823,0.32498574170153,0.624982554880195,Low,Mid,Low_Mid,0,True,000
-65.26_18.32,-0.473264241738276,-0.570626045950707,14.3181818181818,0.408788406597459,0.0606295932357731,0.0130606836986863,0.0395480245703816,0.0918739815630799,0.0547921050402767,0.0088664672679787,0.0397949896419625,0.0749995737698994,0.671978625557575,0.088925800983031,0.481617255114023,0.818743791668323,Low,Low,Low_Low,0,True,000
-65.27_18.14,-0.507335273530663,-1.6300823338044,7.0,0.187087738380691,0.0318706344712613,0.011627829653432,0.0154846027060539,0.0644612687899685,0.0517661626169257,0.0134426296817023,0.0309299175769794,0.0854019417400722,0.833246738387615,0.0919239326166256,0.577409173145535,0.948116785146672,Low,Low,Low_Low,0,False,000
-65.28_18.31,-0.504690007087155,0.515834465662016,7.56818181818182,0.636139949249246,0.10346611739888,0.0176421629312888,0.07364120982829,0.143499057060044,0.0580677091367069,0.0122988176438221,0.0381608211871132,0.0874153913238,0.462698517209769,0.0826839558073213,0.309738535491862,0.623017213187982,Low,Mid,Low_Mid,0,True,000
-65.28_18.32,-0.27338790926679,0.794329837578816,57.25,0.694417587276497,0.165730583578298,0.0250892183123107,0.122190776712961,0.220880929891123,0.0589364902365411,0.0143683161326668,0.0363231349044058,0.0942511330797027,0.367282077406187,0.0781899018541184,0.230878883504032,0.528859413520388,Low,Mid,Low_Mid,0,False,000
-65.29_18.28,-0.491705527801591,-0.337592462479925,10.3571428571429,0.457552760318068,0.0669166416725489,0.0128930117459278,0.0456616047536111,0.0970594386865816,0.0554796895431658,0.0087776366454498,0.0405833577526127,0.0754140079448746,0.631739390485747,0.0846298897390247,0.456784089823432,0.777761399486722,Low,Mid,Low_Mid,0,True,000
-65.29_18.31,-0.506065545637779,0.084989903145329,7.27272727272727,0.545981885624915,0.0822221085679272,0.0138659829850561,0.0588189093608559,0.11381108778896,0.0567473126945731,0.0098528488305678,0.0402523882095736,0.0794421469426484,0.550859704567411,0.0798520580534235,0.394501554781987,0.697773670991872,Low,Mid,Low_Mid,0,False,000
-65.29_18.32,-0.235922357184193,0.739674454945757,65.2972972972973,0.682980461469315,0.169899679448822,0.0246203572983205,0.126917742938702,0.223708149410287,0.0587650343790812,0.0139388957250803,0.0367006776275697,0.0928163083184214,0.371421370581578,0.0757731043147775,0.23826042137299,0.527470454050332,Low,Mid,Low_Mid,0,True,000
-65.31_18.12,-0.539924956114685,0.244003249678492,0.0,0.579256845230096,0.0850478768837127,0.0145231621660311,0.0605707431800445,0.118172166087302,0.0572313181514278,0.0106247407581371,0.0396324988120204,0.0819778220825938,0.524571140889698,0.0808069706338322,0.368959111323475,0.675553658469228,Low,Mid,Low_Mid,0,True,000
-65.31_18.14,-0.527121866528105,-2.05577344567904,2.75,0.0980080802215603,0.0242631466036097,0.0105133651991468,0.0103065406060394,0.0560487796799618,0.0505953807011965,0.0160629831947578,0.0269255926553702,0.0930824178923734,0.87776950309965,0.0837049371489136,0.608822214326579,0.970704459825271,Low,Low,Low_Low,0,False,000
-65.31_18.31,-0.358181435249292,-0.0426272926577881,39.037037037037,0.519276850306452,0.0959238578261501,0.0155619743783212,0.0694566425875477,0.131056252531597,0.0563616562697523,0.0093678431151258,0.0405752412511068,0.0777920154836576,0.550369937002387,0.0788323989422265,0.395989091874244,0.69562211391308,Low,Mid,Low_Mid,0,True,000
-65.31_18.32,-0.502044740643646,-3.13677765781452,8.13636363636364,-0.128201683147811,0.0136180878199491,0.00842559505875,0.004021669450407,0.0450768937387405,0.0477339819273489,0.0228597395725252,0.0183631563951755,0.118414938818326,0.944706038055011,0.0573546900978317,0.665122914906297,0.993241761910807,Low,Low,Low_Low,0,True,000
-65.31_18.33,-0.462330473771775,-0.023681307731186,16.6666666666667,0.523241466465143,0.0828820022356436,0.013962177282902,0.0593103627682159,0.114679627395553,0.0564187544619271,0.0094316459981864,0.0405383745899219,0.0780142395089854,0.565033080307697,0.0798882867868658,0.407218455669333,0.710683255058666,Low,Mid,Low_Mid,0,False,000
-65.32_18.32,-0.501833119328166,0.31415819595041,8.18181818181818,0.593937392833155,0.0934628914549141,0.015486158143478,0.0672135366056209,0.128550808220775,0.0574460865821157,0.0110176215230027,0.0392954108375425,0.0832540776101621,0.503382111449185,0.0801566475011157,0.350938456231952,0.655199544019889,Low,Mid,Low_Mid,0,True,000
-65.32_18.33,-0.517577745199927,-0.996945397759131,4.8,0.319577283634433,0.0447136079112336,0.0120829769134153,0.0261816535339441,0.0753479536110444,0.0535549479382148,0.0101132010612907,0.0368603055841923,0.0772047619365165,0.749880451970665,0.0933598591394471,0.530557356906012,0.888307425473469,Low,Low,Low_Low,0,True,000
-65.33_18.13,-0.516646611411812,-2.06890277618065,5.0,0.0952606508289408,0.0244914835175938,0.0106741278657593,0.0103507554864328,0.0568410624168977,0.0505596724363494,0.0161455791591412,0.026806526308221,0.0933416488259741,0.878113178193892,0.0839330031214892,0.607706915178021,0.971018325911811,Low,Low,Low_Low,0,False,000
-65.33_18.15,-0.524994707443187,0.413821428406621,3.20689655172414,0.614792812245453,0.0951641110480771,0.0162356868629152,0.0677546548197695,0.132090684487904,0.0577524915629527,0.0116244371671335,0.038761930863575,0.0852221803016944,0.487159175865038,0.0819198235739549,0.333135386131637,0.643660821987337,Low,Mid,Low_Mid,0,True,000
-65.34_18.12,-0.520858883310427,-1.22619321625287,4.09523809523809,0.27160513496725,0.039140258034944,0.0118532946719739,0.021490622013867,0.0702444715209576,0.0529006236729712,0.0111858881557298,0.0348048457607972,0.0796285893783625,0.783803639142525,0.0939534301563778,0.550151526473486,0.91487447743388,Low,Low,Low_Low,0,False,000
-65.38_18.11,-0.515833716834886,-1.37793365967394,5.17460317460317,0.239852095141406,0.0362359894863959,0.0117959394836343,0.0190246532356524,0.0679397830564466,0.0524716817080856,0.0119920864575017,0.0333645718202316,0.0815973148826587,0.803537406936758,0.0937329630849132,0.560900059569726,0.929056626133785,Low,Low,Low_Low,0,True,000
-65.38_18.12,-0.518043312093984,-0.0347236344634839,4.7,0.520930761206904,0.0757188336731461,0.0132017676061398,0.0535699532755619,0.105999679156785,0.0563854691986742,0.0093941008568967,0.0405603525876551,0.0778837364664033,0.577067976008787,0.0807687568500016,0.416325322859175,0.722996450462604,Low,Mid,Low_Mid,0,False,000
-65.39_18.11,-0.52580776642391,0.0727498477278014,3.03225806451613,0.543420544967271,0.079280042027099,0.0135799934588389,0.056422913594569,0.110314142468889,0.0567102162425689,0.009800856599172,0.040290646809137,0.0792685326365962,0.55684603868536,0.0802828168384802,0.399085652526373,0.703916747933488,Low,Mid,Low_Mid,0,True,000
-65.3_18.14,-0.532435401732022,-1.49930674336809,1.60869565217391,0.214453695918125,0.0329635911526688,0.0113376453564008,0.0166930291394579,0.0640597828984039,0.0521309497169015,0.0126762391256307,0.0321938398993192,0.0833514300373839,0.820515149356357,0.092167432238732,0.572783857295101,0.939713382825584,Low,Low,Low_Low,0,True,000
-65.3_18.3,-0.484226225880174,-0.729605898127144,11.9636363636364,0.375520455984865,0.0546252263168245,0.0128158469973544,0.0343071920089529,0.0859059392817609,0.0543276367563608,0.0091881008637318,0.0388888408788881,0.0754146727865646,0.70164828677765,0.0913395385799986,0.499994135233349,0.846880626466828,Low,Low,Low_Low,0,True,000
-65.3_18.31,-0.504076305272261,-0.741015176720463,7.7,0.373132962780087,0.0526292921849239,0.0124481607195596,0.0329342901688096,0.0830901369373114,0.0542944470267928,0.0092184414609699,0.038813921725058,0.0754644661656227,0.706570080921007,0.091079655111326,0.504442461905708,0.850661253428705,Low,Low,Low_Low,0,True,000
-65.3_18.33,-0.0976364067600996,-0.316405381232519,95.0,0.461986345850538,0.12197959673904,0.0228849591612292,0.0837375139626429,0.174362942828594,0.055542604980073,0.0087938271929807,0.0406201730483455,0.0755155146415239,0.559401763660179,0.0858267347319427,0.390843554424715,0.715294038001682,Low,Mid,Low_Mid,0,False,000
-65.41_18.11,-0.523242142410959,-0.471534578849005,3.58333333333333,0.429524179014774,0.0592450878520869,0.012270845486476,0.0392971697067531,0.0883873006279198,0.0550834959811711,0.0087699494396604,0.0402143198532052,0.0750207898772396,0.661953558427065,0.086682770547047,0.478207758748712,0.807095764112847,Low,Mid,Low_Mid,0,True,000
-65.42_18.1,-0.522265522202161,-0.823965741371698,3.79310344827586,0.355774818019444,0.0488606236266893,0.012088127408387,0.029930385974595,0.0787913061885429,0.0540537168523028,0.0094654966707762,0.0382344282046181,0.0759016143516048,0.723075318705063,0.0916873199955858,0.515573434476062,0.864972793839111,Low,Low,Low_Low,0,True,000
-65.42_18.11,-0.510439052824379,1.42982751515952,6.33333333333333,0.827401138731244,0.162963420634227,0.0389126327571255,0.10015884626435,0.25403186806169,0.0609647731156756,0.0199834743322775,0.0317155846513718,0.114012383843017,0.290401880363303,0.102083698890259,0.134194098264231,0.519367170160549,Low,High,Low_High,0,True,000
-65.42_18.12,-0.448363466950052,0.785838357675447,19.6666666666667,0.692640669445805,0.129063936990242,0.0225880244694448,0.0908653429855587,0.180138895874373,0.0589098214316178,0.0143009250273175,0.0363822004014914,0.0940253244005056,0.398668756148896,0.0856257442803542,0.247673158500382,0.571758838006975,Low,Mid,Low_Mid,0,False,000
-65.42_18.16,-0.523767046262103,0.1304146736907,3.47058823529412,0.555487423606009,0.0820195515664488,0.0139175612876865,0.058551561029522,0.113757154854974,0.0568851829214365,0.0100554321294331,0.0400978971625018,0.0801140204333789,0.544805788005784,0.080126900807715,0.388513860225837,0.692742854896357,Low,Mid,Low_Mid,0,False,000
-65.43_18.1,-0.456122915184343,0.784098995860081,18.0,0.692276692487851,0.127521742281014,0.0224631136761675,0.0895809066820501,0.178383373151404,0.0589043600931045,0.014287151043512,0.0363942814627763,0.0939792011132241,0.400350005891516,0.0859371200384521,0.248690300425222,0.573854654768871,Low,Mid,Low_Mid,0,True,000
-65.43_18.15,-0.357189950197133,0.257293237947112,39.25,0.582037893691959,0.112344124959842,0.0168104929548299,0.0833702197983457,0.149742463771209,0.0572719453922288,0.0106968605179841,0.0395713352405546,0.0822124478864946,0.488994866543021,0.0759490168578976,0.345304050938882,0.634527665230428,Low,Mid,Low_Mid,0,False,000
-65.43_18.16,-0.518780459676242,-0.189428342311682,4.54166666666667,0.488557422637449,0.0695694869911092,0.0127398110683442,0.0483802683901498,0.0990728287255188,0.0559210749583298,0.008976959392169,0.0407171580137148,0.076350329473405,0.607759043077528,0.0824346445323854,0.440322322577308,0.753182495946796,Low,Mid,Low_Mid,0,False,000
-65.44_18.09,-0.529948522670597,-1.96065168686813,2.14285714285714,0.117913155808073,0.0254942179850304,0.0106458453755443,0.0111695721318467,0.057128440651737,0.0508548003667697,0.0154666795777896,0.0277975134524956,0.0912425394706042,0.869398890980502,0.0855131463676239,0.603377210937396,0.966809949288059,Low,Low,Low_Low,0,False,000
-65.44_18.1,-0.528285783763249,-2.83178632352326,2.5,-0.0643795289089823,0.015547411621996,0.0087758369795872,0.0051072295067342,0.0463354233191319,0.0485253488770807,0.0209653496919341,0.020514106616819,0.110471065923918,0.931340519868836,0.0643327006843792,0.653764816645991,0.989842184261618,Low,Low,Low_Low,0,False,000
-65.44_18.11,-0.529862703888282,-0.448599022507059,2.16129032258065,0.434323648540066,0.0593822716145979,0.0121890953806505,0.0395342368218047,0.0882790698239386,0.0551511485535124,0.0087597924943899,0.04029400335739,0.0750579594390958,0.658812000200403,0.08626793627933,0.476464684172766,0.803800644504519,Low,Mid,Low_Mid,0,False,000
-65.44_18.12,-0.392366115525918,0.489509897392003,31.6944444444444,0.630631298781181,0.120291813438572,0.0185300540404137,0.0884368702996588,0.161586952785342,0.0579862127080372,0.0121199817659218,0.0383206096958487,0.0868326844440506,0.447994602645437,0.0782088106385913,0.303935217979207,0.601345585667541,Low,Mid,Low_Mid,0,True,000
-65.44_18.13,-0.149923150246553,0.720726543347942,83.7692307692308,0.679015442137505,0.189115699810119,0.025915736279818,0.143441791899962,0.245170165766034,0.0587057033549759,0.0137924806593024,0.0368300054030786,0.0923292367973595,0.360658139080625,0.0722505272435036,0.233860646640384,0.510403775407225,Low,Mid,Low_Mid,0,False,000
-65.44_18.15,-0.483654587067493,-0.319463928388521,12.0864197530864,0.461346317605832,0.0684191840757899,0.0130398998515184,0.0468772682980293,0.0988339314055891,0.0555335184211292,0.0087912354257824,0.0406152249589032,0.0755001933661378,0.626926526066079,0.0843334702884606,0.453224871401806,0.773075113596823,Low,Mid,Low_Mid,0,True,000
-65.44_18.16,-0.482096647168601,-0.961977408371652,12.4210526315789,0.326894646986069,0.0482025948947349,0.0127783717761885,0.0285028627433209,0.0803911071400719,0.053655423116595,0.0099693552506279,0.0371533783610062,0.0769016123585323,0.739586114195466,0.0941842813055317,0.521326873762851,0.881036014046394,Low,Low,Low_Low,0,False,000
-65.45_18.09,-0.522586602818752,0.453928506764751,3.72413793103448,0.623185575754586,0.0975434721749968,0.0167083930526994,0.0693423596169514,0.135543397377435,0.0578762292989659,0.0118834946421271,0.0385315817057713,0.0860634526714231,0.478529555361626,0.0823858062682902,0.324532216729485,0.636718911055571,Low,Mid,Low_Mid,0,True,000
-65.45_18.1,-0.525048220879286,-0.954439605658521,3.19540229885057,0.328471999367235,0.0452488221972035,0.0119709362569126,0.026795173984465,0.0754263894132963,0.0536771051263891,0.0099391458572212,0.0372156443939456,0.0768387881643519,0.744323171084114,0.0928313447054577,0.528093071986509,0.883359050960512,Low,Low,Low_Low,0,True,000
-65.45_18.11,-0.456474286425141,0.846837071739753,17.9245283018868,0.705405193875422,0.131577371258415,0.0237206911268211,0.0916243950369709,0.185396232590982,0.0591016488184239,0.0147903408934704,0.0359549318987248,0.0956707590085426,0.388147914665812,0.0873517101869722,0.23577120314247,0.566060837982096,Low,High,Low_High,0,True,000
-65.45_18.14,-0.45811820187316,-0.117406625693996,17.5714285714286,0.503628608568685,0.0793304811399198,0.0137617554660389,0.0562116628665863,0.110840957673757,0.0561368211786318,0.0091453873892706,0.040680218685345,0.0769948684367388,0.583047227468946,0.0810016056882022,0.421221307644486,0.728762342987639,Low,Mid,Low_Mid,0,False,000
-65.46_18.09,-0.53817908026197,0.380027750542526,0.375,0.607721184043453,0.0916588928360367,0.0157552053060237,0.0651046312898127,0.127566011721956,0.0576484246482286,0.0114126074200626,0.0389493691329611,0.0845349989939079,0.496443479756922,0.0819462462164148,0.341480042335094,0.65209321857662,Low,Mid,Low_Mid,0,False,000
-65.46_18.1,-0.52513289403767,-1.18353192530723,3.17721518987342,0.280532390218903,0.039815708612592,0.0118103443446767,0.0221320852695296,0.070608390906265,0.0530218141900722,0.0109713773148815,0.0352011897176422,0.0791242608349034,0.778359180262437,0.0937879361581199,0.547506505038903,0.910655007864818,Low,Low,Low_Low,0,True,000
-65.46_18.14,-0.457985182760572,0.252754866567632,17.6,0.581088199042938,0.09659584290921,0.0154607519671655,0.0702483254467836,0.131428426536979,0.0572580686326222,0.010672108439788,0.0395923688594728,0.0821319457207687,0.508056540404157,0.0785998821717134,0.357979886354634,0.656695071916897,Low,Mid,Low_Mid,0,False,000
-65.47_18.09,-0.491486866246652,-0.110179805849271,10.4041095890411,0.505140885013713,0.0757030420242435,0.0133048575991338,0.0534087486778225,0.10625892471643,0.0561585128033189,0.0091648011150963,0.0406729740898032,0.0770662696972493,0.587440744084072,0.0812199969885132,0.424715277059821,0.733066556871473,Low,Mid,Low_Mid,0,True,000
-65.47_18.1,-0.506178243379751,0.0068319372370525,7.24852071005917,0.529626634854323,0.0788376877716399,0.0135074521216677,0.0561049791863054,0.109710675616113,0.056510827660451,0.0095405421461429,0.0404706381798617,0.0783890393477099,0.566650182908029,0.0802749643037259,0.40792924466806,0.712780364330622,Low,Mid,Low_Mid,0,True,000
-65.47_18.14,-0.476460837398431,0.0701071255975147,13.6315789473684,0.542867531814286,0.085297600984396,0.0141482441734034,0.0613489345670122,0.117425525534753,0.0567022098255098,0.0097897784936499,0.04029871389066,0.0792314666628111,0.548600993251652,0.0793498739031993,0.393408855613356,0.694882332940774,Low,Mid,Low_Mid,0,True,000
-65.48_18.1,-0.472991280911062,-0.677823041042599,14.3768115942029,0.386356480226199,0.0571934701686609,0.01303940819096,0.0363905770438907,0.0887926546005702,0.054478514206993,0.0090621414024113,0.0392130856906216,0.075221420043492,0.690976850555546,0.0907612711513084,0.492899441874912,0.837233235258181,Low,Low,Low_Low,0,True,000
-65.48_18.11,-0.295760985008996,0.621183752172272,52.4444444444444,0.658185226136318,0.147556749681981,0.021640933602046,0.109964566852481,0.19518187470082,0.0583949296224549,0.0130454130479513,0.0374937408568854,0.089859864095068,0.404662340933997,0.0763452377112225,0.267529459251198,0.5584914547874,Low,Mid,Low_Mid,0,False,000
-65.49_18.1,-0.447469954729133,0.215811350554879,19.8585858585859,0.573357439142596,0.0962294753902787,0.0153231605289015,0.0700992040450632,0.130730746553,0.0571452256564048,0.0104754569736713,0.0397578186316261,0.0814913955896154,0.513721248814646,0.0782797783385292,0.363717326942562,0.661293426353005,Low,Mid,Low_Mid,0,True,000
-65.49_18.11,-0.209098598455032,0.228222771132199,71.0588235294118,0.575954639486827,0.137039618864931,0.019420267084793,0.103219052117222,0.179720946559891,0.0571831126846017,0.0105405519563284,0.0397034009985146,0.0817036428255127,0.468338699983616,0.0726831850446438,0.332048474511219,0.609522348404972,Low,Mid,Low_Mid,0,True,000
-65.49_18.12,-0.0690816372579087,0.929007519057193,101.133333333333,0.722600092132955,0.231240032079286,0.0321498974912864,0.174251878688159,0.300092573930203,0.0593609821373082,0.0154682706098699,0.0353700294399683,0.0979719087495047,0.309776494827551,0.0720511295543928,0.188218035020115,0.464883389251376,Low,High,Low_High,0,False,000
-65.49_18.13,-0.446453448923149,-0.46385945745203,20.0769230769231,0.431130266554073,0.0669766764840122,0.013581776333543,0.0447849168819032,0.0990248919692683,0.0551061264353379,0.0087660307736215,0.0402417297669665,0.0750318578536356,0.648046999009535,0.0872227794920028,0.465290751764838,0.795758366249586,Low,Mid,Low_Mid,0,False,000
-65.51_18.09,-0.51973265482385,-0.630545966609562,4.33714285714286,0.396249629300214,0.0545858826551483,0.0122237283139543,0.0350231435159369,0.0841231211513681,0.0546166081048057,0.0089646624743196,0.039485230945858,0.0750932382142127,0.689896252342071,0.0892012124094851,0.495608837839916,0.834357999777857,Low,Low,Low_Low,0,True,000
-65.51_18.13,-0.528144702886261,-0.253458832050716,2.53030303030303,0.475158472134121,0.0662335208832375,0.0124804506187377,0.0455835137691602,0.0953041588702268,0.0557299222787729,0.0088662274216526,0.0406945952902981,0.0758809080354341,0.621765674632648,0.0833367757817003,0.450787256555333,0.767025157648149,Low,Mid,Low_Mid,0,True,000
-65.51_18.14,-0.536505949236451,-1.61931868670324,0.734375,0.189340127443018,0.0306069156605991,0.0110977688891286,0.0149416833017684,0.0616677838821141,0.0517960955061226,0.0133786004521926,0.0310337364291098,0.0852272320674379,0.834932823867121,0.0907139172655207,0.581987883285536,0.94839038849626,Low,Low,Low_Low,0,True,000
-65.51_18.15,-0.53100159064525,-2.45003360873607,1.91666666666667,0.0155056281590319,0.0192598282223576,0.0096132381599683,0.0071904673625,0.0505562605764412,0.0495334411785863,0.0185575501115272,0.0235024620679457,0.101402007755198,0.908625166486636,0.0742027500142999,0.633038579925035,0.982853238071886,Low,Low,Low_Low,0,False,000
-65.52_18.09,-0.526578705151705,-1.06620044111663,2.86666666666667,0.305085048734546,0.0424156319828762,0.0118730600616653,0.0243675157516799,0.0728333968172016,0.0533564778390732,0.0104149929260798,0.0362613153928456,0.0778599290929085,0.761539211533245,0.0934446797287711,0.538075166248268,0.89749329762012,Low,Low,Low_Low,0,True,000
-65.52_18.13,-0.52815645962601,0.629965303352044,2.52777777777778,0.660022843966195,0.106077465856856,0.0190191742873283,0.0741541395433107,0.149524277304527,0.0584222835469814,0.0131097618789628,0.0374363618990524,0.0900715754764255,0.443737045012759,0.0857514591781888,0.287632627717591,0.611801654882112,Low,Mid,Low_Mid,0,True,000
-65.54_18.11,-0.141230397749116,1.37910141110563,85.6363636363636,0.81678624947747,0.257703697569243,0.0445999830983404,0.180213005809776,0.354121569420586,0.0608005048439676,0.0195001737951064,0.0320857678705394,0.112233351922582,0.246450610288422,0.0813169475671158,0.121763954187955,0.435502633882066,Low,High,Low_High,0,False,000
-65.55_18.1,0.379821317429367,1.38983575140654,197.554054054054,0.819032505830716,0.451725390756198,0.0582824552118814,0.341880041557968,0.56648486673528,0.0608352316988503,0.0196020098499423,0.0320073462042828,0.112606943116364,0.182214108377557,0.0597607692499684,0.0921673141589394,0.328410763830686,Low,High,Low_High,0,True,000
-65.55_18.11,-0.405364768441981,1.46811636756552,28.9024390243902,0.835413422259108,0.19138762326594,0.0425202972852193,0.121369550666885,0.288534278605796,0.0610890401123289,0.020351691834815,0.0314369341212539,0.115378054888771,0.26886408070953,0.0964217517328882,0.123275942146961,0.490246292305494,Low,High,Low_High,0,False,000
-65.55_18.12,-0.499119387164943,0.960643088839578,8.76470588235294,0.729220116989649,0.13112929304693,0.0256849210122134,0.088438065658879,0.190130261677431,0.0594611092572058,0.0157346601064397,0.0351425657563432,0.0988833544751583,0.373422798172766,0.0920607983666274,0.216068545951112,0.563063483483507,Low,High,Low_High,0,False,000
-65.56_18.12,-0.5294249368019,0.480341066706951,2.25531914893617,0.628712639264081,0.0979072389213621,0.0169562479663646,0.0693331978629622,0.136529827525797,0.0579578527646761,0.0120584587628342,0.0383755396912429,0.0866324306971843,0.474364672287466,0.0830356187531122,0.31966008780884,0.634152233683531,Low,Mid,Low_Mid,0,True,000
-65.57_18.11,-0.517697891495168,0.446704033614492,4.7741935483871,0.621673790376284,0.0978821628139431,0.0166723974172813,0.0697168522206611,0.135765536050599,0.0578539221075403,0.0118362332014644,0.0385736767627943,0.0859098796875169,0.479127159693017,0.0821081215071656,0.325550431427785,0.63675321125099,Low,Mid,Low_Mid,0,False,000
-65.57_18.34,-0.523371466548198,-0.995066303966393,3.55555555555556,0.319970500753693,0.0443542458871818,0.0119776515175299,0.0259820687377557,0.0747209657993877,0.0535603427113849,0.0101053196485102,0.0368762249322124,0.0771879883129433,0.750373731863799,0.093166979921161,0.531395299103928,0.888495675959875,Low,Low,Low_Low,0,False,000
-65.57_18.35,-0.489135840399326,-1.09669872274369,10.9090909090909,0.298703011557835,0.0442344899374893,0.0125657097985603,0.0251961821107588,0.0765288445761921,0.0532692966002522,0.0105544850379921,0.035990664221694,0.0781705150419631,0.761178514232135,0.0948592078017799,0.534048683526405,0.898612060165405,Low,Low,Low_Low,0,True,000
-65.57_18.38,-0.514784343835582,-1.62308485830707,5.4,0.188552022477518,0.0316189064659167,0.0114960782356611,0.0154018420667307,0.0638048687390999,0.0517856202069502,0.0134009865490229,0.0309974033893491,0.0852882445642343,0.833195845037001,0.0916640914924525,0.578290916819437,0.947902529729807,Low,Low,Low_Low,0,False,000
-65.58_18.1,-0.52750983893982,0.279770097375726,2.66666666666667,0.586741376801048,0.0883154167815429,0.0149329139663161,0.0630982528238821,0.12229510130916,0.0573407183764973,0.0108213195290369,0.0394649649558114,0.0826169160485675,0.515034004567131,0.0806751386872001,0.360568015584609,0.666680170950483,Low,Mid,Low_Mid,0,False,000
-65.61_18.22,-0.507335273530663,0.790669691871538,7.0,0.693651669174564,0.118830541103524,0.0219990599122003,0.0820110782837348,0.169134732140309,0.0589249935958678,0.0143392381525345,0.0363486117935392,0.0941536715097748,0.407930410076681,0.0884170723377768,0.251612002258342,0.585399269687192,Low,Mid,Low_Mid,0,False,000
-65.61_18.25,-0.533120516893845,0.441074285977538,1.46153846153846,0.62049571552099,0.0953791665422811,0.0164598024244211,0.0676378706913153,0.132876858024363,0.0578365445858055,0.0117995842924636,0.0386062999971001,0.0857908230435519,0.483048387263876,0.0825756053120143,0.328283619002993,0.641134909271102,Low,Mid,Low_Mid,0,False,000
-65.61_18.26,-0.532165507880394,0.52398639776607,1.66666666666667,0.637845813677488,0.0997697578437506,0.0174792242920369,0.0703570251127862,0.139631627560586,0.058092967932276,0.0123548476386615,0.0381107351445462,0.0875981547207893,0.465957289176722,0.0838688455830658,0.310675383070767,0.628129349082692,Low,Mid,Low_Mid,0,False,000
-65.62_18.34,-0.505783383883805,-1.9221449197301,7.33333333333333,0.125971039935282,0.0270865797540971,0.0111599979041565,0.0119941725153193,0.0600163352633793,0.0509601750331635,0.0152265458435104,0.0281548760857543,0.0905171556420418,0.863744553155436,0.0874251024984291,0.596475364074063,0.964521009838612,Low,Low,Low_Low,0,False,000
-65.62_18.36,-0.517792053770207,-1.23904459484113,4.75396825396825,0.268915869489111,0.0390487398724255,0.0118995351986616,0.0213597881544781,0.0703338603438794,0.0528641672697367,0.0112516496750409,0.0346845463139237,0.0797849248652791,0.785208735051444,0.0940629036013934,0.550618675986343,0.916015041808769,Low,Low,Low_Low,0,True,000
-65.62_18.37,-0.50101686568274,-0.726379455156823,8.35714285714286,0.376195617924705,0.0533096710701419,0.0125086778338247,0.033483651673136,0.0838563737765442,0.0543370259860452,0.0091796870993527,0.038909805378585,0.0754010578465855,0.703621374172578,0.0909410594706717,0.502471454482662,0.848041140522762,Low,Low,Low_Low,0,False,000
-65.62_18.38,-0.376178428519047,0.304299206077007,35.1714285714286,0.591874311356425,0.111957248241173,0.0168825375151531,0.0828898191644064,0.149555673791144,0.0574158591789763,0.0109606269779862,0.0393448394606042,0.0830691570105804,0.482797982512862,0.0764538105743027,0.33873593648871,0.629777386933285,Low,Mid,Low_Mid,0,True,000
-65.63_18.25,-0.524147411371627,0.813515788803677,3.38888888888889,0.698432418521251,0.117333538733514,0.0222461378168207,0.0802519637406546,0.168411828890244,0.0589967883585344,0.0145214725214193,0.0361891692542645,0.0947652149493895,0.40633745707348,0.0897373919220391,0.248199083225014,0.586614245446685,Low,Mid,Low_Mid,0,True,000
-65.63_18.26,-0.509197541106893,-0.303793106788277,6.6,0.464625576656074,0.06634979674413,0.0126686460686432,0.0454344416930689,0.095925802422572,0.0555800892456294,0.0088054220615561,0.0406392708095455,0.0755810756313403,0.628225307905447,0.0840576822190304,0.454927517023806,0.773818997073148,Low,Mid,Low_Mid,0,True,000
-65.63_18.27,-0.517841273630526,-0.273782328141427,4.74339622641509,0.470905599490419,0.0665513290034324,0.0125890679731635,0.0457340645265191,0.0958920275524957,0.0556693784215181,0.0088388818887007,0.0406762703125016,0.0757524961269774,0.623931305876445,0.0836063835897411,0.452122558555433,0.769348338273696,Low,Mid,Low_Mid,0,True,000
-65.63_18.33,-0.517062296138649,-1.48798938607071,4.91071428571429,0.216821953772689,0.0339959703333599,0.011640134269624,0.0172654804987356,0.0658521795887164,0.0521626324600865,0.0126112244358918,0.0323032851311458,0.0831815956679526,0.817502059802397,0.0929413162647152,0.569185849743908,0.938225453053098,Low,Low,Low_Low,1,True,100
-65.63_18.34,-0.45845074965463,-1.07553579557335,17.5,0.303131542634461,0.0469693046691444,0.0132030656844332,0.0269028594511721,0.0807608276911363,0.0533297778574479,0.0104572823704737,0.0361788819049687,0.0779536022304069,0.753941620385421,0.0958157294432705,0.52683584062048,0.893979049213315,Low,Low,Low_Low,0,False,000
-65.63_18.35,-0.40646244648488,-2.282377441999,28.6666666666667,0.0505891749012663,0.0258928940793201,0.0123384000795626,0.0100873537871647,0.064841438416302,0.0499824163963325,0.0174947166028733,0.0249181783155718,0.0977309337286115,0.887963760647918,0.0845078911047669,0.599935261273656,0.976683963195716,Low,Low,Low_Low,0,False,000
-65.63_18.36,-0.258256985209923,-0.724220094685839,60.5,0.376647483343625,0.0775679848894656,0.0181886031089229,0.048610236515945,0.121571909561661,0.0543433107671705,0.0091740972529305,0.0389237811103221,0.0753920611369462,0.665548953336083,0.0962942240485013,0.460144483027673,0.822883125032264,Low,Low,Low_Low,0,True,000
-65.63_18.37,-0.49199707654151,0.266497875867232,10.2945205479452,0.583964046192048,0.0924874831676033,0.0151897371953366,0.0667116052169155,0.126868755388471,0.0573000996709786,0.0107474539753403,0.0395282134794899,0.0823769263706164,0.511362743295162,0.079585379859932,0.359208412623601,0.661440260529767,Low,Mid,Low_Mid,0,True,000
-65.63_18.38,-0.510128674895008,-0.214183975525995,6.4,0.483377085809338,0.0695582103884557,0.0128064716310878,0.0482767467276022,0.0992427591450799,0.0558470979877517,0.0089297448252788,0.0407147204694566,0.0761571982559806,0.611099801324125,0.0827235065712834,0.442681575457463,0.756605998288711,Low,Mid,Low_Mid,0,True,000
-65.64_18.27,-0.501699463760494,-0.151545895575715,8.21052631578947,0.496484662157698,0.0728895142331405,0.0130602564144434,0.0510804544701395,0.10299935831379,0.0560344571260652,0.009059836509671,0.040705795201094,0.0766740939219783,0.597390263776439,0.0818276581223155,0.432363945983324,0.742961545523342,Low,Mid,Low_Mid,0,False,000
-65.64_18.28,-0.468538032359208,0.18357780089421,15.3333333333333,0.566612281668241,0.0916787204422279,0.0148623320780208,0.0664147157893022,0.125263624764754,0.0570469398341875,0.0103111084733398,0.0398934059778701,0.0809543133513149,0.524092326636329,0.0788096338541361,0.372186041861594,0.671667810806344,Low,Mid,Low_Mid,0,False,000
-65.64_18.29,-0.494113173739431,-0.898557950470691,9.84,0.340165733632854,0.0489958280013594,0.0125726036862031,0.0294653408972432,0.080399293755433,0.053838103077891,0.0097245044889399,0.0376663232588453,0.0764018865124364,0.731168482027509,0.093225011446456,0.5177393929279,0.873263891279897,Low,Low,Low_Low,0,False,000
-65.64_18.33,-0.405598326113334,-0.5669910699198,28.8522727272727,0.409549057720345,0.0674278682736499,0.0143834757190473,0.0441414743012278,0.101691843403036,0.0548027684420792,0.008861452959537,0.0398124602112652,0.0749964272687937,0.660488893052731,0.0898220721735492,0.470135024335098,0.810082997931946,Low,Low,Low_Low,0,True,000
-65.64_18.34,-0.401014997112235,-0.548363244052951,29.8367346938776,0.413447096260917,0.0685940139335745,0.0144765679671382,0.0451054492955537,0.102994895503319,0.0548574448776779,0.0088374866266593,0.0398995506569524,0.0749849301998155,0.656317972939749,0.0894910369180396,0.467378412414211,0.806047433281919,Low,Low,Low_Low,0,True,000
-65.64_18.35,-0.469109781176472,-0.728510665988817,15.2105263157895,0.375749643068564,0.0559586817030459,0.0131029429587678,0.0351722182215646,0.0879104429887204,0.0543308238056911,0.009185236508417,0.0388959684303149,0.0754100280024664,0.699177349624577,0.0916433665956457,0.497349168253256,0.845190995664368,Low,Low,Low_Low,0,False,000
-65.64_18.36,-0.445541849410309,0.457590649537936,20.2727272727273,0.623951911760354,0.109503336563367,0.0175388833517591,0.0795593154880539,0.148894389606777,0.0578875400743479,0.0119075504070959,0.0385101455567488,0.0861416387830312,0.463967348890827,0.0797036272620306,0.315936831860707,0.618632089804981,Low,Mid,Low_Mid,0,False,000
-65.64_18.37,-0.472991594741122,1.18063491675258,14.3767441860465,0.775255367154946,0.151891961217714,0.0317853492331402,0.099441850410308,0.225091947078701,0.0601617738931856,0.0176619902430349,0.0335400461794716,0.105605031502236,0.328180890783828,0.095604868886221,0.17274254386422,0.533316889002241,Low,High,Low_High,0,True,000
-65.64_18.38,-0.495954749453703,0.376376943436873,9.44444444444444,0.606957220127119,0.0974271516424053,0.016132151310628,0.0700637791734895,0.133938069654944,0.0576371926078103,0.0113900868104115,0.0389692337473732,0.0844619647690693,0.489594771926732,0.0805152729322391,0.337796660372037,0.643336396927934,Low,Mid,Low_Mid,0,False,000
-65.65_18.26,-0.415773784366029,-0.84162409464088,26.6666666666667,0.352079650258143,0.0571287748687808,0.0141922178248737,0.0348904813853875,0.0921872717710569,0.0540026007611315,0.009523807340009,0.0381036933892915,0.0760111625534526,0.710451752934644,0.0946502260054142,0.498942707743534,0.858074344285763,Low,Low,Low_Low,0,True,000
-65.65_18.27,-0.437500239422044,-0.968620678756897,22.0,0.325504483464988,0.051496333243209,0.0136952532915719,0.0303858987185294,0.0859727041642276,0.0536363210214437,0.0099962180424966,0.0370982275940014,0.07695773009906,0.734419031015563,0.0956261035873385,0.514058257622045,0.878475499487788,Low,Low,Low_Low,0,False,000
-65.65_18.28,-0.324018308995539,-0.0527083128467318,46.375,0.517167307007857,0.100382937595044,0.0161965297691244,0.0727969236325286,0.136879307564586,0.0563312968900615,0.0093351022939588,0.0405932012679566,0.0776770792531741,0.546324153676303,0.0786456709897076,0.392675546833133,0.691627395079415,Low,Mid,Low_Mid,0,False,000
-65.65_18.32,-0.480565177122359,-0.814267822561852,12.75,0.357804193940947,0.0524323667916132,0.0128615537479049,0.0322407402496962,0.0841697085610544,0.0540818090716803,0.0094342981348874,0.0383051777894901,0.0758438579139441,0.715412522842873,0.0926011308103081,0.50759410879907,0.859755235527017,Low,Low,Low_Low,0,False,000
-65.65_18.33,-0.474745590946641,-0.675561385869132,14.0,0.386829751723081,0.0571088030173729,0.0130069298979583,0.036353805372227,0.0886234282798198,0.0544851128847622,0.0090570898934871,0.0392266373914649,0.0752142244313746,0.690851164051496,0.0906913990927276,0.492959393140936,0.837040048755486,Low,Low,Low_Low,0,False,000
-65.66_18.29,-0.218683799215039,1.32401027573117,69.0,0.805257938526499,0.228364857781557,0.0410195173451197,0.157916677464305,0.318359095061229,0.0606225701077129,0.018981302206781,0.0324888347732693,0.110340312239393,0.265651410468104,0.0845627631355641,0.133959325177011,0.458296592513902,Low,High,Low_High,0,False,000
-65.66_18.33,-0.418101618836317,-1.13409374033472,26.1666666666667,0.290877770929262,0.0484378521191557,0.0140507037741142,0.0272438806133776,0.0846840234978161,0.0531625840813826,0.0107305875121629,0.0356538423909704,0.0785689249713199,0.757429045004989,0.0976102703237214,0.52432248827121,0.898430347955907,Low,Low,Low_Low,0,False,000
-65.66_18.34,-0.40646244648488,-1.00647389307107,28.6666666666667,0.317583361089466,0.0529342873937049,0.0143747680646731,0.0308790551086461,0.0892909687661728,0.053527600050678,0.0101534243702267,0.0367792957770088,0.0772906495352585,0.736101676033637,0.0970152671256263,0.511737791260389,0.88128432279341,Low,Low,Low_Low,1,False,010
-65.67_18.2,-0.483591361933733,0.735199721149693,12.1,0.682044083551648,0.1195428803816,0.0212382317885375,0.0837651866399704,0.167803214246479,0.0587510177114735,0.0139042019012431,0.0367312964910211,0.0927007975373206,0.414786010159487,0.0860906568732161,0.261276652159708,0.586839209562129,Low,Mid,Low_Mid,0,False,000
-65.67_18.35,-0.381632212135149,0.244964526524575,34.0,0.579458000975323,0.107700591217557,0.0163750297144842,0.0795547483911459,0.144243720015676,0.0572342558479966,0.0106299201240015,0.0396281188644639,0.0819946791285877,0.495913642432497,0.0765904965068021,0.350499491731063,0.642022398728493,Low,Mid,Low_Mid,0,False,000
-65.68_18.27,0.113821072863417,0.961465859209992,140.41935483871,0.729392289020719,0.292920777290783,0.0384094394017292,0.223617226025561,0.373373556918909,0.0594637154492411,0.0157416268190799,0.0351366356512219,0.0989072466514701,0.277005249913781,0.0657619870232961,0.167570893738863,0.42170223211615,Low,High,Low_High,0,True,000
-65.69_18.36,-0.461709717913032,1.53361434459402,16.8,0.849119457553384,0.183075974494628,0.0437055976484765,0.112205912368099,0.284370299437008,0.061302163882546,0.020988182999541,0.0309621251246678,0.117759740195332,0.26630502088959,0.100422929344543,0.11703482503147,0.4984780419339,Low,High,Low_High,0,False,000
-65.6_18.23,-0.485719667735138,1.58920797392824,11.6428571428571,0.860752919842765,0.182008832947007,0.0452403384539237,0.109255701827933,0.287567765532236,0.0614836049950768,0.021534780580752,0.0305612527529879,0.119826392141675,0.260827212855433,0.1023786353391,0.110814068339556,0.499776387292257,Low,High,Low_High,0,False,000
-65.6_18.24,-0.530912606147151,0.732137895219663,1.93577981651376,0.681403369194262,0.111404877939364,0.020667460675274,0.0768694217821938,0.158787344258613,0.0587414286463619,0.01388050406733,0.0367522203089439,0.0926219318110769,0.423688005758584,0.0881243012626486,0.266000349585078,0.598617330320564,Low,Mid,Low_Mid,0,True,000
-65.71_18.19,-0.518127960620177,-1.60230669953521,4.68181818181818,0.192900037338394,0.0318215542573856,0.0114633407324891,0.0156035122355447,0.063803796564885,0.0518434379265396,0.0132777221299289,0.0311979418039662,0.0849532268620997,0.831156824083053,0.0917553380870327,0.577462397761315,0.946613422524208,Low,Low,Low_Low,0,False,000
-65.71_18.37,-0.505497509475173,-0.634500032680384,7.39473684210526,0.395422205743315,0.0556870002263839,0.0124651475833316,0.0357325304424303,0.0857933868176405,0.0546050458539685,0.0089721527418791,0.0394633828370706,0.0751021511167772,0.688394831981965,0.0894952365854882,0.493726207877576,0.833459668433229,Low,Low,Low_Low,0,True,000
-65.71_18.38,-0.52246619758753,-1.15415701913279,3.75,0.286679351072637,0.0406459400364928,0.0118839751573595,0.0227830813897554,0.0714894364185608,0.0531054135824741,0.0108272503680811,0.0354710864358475,0.0787904390922489,0.773847959172843,0.0938502278138567,0.544657798627356,0.907310314045477,Low,Low,Low_Low,0,True,000
-65.72_18.19,-0.455849052305485,0.684597729793881,18.0588235294118,0.671455165985819,0.121259038979242,0.0206618958097665,0.0862258601783369,0.167910505453376,0.0585927299114601,0.0135169498908583,0.0370741158927892,0.0914154832541346,0.420002273780104,0.0838265374869798,0.269488934054928,0.587027081166111,Low,Mid,Low_Mid,0,True,000
-65.72_18.33,0.32156778409747,1.28269200342461,185.041666666667,0.796611721891659,0.412888462655155,0.0537706329445154,0.312858847481703,0.520666459730734,0.0604894391100607,0.0185963943648243,0.0327916180001828,0.108947279126864,0.202329505486418,0.0613019138119006,0.107526969513112,0.348113604904215,Low,High,Low_High,0,False,000
-65.72_18.37,-0.408635091990482,-1.05143493789726,28.2,0.308174861847008,0.0514616510504898,0.0143087991120212,0.0296379023239141,0.0878995544236041,0.0533987343063859,0.0103488602939084,0.0363909220176431,0.077714320423406,0.743486214977256,0.097365840149722,0.51588051846473,0.887433775801327,Low,Low,Low_Low,0,False,000
-65.72_18.38,-0.511255836849042,-0.516899110186443,6.15789473684211,0.420031246624684,0.0588734001184532,0.012429392563336,0.0387403698055326,0.0885060338722142,0.0549499151848341,0.0088036670004724,0.0400372271581222,0.0749832720759991,0.668302090989572,0.0875334919662232,0.48165238078788,0.813733544592678,Low,Mid,Low_Mid,1,True,100
-65.72_18.39,-0.531389563056965,0.298914732770947,1.83333333333333,0.590747562340317,0.0886997128717448,0.0150572054911873,0.0632860385432666,0.12297888351056,0.0573993568326878,0.010929740453014,0.0393715606739181,0.0829689228199324,0.511817007930262,0.080929167950884,0.357197017124119,0.664208226196657,Low,Mid,Low_Mid,0,False,000
-65.73_18.19,-0.52630281365893,-0.364183701891191,2.92592592592593,0.451988306537598,0.0625319010524482,0.0123353942376639,0.0422926476061832,0.0915310231397179,0.0554008212839285,0.0087631426508099,0.0405287589009911,0.0753018946551297,0.642527251662294,0.0849710483926054,0.465373603761833,0.787751988165305,Low,Mid,Low_Mid,0,False,000
-65.73_18.32,0.0189881002012936,0.578845425509444,120.05,0.649325554038525,0.220925875478557,0.0286439643045289,0.169882837225527,0.28209364103652,0.0582632171676105,0.012739626626483,0.0377667588948831,0.0888561411441665,0.359405232472585,0.0658286300175801,0.242624779952361,0.495612510479998,Low,Mid,Low_Mid,0,True,000
-65.73_18.33,0.0183469247419338,0.905822978191943,119.912280701754,0.717748520377655,0.25523866580231,0.0340046154316651,0.194430735767905,0.327336543267832,0.0592877029951564,0.0152749091783976,0.0355359908844703,0.0973129048466054,0.300459578142764,0.068471187234126,0.184883562908197,0.448528987186664,Low,High,Low_High,1,True,001
-65.73_18.34,-0.12291003815179,0.877835798867275,89.5714285714286,0.711891953732182,0.210857099155683,0.0296940833399228,0.158486853794521,0.274879793291277,0.0591993571182224,0.0150436517954567,0.0357353970880041,0.0965275525814742,0.327273830944732,0.0734221664484166,0.201948298070833,0.48327608750057,Low,High,Low_High,0,False,000
-65.73_18.35,-0.368754829959092,1.14154043571773,36.7659574468085,0.767074498658168,0.172077928940314,0.0323587578301258,0.117518611606866,0.244936624423808,0.0600366975009178,0.0173104914174246,0.0338264702159745,0.104362078267805,0.318766792855038,0.0893338016155145,0.172824267877539,0.511710869407005,Low,High,Low_High,0,True,000
-65.73_18.38,-0.529100525827849,-0.959441579087153,2.325,0.327425291858634,0.0448364768669093,0.0118950197566749,0.0265131650237296,0.074849419247956,0.0536627163458398,0.0099591600966512,0.0371743627660008,0.076880376198768,0.7456550177756,0.0927480565859322,0.529234674133382,0.884328138224334,Low,Low,Low_Low,0,True,000
-65.73_18.39,-0.533042662898183,-0.316714209033515,1.47826086956522,0.461921720881458,0.0635093625165839,0.0123043024294677,0.0432548779825471,0.0923328827031465,0.0555416874280061,0.0087935615981827,0.0406196790429349,0.0755139573883353,0.634680131441534,0.084244584965797,0.460138161299384,0.779796710864793,Low,Mid,Low_Mid,0,True,000
-65.74_18.16,-0.516486071103517,-1.0031890776463,5.03448275862069,0.318270737985511,0.0446351025105048,0.0120994954306832,0.0260918481753853,0.0753374537229856,0.0535370263637798,0.0101395094341418,0.0368072763565217,0.0772608844251997,0.750690708339523,0.0934348769542069,0.530912208406815,0.889022216942817,Low,Low,Low_Low,0,True,000
-65.74_18.17,-0.505136763197614,0.149359194271809,7.47222222222222,0.559451733337359,0.0852154659682767,0.0142338967002705,0.0611467004190949,0.117571833612682,0.056942775023481,0.0101442932227854,0.0400278594744491,0.0804068678410893,0.537626556726023,0.079693193183381,0.382830784068396,0.685493176878087,Low,Mid,Low_Mid,0,True,000
-65.74_18.18,-0.517034583823527,0.724290670850963,4.91666666666667,0.679761267574655,0.113227473968493,0.0206795698072054,0.078575652404856,0.160498923570042,0.0587168593094248,0.0138199225266627,0.0368057444576639,0.0924204452156535,0.422817715812926,0.0873274217605908,0.266478496497885,0.596313849980239,Low,Mid,Low_Mid,1,False,100
-65.74_18.21,-0.437500239422044,-0.589280262628341,22.0,0.404884845544581,0.0634231399355523,0.0137352917488871,0.0412646867577154,0.096285332353498,0.0547374126182259,0.0088939161409449,0.0397029206059426,0.0750203238269058,0.669666407673136,0.0897944628927647,0.477787632905993,0.817911499925186,Low,Low,Low_Low,0,False,000
-65.74_18.35,-0.172127109809293,0.103381902358194,79.0,0.549830575336876,0.135645045403429,0.0199978195647065,0.100992902382341,0.179808816570039,0.0568030969851516,0.0099330623930981,0.0401921753800642,0.0797089805335909,0.487192018997852,0.0738255618409794,0.34741872535496,0.628997543677366,Low,Mid,Low_Mid,1,False,100
-65.74_18.38,-0.515172316247297,-1.14824542260437,5.31666666666667,0.287916405319805,0.0412528465787227,0.0120255080140105,0.0231613876562935,0.072427852769521,0.0531222526984449,0.0107986156952896,0.0355250745676622,0.0787246169433896,0.772077623970563,0.0941029202319083,0.542889010923537,0.906207319124377,Low,Low,Low_Low,0,True,000
-65.75_18.16,-0.521302280352387,-0.229524934263418,4.0,0.48016685350229,0.0678097584759584,0.0126208330747864,0.0468796547393022,0.0971321121935662,0.055801300997524,0.0089032657385623,0.0407092460763033,0.0760448719679565,0.615983686174759,0.0829835931603797,0.44644578749009,0.761353174993988,Low,Mid,Low_Mid,0,False,000
-65.75_18.32,0.159010828371215,1.45935731998272,150.125748502994,0.83358051350741,0.373601004096955,0.0544062037558398,0.274391340060182,0.484719060859114,0.0610605916287498,0.020267202520966,0.0315006138400998,0.115063908525425,0.197910757624911,0.0682865483098004,0.0959960141850414,0.364408577627023,Low,High,Low_High,0,True,000
-65.75_18.33,-0.0733881310279403,1.14304081443607,100.208333333333,0.76738846627368,0.252799717996171,0.0379617603895813,0.1857855035403,0.33406857885133,0.0600414932219784,0.0173239131501194,0.0338154846237313,0.104409397290726,0.27423368838362,0.075280450695017,0.152570694323699,0.442279586923637,Low,High,Low_High,2,False,011
-65.75_18.38,-0.49528530686094,-1.10340369558285,9.58823529411765,0.297299936248491,0.0436450397350878,0.0124403343465612,0.0248146860064117,0.0756560282694544,0.0532501480517392,0.010585659047461,0.0359306579402278,0.0782405423466421,0.762976006426988,0.0946726827471587,0.535692364511538,0.899810222073981,Low,Low,Low_Low,0,True,000
-65.75_18.39,-0.498177419240961,-0.384317317846624,8.96703296703297,0.447775168004076,0.0645902177627577,0.0127433509368461,0.0436753034075412,0.0945306960202842,0.0553411762264152,0.0087564714014614,0.0404812198906215,0.0752282953402537,0.641662536541614,0.0854041656536972,0.463712063597611,0.787610544636438,Low,Mid,Low_Mid,0,True,000
-65.76_18.16,-0.521834356802738,-0.780441607597849,3.88571428571429,0.364882630821015,0.0500862220209706,0.0121161254339218,0.0310158365771531,0.0799151694789598,0.0541799021426903,0.0093301908487993,0.038545887921359,0.0756560183093045,0.715822624381615,0.091194005765534,0.511292233557318,0.858451890412818,Low,Low,Low_Low,0,True,000
-65.76_18.33,0.535281543672143,1.15315021552717,230.945652173913,0.76950394852893,0.481111858736203,0.0594636189574259,0.36761993528753,0.596586918478583,0.0600738156583433,0.0174144903430439,0.0337414487383334,0.104729026627196,0.194727509947513,0.0545822717389935,0.108921266095627,0.323583559476206,Low,High,Low_High,1,True,001
-65.76_18.34,0.335354764740145,0.999590089855036,188.00299850075,0.737370123978289,0.37889363229972,0.0483896637665664,0.289614241175309,0.477206966068177,0.0595845944667127,0.016066534684857,0.0348611446653735,0.100024699116068,0.240487873801075,0.0592690983249372,0.143564569996645,0.374251801766992,Low,High,Low_High,0,True,000
-65.76_18.35,-0.314125012496818,0.923862358662824,48.5,0.721523421475947,0.166891879189558,0.02736665321414,0.119877418921254,0.227577114564924,0.0593447125585723,0.0154252216187379,0.0354069167287629,0.0978250050392899,0.349645861487577,0.0823935666951566,0.20903244223251,0.522378797790212,Low,High,Low_High,0,False,000
-65.76_18.36,-0.366113315666567,0.239820396776049,37.3333333333333,0.578381545990141,0.109887650101557,0.0165636836537477,0.081376314125029,0.146792079181157,0.057218536851633,0.0106022713568102,0.0396514766416885,0.0819046782473747,0.494174184051404,0.0762091885136844,0.349587133407212,0.639742307855591,Low,Mid,Low_Mid,0,False,000
-65.76_18.38,-0.479080179270624,0.433457041276249,13.0689655172414,0.618901739195956,0.102927849361483,0.0169085373570343,0.0741910135810052,0.141099086063668,0.0578130399923235,0.0117502501546848,0.038650185825047,0.0856305984867402,0.474898486215367,0.0805810769062168,0.324354647179788,0.630147521590009,Low,Mid,Low_Mid,0,True,000
-65.76_18.39,-0.49522296409177,-0.213175332150701,9.60162601626016,0.483588153422848,0.0712024409972179,0.0130206098210388,0.0495358567648712,0.101335429646632,0.0558501103048855,0.008931560479461,0.040714973760329,0.0761647810248135,0.6083506179145,0.0826420411907534,0.440423976833085,0.754027725925228,Low,Mid,Low_Mid,0,True,000
-65.76_18.4,-0.513260670364121,-0.643602810346783,5.72727272727273,0.393517368408914,0.054743556752764,0.0123271910153495,0.0350364055586119,0.084564103788816,0.0545784368048365,0.0089898611989229,0.0394124426260039,0.0751239343736511,0.691184598165949,0.0895035379052389,0.495952107293979,0.835829401745257,Low,Low,Low_Low,0,False,000
-65.77_18.15,-0.526919241260448,1.10916259995895,2.79352226720648,0.760299148032163,0.135841003378649,0.0289518964708996,0.088372961049721,0.203124651558721,0.0599332942428966,0.0170222048411732,0.0340633591445709,0.103348419831256,0.34998303131213,0.09697431492956,0.189296447616296,0.553880119913948,Low,High,Low_High,0,True,000
-65.77_18.31,1.77507053286512,0.880905825157866,497.242290748899,0.712534384088082,0.859036142662097,0.0622153773454118,0.690041662350076,0.943443740977015,0.0592090421057806,0.0150689022441037,0.0357135765818042,0.0966131560178537,0.1101681475431,0.0431155428257995,0.0496871018231651,0.226706315932266,Mid,High,Mid_High,1,True,100
-65.77_18.32,1.6157999462404,0.956875908536281,463.032258064516,0.728431800944798,0.830517654358804,0.0662738101865844,0.660714763094434,0.924987105908578,0.0594491777738705,0.0157027866672608,0.0351697087928835,0.0987740816491323,0.115415610456107,0.0424422081971082,0.0546109654288602,0.227620757436041,Mid,High,Mid_High,2,True,101
-65.77_18.33,1.35493230269917,0.846802414293934,407.0,0.705397941496079,0.749439710600987,0.0772517095926305,0.57182638116235,0.870111611742753,0.0591015396624345,0.0147900593826712,0.0359551765037278,0.0956698088154023,0.146948281890615,0.0467392321020913,0.0765958043024659,0.263480917686796,Mid,High,Mid_High,2,True,110
-65.77_18.34,0.427988616630771,0.831318269473727,207.9,0.70215774622539,0.391804433700832,0.0510699716697965,0.297384521668701,0.495079272665505,0.0590527901872595,0.0146646721635811,0.0360642615791537,0.0952470181439093,0.253705253457049,0.0566065239965039,0.159103108607375,0.379192201609781,Low,High,Low_High,1,False,001
-65.77_18.35,-0.395599218956873,0.372845941393266,31.0,0.606218326487506,0.112750165127822,0.0172239378380802,0.0831415612288858,0.151164604123107,0.0576263311131379,0.0113683738183541,0.0389883730304147,0.0843915522814928,0.472287821392032,0.0772891695884968,0.327664893069326,0.621716576692886,Low,Mid,Low_Mid,1,False,010
-65.77_18.36,-0.428509982157486,0.508257523237155,23.9310344827586,0.634554406534658,0.115243548316144,0.0183443452395703,0.083870241572326,0.156349783935268,0.0580442411901498,0.0122470132334029,0.0382071220128758,0.0872464981074597,0.450634198274639,0.079739007221517,0.303770944240174,0.606634569628005,Low,Mid,Low_Mid,0,True,000
-65.77_18.37,-0.471059853035353,0.0308621413837107,14.7916666666667,0.534655169186298,0.0842141304959577,0.0140462493290129,0.0604611553581532,0.116145204457286,0.0565834378031704,0.009631530781197,0.0404102335443811,0.0786987067726743,0.555582819072754,0.0795208605316748,0.399396873363113,0.701507483934283,Low,Mid,Low_Mid,0,True,000
-65.77_18.38,-0.156763402305397,0.205282283702261,82.3,0.571154138087435,0.14588031085868,0.0206539557363319,0.109859746242481,0.191174718941709,0.05711310317872,0.0104210186343605,0.0398030317253049,0.081313701554543,0.463638310353451,0.071932147716039,0.32901575776171,0.603778028913557,Low,Mid,Low_Mid,0,False,000
-65.77_18.39,-0.355444074344417,0.104573113952983,39.625,0.550079846977037,0.104041458968954,0.0160344491367754,0.0765450372575948,0.139918551539532,0.0568067117942611,0.0099383433089205,0.0401881643862812,0.0797265080398841,0.519918088299297,0.0768142496505007,0.372044625491389,0.664382155022742,Low,Mid,Low_Mid,0,False,000
-65.78_18.15,-0.525957949292961,1.30740509990646,3.0,0.801783157529491,0.150177555284718,0.034625685196043,0.094066308423132,0.23121699434632,0.0605690339035398,0.0188261693305132,0.0326104805512149,0.109777715985786,0.313875310321415,0.101010879770092,0.154287595487032,0.534254719965941,Low,High,Low_High,0,False,000
-65.78_18.16,-0.48405692882779,1.64922095208466,12.0,0.873311170250537,0.187688561188174,0.0476196642976673,0.111325504701766,0.298819215723036,0.0616800327478084,0.0221311745301289,0.0301310286730302,0.122103891548967,0.251243780265697,0.102704396797811,0.103212118584804,0.494513615105419,Low,High,Low_High,0,True,000
-65.78_18.17,-0.523164547928617,1.48789862751878,3.6,0.839553036418519,0.16472702502281,0.0406407587409172,0.0995364039753371,0.260272741071676,0.0611533364569564,0.020543060916827,0.0312932657015418,0.116091334061025,0.28255872595355,0.103615264895628,0.126353221105816,0.517489224167864,Low,High,Low_High,0,False,000
-65.78_18.24,-0.376976543194575,0.374317624209604,35.0,0.606526289229835,0.115942258143451,0.0174769593067254,0.0858322995241708,0.154825881103848,0.0576308578310861,0.0113774153402927,0.0389804048011589,0.0844208725068304,0.46864876985015,0.0767230519480384,0.325317295561853,0.617346883828837,Low,Mid,Low_Mid,0,False,000
-65.78_18.3,2.37089637764542,1.09656660514379,625.220858895706,0.757663323884069,0.948536267617862,0.0319813032605256,0.836165764867443,0.985198486069502,0.0598931121975274,0.0169107590773071,0.0341554091884052,0.102957942851258,0.0633073831015287,0.0326844429660098,0.0224307431086473,0.166024345150455,High,High,High_High,2,True,011
-65.78_18.31,1.83855089425263,1.25765013070477,510.877358490566,0.79137148689656,0.893908033178723,0.0489255185632996,0.754019097481087,0.95860937828528,0.0604088852413914,0.0183649325085948,0.0329752461457716,0.108114176956204,0.079946821790305,0.0344911873240934,0.0335003174539725,0.178871269163812,Mid,High,Mid_High,0,True,000
-65.78_18.35,-0.035322068632409,0.0639412755091014,108.384615384615,0.541577272744235,0.161156457658729,0.0245239499924285,0.118657405942228,0.215161165549238,0.0566835338360479,0.0097641365843942,0.040317266096354,0.0791455668978623,0.470678716790771,0.0731881774398784,0.333325006610855,0.612621475906626,Low,Mid,Low_Mid,0,False,000
-65.78_18.39,-0.264658530003213,0.108835363999879,59.125,0.550971760776914,0.119084228951574,0.0177591563699874,0.0884317744393594,0.158513949742788,0.056819647640108,0.0099573235332491,0.0401737032740367,0.0797894660913743,0.502721944287577,0.0751628789650426,0.359301821438351,0.645695539833828,Low,Mid,Low_Mid,0,False,000
-65.78_18.41,-0.503843521825232,1.08511796879381,7.75,0.755267594718023,0.138681940618864,0.0286774446006619,0.0913858420654725,0.204934923167206,0.0598566121836581,0.0168098136042877,0.0342390130312396,0.102604918258031,0.350682348288151,0.0952013616490043,0.192245210800088,0.550676497338591,Low,High,Low_High,0,True,000
-65.79_18.09,-0.498987177499288,-1.57751091826891,8.79310344827586,0.198088775504111,0.0332684722414158,0.0118670679455508,0.0164231917253934,0.0662285517221665,0.051912515025076,0.0131314193144232,0.0314374950268161,0.0845585636592393,0.826321451772548,0.092906339384625,0.572231852587776,0.944201493556018,Low,Low,Low_Low,0,False,000
-65.79_18.25,0.0038571761444263,0.237113012467782,116.8,0.57781500170026,0.184784978567091,0.026116905727085,0.138946821650362,0.241503706649771,0.0572102654845995,0.0105877868447082,0.0396636897573864,0.0818575151552672,0.428651529379595,0.0687883648067769,0.301986655682942,0.565409339797913,Low,Mid,Low_Mid,0,False,000
-65.79_18.26,1.44711454772255,1.4259363960868,426.8,0.826586887394568,0.829879348650861,0.059477785474555,0.68114876189435,0.917623636785815,0.0609521576747065,0.0199462169781805,0.0317439421695742,0.113874696246559,0.0911980616613339,0.0365128179970869,0.0405997548885843,0.192221309664884,Mid,High,Mid_High,2,False,011
-65.79_18.27,1.82134568201855,0.500246731207593,507.181818181818,0.632878076924592,0.840474854635844,0.0734029278687883,0.643077370189795,0.939048286914772,0.0580194391671886,0.0121925318320331,0.0382558044445139,0.0870689642791407,0.140545556233769,0.0555630034934487,0.0622500230644933,0.287161968673205,Mid,Mid,Mid_Mid,3,True,111
-65.79_18.29,3.00568151435857,0.805198819935042,761.567567567568,0.696692018679507,0.97789453554818,0.0180559811467022,0.895899202718541,0.995621607838375,0.0589706424689445,0.0144549297679631,0.0362473274988818,0.0945417047744841,0.0515280045238638,0.0335052735142585,0.0139751706631865,0.172351243620972,High,Mid,High_Mid,2,True,101
-65.79_18.3,3.12476313746896,0.674841333305128,787.145336225597,0.669413553088956,0.980347948041251,0.0168536405186007,0.899814207875655,0.996403853072346,0.0585622570047534,0.013443383961019,0.0371394412552652,0.0911721239663388,0.0525636849534653,0.0358161517850236,0.0133695086178888,0.185102965953189,High,Mid,High_Mid,2,True,101
-65.79_18.31,4.2628876265028,0.620266943075943,1031.60526315789,0.657993375663945,0.996833679362543,0.0037213644096159,0.968966377460077,0.999685077405349,0.0583920745181968,0.0130387129439878,0.0374997169772476,0.0898378304595241,0.024936480979589,0.023805073720914,0.0037394941201724,0.148390201715238,High,Mid,High_Mid,2,True,101
-65.79_18.42,-0.520948044672126,-1.09462010527701,4.07608695652174,0.299137980783666,0.0421207941876324,0.011957083025163,0.0240088062519267,0.0728760373562778,0.0532752341864377,0.0105448572179439,0.0360092310562741,0.0781489323562472,0.765009900523604,0.0937469864753125,0.539481688394229,0.900467922384907,Low,Low,Low_Low,0,True,000
-65.7_18.35,-0.368829122548569,0.447663844332946,36.75,0.621874639321241,0.121821949095811,0.0183360205559534,0.0901983125031041,0.162551933862801,0.0578568852748537,0.0118424972185002,0.0385680990694728,0.0859302315146627,0.452279220579944,0.0769796552548939,0.309913598933898,0.602906766312363,Low,Mid,Low_Mid,0,False,000
-65.7_18.36,-0.516374084449437,1.45237210515406,5.05853658536585,0.832118795064748,0.16342223250216,0.0395560967976289,0.0997449305469476,0.256183077575165,0.0610379132494831,0.0201999314570676,0.0315514259157902,0.114814117836783,0.287488346598156,0.102748113562555,0.131159983037182,0.518869359824038,Low,High,Low_High,0,True,000
-65.7_18.37,-0.539924956114685,-2.37014431454128,0.0,0.0322231748000834,0.0198706116512941,0.0096427729567574,0.0076236056434556,0.0507850873169257,0.0497469021012043,0.0180511047425194,0.0241693873861561,0.0996285903151033,0.903610115746523,0.0757935689836892,0.630050431057163,0.980989312942095,Low,Low,Low_Low,0,False,000
-65.81_18.1,-0.501903659766659,-0.193171393739381,8.16666666666667,0.48777415577481,0.0712455682519489,0.0129645269760253,0.0496550547189227,0.10122393453433,0.0559098837285936,0.008969466506059,0.0407172934502779,0.0763201895853721,0.605591763430642,0.082387958908569,0.438502593436882,0.751173469240198,Low,Mid,Low_Mid,0,False,000
-65.81_18.34,0.662639337331365,1.03050681943831,258.301075268817,0.7438397251183,0.515665300412995,0.0639505633378026,0.391937779397424,0.637501789259996,0.0596827899029693,0.0163329669597929,0.0346368264064074,0.100945740930817,0.196098902328515,0.0518433042180371,0.11350621083133,0.317280539706113,Low,High,Low_High,1,True,100
-65.81_18.35,-0.245147601614094,1.48043879110557,63.3157894736842,0.837991999180308,0.236851144760357,0.0463554487087438,0.158068596882996,0.339085310926552,0.0611290830534618,0.0204708069013184,0.031347417374886,0.115821742772176,0.244939453346817,0.0876315780791585,0.113601350477795,0.450883314557137,Low,High,Low_High,0,True,000
-65.81_18.39,-0.527601126566105,0.435308133877324,2.64705882352941,0.619289096816364,0.0958746711219378,0.0164474557340281,0.0681274409905394,0.13330627723011,0.0578187510988876,0.0117622121177803,0.038639548134107,0.0856694436973774,0.483234975862799,0.0822989172158228,0.328931189113416,0.640803350352243,Low,Mid,Low_Mid,0,False,000
-65.82_18.15,-0.441751067585178,-0.193904816676456,21.0869565217391,0.487620680490271,0.0780537328935745,0.0138721416581167,0.0548409581220919,0.109948910698876,0.0559076911377023,0.0089680130758908,0.0407172990204028,0.0763143230190856,0.595350308462197,0.0820881104170732,0.430032613323355,0.741537400162109,Low,Mid,Low_Mid,0,False,000
-65.82_18.32,1.17115589715017,0.828554514418,367.526315789474,0.701579405854327,0.68619358147307,0.0792683590975802,0.515214863535594,0.81815374820897,0.0590440928893933,0.0146423732448203,0.0360836894679982,0.0951719189984968,0.166374834043077,0.0482504077406483,0.0916715986128307,0.282988060767407,Mid,High,Mid_High,1,True,100
-65.82_18.34,0.216155679834627,0.763939418674357,162.4,0.68805812133557,0.304111499727834,0.0391991038891339,0.233110034448375,0.385857859860713,0.0588410966258564,0.014128263566809,0.036533850046482,0.0934478702156019,0.294974813256629,0.0612637900822296,0.190197957188811,0.427034012471032,Low,Mid,Low_Mid,0,False,000
-65.82_18.37,-0.42004148089489,0.438267724785118,25.75,0.619908417584412,0.112536437487623,0.0176051363674103,0.0823689380201512,0.151923492708509,0.0578278833138838,0.0117813732316566,0.038622503930117,0.085731672887083,0.463336433537232,0.0786122709951096,0.317224026511576,0.616027966364641,Low,Mid,Low_Mid,0,False,000
-65.82_18.38,-0.504112118110265,0.246741986645072,7.69230769230769,0.579829950343089,0.0898807974743054,0.0149081892435595,0.064628501905094,0.123695116542521,0.0572396882030523,0.0106395123985146,0.0396200018542543,0.0820258956295206,0.51757970056992,0.0798354152562947,0.364398200771925,0.667526878229003,Low,Mid,Low_Mid,1,False,001
-65.82_18.39,-0.532941452703823,1.4672502012058,1.5,0.835232169230609,0.160893368448542,0.0397020934118258,0.0972665334337971,0.254411739753777,0.0610862263412587,0.0203433301481508,0.0314432294963852,0.115346943738149,0.287436326337581,0.103942508950961,0.129822295283461,0.521685155144783,Low,High,Low_High,0,False,000
-65.82_18.41,-0.500391224941331,0.384713147277777,8.49152542372881,0.608701645058197,0.0972119856629727,0.0161716570996182,0.069800911393583,0.133838684378405,0.0576628427088043,0.0114416152075719,0.038923762954175,0.0846290759474164,0.48868767131258,0.0807474034449014,0.336567307163558,0.642932563720333,Low,Mid,Low_Mid,0,False,000
-65.83_18.04,-0.506005082404784,-0.94896625999792,7.28571428571429,0.329617345715402,0.0467648995347924,0.0123246886847838,0.0277437240432651,0.0777837256519867,0.0536928540359167,0.0099173924038874,0.037260646357413,0.0767937402601356,0.740847080875159,0.0933525272553051,0.524326629646162,0.881150289806705,Low,Low,Low_Low,0,False,000
-65.83_18.05,-0.508266407318778,-0.372581873542263,6.8,0.450230914290096,0.0640020278757079,0.012597507477621,0.0433199034976067,0.0935923738304881,0.0553759346728371,0.0087599099671394,0.0405095775481693,0.0752700142936352,0.641123343266459,0.0851665619541966,0.463752405695022,0.786797987360827,Low,Mid,Low_Mid,0,True,000
-65.83_18.34,0.155709578089501,1.03738876035578,149.416666666667,0.745279832574853,0.316903470083313,0.0416784763645678,0.241331281370514,0.403552816155131,0.0597046684293836,0.0163926250631166,0.0345867975900312,0.101152562206925,0.258907601544201,0.0650935598440365,0.152313059728533,0.404503591616127,Low,High,Low_High,0,False,000
-65.83_18.36,-0.250497536975632,0.436324438847935,62.1666666666667,0.619501767686961,0.143435398007201,0.0200338375387675,0.108453421104686,0.187330040739167,0.0578218868916691,0.011768786948105,0.0386337002853289,0.0856907958799945,0.43355835221508,0.0731449246724115,0.299201895966009,0.578448093412013,Low,Mid,Low_Mid,2,True,011
-65.83_18.42,-0.536343672314243,-1.26150007794717,0.769230769230769,0.264216859565986,0.037444150971126,0.0115335030796838,0.0203536382079517,0.067890690443285,0.0528005231637454,0.0113677621062088,0.0344734484114231,0.0800628766003341,0.790511911603847,0.0933122076232532,0.555676442747639,0.91926442703856,Low,Low,Low_Low,0,False,000
-65.84_18.02,-0.385398595997187,0.99309464875128,33.1910112359551,0.736010895051551,0.156454313204306,0.0280412080503101,0.108971852450115,0.219528930602158,0.0595639833702567,0.0160108912335352,0.0349081748982947,0.0998328800432558,0.348425743721092,0.0871701226462092,0.201245668001639,0.531606443038435,Low,High,Low_High,0,True,000
-65.84_18.04,-0.461244151018975,0.580578044761259,16.9,0.649688120054977,0.114048532860832,0.0189728892070535,0.0818053327468367,0.156829603075264,0.0582686017874419,0.0127519927420291,0.03775570902472,0.088896660035082,0.441828867589163,0.0820963236015102,0.291895123956918,0.60317492762442,Low,Mid,Low_Mid,0,True,000
-65.84_18.05,-0.520695019186225,0.787618119065739,4.1304347826087,0.69301310037478,0.116363408922223,0.0217896729460304,0.079976052393873,0.166313475156089,0.0589154101101296,0.0143150295709079,0.0363698324669002,0.0940725649373633,0.410859120371056,0.0889599127346389,0.253365428547297,0.589019404935822,Low,Mid,Low_Mid,1,True,100
-65.84_18.15,-0.399159436382018,-0.626257061148946,30.2352941176471,0.397147120982917,0.0659391632983364,0.0145326886308602,0.0425631709599123,0.100801765081777,0.0546291520816385,0.0089566769660075,0.0395087365355815,0.0750839482318437,0.670257019955846,0.0911586744116621,0.475255837217171,0.820207369985693,Low,Low,Low_Low,0,False,000
-65.84_18.3,1.70565936288912,1.09445808346481,482.333333333333,0.75722209693536,0.860255088037506,0.058671138315094,0.702839584661554,0.941252561316005,0.059886388340827,0.0168921426627019,0.0341708112742602,0.102892790614482,0.0985128855616021,0.0387832859049273,0.0443706421912048,0.204577802361521,Mid,High,Mid_High,0,False,000
-65.84_18.35,-0.333080236040586,0.889320024309326,44.4285714285714,0.714295130232849,0.159875979803848,0.0262765629893081,0.114803811983557,0.218280054554627,0.0592355939246861,0.0151382563369257,0.0356537032516955,0.0968484637483208,0.359235938532583,0.0825725483198489,0.217250147799466,0.531059923192762,Low,High,Low_High,1,False,001
-65.84_18.43,-0.518258189122011,-0.701860826613181,4.65384615384615,0.381326359413716,0.05260215795164,0.0122143624581577,0.0332032738055536,0.0823691544319274,0.0544084273167776,0.0091181817234426,0.0390658542373286,0.0753043837331491,0.702021581176387,0.0902515091499135,0.5028346133159,0.845867171934215,Low,Low,Low_Low,0,False,000
-65.85_18.33,0.3838927808079,1.32294499756502,198.428571428571,0.805035019578376,0.443748493234603,0.056819869884672,0.336901572756816,0.556065095096201,0.0606191342508131,0.0189713321459517,0.0324966369509512,0.110304108606557,0.190063214456927,0.059412612223601,0.0992089754533727,0.333331784511141,Low,High,Low_High,0,False,000
-65.86_18.43,-0.519556404499671,-0.286775914999471,4.375,0.46818657566472,0.0659085823459278,0.0125433702604023,0.0451900767758738,0.0951791102023477,0.0556307028644077,0.0088233808711555,0.0406617087240191,0.0756756120608965,0.626712228985467,0.0838011150792449,0.45414394118101,0.772101700263803,Low,Mid,Low_Mid,1,False,001
-65.87_18.32,0.994810018701212,1.19574598310004,329.648648648649,0.778417492431004,0.669494803839461,0.0713534291922504,0.518459454644461,0.792149431934077,0.0602101846007616,0.017798830662016,0.0334292591746462,0.106091023571892,0.143666577992907,0.0453594887626214,0.0753133640698549,0.256825894277049,Mid,High,Mid_High,1,True,100
-65.88_17.99,-0.500452980314161,0.897449084931815,8.47826086956522,0.715996208599784,0.126748582325707,0.0242532197168943,0.0863143851056894,0.182344130147858,0.0592612565575442,0.0152054658296948,0.0355957658246464,0.0970767552977598,0.38582932183675,0.0906211718842638,0.228920725116813,0.570688286024069,Low,High,Low_High,0,False,000
-65.88_18,-0.500306126306658,0.51573286400594,8.50980392156863,0.63611868819742,0.104132124775304,0.0176844870682886,0.074214858626004,0.144230661889939,0.0580673943885833,0.0122981212328743,0.0381614436691561,0.0874131203317283,0.461934902956401,0.0825167116092912,0.309331600841091,0.622020910389602,Low,Mid,Low_Mid,0,True,000
-65.88_18.04,-0.378421405969236,0.246484064123885,34.6896551724138,0.579775977757385,0.108295183764741,0.0164303857803708,0.0800438607384354,0.144946702850669,0.0572388998983881,0.0106381192577131,0.0396211811565471,0.0820213621212379,0.495025085218286,0.0765067412431691,0.349835689370104,0.641058409265556,Low,Mid,Low_Mid,0,True,000
-65.88_18.38,-0.456122915184343,-0.546701348502065,18.0,0.413794862712787,0.0630758317996064,0.0133824682166774,0.0414038935811469,0.094967645622237,0.0548623253730391,0.0088354899655744,0.0399071206253484,0.0749842824387648,0.664904813909468,0.0887192219172563,0.476215895483625,0.812397867435206,Low,Low,Low_Low,0,False,000
-65.88_18.43,-0.529196675512491,-0.200202216278596,2.30434782608696,0.486302893512338,0.0680682295726315,0.0125759018566775,0.0471865817397455,0.0972475558294037,0.0558888681928955,0.008955732564982,0.0407170635630477,0.0762644787983896,0.611641369967176,0.0826324804019545,0.443343854279817,0.756951072480502,Low,Mid,Low_Mid,0,False,000
-65.88_18.44,-0.535611615772682,-1.64857825708227,0.926470588235294,0.183217301632142,0.0301482672074328,0.011070890141255,0.0145843196148394,0.0612885610531113,0.051714765044517,0.0135530089286391,0.0307516751664807,0.085704567112626,0.838119670111377,0.090386794169487,0.583844284975491,0.950265013444376,Low,Low,Low_Low,0,True,000
-65.89_18,-0.463106418595204,0.909131036787317,16.5,0.718440761114251,0.134503062636767,0.0249837607613538,0.0925949298890793,0.191378289144047,0.0592981535557972,0.0153024006209859,0.035512351938012,0.097406468609037,0.377231115283165,0.0890878012985178,0.223642848640075,0.560188578154303,Low,High,Low_High,0,False,000
-65.89_18.34,-0.317616764202249,0.97052461128851,47.75,0.731287913608578,0.169893060487706,0.0284680533831935,0.121103489030428,0.233125002739707,0.059492416858599,0.0158184581997044,0.0350712999369821,0.0991709276443751,0.341576778034993,0.0834734038366386,0.200411454629744,0.517785960361731,Low,High,Low_High,0,False,000
-65.89_18.38,-0.495609885087734,0.502335844613035,9.51851851851852,0.63331524251913,0.104125502895371,0.0175602767113104,0.0743880415583739,0.143902669683072,0.0580259062628378,0.012206711082262,0.0382431356712388,0.0871151605705864,0.463820785087997,0.0821279719402183,0.311689921469611,0.622997370111804,Low,Mid,Low_Mid,0,False,000
-65.89_18.41,-0.527650919816807,0.458230458570653,2.63636363636364,0.624085797501286,0.0970311927869641,0.0167097676095305,0.0688524925252923,0.135069495223531,0.0578895163806537,0.0119117599380276,0.0385063937745486,0.0861553219317543,0.478560424163972,0.0826311020792594,0.324137873598476,0.637192241343462,Low,Mid,Low_Mid,0,False,000
-65.8_18.08,-0.49640870356809,-0.582668510091603,9.3469387755102,0.406268413675031,0.0581099174304185,0.0126451567581056,0.0377471127929002,0.0884478113311545,0.0547567917729144,0.0088838599906256,0.0397360127725563,0.0750120906145207,0.677795962315405,0.0888054222530155,0.486668807631333,0.823560650831304,Low,Low,Low_Low,0,True,000
-65.8_18.09,-0.525314308425601,0.72460137882721,3.13824884792627,0.679826285987159,0.111883739244493,0.0205959623591276,0.0774226119049818,0.159039464484847,0.0587178319400985,0.0138223169968893,0.0368036280082514,0.092428405469287,0.424210488337513,0.0877016922826079,0.267126603496605,0.598261232999823,Low,Mid,Low_Mid,2,True,101
-65.8_18.1,-0.524018087234389,0.308576202555363,3.41666666666667,0.59276931097848,0.0901463176675251,0.0152140354812622,0.0644402197012784,0.12473968340387,0.0574289705026936,0.0109852823448254,0.0393234757346974,0.0831491580847853,0.50851514340569,0.080784136479244,0.354468193111999,0.660961875685798,Low,Mid,Low_Mid,0,False,000
-65.8_18.25,0.532430789864327,1.36052715417606,230.333333333333,0.812899420714335,0.510128088703753,0.062158777414222,0.39007475574511,0.629024408366728,0.0607404587284831,0.0193245231248912,0.0322215611344783,0.111590554466835,0.169769442142805,0.0549431400760665,0.0869641093343383,0.305075354811266,Low,High,Low_High,0,False,000
-65.8_18.26,1.5315643338968,0.772576559921681,444.939130434783,0.689865520100359,0.793021827282654,0.0751959562387703,0.609527670694491,0.903884202478066,0.0588681933350994,0.0141961658881585,0.0364741571755818,0.0936747796460499,0.138822024727094,0.0476195469258031,0.0687657747817937,0.260299538651544,Mid,Mid,Mid_Mid,1,True,010
-65.8_18.27,1.76791507881175,1.42647336697761,495.705357142857,0.826699253337997,0.892191798424008,0.0476698420599591,0.758040031410293,0.956256823402633,0.0609538984488791,0.0199513566568282,0.031740028447612,0.11389368494592,0.0737534828263001,0.032578895497067,0.0303211679865224,0.16858267795851,Mid,High,Mid_High,2,True,110
-65.8_18.38,-0.502679604590088,-0.896646169839095,8.0,0.340565790764392,0.0483939901189778,0.012411738924539,0.0291132489378649,0.0793994747918072,0.0538436190661315,0.0097174620044387,0.0376813823720254,0.0763878585675662,0.732071794519387,0.0929670222207179,0.519036459607677,0.873706551035745,Low,Low,Low_Low,1,False,001
-65.8_18.4,-0.525569976881247,0.178578252368237,3.08333333333333,0.565566081592129,0.0839283510326103,0.014198956768761,0.0599683874900911,0.116277218489457,0.0570317095561611,0.0102862374970547,0.0399136723224873,0.0808728579759685,0.535336429316477,0.0801942571809312,0.379826282278885,0.684266537296699,Low,Mid,Low_Mid,0,False,000
-65.8_18.41,-0.525928668356228,0.02983520806049,3.0062893081761,0.534440274238217,0.0774601404965459,0.0133729928110124,0.0549843159439076,0.108072683812505,0.056580333007949,0.0096275495069721,0.0404129394699149,0.0786852141561196,0.565516969400029,0.0804643454723299,0.406545197394556,0.712064658911718,Low,Mid,Low_Mid,0,True,000
-65.8_18.42,-0.530190375602575,-0.384271913088198,2.09090909090909,0.447784669354342,0.0614790325014587,0.0122533296809687,0.0414141334512173,0.0903489968753503,0.0553413106682176,0.008756482285234,0.0404813330931357,0.0752284504019312,0.646934122329997,0.0852667636515945,0.468522975121273,0.792038073218827,Low,Mid,Low_Mid,0,False,000
-65.91_18.4,-0.419653508483175,0.137735980826472,25.8333333333333,0.557019472358591,0.0962576026032602,0.0152182893028395,0.0702803956852671,0.130488931143172,0.0569074334966481,0.0100894736023283,0.0400712112149747,0.0802263214646293,0.524675602554293,0.0778368776239268,0.374505249463446,0.67051217004971,Low,Mid,Low_Mid,0,False,000
-65.91_18.41,-0.537929669425867,1.26279930567616,0.428571428571428,0.79244899763958,0.144438290938958,0.0330535353035718,0.0908625405891973,0.221893954291977,0.0604254407352112,0.0184124124909489,0.0329374833837195,0.108284791871399,0.323673968642874,0.100853573018233,0.162476893987378,0.541413907644909,Low,High,Low_High,0,False,000
-65.91_18.45,-0.535579665103482,-0.730348420620103,0.933333333333333,0.375365076537178,0.0503986121519907,0.0119049412580493,0.0315652438239339,0.0795459048746579,0.0543254761677908,0.0091900476010427,0.0388840022466533,0.0754178352637541,0.709452378108994,0.0902790475230771,0.508578267988676,0.852095941980957,Low,Low,Low_Low,0,True,000
-65.92_18.21,0.0159619153899202,0.665037482557421,119.4,0.66736200996558,0.22880808815761,0.0295894478304219,0.175995600424787,0.291855279200122,0.0585316508520799,0.0133698273391714,0.0372048154732987,0.0909290459713099,0.343820366224392,0.0662585615998399,0.22759609054302,0.482333502111104,Low,Mid,Low_Mid,0,False,000
-65.94_18.37,-0.446146481740254,-1.06555564247054,20.1428571428571,0.305219978596535,0.0481503566706361,0.0134690692087631,0.0276504771140864,0.0825582693502897,0.0533583224887949,0.0104120855170377,0.0362669952862754,0.0778535049606048,0.750769815360512,0.0961769317065446,0.523806954893589,0.891885268436463,Low,Low,Low_Low,0,False,000
-65.95_17.97,-0.498605894267086,-0.192410713358439,8.875,0.487933334922348,0.0716351846138907,0.0130126725773093,0.0499571193028942,0.101712977889199,0.0559121578919312,0.0089709790585857,0.0407172804109863,0.0763262877257975,0.604875942977143,0.0823589421984538,0.437928525982596,0.750488721713675,Low,Mid,Low_Mid,0,False,000
-65.95_18.15,0.309152666922605,1.07557741500661,182.375,0.753271148829665,0.379156900454329,0.0486157510278928,0.289479533566549,0.477928497771543,0.0598262113416053,0.0167259482752445,0.03430863419828,0.102312103105403,0.232661519960966,0.0604701808681285,0.135029126156013,0.370637874930381,Low,High,Low_High,0,False,000
-65.95_18.42,-0.525625401511492,0.790465043805134,3.07142857142857,0.69360884474321,0.115700799550816,0.0217877084000559,0.0793537155340085,0.165699850161169,0.0589243508514733,0.014337613663402,0.0363500354948141,0.0941482279779129,0.411154028277607,0.0892548071247109,0.253173862276476,0.589854153804441,Low,Mid,Low_Mid,0,False,000
-65.96_18.21,-0.0064719126214066,-0.468276021162994,114.581395348837,0.430206061245021,0.128737439844896,0.0271539403861548,0.0841957371998459,0.191905113817445,0.0550931029215317,0.0087682220570559,0.0402260481999744,0.0750253209309599,0.5738134278042,0.0927748694054206,0.390283871886191,0.739037764623823,Low,Mid,Low_Mid,0,True,000
-65.96_18.4,-0.507478524882681,-1.32892139936891,6.96923076923077,0.250108347320013,0.0377428668005247,0.012009394494511,0.0201028320368405,0.0697598934613949,0.0526098697911372,0.011724999200332,0.0338338161907844,0.0809328497687608,0.796153188823735,0.0942862728241727,0.555707206739741,0.924218050581386,Low,Low,Low_Low,0,True,000
-65.96_18.41,-0.525459127620757,-0.56275351904581,3.10714285714286,0.410435802998217,0.056158143087526,0.0121683103767517,0.0365535305378137,0.0853458091133838,0.0548152019981796,0.008855746080868,0.0398326315926276,0.0749931303944524,0.678801348844751,0.088091074737542,0.489096991374801,0.823487463602727,Low,Low,Low_Low,0,False,000
-65.96_18.42,-0.526124223183696,0.182475678238956,2.96428571428571,0.566381652682479,0.0840327939478581,0.0142190868216119,0.060039103069942,0.116427492010439,0.0570435820758395,0.0103056113247423,0.0398978915362024,0.0809363140278238,0.534642075447004,0.0802150466959082,0.379159536911324,0.683671956275302,Low,Mid,Low_Mid,0,False,000
-65.96_18.44,-0.525641995712164,0.868229218369298,3.06786427145709,0.709881691166282,0.120413919777585,0.023324964063234,0.0816491056247167,0.174094242034538,0.0591690609047461,0.0149648280234264,0.035803587950853,0.0962605568157857,0.395838948163103,0.0911337289888175,0.236905195155574,0.58031228707654,Low,High,Low_High,0,True,000
-65.96_18.45,-0.529061728586678,-0.531032297404496,2.33333333333333,0.417073751269569,0.0568268498002008,0.0121323779031989,0.0372228315332097,0.0858351552869458,0.054908360849632,0.0088178142099025,0.0399768659013696,0.0749812389579996,0.673684735595073,0.0875586753458383,0.486067107138183,0.818399671492821,Low,Low,Low_Low,0,True,000
-65.97_18.39,-0.469158788217951,-2.12022360434776,15.2,0.0845213102553564,0.025672340879844,0.0114545421403873,0.0106248646383084,0.0607228598379794,0.0504203223071946,0.0164689774140205,0.0263442447758174,0.094367036370365,0.878948571411934,0.0851508084819796,0.602032820638778,0.972106708819247,Low,Low,Low_Low,0,False,000
-65.97_18.4,-0.503364261787232,-0.290771881303865,7.85294117647059,0.467350384110606,0.0674226693389839,0.0127738409455359,0.0463025174741261,0.0971946444660026,0.0556188139107187,0.0088189250513657,0.0406567832049807,0.0756527858454708,0.624749047294268,0.0838518824868898,0.452327759512989,0.770436937057077,Low,Mid,Low_Mid,0,False,000
-65.97_18.41,-0.522376665492519,-0.712970260504127,3.76923076923077,0.37900161138459,0.0519455915233391,0.0121382058530001,0.0326948388069186,0.0815753082900963,0.0543760642982686,0.0091455136216013,0.0389958697866422,0.0753466933167536,0.704537578173935,0.0903213726999798,0.50464548570227,0.848053796785997,Low,Low,Low_Low,0,False,000
-65.97_18.45,-0.537579792851815,-3.81282778124349,0.503722084367246,-0.269671195227321,0.0087062586340264,0.0063970516742898,0.0020502744386682,0.0361866197955527,0.0460233155371812,0.0269166895416472,0.0143002478308832,0.138249319335488,0.968235298242438,0.0399770014914133,0.704644022419637,0.997438832271818,Low,Low,Low_Low,0,True,000
-65.98_17.97,-0.518974445882099,0.916744027483894,4.5,0.720033847250894,0.12463226375004,0.0244389221754187,0.0840675756187524,0.180904491710781,0.0593222104790484,0.01536579250458,0.0354578977134902,0.0976223803761883,0.385245906967083,0.0919910833720457,0.226419911030187,0.572964579780984,Low,High,Low_High,0,False,000
-65.98_18.35,-0.111603413581823,1.4043752223644,92.0,0.822075019678461,0.270037820124731,0.0461729881142897,0.189458161233552,0.369275389371693,0.0608822981786017,0.0197403209722422,0.0319011957322737,0.113115428198431,0.238732420823264,0.0801078774216586,0.116751003792873,0.426604225318603,Low,High,Low_High,0,False,000
-65.98_18.4,-0.462330473771775,-1.42559208779161,16.6666666666667,0.229879144410938,0.0384031776182179,0.0128134892311443,0.0198300459933685,0.0730752680334236,0.0523376395510985,0.0122571238358036,0.0329059204958241,0.0822681072680558,0.803616556171312,0.0957817425963564,0.554660312652537,0.93077063357796,Low,Low,Low_Low,0,False,000
-65.98_18.41,-0.507335273530663,-0.772006225680821,7.0,0.36664780964822,0.0514737852711761,0.0123775119657903,0.0319624078712439,0.081888289074412,0.0542043901304152,0.0093053973649891,0.0386043975293838,0.0756125251011444,0.712282323471089,0.0914190276472496,0.508045199168362,0.855796326971926,Low,Low,Low_Low,0,False,000
-65.98_18.45,-0.527820216869191,0.142720086264142,2.6,0.558062440830875,0.0820567543697057,0.0139477188426678,0.0585437819782288,0.113871041269346,0.0569225856359355,0.0101128644945621,0.0400527688671537,0.0803034022735784,0.543030913803692,0.0802149129884395,0.386744958694644,0.691281329063994,Low,Mid,Low_Mid,0,True,000
-65.98_18.46,-0.531278713796475,-0.32484342374417,1.85714285714286,0.460220610270202,0.063400559724615,0.0123170622012454,0.0431349972653526,0.0922691244851106,0.0555175400114122,0.0087868853136738,0.0406062219904995,0.0754737925866557,0.635927589876935,0.0843654947003333,0.460963546624817,0.781072626497111,Low,Mid,Low_Mid,0,False,000
-65.99_17.98,-0.385229774498321,0.0594542296113327,33.2272727272727,0.540638318409583,0.0972260558698241,0.0153835908621632,0.0709658188510352,0.131824808914282,0.0566699464784523,0.0097456573848842,0.0403305284228406,0.0790835676000054,0.534465310620045,0.0778097427854019,0.383469134614515,0.679398663344762,Low,Mid,Low_Mid,0,False,000
-65.99_18.43,-0.508315414360258,0.17454871077786,6.78947368421053,0.56472286411026,0.0859541768864532,0.0143561745954442,0.0616757015993186,0.118582010434553,0.0570194370204332,0.0102663149554963,0.0399298538593135,0.0808075707762196,0.533067114416846,0.0797691537992265,0.378560154025033,0.681481323232918,Low,Mid,Low_Mid,0,False,000
-65.99_18.45,-0.535527935448587,0.0076871925124649,0.944444444444444,0.529805604641211,0.0754333815946565,0.0131653427088611,0.0533500032075713,0.105637758955637,0.0565134104128234,0.0095437021055083,0.0404685937634689,0.0783998425677572,0.57165818664165,0.080744130869734,0.411521943525557,0.718071723167622,Low,Mid,Low_Mid,0,False,000
-65.99_18.46,-0.523915989231306,-1.05589019756624,3.43859649122807,0.307242559063951,0.0428396672061504,0.0119289741979971,0.02468180341366,0.0733512274453407,0.0533859807527646,0.0103687161164979,0.0363519174811498,0.0777579239995685,0.759653664593898,0.0934874663531938,0.536736215101013,0.896074868966887,Low,Low,Low_Low,0,True,000
-65.9_18.45,-0.527454414309575,-0.436181594716807,2.67857142857143,0.436922105947128,0.0600108952846501,0.0122379302301853,0.0400577168266838,0.0889816820963853,0.0551878086421578,0.0087562495154441,0.040334339112731,0.0750832361911125,0.65613284898529,0.0860903092327512,0.4745840765117,0.801224823842016,Low,Mid,Low_Mid,0,True,000
-66.01_18.02,-0.11470719287554,1.01738092769955,91.3333333333333,0.741093015317445,0.227062610591975,0.033374868531766,0.168305000660918,0.298959713194716,0.0596410819141976,0.0162195341967345,0.0347321520466844,0.100553088145934,0.30139582152929,0.0752251092520655,0.176405526663225,0.464950830132317,Low,High,Low_High,0,False,000
-66.01_18.24,-0.272689558925704,-0.1851567507757,57.4,0.489451291227153,0.101050128158112,0.0172660104344213,0.0718811235496794,0.140266895864204,0.0559338490280051,0.0089856639072182,0.0407167851448501,0.0763851329438188,0.563971243656623,0.0812814769148878,0.403586188910612,0.712003563038383,Low,Mid,Low_Mid,0,True,000
-66.01_18.39,-0.339731191669978,-0.832029407570865,43.0,0.354087424018269,0.0645964770487461,0.0160011678313454,0.0394736706142308,0.103977707909224,0.0540303690924628,0.0094918854330526,0.0381750307605228,0.0759509413248581,0.697410776651048,0.0965423946114736,0.484591415664914,0.849623435861725,Low,Low,Low_Low,0,False,000
-66.01_18.43,-0.530946166015005,-1.21928900549235,1.92857142857143,0.273049902586891,0.038669571214114,0.011671731264621,0.0212765777026717,0.0692744637044658,0.0529202191302693,0.0111507720213895,0.0348693107172665,0.0795454342479329,0.784076136984602,0.0935730197962666,0.551393458593229,0.91473404500532,Low,Low,Low_Low,0,False,000
-66.01_18.44,-0.503741971999347,-1.54102099685411,7.77181208053691,0.205724616693205,0.0337030100595857,0.0118255943335629,0.0168307198839699,0.0663478474791037,0.0520143283734384,0.0129177963991386,0.0317903382895022,0.0839881116062623,0.822493501532452,0.0930590122913194,0.570539671259934,0.941729021199535,Low,Low,Low_Low,0,True,000
-66.02_17.98,-0.515094721764954,0.539965114664923,5.33333333333333,0.641189502562377,0.103181106863142,0.0178569516539805,0.0730609767667802,0.143792316332132,0.0581425079647728,0.0124655470262889,0.0380117645625106,0.087959542645069,0.459651445241632,0.083491862942413,0.305636187656633,0.621779630867265,Low,Mid,Low_Mid,0,False,000
-66.02_18.02,-0.218683799215039,0.275818093732215,69.0,0.585914384825441,0.138457976254723,0.0194381177385569,0.104561598401119,0.181120131024118,0.0573286207193442,0.0107992128164242,0.0394839288758959,0.082545107765431,0.460365241668008,0.0725016172792869,0.325004099127678,0.601836743447304,Low,Mid,Low_Mid,1,False,001
-66.02_18.24,-0.264575393057845,-1.08555026026967,59.1428571428571,0.30103592666572,0.0631657594951358,0.0181234502418267,0.0356738712627968,0.109439714476155,0.0533011495750128,0.0105030513641613,0.0360900435449427,0.0780554635492702,0.728774005261938,0.102948519750018,0.491901557309546,0.881761637000011,Low,Low,Low_Low,0,False,000
-66.02_18.33,0.246350481302785,1.20526660043833,168.885598923284,0.780409766439788,0.372619700596868,0.0491717187031705,0.282265748519374,0.47284206706252,0.0602407041338894,0.0178853210499881,0.0333594445793893,0.106398807151586,0.221957876508894,0.0634004374587921,0.121975693555523,0.369413527031187,Low,High,Low_High,0,True,000
-66.02_18.38,-0.177558723573297,0.054470623448374,77.8333333333333,0.539595454414981,0.131315457359934,0.0197885648317411,0.0971428408195513,0.175176813103579,0.0566548590601449,0.009725312821825,0.0403450211806101,0.0790152143010366,0.498174754770816,0.0748683422697848,0.355656669256102,0.640990049106883,Low,Mid,Low_Mid,1,False,010
-66.02_18.43,-0.525026815504846,-0.23245883830727,3.2,0.479552907939398,0.0673157295527707,0.0125638309245217,0.0464913119282363,0.0965235926157613,0.0557925465113591,0.0088984449925267,0.0407078514963467,0.0760240327297734,0.617185083962953,0.083037942547066,0.447388987298265,0.76250465032912,Low,Mid,Low_Mid,0,False,000
-66.02_18.44,-0.514834991280124,-1.27758628107793,5.38912133891213,0.260850678229347,0.0383943154875767,0.0119195640514972,0.0207658075053438,0.0699194678375991,0.0527549755771954,0.0114518520609304,0.034321579306537,0.0802656720665474,0.790128538113166,0.0941255842829903,0.553096189446439,0.919695148484359,Low,Low,Low_Low,0,True,000
-66.02_18.45,-0.526179647813941,-1.91404225454171,2.95238095238095,0.127666594822443,0.0263361906690093,0.0107997714567977,0.0117093307608742,0.0581591441208067,0.0509823744634573,0.0151761246709115,0.0282303763372234,0.0903659693262951,0.864688863086998,0.0865898557407865,0.599715458171291,0.964610394830022,Low,Low,Low_Low,0,True,000
-66.03_18.09,2.2910091467263,1.29546325362013,608.061728395062,0.799284219789658,0.947765210337888,0.0310469130751602,0.841469822292015,0.984132865289226,0.0605305599330448,0.0187149713987058,0.0326979973029063,0.109375407447919,0.0573429859287549,0.029439527615624,0.0204904005929429,0.150305318342944,High,High,High_High,1,True,010
-66.03_18.24,-0.258096444901627,-0.432444137640367,60.5344827586207,0.43770420214192,0.0906577509808676,0.0178629268346555,0.0612079712743536,0.132280521402451,0.0551988472634514,0.0087554536271155,0.0403460911650272,0.0750915559219387,0.610447283928248,0.0882528442727867,0.430897820963828,0.764331329106059,Low,Mid,Low_Mid,0,True,000
-66.03_18.39,-0.245217327079614,0.448236896405552,63.3008130081301,0.621994555573451,0.145366920905071,0.0202502804935213,0.109986014274244,0.189703419511005,0.0578586544928054,0.0118462393158462,0.0385647667437771,0.0859423899961984,0.430233642995766,0.0730329855564476,0.296330179917063,0.575185260801951,Low,Mid,Low_Mid,0,True,000
-66.03_18.4,-0.363102649751662,0.322394728130605,37.98,0.595660960581134,0.115185842743501,0.0172088342216606,0.0855071143592755,0.15343740318025,0.057471351029341,0.0110656703235673,0.0392536262030231,0.0834099398867527,0.476752599699252,0.0761196772927335,0.333784666920216,0.623634443919346,Low,Mid,Low_Mid,0,True,000
-66.03_18.43,-0.528210692328723,0.123413322109972,2.51612903225806,0.554022328404194,0.0811656356525318,0.0138288903903702,0.0578643223783352,0.112727420296124,0.0568639123874839,0.0100232347551234,0.0401229620479983,0.0800076611486773,0.547019103062078,0.0802302893330033,0.390318866753577,0.694923587893144,Low,Mid,Low_Mid,0,False,000
-66.03_18.44,-0.524228700829319,-0.496969406933144,3.37142857142857,0.424201714608379,0.0583353749310022,0.0122347037211465,0.0384950629279856,0.0874710998941305,0.0550085627458755,0.0087866434679313,0.0401181823313424,0.0749939038378723,0.666753973452132,0.0870777576427153,0.481365574382582,0.811785277267834,Low,Mid,Low_Mid,0,True,000
-66.03_18.45,-0.533478645273889,-2.79728463829957,1.38461538461538,-0.0571597438584893,0.0157251395361658,0.008778735014124,0.0052289754725292,0.0463095118498821,0.0486156511051166,0.0207491002912994,0.0207705791640043,0.109611382228113,0.929757093012719,0.0650240699524244,0.652839980311427,0.989380445122427,Low,Low,Low_Low,0,True,000
-66.04_17.96,-0.516583696966669,-0.16237849692251,5.01351351351351,0.494217843805073,0.0708340812255438,0.0128327163936517,0.049449249337604,0.10048932195844,0.0560020130907473,0.009034834125685,0.0407108900775253,0.0765780415859603,0.602090060375962,0.0820767762837357,0.43603203429402,0.747560649608992,Low,Mid,Low_Mid,0,False,000
-66.04_18.09,2.28792835839032,1.34974516959593,607.4,0.810643194371141,0.949063949986608,0.0301947329380787,0.84562455349043,0.984466832719586,0.0607056286074223,0.0192228911155997,0.0323004374291215,0.111219545876071,0.055103430019458,0.0285114644548064,0.0195483407845234,0.145716010664581,High,High,High_High,2,False,011
-66.04_18.16,0.229513868410276,0.644544112505686,165.269230769231,0.663073589681919,0.294142561074617,0.0386051517355757,0.224473863847552,0.374979035742921,0.0584677220689164,0.0132172755645052,0.0373405659040478,0.0904256997131027,0.313623199813423,0.0608191440239796,0.208005581924553,0.442880558803612,Low,Mid,Low_Mid,0,False,000
-66.04_18.18,0.0325360968183657,0.0489915788081599,122.96,0.538448915504551,0.175575099596553,0.0274056843951403,0.128117672527678,0.235856314990143,0.0566382761037581,0.0097031649066254,0.0403606646327826,0.0789406834498016,0.461570662048763,0.0731404336918863,0.325010644715331,0.604152296503995,Low,Mid,Low_Mid,1,False,001
-66.04_18.25,-0.255929150739635,-1.27691794975862,61.0,0.260990532512886,0.0576502616874578,0.0182788732496317,0.0306665823839097,0.105785872095704,0.0527568671977047,0.0114483436114111,0.0343278991025293,0.0802571860578338,0.757462854751633,0.104963041196962,0.504751906453866,0.905392436090142,Low,Low,Low_Low,0,False,000
-66.04_18.37,-0.285027081618227,-0.834347856318485,54.75,0.353602267959952,0.0701693519924573,0.0174845403406987,0.0427243403390254,0.113160278003333,0.0540236579526818,0.0094995472059484,0.0381578583674488,0.0759653413956891,0.68944494030464,0.0981009882205141,0.474898939178865,0.844951331908875,Low,Low,Low_Low,0,False,000
-66.04_18.38,-0.164458949201288,0.58970924730719,80.6470588235294,0.651598905548692,0.174218295067917,0.0235448371445034,0.132758621049321,0.225262476508112,0.0582969873777276,0.0128173749825961,0.0376972963054992,0.0891109902583109,0.388217257136039,0.0713662876909087,0.260427172586239,0.533481148496685,Low,Mid,Low_Mid,0,True,000
-66.04_18.39,-0.373429366858899,-1.67188137433243,35.7619047619048,0.178340916711759,0.0385111612911132,0.0144716727931695,0.0182791211577079,0.0793273074169108,0.0516500776425411,0.0136926860275972,0.0305274283109367,0.0860901375989502,0.824430034525775,0.0978700347349075,0.555129177182679,0.946439359557504,Low,Low,Low_Low,0,True,000
-66.04_18.4,-0.428262801047888,0.0902012305004482,23.984126984127,0.547072402308021,0.0926766291657327,0.0148718462534464,0.0673564657825573,0.126226750011504,0.0567631138052314,0.0098753237814522,0.0402356565610866,0.0795170294292856,0.535909339360312,0.0783066798862691,0.383856538933474,0.68156670421167,Low,Mid,Low_Mid,0,True,000
-66.04_18.42,-0.514318776941525,-0.753862706289177,5.5,0.370444502743582,0.0514283786432206,0.0122603065995846,0.0320666460977279,0.0814963594978249,0.0542570962859158,0.0092536920138713,0.0387281155429528,0.0755235892349234,0.710264810246396,0.0910293216676637,0.507422692626558,0.853665965393334,Low,Low,Low_Low,0,False,000
-66.04_18.43,-0.524883564152829,-1.06529141268512,3.23076923076923,0.305275271033478,0.0425507168444242,0.0119048032289113,0.0244516256889518,0.0730436644950783,0.0533590784187453,0.0104108946088267,0.0362693223080123,0.0778508741580102,0.761182369324947,0.0934974660460521,0.53770274790353,0.897269547281915,Low,Low,Low_Low,0,False,000
-66.04_18.45,-0.524684914817023,-1.041828522929,3.2734375,0.310185089774339,0.0431245244915921,0.011924185972422,0.0249419154636538,0.0735622052131972,0.0534262432560006,0.0103063415753407,0.0364747153856373,0.077621285572608,0.757647662018453,0.0933940442096906,0.535670087030435,0.894422081021043,Low,Low,Low_Low,0,True,000
-66.05_17.96,-0.539353207297422,-0.581311707003659,0.12280701754386,0.406552336810591,0.0543989499945703,0.0119330199158197,0.0352246290097161,0.0831115575631093,0.0547607693841372,0.008881840666328,0.0397427414884609,0.0750105201178579,0.684268412053673,0.0881822683260928,0.493367215584425,0.828274636787988,Low,Low,Low_Low,0,False,000
-66.05_18.1,2.98665473427555,0.937737405604697,757.480769230769,0.724426898678186,0.978864781842656,0.0170165273527398,0.902327864561392,0.99571159972228,0.0593885965860462,0.015541490663682,0.0353073712883,0.0982220172163529,0.047087578207929,0.0303413410783159,0.0129600083978642,0.156806313531347,High,High,High_High,2,True,101
-66.05_18.12,2.77863586472688,1.73917194806058,712.8,0.892134217641219,0.981289273679852,0.0135322235579564,0.925202653183722,0.995522978758117,0.0619755484630038,0.0230370201711164,0.0294916728534213,0.125608296472674,0.0289231574533477,0.0186044128029931,0.0080657330078565,0.0983677417908869,High,High,High_High,2,False,110
-66.05_18.2,-0.104328930862175,0.514172012515816,93.5625,0.635792066115589,0.182274821110793,0.0240886590566485,0.139701900972667,0.234288279296101,0.0580625592839753,0.0122874286082976,0.0381710010187674,0.0873782536311563,0.39263211061147,0.0690871980299453,0.268140365702881,0.53284137609915,Low,Mid,Low_Mid,0,True,000
-66.05_18.22,-0.12324258593326,-0.327215057466775,89.5,0.45972432478198,0.116883754096147,0.0219629244491258,0.0802241113235029,0.167249415084267,0.0555104970568275,0.0087850518854056,0.0406021313680745,0.0754623748308156,0.566113280887026,0.0860251772436684,0.39641728943647,0.721605034068779,Low,Mid,Low_Mid,0,False,000
-66.05_18.24,-0.176162022891124,-0.572763017726674,78.1333333333333,0.40834122621246,0.095138175318622,0.0206068318843568,0.0617099871759721,0.143897289314755,0.0547858370285601,0.0088694662711237,0.0397846468707753,0.0750015605595723,0.623650827443017,0.0937083111324497,0.431080613769827,0.783739024760869,Low,Low,Low_Low,0,True,000
-66.05_18.25,-0.15749500742463,0.101370671184798,82.1428571428571,0.54940970729334,0.138355083529329,0.0204061612397099,0.102982645021719,0.183393251233208,0.0567969942638632,0.009924169664707,0.0401989170654676,0.0796794547447583,0.484972612962603,0.0736615238315798,0.345665869798671,0.626654291312005,Low,Mid,Low_Mid,1,False,001
-66.05_18.29,-0.257348562002006,0.562727530423084,60.6951219512195,0.645952740877792,0.151267508549997,0.0213978049981553,0.11391524808749,0.198128822135036,0.058213148471424,0.0126252067733567,0.0378690233912766,0.088481506503288,0.409537977578053,0.0742638967034902,0.275319839367493,0.558738912703846,Low,Mid,Low_Mid,1,True,010
-66.05_18.34,0.004220545427593,1.29840143473539,116.878048780488,0.799899060367852,0.296203577253581,0.0449097302363219,0.216246736621659,0.390976326979023,0.0605400239773046,0.0187423018953728,0.032676462294044,0.109474213938538,0.239347150329148,0.0737234372640562,0.124560976168512,0.410331777738668,Low,High,Low_High,0,True,000
-66.05_18.37,-0.318448133655923,-0.530902350364746,47.5714285714286,0.417100943845492,0.0785392972583916,0.0163684199648953,0.0518747635096963,0.117215408506128,0.0549087427844951,0.0088176763473381,0.0399774319465922,0.0749812369524869,0.63950444596194,0.0902271770628373,0.451684138792014,0.792538660538495,Low,Low,Low_Low,0,True,000
-66.05_18.38,-0.353989177800488,-0.381186282211434,39.9375,0.44843036510894,0.0806408066509718,0.0154453455599849,0.0550964915947824,0.116567188575648,0.0553504478270522,0.0087572659525568,0.0404889627369567,0.0752391036544428,0.616862641290409,0.0860973141015022,0.440843008547602,0.766785251076135,Low,Mid,Low_Mid,0,False,000
-66.05_18.39,-0.340071850372947,-0.16394977083179,42.9268292682927,0.493889040739168,0.0924390397849426,0.0157589242884795,0.0658426475997899,0.128303187922243,0.0559973085359123,0.0090312939005576,0.0407115069682554,0.0765643394964789,0.571612306281911,0.0810210343292134,0.410944155610315,0.718478788597875,Low,Mid,Low_Mid,1,True,010
-66.05_18.4,-0.384470427425125,0.201364853871234,33.3903743315508,0.570334380990151,0.104844633435393,0.0160603184258579,0.0772783683109785,0.140744282384945,0.0571011560650065,0.0104009499095257,0.0398196272469686,0.0812481457175487,0.505345399131502,0.0767670303082918,0.358810916302743,0.65096726989234,Low,Mid,Low_Mid,0,True,000
-66.05_18.41,-0.382421308565755,-0.0447525065887327,33.8305084745763,0.518832130355288,0.0924138937164151,0.015130307873747,0.0667276710427635,0.126646030173221,0.0563552548268132,0.009360870744149,0.0405791238775983,0.0777675936640777,0.555112737022968,0.0791431180562021,0.399691293543493,0.70045221200716,Low,Mid,Low_Mid,0,True,000
-66.05_18.43,-0.501792810506169,-0.676077736479287,8.19047619047619,0.386721700757111,0.054741808329555,0.0125133891201548,0.0347971363584275,0.0851101375060744,0.0544836062972914,0.0090582398032191,0.0392235480666975,0.0752158579288344,0.695082649880571,0.0901938417241504,0.497478153807898,0.839978414011355,Low,Low,Low_Low,0,False,000
-66.05_18.45,-0.528632482514143,-1.16294433851326,2.42553191489362,0.284840526195368,0.0400545706646136,0.0117625846565507,0.0223960357971697,0.0706303500351568,0.0530803923132255,0.0108700468049673,0.0353906274904203,0.0788891273792277,0.775876830386046,0.0936393789315223,0.546459034701096,0.908646728738741,Low,Low,Low_Low,0,True,000
-66.06_18.23,-0.120914751462972,-0.893962803650262,90.0,0.341127309048775,0.0871783858247101,0.023058886323054,0.0513434256318277,0.144221886379558,0.0538513621800096,0.0097076118248759,0.037702477270765,0.0763682736247316,0.674411962905837,0.104441355741408,0.449168729812687,0.840297922638656,Low,Low,Low_Low,0,False,000
-66.06_18.24,-0.133156230635392,0.282245028422668,87.3706293706294,0.587259278174789,0.156621962777425,0.0215978826276394,0.118778560676049,0.203734898910985,0.0573482957207511,0.0108352119304349,0.0394530329587785,0.0826620354671637,0.443816615541676,0.0705747271570655,0.313015779287793,0.582898745322075,Low,Mid,Low_Mid,1,True,010
-66.06_18.31,0.895055670680192,1.36213485210723,308.222222222222,0.813235845831366,0.654429258130207,0.0691343484211834,0.509850434536941,0.775167839511135,0.0607456538366666,0.0193396982615349,0.0322098030044996,0.111646009017825,0.1359247969945,0.0461207615192347,0.0679122900127954,0.253523773115831,Mid,High,Mid_High,1,False,010
-66.06_18.33,0.158425384971502,0.572485523130262,150.0,0.647994687797583,0.262235628288941,0.0344560708440258,0.200456355887713,0.335075521030995,0.0582434559168053,0.0126943445201939,0.0378072257940482,0.0887078192809324,0.337804465896075,0.0624890419583175,0.227828402150817,0.468647879128073,Low,Mid,Low_Mid,0,False,000
-66.06_18.36,-0.272889087594586,-0.45228642568074,57.3571428571428,0.433552026570418,0.0877400364297614,0.0174806153827778,0.0589897320508247,0.128587851265434,0.0551402666150182,0.0087611099343506,0.0402816447227809,0.0750511520196952,0.616821683762761,0.0886683582386792,0.435558822530051,0.770540443892016,Low,Mid,Low_Mid,1,True,010
-66.06_18.37,-0.369713699647278,-0.85818514893308,36.56,0.348614102084944,0.060800801658339,0.0152583745433352,0.0369289004882649,0.0985254911167892,0.0539547024708351,0.0095802216062857,0.03797890628371,0.0761189747106967,0.706404432414673,0.0961675545032599,0.492293948151281,0.856534019218658,Low,Low,Low_Low,0,True,000
-66.06_18.38,-0.427379219986012,-0.152107913668236,24.1739130434783,0.496367054864136,0.081579537465473,0.0141721487929359,0.057768375774067,0.114017621796574,0.056032773426659,0.0090585137953331,0.0407060956107602,0.0766690423794807,0.584573024903745,0.0812961900459887,0.422005142949985,0.730605578533168,Low,Mid,Low_Mid,0,True,000
-66.06_18.39,-0.409933000205935,1.11631760380251,27.9212198221093,0.761796396339052,0.160640543535903,0.030971265882626,0.108740804908097,0.23089374915207,0.0599561304110647,0.0170856877944602,0.034011042366369,0.103571191536097,0.329783442003962,0.0909603499569775,0.18008658841785,0.524338649400549,Low,High,Low_High,0,True,000
-66.06_18.4,-0.480536788897112,0.585694962011665,12.7560975609756,0.650758880582458,0.111171981575635,0.0188444476949766,0.0792480834171117,0.153807722716737,0.0582845068260919,0.0127885879461873,0.0377230125131911,0.0890166026620242,0.444221572684285,0.0829498984232832,0.292648269332678,0.606939159228733,Low,Mid,Low_Mid,0,True,000
-66.06_18.41,-0.43307557695562,-0.607616492415499,22.9503816793893,0.401047826081868,0.0632217526456057,0.0138230597061222,0.0409632622580842,0.0963597656181512,0.0546837026311777,0.0089236654680994,0.0396085420575651,0.07504816623507,0.672276647597076,0.0902169568769812,0.478995855224838,0.820695443686435,Low,Low,Low_Low,0,True,000
-66.06_18.42,-0.493195834525955,-0.677031706826986,10.037037037037,0.386522073961774,0.0554498396064292,0.0126669014388779,0.035255350557721,0.0861785577806152,0.0544808229434555,0.0090603695558904,0.0392178332753324,0.0752188903449557,0.693935593500579,0.0903684006293379,0.496161985962847,0.839231283228418,Low,Low,Low_Low,0,True,000
-66.06_18.43,-0.504027298230781,-0.222028658925798,7.71052631578947,0.481735515910113,0.0699135239648107,0.0128775512158947,0.0485143019885522,0.0997620824036171,0.0558236750291909,0.0089159380138013,0.0407123018516484,0.0760990549918984,0.611582038511803,0.0828091075475866,0.442931984265421,0.757166172201364,Low,Mid,Low_Mid,0,False,000
-66.06_18.44,-0.461111131906387,-1.26689086151993,16.9285714285714,0.263088790070346,0.0420473865962193,0.0130072019499412,0.0227779430438622,0.0763446601714216,0.0527852551914806,0.0113958589745814,0.0344226117871753,0.080130497591593,0.78215710354817,0.0962857736279149,0.542573490695568,0.915742347145225,Low,Low,Low_Low,1,True,001
-66.06_18.45,-0.503589333003764,-1.31689355522384,7.80459770114942,0.252625280878048,0.0382329450958859,0.0120973265196037,0.0204345523168293,0.0704192153639635,0.0526438342993512,0.0116603697658705,0.0339484834408636,0.0807738415449011,0.794093530232885,0.0944830865857943,0.554092734094957,0.922894290865398,Low,Low,Low_Low,0,True,000
-66.07_18.12,3.04094955475011,1.53892010815724,769.142857142857,0.850229735854484,0.986279595579872,0.0109482270639873,0.936394775481294,0.997159045006822,0.0613194586950534,0.021040100717485,0.0309237768444619,0.117955189148449,0.0282323883927045,0.0190453551300366,0.0073971460322064,0.10173832793899,High,High,High_High,2,False,011
-66.07_18.13,1.94371923471717,0.350513024315599,533.466666666667,0.60154496459791,0.855208177968263,0.0730102694552378,0.650315192058944,0.949390019179869,0.0575576787243103,0.0112326234871428,0.039107717588699,0.0839513624869359,0.144762634155229,0.0615347552010551,0.0600622156172601,0.309569097247388,Mid,Mid,Mid_Mid,0,False,000
-66.07_18.19,0.90798808440401,1.0774101627357,311.0,0.753654667622155,0.621049252531561,0.0715980998623376,0.474456542813985,0.748432777576018,0.059832050244637,0.0167420407055358,0.0342952635369566,0.102368256195193,0.164403317169153,0.0475659236181293,0.0907543278711634,0.27945076224121,Mid,High,Mid_High,0,False,000
-66.07_18.24,-0.0650467241760775,-0.33742899927432,102.0,0.457586966450333,0.126485255688066,0.0242218365432443,0.0861104346268124,0.182020287480099,0.0554801746933618,0.0087777457885876,0.0405836645064823,0.0754147497148303,0.557861430842165,0.0868762228308266,0.38749486760987,0.715618232305485,Low,Mid,Low_Mid,0,False,000
-66.07_18.33,0.126766836175595,0.505674718169457,143.2,0.634013931560893,0.245005532199137,0.0324828486801648,0.187002327716589,0.314050096856746,0.0580362435421633,0.0122294149668763,0.0382228484987565,0.087189142563441,0.3553451127005,0.0634334684361274,0.242621223630268,0.486780760780717,Low,Mid,Low_Mid,1,False,010
-66.07_18.34,-0.0783240022658642,-0.944397153504695,99.1481481481482,0.330573471960831,0.0904764422937591,0.0248324908937458,0.052189039252106,0.15233800446923,0.0537060044412475,0.0098993512932628,0.0372980759258462,0.0767565040223235,0.676741144905466,0.107143234132344,0.444950278738154,0.845373501275309,Low,Low,Low_Low,0,False,000
-66.07_18.36,-0.218600662269671,-1.22280133225218,69.0178571428571,0.27231491691681,0.0629148837797714,0.0195185284161587,0.0338994585052579,0.113838963423306,0.052910249625733,0.0111686175619513,0.0348365306237272,0.0795876639322051,0.744151837714112,0.106230370083094,0.493519109664385,0.896715090202931,Low,Low,Low_Low,0,True,000
-66.07_18.37,-0.262481573693037,-1.15586707329996,59.5925925925926,0.286321507001205,0.0609819395837268,0.0181613401108626,0.0337034363120141,0.107874053728688,0.0531005434520991,0.0108355570962055,0.0354554480542021,0.0788095651681146,0.739709150395091,0.103802814465409,0.496948137297935,0.891012224621157,Low,Low,Low_Low,0,True,000
-66.07_18.38,-0.351499688158653,-0.916670804620377,40.4722222222222,0.336375457512607,0.0605684040169721,0.0157149760604356,0.0361653872014319,0.0997337819032632,0.0537858691830153,0.0097922338492838,0.0375224339818466,0.076537846420903,0.713561672110395,0.0976235137574157,0.494152166947191,0.863995975331207,Low,Low,Low_Low,0,True,000
-66.07_18.39,-0.457612729245326,-0.372081829525948,17.68,0.450335552956009,0.0692028699046714,0.0134242447911668,0.0470896434677053,0.100604101598303,0.0553774161769716,0.0087600844029008,0.0405107456413673,0.0752718651770778,0.632597999980677,0.0853605653810451,0.455998724522701,0.779579681901813,Low,Mid,Low_Mid,0,True,000
-66.07_18.4,-0.468657408485889,0.0358466469433666,15.3076923076923,0.535698221387673,0.0847446617636712,0.0140978020082653,0.0608935186508581,0.116776283751832,0.0565985100628061,0.0096509718232513,0.0403969435316088,0.0787645237079294,0.554148115654098,0.0794416471813785,0.398251248631394,0.700073384579067,Low,Mid,Low_Mid,0,False,000
-66.07_18.41,-0.502369226660717,0.607044860322016,8.06666666666667,0.655226537036084,0.108869709262082,0.0189342031106488,0.0769269302793339,0.151893676321791,0.0583509131929835,0.0129424673337866,0.037585595953883,0.0895215287153309,0.443786654181561,0.0842280361031947,0.29016207978004,0.608969114724164,Low,Mid,Low_Mid,0,True,000
-66.07_18.42,-0.495114142561655,-0.731115867259648,9.625,0.375204481489739,0.0536620513266336,0.0126141897484362,0.0336750723424698,0.0844747652774559,0.0543232431401658,0.0091920637747102,0.0388789957316988,0.075421115354801,0.70354389562596,0.0911317350389333,0.501962955981747,0.84820743709064,Low,Low,Low_Low,0,False,000
-66.07_18.43,-0.517720996551945,0.930467085384894,4.76923076923077,0.722905519392076,0.125733719387515,0.0247571862008383,0.0846609123342079,0.182754359406356,0.0593655982118329,0.0154804968439557,0.0353595596500442,0.0980136500561677,0.382376181960888,0.0922623503816675,0.223536822655617,0.571071388043711,Low,High,Low_High,0,False,000
-66.07_18.44,-0.52192303621113,0.539651937514713,3.86666666666667,0.64112396745322,0.102128570889698,0.0177856924304939,0.0721618013270276,0.14262675870209,0.0581415366170844,0.0124633663368621,0.0380137142880459,0.0879524196394467,0.460935954235973,0.0837509451949603,0.30635768686839,0.623411218184261,Low,Mid,Low_Mid,0,True,000
-66.07_18.45,-0.457888858575595,-1.01605702552003,17.6206896551724,0.315578005236752,0.0485875570965512,0.013244845677152,0.0283010652002377,0.0821856965624754,0.053500108637554,0.0101943084040599,0.0366973485722349,0.0773784217084996,0.744722298436681,0.0954098093723737,0.52174243677949,0.886380805751628,Low,Low,Low_Low,0,True,000
-66.07_18.46,-0.513943319768898,-1.63573239374754,5.58064516129032,0.185905412994339,0.0314362384917818,0.0114931287646335,0.0152519935265846,0.0636833583842623,0.0517504567732043,0.0134763011193075,0.0308754468431323,0.0854940644432773,0.834546023185538,0.0915486738284123,0.579008790407689,0.948713725813152,Low,Low,Low_Low,0,True,000
-66.08_18.12,2.43597863070059,1.50511100115817,639.2,0.843154878968513,0.963002070801593,0.0234157127643345,0.877728130653938,0.989515291336628,0.061209331616173,0.0207101849180101,0.0311684408123226,0.116716217062891,0.0441259133336051,0.0246459557197007,0.0144739297183034,0.126713896532548,High,High,High_High,1,True,100
-66.08_18.33,0.0245749029299832,0.474408348752256,121.25,0.627471165170268,0.212166423417122,0.0279183273803876,0.162563541527667,0.271988841372116,0.0579395093195296,0.0120188642864318,0.0384108764019692,0.0865036054475359,0.378366481828608,0.0657850345319246,0.260249209484935,0.512921811817943,Low,Mid,Low_Mid,0,True,000
-66.08_18.34,-0.0238939362192129,-0.001333829420275,110.839285714286,0.52791787542254,0.158576977521121,0.0250650229209761,0.115368925975838,0.214051749945442,0.0564861737640937,0.0095106656156509,0.0404897608118979,0.0782867079454743,0.48195330645082,0.0749976215961127,0.340524968026343,0.626333519352618,Low,Mid,Low_Mid,0,False,000
-66.08_18.35,-0.0634948345292193,0.423612487976417,102.333333333333,0.616841678700879,0.184443989020724,0.0244809053303657,0.141182904983468,0.237298333701606,0.0577826758565492,0.0116869256763848,0.0387064628995475,0.0854250006676821,0.403349413179111,0.0680492845762268,0.279743743479975,0.540579597104935,Low,Mid,Low_Mid,0,False,000
-66.08_18.37,-0.194203991559759,-1.26374388537343,74.258064516129,0.263747322869236,0.0638841103500898,0.0203120698423377,0.0338830328439536,0.117225878069601,0.0527941676646174,0.0113794465872453,0.0344522958725722,0.0800909807502742,0.747177191832358,0.107618442804633,0.491755843917246,0.900268059906772,Low,Low,Low_Low,0,False,000
-66.08_18.38,-0.384546447655204,-1.18860876311245,33.3740458015267,0.279470016672444,0.049532443511943,0.014805637945441,0.0273660231056341,0.0880286153060995,0.0530073783813479,0.0109965893759022,0.035154282606987,0.0791830791111217,0.76117016201633,0.0991717224206085,0.522457186280039,0.902764162232673,Low,Low,Low_Low,0,True,000
-66.08_18.4,-0.496730694277132,0.131550069019763,9.27777777777778,0.555725015195232,0.0854861699512747,0.0142239643348352,0.0614196284358705,0.117799332392257,0.0568886330262946,0.0100606864184236,0.0400937904038942,0.080131363883373,0.539745449387612,0.0795268910688578,0.385059858452427,0.687135645761732,Low,Mid,Low_Mid,0,False,000
-66.08_18.42,-0.50813014383759,-1.18594435110852,6.82926829268293,0.280027568624751,0.0408448686404979,0.0121296554835533,0.0226849793023727,0.0724643026982101,0.0530149540799297,0.0109833467494884,0.0351789094750301,0.0791521693734845,0.776583711385106,0.0944222654783938,0.544686420420043,0.90990794111803,Low,Low,Low_Low,0,True,000
-66.08_18.43,-0.509275135589236,-0.654385158507679,6.58333333333333,0.391261065983206,0.0547581423477671,0.0123910165746906,0.0349682478726154,0.0847641617306888,0.0545469338780324,0.0090116691913659,0.0393509552257208,0.0751520052846947,0.692454613841602,0.0897337540913798,0.496441507647716,0.837190965839167,Low,Low,Low_Low,0,False,000
-66.08_18.44,-0.537264573862928,0.131937185681965,0.571428571428571,0.555806022806091,0.0804271779398227,0.0137830054587558,0.0572260200206998,0.111918132384178,0.0568898093955092,0.010062479978259,0.040092387521324,0.0801372832624062,0.546904974149576,0.0804282951687246,0.389843210493482,0.695152099825771,Low,Mid,Low_Mid,1,True,010
-66.08_18.45,-0.482550682994075,-0.866853255927677,12.3235294117647,0.346800223461627,0.0507733714728126,0.0128066198669747,0.030796235870954,0.0826049419654907,0.053929648331753,0.0096104017836486,0.0379127773077039,0.0761773343916381,0.724378968624741,0.0931960345857956,0.512847444865595,0.867745984844957,Low,Low,Low_Low,0,True,000
-66.08_18.46,-0.522827011930425,-2.22452859985874,3.6725,0.0626945605647412,0.0221945272246152,0.0102429843722039,0.0089196534903304,0.0541466457571546,0.0501382255919432,0.017128290853613,0.0254207201759833,0.0965094894556237,0.891534068992747,0.0801297889103788,0.61831795378213,0.976583061181844,Low,Low,Low_Low,0,True,000
-66.09_18.32,0.199550460613245,0.833045653835449,158.833333333333,0.702519216794447,0.306851093266405,0.03941029279564,0.235403554261888,0.388952460660378,0.0590582267260306,0.0146786218645189,0.0360521122200013,0.0952940122703708,0.285782798471308,0.0620406953633452,0.180687399459164,0.420623874651759,Low,High,Low_High,0,False,000
-66.09_18.37,-0.313936269161389,-0.661700072899768,48.5405405405405,0.3897303549692,0.0737049043277542,0.016584006979456,0.0471009168611791,0.113545062933107,0.0545255715536147,0.00902697319003,0.0393085407939499,0.0751724403839579,0.66307379658092,0.0935502183728801,0.46413670483041,0.817237862589862,Low,Low,Low_Low,0,False,000
-66.09_18.38,-0.34671469508084,-0.255345190234591,41.5,0.474763734876288,0.0871939020444544,0.0155879139479134,0.0610970904199435,0.122977597556059,0.0557243001951516,0.0088635303035492,0.0406931225053598,0.0758685706322457,0.590980142504347,0.0830997316900003,0.424145029014429,0.739200602942035,Low,Mid,Low_Mid,0,False,000
-66.09_18.41,-0.366698258687306,0.806639212531062,37.2076923076923,0.696993433664433,0.146456155364106,0.0240169567091324,0.105341989299896,0.200029150408813,0.0589751698247491,0.0144664376916926,0.0362372644330762,0.0945803417104495,0.380644305612963,0.0824218555023063,0.236487179974634,0.549439712368429,Low,Mid,Low_Mid,0,True,000
-66.09_18.42,-0.509921756275427,-0.458451650640719,6.44444444444444,0.432261898314062,0.0609139498494294,0.0124924658928699,0.0405636041198141,0.0905107129429416,0.0551220768638557,0.0087635832133767,0.0402605934645408,0.0750404830292264,0.657397354557973,0.0865807141778966,0.474590408850096,0.803001529882753,Low,Mid,Low_Mid,0,False,000
-66.09_18.45,-0.511254697150403,-1.22577390554524,6.15813953488372,0.27169287946897,0.0397486946367291,0.0120358368900973,0.0218244541176021,0.0713206251383582,0.0529018135607285,0.0111837511731681,0.0348087642207287,0.0796235224598414,0.782571657069792,0.0943215920722997,0.548408674609289,0.914290851309773,Low,Low,Low_Low,0,True,000
-66.09_18.46,-0.49622100503037,-0.332033142614983,9.38725490196078,0.458716097534543,0.066655064611904,0.0128288783149196,0.045502777641276,0.0966445537254843,0.0554961915537825,0.0087814861818184,0.0405935920835472,0.0754395962901306,0.63143680083959,0.0845274972445157,0.456735921216704,0.777345121342535,Low,Mid,Low_Mid,0,True,000
-66.09_18.47,-0.534201473196914,-0.95262076603062,1.22935779816514,0.328852607765625,0.0446473023314951,0.0118079549966365,0.0264455268143172,0.0744192557547054,0.0536823381404079,0.0099318999080913,0.0372306187453911,0.0768237649945029,0.745292310072572,0.0925474580890815,0.529498427540143,0.883827830006436,Low,Low,Low_Low,0,True,000
-66.11_18.19,1.39471711000954,-0.223124039652743,415.545454545455,0.481506297732922,0.63132077219385,0.116739772356797,0.390515448161732,0.820673962793631,0.0558204051346444,0.0089140544880261,0.0407119007820755,0.0760910535390194,0.286660913061977,0.0980452983597981,0.135708301239269,0.507021757532239,Mid,Mid,Mid_Mid,1,False,010
-66.11_18.36,-0.388874363820487,-0.220242162766476,32.4444444444444,0.482109356149516,0.0833740279839071,0.0147643604035191,0.0586341670297017,0.117252334836083,0.0558290084054706,0.0089190332634456,0.0407129226374283,0.0761121665389225,0.591369497004474,0.0823880851335451,0.425900879243027,0.738435879575198,Low,Mid,Low_Mid,0,False,000
-66.11_18.4,-0.424697149835464,-0.762684948815796,24.75,0.368598369886808,0.0588377472875629,0.0140000395837288,0.0366908510203065,0.0930612593997556,0.0542314620136192,0.0092785548167035,0.0386683249030532,0.0755660433271562,0.698336925992248,0.0931803718720153,0.49311500251359,0.846358832109658,Low,Low,Low_Low,0,False,000
-66.11_18.41,-0.419300806290707,-0.480134109896315,25.9090909090909,0.427724650519453,0.0692121176163364,0.0140977056717585,0.0461872764492543,0.102481823260673,0.0550581502585663,0.0087749580483752,0.0401827241965881,0.0750100198992807,0.646626759823506,0.0878172355600827,0.462816778977396,0.795352562196163,Low,Mid,Low_Mid,0,False,000
-66.11_18.44,-0.533694575620681,-1.27076479218014,1.33823529411765,0.262278135562142,0.0374068742094541,0.0115731353459889,0.0202781513876497,0.0679998188446067,0.0527742858793889,0.0114161020191711,0.0343860433146241,0.0801793032417962,0.79145039857902,0.0933962520240354,0.555929286665338,0.920027689487289,Low,Low,Low_Low,0,True,000
-66.11_18.46,-0.521801102024591,-2.08164673594925,3.89285714285714,0.0925938636959397,0.0241142022962126,0.0105563060581627,0.0101533575408041,0.0561816458532709,0.0505250350970162,0.0162258078177882,0.0266912638080203,0.0935944802711303,0.879618554574653,0.0834084528622117,0.609444088014724,0.971603166345552,Low,Low,Low_Low,0,True,000
-66.11_18.47,-0.443588421882796,-1.23663945305605,20.6923076923077,0.269419166837968,0.0439597501724889,0.0134092899453869,0.0240125153104433,0.079133662972819,0.0528709882986207,0.011239303534218,0.0347070898846313,0.079755513848195,0.775722407888551,0.0969725772624173,0.537045005035955,0.911603144218378,Low,Low,Low_Low,0,True,000
-66.12_18.19,1.35213890133483,0.552766124833436,406.4,0.643868227999892,0.714990237271416,0.0867616824437697,0.521303326269313,0.852485029465932,0.0581822245061929,0.0125550548957604,0.0379317380575368,0.0882520529475172,0.18004160459602,0.0551545443438692,0.0954940785452072,0.313500041783153,Mid,Mid,Mid_Mid,0,False,000
-66.12_18.29,0.547639308403538,1.46680047812428,233.6,0.835138060668672,0.531823630541286,0.0642335358578549,0.406570003772135,0.653191318236019,0.0610847654482231,0.0203389892470386,0.0314464982811277,0.11533079445055,0.156409385941174,0.054512053558069,0.0762142725994093,0.294121626634709,Low,High,Low_High,0,False,000
-66.12_18.3,0.300182477196584,-0.0489726765639329,180.448275862069,0.517949022185355,0.238128316881751,0.0431812184678539,0.163903414784587,0.332595310752946,0.0563425451085552,0.0093471363052045,0.0405866813446643,0.0777194012163336,0.43377552928078,0.0768746689851608,0.293196164200309,0.585886130598335,Low,Mid,Low_Mid,0,True,000
-66.12_18.35,-0.344652898835728,-1.21193010310084,41.9428571428571,0.274589818481719,0.0520438795791019,0.0157977382996023,0.0284754519912305,0.0932470276174789,0.0529411126331972,0.0111135102594211,0.034937889837184,0.0794574498268068,0.759416371008642,0.100880812743104,0.516812335557025,0.903059424258512,Low,Low,Low_Low,0,False,000
-66.12_18.37,-0.361974943274945,-1.53474019525598,38.2222222222222,0.207038930390908,0.0423389473667786,0.0149852740994274,0.0209764103927279,0.0835995149291013,0.0520318719502959,0.0128812390955082,0.0318510920367092,0.0838911841917773,0.806302816164012,0.0997189510071182,0.54357414054817,0.935691069073643,Low,Low,Low_Low,0,True,000
-66.12_18.38,-0.133091116384475,0.792646733395191,87.3846153846154,0.694065382729253,0.2000222355513,0.0276425697598389,0.151261317929752,0.259692314049435,0.0589312032886305,0.0143549391218781,0.0363348536145973,0.0942062913794657,0.344458469497992,0.0725808654868027,0.218662559398284,0.496625337731374,Low,Mid,Low_Mid,0,False,000
-66.12_18.39,-0.382031269472913,-0.243444533899067,33.9142857142857,0.477254053251904,0.0832024147708819,0.0148790574556222,0.0583090962363216,0.117398289788552,0.0557597777348572,0.00888108976836,0.0407016345912898,0.0759478381289825,0.594764094600038,0.0828597319206704,0.427975257400855,0.742213994115407,Low,Mid,Low_Mid,1,True,100
-66.12_18.4,-0.343399294471643,-1.13861054219411,42.2121212121212,0.289932589894509,0.0542976519985835,0.0158752866522589,0.0303719455983827,0.095220106912414,0.0531497083479037,0.0107522196475192,0.0356128174155742,0.0786183278666198,0.748112250611271,0.100467498249072,0.510900523480639,0.894119654396453,Low,Low,Low_Low,0,False,000
-66.12_18.41,-0.454332273284122,0.699273202443321,18.3846153846154,0.674526139399331,0.122441013319517,0.020929842588992,0.0869630753877699,0.169702544096028,0.0586385949551389,0.013628284830766,0.0369753674598358,0.0917842685183263,0.416813709538869,0.0840588468428792,0.266268668513668,0.584652592603249,Low,Mid,Low_Mid,0,False,000
-66.12_18.42,-0.488047502205425,0.574892701537196,11.1428571428571,0.648498411327711,0.109341477283894,0.0186116657789311,0.0778403160808729,0.151496499260014,0.0582509346718361,0.0127114630938801,0.0377919267650653,0.0887638821463516,0.44774170855912,0.083053567446723,0.295645926622118,0.610287284484663,Low,Mid,Low_Mid,0,False,000
-66.12_18.44,-0.533163151224803,-1.79205031344572,1.45238095238095,0.153194495471212,0.0279074066730676,0.0108875519923387,0.0129049675469327,0.059302850820295,0.0513177121024637,0.0144224266129064,0.0293786988486496,0.0881520976966045,0.853205989389038,0.0883980720849414,0.593060427117243,0.958644298122385,Low,Low,Low_Low,0,True,000
-66.12_18.46,-0.497782906467304,-1.12686224268636,9.05177111716621,0.29239102624638,0.0429089891346684,0.012375269176388,0.0242349096803752,0.0748682288158934,0.0531832045398099,0.0106961131748018,0.0357193762568143,0.0784903988285951,0.766752353858712,0.0946708510147173,0.538064670814009,0.902698340717067,Low,Low,Low_Low,0,True,000
-66.12_18.47,-0.389098579042944,-1.70344006279996,32.3962848297214,0.171736979955226,0.0369080275340943,0.0140367483432578,0.0173664993776945,0.0767216736033579,0.0515625954597513,0.0138828670625278,0.0302244035327004,0.0866198221546277,0.829736643326357,0.096704106431149,0.56023989426498,0.949087291335752,Low,Low,Low_Low,0,True,000
-66.13_18.36,-0.253640771090878,0.514143301649578,61.4915254237288,0.635786058111009,0.148439895490357,0.0208363993876691,0.112050417188878,0.194064386459618,0.0580624703488528,0.0122872320292175,0.0381711767231297,0.08737761265567,0.418537778770427,0.0737012080711903,0.284481048902322,0.56581187950693,Low,Mid,Low_Mid,0,False,000
-66.13_18.37,-0.370829387497588,0.134364820536749,36.3203592814371,0.556314027030203,0.103299948780888,0.01591372664029,0.0760120283251337,0.138911336847515,0.0568971870078217,0.0100737517496294,0.0400835590558643,0.0801744744588734,0.516594733422916,0.0768475485860552,0.368947484731719,0.661400466549012,Low,Mid,Low_Mid,0,True,000
-66.13_18.38,-0.35525008813856,-0.966168874692052,39.6666666666667,0.326017545311659,0.0586067736835061,0.0156191621902544,0.0345103815675353,0.0978234289156953,0.0536433702049254,0.0099862780614762,0.037118611449849,0.0769369375673422,0.722311810229455,0.0982152818177917,0.499059244526627,0.871655825138333,Low,Low,Low_Low,1,False,010
-66.13_18.4,-0.334410427166464,0.0903000903725647,44.1428571428571,0.547093089617125,0.106520668593615,0.0163427286094324,0.0784686377909393,0.143044460309079,0.0567634135952702,0.0098757520800115,0.0402353366244331,0.0795184555127104,0.519055491379914,0.076592272174092,0.371663517222198,0.663203882483677,Low,Mid,Low_Mid,0,True,000
-66.13_18.44,-0.532617082326816,-0.625590978653385,1.56967213114754,0.397286504680052,0.0536476459244597,0.012012772920476,0.0344253055735547,0.0826842039242405,0.0546311004500171,0.0089554498057812,0.0395123689852156,0.0750825407958837,0.69101133417691,0.0889215821387417,0.497148390735348,0.834948130831558,Low,Low,Low_Low,0,True,000
-66.13_18.45,-0.538539610722612,-3.17700589210859,0.297560975609756,-0.136619799616064,0.0125404988591825,0.0078201699619416,0.0036698996559552,0.0419496586791293,0.0476305204852245,0.0231069909815823,0.0180947957807323,0.119508975985675,0.947717830626108,0.0549183672064445,0.673714822109566,0.993755360996738,Low,Low,Low_Low,0,True,000
-66.13_18.46,-0.51744931295329,-0.0785264263937936,4.82758620689655,0.51176463670319,0.0740193245367031,0.0130579059331132,0.0521571521683203,0.10403938462906,0.0562536147550667,0.0092551278025351,0.0406338527057449,0.077393282512671,0.585689211311205,0.0811527345454269,0.423284490116553,0.731382942120871,Low,Mid,Low_Mid,0,False,000
-66.13_18.47,-0.534493342350681,-3.35178933399227,1.16666666666667,-0.173194792188282,0.0114152549456773,0.0074683623537812,0.0031461483012558,0.0405345237798638,0.0471834704536042,0.0241732378575288,0.0169691960068227,0.124388069578441,0.954241816030671,0.050691143446534,0.681825025416432,0.995096650433364,Low,Low,Low_Low,0,False,000
-66.14_18.19,1.39238611701215,-0.599821738395293,415.044776119403,0.402678947813531,0.578011576116298,0.132387969481549,0.320999371179683,0.798736308478435,0.0547065287432339,0.0089106863840277,0.0396491274006212,0.0750354338544728,0.353964247845448,0.127978073621905,0.154653348555424,0.621340713629451,Mid,Low,Mid_Low,0,False,000
-66.14_18.36,-0.395599218956873,0.834594121596916,31.0,0.702843247470715,0.142585945394831,0.024224416791264,0.101348006262065,0.196926393787252,0.0590631005653162,0.0146911349079381,0.036041216922813,0.0953361755926885,0.380153903331873,0.0842857513831661,0.23326589760079,0.552844658697519,Low,High,Low_High,0,False,000
-66.14_18.37,-0.376200598371146,0.0407511522231028,35.1666666666667,0.536724532817654,0.0975753299539972,0.0154653297991844,0.0711804335310621,0.132363086589405,0.0566133440993341,0.0096702893390221,0.0403836153970268,0.078829812200752,0.536656632023689,0.0778763544090815,0.385338721770563,0.681511933972962,Low,Mid,Low_Mid,2,True,110
-66.14_18.39,-0.487743198208135,0.266793313536363,11.2082191780822,0.584025869156726,0.0930916127062275,0.0152375575597763,0.0672198045319722,0.127559334072236,0.0573010035431451,0.0107490865002961,0.0395268192596868,0.0823822322425258,0.510537311152244,0.0794673438208681,0.358671732275144,0.660482433791054,Low,Mid,Low_Mid,0,True,000
-66.14_18.41,-0.431226289833676,1.06142165005805,23.3475935828877,0.75030892888327,0.151805486284546,0.029143131418318,0.103019111531782,0.218078386093761,0.0597811308329298,0.0166019466384646,0.0344118450108568,0.101879942953934,0.343235521929467,0.090909743995417,0.191649699041954,0.535318349196825,Low,High,Low_High,0,True,000
-66.14_18.43,-0.52750983893982,0.675866827465364,2.66666666666667,0.669628146879359,0.108742923418509,0.019751260206781,0.0756429141365975,0.153915179404732,0.0585654593107425,0.0134510993984343,0.0371325873369174,0.0911976351443794,0.43436988355791,0.0867057094395294,0.277735684254707,0.605308411883381,Low,Mid,Low_Mid,0,False,000
-66.14_18.45,-0.53604523199754,-1.18849051950114,0.833333333333333,0.279494760201687,0.0390259407433405,0.0116053386828777,0.0216632874656907,0.0693184028210225,0.0530077145606686,0.0109960011739839,0.0351553759482071,0.0791817054593648,0.780407393742661,0.0933866626096933,0.549830644070577,0.911822831109371,Low,Low,Low_Low,0,True,000
-66.14_18.46,-0.527939085012355,-0.457833661332721,2.57446808510638,0.432391218083178,0.059258847872932,0.0122099367967812,0.039390986219644,0.0882272113376809,0.0551238999117875,0.0087633200483374,0.0402627254598022,0.0750415122818887,0.660198412262896,0.0864272795728522,0.477287628083347,0.805223811445567,Low,Mid,Low_Mid,0,True,000
-66.14_18.47,-0.537707970904888,-1.11260317124604,0.476190476190476,0.295374863996661,0.0406111775207925,0.0116369039104525,0.0230303403155282,0.0706423978647783,0.0532238860915651,0.0106287201013686,0.0358480458144414,0.0783376307410758,0.769790081937831,0.0932219608907616,0.543911432435063,0.903623739548615,Low,Low,Low_Low,0,True,000
-66.15_18.08,2.81313682192861,0.938295778616173,720.210526315789,0.724543743206061,0.972078971318571,0.0210956635263186,0.883569629834215,0.993778091033812,0.0593903632455813,0.0155461814866805,0.0353033606352676,0.0982380509633146,0.0529958193878712,0.0321096084693388,0.0157185932746529,0.163951851142558,High,High,High_High,0,False,000
-66.15_18.11,1.48994670197583,-0.295902716839658,436.0,0.466276711057894,0.657528782518851,0.119963405073396,0.403275065751795,0.845069105288954,0.0556035519563922,0.0088134185931999,0.0406501499198596,0.0756240413848802,0.284830510767497,0.103967039669856,0.127753800011485,0.519918511343615,Mid,Mid,Mid_Mid,0,False,000
-66.15_18.18,1.34998451335448,-1.02993128712572,405.937254901961,0.312674692373105,0.498562460463161,0.146585151967856,0.23958316529053,0.758315395576737,0.0534603307398935,0.0102542494833822,0.0365778921681261,0.0775079429404672,0.445441673814968,0.162744737708349,0.180883165304348,0.745008241543265,Mid,Low,Mid_Low,1,True,100
-66.15_18.37,-0.349624488168699,-1.00834712637413,40.875,0.317191370329889,0.0577679816676704,0.0157574050065338,0.0335947065731836,0.0975789898863039,0.0535222252035909,0.0101613823556746,0.0367633142976821,0.0773076971758715,0.728382494322365,0.0989426992511381,0.501557923354482,0.877248812542229,Low,Low,Low_Low,0,False,000
-66.15_18.39,-0.482505039180932,0.156470443509538,12.3333333333333,0.560939825603114,0.0884993625061097,0.0145328961572417,0.0638522583950172,0.12142627530269,0.0569644076456277,0.0101782978912201,0.040000748086635,0.0805186881493682,0.532126402426971,0.0791659097025871,0.378824794644142,0.67959367855894,Low,Mid,Low_Mid,0,False,000
-66.15_18.41,-0.510447920765218,-0.621215452654624,6.33142857142857,0.39820212248217,0.055665284155607,0.0123858374682958,0.0358144013731468,0.0855427667910377,0.054643900997704,0.0089474758012634,0.0395361095808768,0.0750735319458863,0.686824542622245,0.0892094906993283,0.49310963255347,0.831765784051428,Low,Low,Low_Low,0,True,000
-66.16_17.93,-0.529837673410107,-2.58669332249689,2.16666666666667,-0.0130916346128613,0.0178458701847792,0.0093226709961113,0.006365579055447,0.0490095840338089,0.0491703036242673,0.0194226320478883,0.0223947024585321,0.104536174161539,0.917433677623675,0.0707303020800784,0.640577954384946,0.985770177687155,Low,Low,Low_Low,0,False,000
-66.16_17.94,-0.521302280352387,0.267738120604801,4.0,0.584223578454231,0.0885744377178297,0.0148963452033159,0.0633980820878413,0.12244168730966,0.0573038942082778,0.0107543108965066,0.0395223563435658,0.0823992114851531,0.516377775651148,0.0804205284100782,0.362246251638525,0.667455069304311,Low,Mid,Low_Mid,0,False,000
-66.16_17.95,-0.516905259686289,0.218757885597979,4.94444444444444,0.573974027854625,0.0868705843580761,0.0145669624218278,0.062246597376802,0.119989126006225,0.0571542180965029,0.0104908207649411,0.0397450085940947,0.081541512082722,0.525592482207062,0.0800748576062645,0.371225052840993,0.675218533516965,Low,Mid,Low_Mid,0,False,000
-66.16_18.12,1.31044479948924,0.475700408526104,397.444444444444,0.627741540190476,0.691298792827896,0.0897066779696804,0.495577422726227,0.836181605853547,0.0579435037912173,0.0120274729780736,0.0384031945068008,0.086531611431192,0.19419458574505,0.0580325263240507,0.104345789814367,0.332673232926669,Mid,Mid,Mid_Mid,0,False,000
-66.16_18.4,-0.478237342652072,-0.339662359830446,13.25,0.457119615854241,0.0682380279750595,0.0131056036985324,0.0466162534766428,0.0988487206118015,0.0554735465421289,0.008776275795396,0.0405794428505725,0.0754046707075726,0.62987654996883,0.0846959771919399,0.455031826229172,0.776213394237785,Low,Mid,Low_Mid,0,False,000
-66.16_18.42,-0.516314063630342,-1.1145621416442,5.07142857142857,0.294964931985998,0.0419602621561331,0.0120293240583348,0.0237841189956329,0.0729883164736544,0.0532182953514076,0.0106379324109608,0.0358304128876486,0.0783584548541722,0.767336554598438,0.0939746969287261,0.540325374358608,0.902473259600005,Low,Low,Low_Low,0,False,000
-66.16_18.43,-0.517810528646956,0.988390739276576,4.75,0.735026560081124,0.129473206273945,0.0260802635809013,0.0863415219755984,0.189678133614638,0.0595490612659596,0.0159706680156987,0.034942210707382,0.0996943339511213,0.371258945992592,0.0936654094442636,0.211937960771168,0.564548730429993,Low,High,Low_High,0,False,000
-66.16_18.44,-0.52274984128349,0.274502270271705,3.6890756302521,0.585639037042059,0.0887001829375015,0.0149368497313445,0.0634597077922068,0.122664914620811,0.0573245933245753,0.0107918734027875,0.0394902184548501,0.0825212644606091,0.515255267965048,0.0805031860444255,0.361079603546535,0.66658094619573,Low,Mid,Low_Mid,0,False,000
-66.16_18.45,-0.529343890340652,-0.184982820597766,2.27272727272727,0.489487687666641,0.0686172800381257,0.0126091551538874,0.0476602422322654,0.0978427313694082,0.0559343692192788,0.0089860218020715,0.040716765039056,0.0763865592689984,0.608703581871947,0.0824430466521992,0.441138924880871,0.754039381155935,Low,Mid,Low_Mid,0,False,000
-66.17_17.94,-0.532854593208663,0.009083655059681,1.51865671641791,0.530097826871998,0.0757979327981852,0.0132019441410926,0.0536449860142576,0.106073656258385,0.0565176277746564,0.009548874207094,0.0404652387616538,0.0784175168188377,0.570907026801269,0.080692581179351,0.410947630510701,0.717309513785637,Low,Mid,Low_Mid,0,True,000
-66.17_18.08,2.3436799939537,0.59935171993147,619.375,0.653616678861827,0.929536488672153,0.0442489244281909,0.778249309907629,0.980231304620488,0.0583269764024021,0.0128867995271906,0.0376352937989207,0.0893387558125787,0.0938247363274357,0.0473958699785085,0.0335562888805794,0.235914609084093,High,Mid,High_Mid,1,False,001
-66.17_18.37,-0.400254887897448,-0.200381622227303,30.0,0.486265351219026,0.0828276732168458,0.014573152788973,0.0583858392493818,0.116238398927692,0.0558883320353757,0.008955387936227,0.0407170494116779,0.0762630726543572,0.589419157811784,0.0820280978648563,0.424880157013105,0.736120399765836,Low,Mid,Low_Mid,1,False,001
-66.17_18.4,-0.382399438477416,-1.48032258092549,33.8352059925094,0.218426301062209,0.0422606586040308,0.0145571992491152,0.0213391214656816,0.0819761510051586,0.0521841058840409,0.0125673132714447,0.0323774115648431,0.0830672575235677,0.801599747463778,0.0990984773264676,0.543649317798513,0.931985925180385,Low,Low,Low_Low,0,False,000
-66.17_18.43,-0.521011301043601,-1.14348395158819,4.0625,0.288912785555671,0.0409831232707718,0.011919511311524,0.023041585376508,0.0718673107892716,0.0531358193592573,0.0107756445321666,0.0355684752780049,0.0786719359944445,0.772131312766548,0.0938826134512021,0.543530487582538,0.906039320388005,Low,Low,Low_Low,0,True,000
-66.17_18.45,-0.526539907910533,0.372853950974009,2.875,0.606220002563644,0.0929143025542846,0.0157942883541571,0.0662448676852888,0.128839090056444,0.0576263557487339,0.0113684229946928,0.0389883296977901,0.0843917117515383,0.495817254772431,0.0814791840796256,0.341737443058612,0.650695646362234,Low,Mid,Low_Mid,0,False,000
-66.18_17.94,-0.517644254756221,-0.982427170544862,4.78571428571429,0.322615352039545,0.0450715278919981,0.0120901817161501,0.0264949288147809,0.0756606034993502,0.0535966422799119,0.0100527497911305,0.0369828078401701,0.0770765817882705,0.74765411627749,0.0932588774977812,0.529297330868604,0.886447417794054,Low,Low,Low_Low,1,True,100
-66.18_18.08,3.03104702081301,1.04126936621682,767.015873015873,0.746091883928309,0.981455435593133,0.0150778199198548,0.912550640027893,0.996288260780063,0.0597170086585023,0.0164263209439181,0.0345585729511586,0.101269473578969,0.0421199196028181,0.0275597950016248,0.0113959969553484,0.143641076384292,High,High,High_High,2,True,101
-66.18_18.19,1.46317660556753,1.42740089043802,430.25,0.826893345886521,0.833699122061582,0.058911366982707,0.685522533020279,0.920186145055016,0.0609569054418328,0.0199602359142635,0.0317332684845911,0.113926493707014,0.0901461275454479,0.0362805806694763,0.0399705483674623,0.190790333377868,Mid,High,Mid_High,0,False,000
-66.18_18.35,-0.0565685060000837,-0.138929767802879,103.821052631579,0.499124699306576,0.141509405812695,0.0240366909043274,0.100597406274292,0.195444296915803,0.0560722651741132,0.0090902615692831,0.0406980179368484,0.0767894487898387,0.515973924852547,0.0796115850163792,0.363347663288825,0.665677339348582,Low,Mid,Low_Mid,0,False,000
-66.18_18.4,-0.338800057881863,-0.781012516242227,43.2,0.36476316310026,0.0665106982826351,0.0160078604926834,0.0412134810271037,0.105624972776625,0.0541782451667523,0.0093318859754027,0.038541905641382,0.075659010730061,0.688383290637835,0.0955934766630992,0.479797882528086,0.841041279691784,Low,Low,Low_Low,1,False,100
-66.18_18.46,-0.535851245791682,-1.27851066320933,0.875,0.260657243031906,0.0371176126634289,0.0115260032865122,0.0200765523706201,0.0676249914059621,0.0527523593453918,0.0114567067534474,0.0343128368689628,0.0802774178301702,0.792750030622985,0.093293446343812,0.55691492025153,0.920890920128989,Low,Low,Low_Low,0,True,000
-66.19_18.41,-0.34420779642053,0.914421982832943,42.0384615384615,0.719547938717766,0.15937953789037,0.0267028823553985,0.11370029364966,0.218878389414083,0.0593148718877584,0.0153464389415686,0.0354745145531817,0.0975564379589979,0.356355217340496,0.0835860431085604,0.213245422589865,0.530719936320574,Low,High,Low_High,0,False,000
-66.19_18.43,-0.470089922006066,0.0269842139275494,15.0,0.533843678312929,0.0841631025151975,0.0140432201861625,0.0604167862477701,0.116089542870348,0.0565717142488588,0.0096165398237126,0.0404203939229516,0.0786478764305932,0.556194074722425,0.0795354142710315,0.399921286722222,0.702086396440059,Low,Mid,Low_Mid,0,False,000
-66.19_18.47,-0.534944000261232,0.764305194981528,1.06986899563319,0.688134663286991,0.11260832275122,0.0211984584184295,0.0772612479663661,0.161299873583324,0.0588422439135694,0.0141311339368874,0.0365313253187492,0.0934574573160807,0.4179781581405,0.08906033964595,0.259492496857339,0.595427909706916,Low,Mid,Low_Mid,1,False,001
-66.1_18.06,2.17258416038758,1.56426536487553,582.625,0.855533456654474,0.945830063571887,0.0302776741217779,0.845756012590444,0.982332072940469,0.0614021377322804,0.0212888350853808,0.0307408461223372,0.118894042438777,0.0504774980209579,0.0263080071712336,0.017806319528596,0.134863043412666,Mid,High,Mid_High,0,False,000
-66.1_18.07,2.19450460164945,0.985139390956692,587.333333333333,0.734346186474976,0.928154561007641,0.0410227959849194,0.794609974130742,0.977344169431966,0.059538749134844,0.0159429016777078,0.0349657248075069,0.0995987508990011,0.0775433376211575,0.0369400906528477,0.0296447161615809,0.187851954589038,Mid,High,Mid_High,0,False,000
-66.1_18.14,1.75504145138389,0.628519991240446,492.940206185567,0.659720399528801,0.835800500214758,0.071680027483627,0.646481766948203,0.934072946974272,0.0584177806736246,0.0130991495949417,0.0374458225954075,0.0900366482889969,0.133769073238528,0.0510012214049051,0.0611861841642681,0.267885486602567,Mid,Mid,Mid_Mid,0,True,000
-66.1_18.15,1.49166194842762,0.235943417139712,436.368421052632,0.577570253456515,0.724108729438632,0.0965571351537449,0.504406829843645,0.871270777545955,0.0572066925852387,0.0105815438876649,0.0396689486437627,0.0818371843920572,0.204701248058895,0.0689832629593084,0.100863303080138,0.371295392037939,Mid,Mid,Mid_Mid,0,False,000
-66.1_18.26,0.668221133964419,-0.654106391261187,259.5,0.39131940051341,0.287113849878388,0.0786139109276214,0.159462639028767,0.460916379528263,0.0545477481401066,0.0090110940768743,0.0393525604681193,0.075151248706382,0.490988826044582,0.117738127690496,0.276998647910652,0.708332935450846,Low,Low,Low_Low,0,False,000
-66.1_18.28,1.2571632549471,0.0710771560508696,386.0,0.543070519329831,0.618400101745025,0.103589021898707,0.406704778006825,0.793004285658204,0.0567051485159287,0.0097938386852786,0.0402957608330199,0.0792450546809653,0.258561589871748,0.0776955866106823,0.136131856795112,0.435580006726663,Mid,Mid,Mid_Mid,0,False,000
-66.1_18.37,-0.363248288626214,-0.708580756382378,37.9487179487179,0.379920154233492,0.0666309597736417,0.01537628737089,0.0421193270449702,0.103860618724951,0.0543888492441024,0.0091346074531013,0.0390236659047252,0.0753296789734562,0.679371086118795,0.0935568829956514,0.47728391168251,0.830994665496959,Low,Low,Low_Low,0,True,000
-66.1_18.38,-0.298857932084141,-1.47121808699502,51.7792452830189,0.220331497540159,0.0484364906613664,0.0167724924988023,0.0243376453819913,0.0940963505473037,0.0522096168805686,0.0125153094616586,0.0324654169517652,0.0829322328996791,0.790633218316713,0.103094559361203,0.526990945778905,0.927534822059254,Low,Low,Low_Low,0,True,000
-66.1_18.39,-0.334687550317689,-1.12254824114507,44.0833333333333,0.293293769507576,0.0555276537889066,0.0161134322818384,0.0311909106768682,0.0969528803030582,0.0531955094161741,0.0106756415139044,0.0357583825499298,0.0784438888190172,0.744435799628217,0.100670433459646,0.508011284983739,0.891509941379789,Low,Low,Low_Low,0,True,000
-66.1_18.41,-0.442367529678099,-0.83567448621023,20.9545454545455,0.353324658834547,0.0549950857841464,0.0136222808671444,0.0336444974707386,0.0886516686512378,0.0540198181529233,0.0095039462072029,0.0381480133767647,0.0759736247709212,0.713378353566717,0.0938619856086922,0.503031387394956,0.859551766993229,Low,Low,Low_Low,0,False,000
-66.1_18.45,-0.527820216869191,-0.913232019403845,2.6,0.337095053959482,0.0460961049619398,0.011944020113176,0.0275926781319949,0.076037515617744,0.0537957822834132,0.0097792363766455,0.0375499185978544,0.0765116113479046,0.738237575786932,0.0924188371292937,0.524847298949233,0.878059979917618,Low,Low,Low_Low,0,False,000
-66.1_18.46,-0.528027135488772,-2.09455749379037,2.55555555555556,0.089892172580056,0.0236994797915483,0.0104203890566195,0.0099418518728754,0.0554291885017692,0.0504899673206009,0.0163071407145429,0.026574806536324,0.0938518312482855,0.881202911576564,0.0828268588507394,0.611384614440228,0.972202172930802,Low,Low,Low_Low,0,False,000
-66.1_18.47,-0.511632814091193,-1.22461735769547,6.07692307692308,0.271934897411626,0.0397506446184879,0.012029622542901,0.0218329788230967,0.0713009516739647,0.0529050956544586,0.0111778597863739,0.0348195699458713,0.0796095579925705,0.7824568695326,0.0943073290109993,0.548384831570578,0.914192635376034,Low,Low,Low_Low,0,False,000
-66.21_18.42,-0.390943550016298,-0.120042175577732,32.0,0.503077096272197,0.0876716265258159,0.014841256456335,0.0626159791589413,0.121454200824183,0.056128912418286,0.0091384201208422,0.0406827028419488,0.0769691321454462,0.571777495250365,0.0804770776134248,0.412146840395131,0.717746628479331,Low,Mid,Low_Mid,0,False,000
-66.21_18.47,-0.53636473868954,-0.368764662456027,0.764705882352941,0.451029699722062,0.061413651214094,0.0121825564270811,0.0414482349446715,0.0900924067854487,0.0553872450500336,0.0087612994045672,0.0405184111540985,0.075284295208084,0.645047749802667,0.0850087629566772,0.467457335574159,0.790018523543351,Low,Mid,Low_Mid,0,False,000
-66.22_17.96,-0.487079924824821,-0.0560606516821478,11.3506849315068,0.516465800236486,0.0784617458881999,0.0135224757080914,0.0557252988553059,0.109400115761035,0.05632120460022,0.0093244020619653,0.0405989159002833,0.0776393699100417,0.575891098868793,0.0805563959713942,0.415684412604441,0.721591856665093,Low,Mid,Low_Mid,0,True,000
-66.22_18.45,-0.539924956114685,1.39200518064705,0.0,0.819486478229374,0.153562754732932,0.0370299793891419,0.0940382693364011,0.240752520266295,0.0608422523108551,0.0196226198164845,0.0319915022787086,0.112682634170754,0.301270488970134,0.103266519727861,0.141517979296983,0.530020984705922,Low,High,Low_High,0,False,000
-66.23_18.22,0.387883354185535,-0.820046167865949,199.285714285714,0.356595023699765,0.187289359658223,0.0536106072532864,0.103582372906598,0.314880208162121,0.0540650691281386,0.0094528160794697,0.0382631137148668,0.0758780642513041,0.574816098047569,0.118696183190569,0.342911830886103,0.777888138333819,Low,Low,Low_Low,0,False,000
-66.23_18.34,-0.106900717682253,-0.42012529819576,93.010101010101,0.440282029059213,0.114103962908095,0.022788615011998,0.0764669881061101,0.166917665816229,0.0552352458141359,0.0087537196378733,0.0403835486268367,0.0751213167714542,0.581831126644295,0.0895215428684147,0.403510912998482,0.741052703536315,Low,Mid,Low_Mid,2,True,011
-66.23_18.45,-0.527862541132287,0.145145329425306,2.59090909090909,0.558569944571786,0.082157974520013,0.0139620602875921,0.0586197486849383,0.114003156333274,0.056929959969411,0.0101243095345389,0.0400437148210909,0.0803410934720409,0.542545852983274,0.0802162821367006,0.386304050400759,0.690843726146475,Low,Mid,Low_Mid,0,False,000
-66.23_18.47,-0.529249025613023,0.175723913101929,2.29310344827586,0.564968785667877,0.0833366488384023,0.014141783127608,0.0594860571249095,0.115574880178899,0.0570230160081025,0.0102721139267444,0.0399251487128099,0.080826577928792,0.536575991477097,0.0802793818619216,0.380789376812218,0.685535829883725,Low,Mid,Low_Mid,0,False,000
-66.24_18.3,0.0345845911522185,0.756791664072144,123.4,0.686562389997026,0.243987580188456,0.0316210054326399,0.187409524067468,0.311106821439519,0.0588186813094576,0.0140722662807521,0.0365831284667612,0.0932609228050956,0.324138541761395,0.0663621530314241,0.209401784618956,0.464783630956797,Low,Mid,Low_Mid,0,False,000
-66.24_18.34,-0.276214565409282,0.911194058713949,56.6428571428571,0.718872466834368,0.174686266391074,0.0276431621628554,0.126908607609034,0.235597263508491,0.0593046717675279,0.0153195618803529,0.0354976027665848,0.0974648968132978,0.345809288893063,0.080441202759822,0.208426578656624,0.514848841458506,Low,High,Low_High,2,True,101
-66.24_18.42,-0.485608818474648,-0.324717068940029,11.6666666666667,0.460247051138817,0.068020122378135,0.0130031737581979,0.046551194724459,0.0983687698190116,0.0555179152662853,0.0087869844430394,0.0406064378422182,0.075474404698232,0.628260143992766,0.0844210401249455,0.454201770589071,0.774383030443973,Low,Mid,Low_Mid,0,False,000
-66.24_18.45,-0.530978119004684,0.434054330786828,1.92170818505338,0.619026727348023,0.0953307310303212,0.0164010565019998,0.067675947687784,0.132678042298462,0.05781488272938,0.0117541080127873,0.0386467552909567,0.0856431261890197,0.48409821010314,0.0824002862032864,0.329534970012095,0.641764731857338,Low,Mid,Low_Mid,0,True,000
-66.24_18.47,-0.525026815504846,0.490225681100538,3.2,0.630781082899979,0.099061440219399,0.0171196241329563,0.0701976276041678,0.138031589918991,0.0579884272335318,0.0121248014940543,0.0383163054103615,0.0868483766897338,0.471558984847678,0.0830306880599112,0.317139543241654,0.631620401771393,Low,Mid,Low_Mid,0,False,000
-66.25_17.95,-0.53713155475034,0.0501042176953688,0.6,0.538681745105551,0.0769869713885372,0.0133418864671022,0.054577988270819,0.107550104482499,0.0566416432636159,0.0097076438944438,0.0403575125765175,0.0789557661170447,0.563420628931842,0.080576170113827,0.404444803531469,0.710351408507255,Low,Mid,Low_Mid,0,True,000
-66.25_18.39,-0.402117155473677,-0.937508045411637,29.6,0.332015079212738,0.0553578188483951,0.014490696352,0.0329231356962581,0.0916315657449925,0.0537258378171973,0.0098723553917571,0.0373542703864819,0.0767009998630927,0.72436737166409,0.0963657523460629,0.505062622973009,0.871267039877709,Low,Low,Low_Low,1,False,100
-66.25_18.45,-0.533639803044909,0.564751147496489,1.35,0.646376200781266,0.101700901641793,0.0180134814725885,0.0714303295525035,0.142826348271795,0.0582194324272914,0.0126395107180808,0.0378562370532888,0.0885283139503845,0.457928211845179,0.0846734280283032,0.30211491466972,0.622429948202334,Low,Mid,Low_Mid,0,True,000
-66.25_18.46,-0.531611261577945,0.593684039117031,1.78571428571429,0.652430666151151,0.103560693154168,0.0184440189761168,0.0725834792758311,0.145681662569226,0.0583093476128797,0.0128459457321392,0.0376717770868452,0.0892047009304486,0.451694387251207,0.0851551313045049,0.295728755022707,0.617763672716375,Low,Mid,Low_Mid,0,True,000
-66.25_18.47,-0.532887317018468,-0.496851067132977,1.51162790697674,0.424226478265997,0.0575608248085579,0.0120991848696754,0.0379508912839807,0.0863936326301058,0.0550089111629159,0.0087865526815033,0.0401186483574653,0.0749939942495063,0.668115668828845,0.0869911667358721,0.482693987314532,0.81284470178208,Low,Mid,Low_Mid,0,False,000
-66.26_17.94,-0.532359494086251,-0.686166110052154,1.625,0.384610618697411,0.0519050156263887,0.0119826591016553,0.0328537804313246,0.0810775478443805,0.0544541787137401,0.0090811069195313,0.0391626434512854,0.0752488755207384,0.701457058540123,0.0897684919306062,0.503520391463582,0.844803239000072,Low,Low,Low_Low,0,False,000
-66.26_17.95,-0.535015760647644,-0.888280341820833,1.05445544554455,0.342316414818541,0.0462143701395452,0.0118304716083362,0.0278360514153316,0.0757808337863355,0.0538677629424951,0.0096868866454811,0.037746985933144,0.0763272040240811,0.735281123315444,0.0920017010990985,0.523774407614532,0.875228352168376,Low,Low,Low_Low,0,True,000
-66.26_18.14,2.30972192218782,-1.15700670544342,612.081081081081,0.28608302882082,0.817658848298397,0.124498096335669,0.466033088467071,0.958401745423996,0.0530972980830893,0.0108410987871355,0.0354450209407296,0.0788223326430464,0.308782627594766,0.182505463712762,0.0771475854563715,0.704769721922601,High,Low,High_Low,1,True,001
-66.26_18.43,-0.506869706636606,1.09687873403895,7.1,0.757728639636517,0.138905200501955,0.0289387657553312,0.0912381690796823,0.205835043074622,0.0598941076042249,0.0169135158623729,0.034153129015295,0.102967592645913,0.348988289932167,0.0956268721521261,0.19024165913975,0.550195885027684,Low,High,Low_High,0,False,000
-66.26_18.48,-0.525140061506104,-0.77081046296518,3.17567567567568,0.366898033650971,0.0500941684657595,0.0120629597433916,0.031089006363103,0.0797610545293889,0.0542078622843048,0.0093019212157069,0.038612641256792,0.0756064693078784,0.714701706675382,0.0910025657420453,0.510896401005018,0.857302945214904,Low,Low,Low_Low,0,True,000
-66.27_18.42,-0.498023935649514,-0.563433707624247,9.0,0.410293467477552,0.0585793764097748,0.012625858355433,0.0382087591750943,0.0888075833674032,0.0548132060524769,0.0088566520420969,0.0398294079922162,0.0749936326275412,0.674603448248265,0.088463685236186,0.484809106249553,0.820382801943663,Low,Low,Low_Low,0,False,000
-66.27_18.43,-0.505339986841845,0.680293718729415,7.42857142857143,0.670554513320915,0.112589234490388,0.0200558010313517,0.0788561412878274,0.158273217753723,0.0585792850287425,0.013484451782525,0.0371029664530616,0.0913079469753976,0.4295658161062,0.0858485449054035,0.274822864352801,0.599418681420636,Low,Mid,Low_Mid,0,False,000
-66.27_18.45,-0.520944151972342,-0.0775380705330819,4.07692307692308,0.511971458973507,0.0736651357450051,0.0130173019359087,0.051877819639452,0.103602705342875,0.0562565866876596,0.009258085884896,0.0406324396495987,0.0774038656229134,0.586103190473907,0.0811843736547858,0.423591733684603,0.731805922903366,Low,Mid,Low_Mid,0,False,000
-66.27_18.46,-0.477073425416928,-1.11875046823394,13.5,0.294088487328204,0.0445320999211458,0.0127927865058904,0.0252028094103534,0.077507265601046,0.0532063440715472,0.0106576784131834,0.0357926655637477,0.0784031528109664,0.762877255806613,0.0953821086935547,0.533717449863871,0.900425710361446,Low,Low,Low_Low,0,True,000
-66.27_18.47,-0.523669569644204,0.673954309985015,3.49152542372881,0.669227935555654,0.10924884312421,0.0197599205267828,0.0761098312573191,0.154405461977659,0.0585594872334781,0.0134367135743059,0.0371453673218127,0.0911500704813539,0.434075451739735,0.086498784759544,0.277804581118195,0.604653521672794,Low,Mid,Low_Mid,0,True,000
-66.27_18.48,-0.529706669738619,-1.26480197422852,2.19480519480519,0.263525908348507,0.0377700771548461,0.0116524617310112,0.0205095792508636,0.0685402321253206,0.052791170918849,0.0113849616126858,0.0344423176140871,0.0801042542034517,0.790168229886229,0.0935645879606026,0.554755759273395,0.919233252229915,Low,Low,Low_Low,1,True,001
-66.28_17.96,-0.539924956114685,-1.83123150604063,0.0,0.144995481807874,0.0270007968063018,0.0106998553401776,0.0123367008706492,0.0580706141934622,0.0512097820393131,0.0146632846047249,0.029007645391798,0.088850230752871,0.857771916881151,0.0874216784008562,0.596870917845268,0.960885741238029,Low,Low,Low_Low,0,True,000
-66.28_17.99,-0.450303329008624,-1.36589710838763,19.25,0.242370850746327,0.0404702041211129,0.0131385682829872,0.0212688618196955,0.0756661879519663,0.0525055864813991,0.0119259582916988,0.0334800746277145,0.0814317100497331,0.794380953940063,0.0965635351194811,0.548061921495051,0.924856074050418,Low,Low,Low_Low,0,False,000
-66.28_18.17,1.49343845368126,1.55202042668939,436.75,0.852971094233991,0.849986757523588,0.0550949642702506,0.708399666279491,0.929652924363874,0.0613621803860377,0.0211685155332955,0.0308291709337418,0.118439383108992,0.0804957535782489,0.0344255411400501,0.0339861298391698,0.178868148324123,Mid,High,Mid_High,3,True,111
-66.28_18.47,-0.505421593659384,1.19637893834124,7.41104294478528,0.778549943954992,0.146281603717428,0.0316923310270383,0.0943656220235025,0.219826653445481,0.0602122131690385,0.0178045741941281,0.0334246180117862,0.106111447748361,0.330489801376854,0.0976978508655114,0.172020819967486,0.539773611971068,Low,High,Low_High,1,True,100
-66.29_18.18,2.15534923209795,1.28551919467963,578.923076923077,0.797203336852654,0.935183513062189,0.0359717239003575,0.818475987933066,0.978799653390583,0.0604985398366346,0.0186226131486596,0.0327708910224355,0.109041865463125,0.0633355154443655,0.030906619586108,0.023776849294914,0.158054017121754,Mid,High,Mid_High,1,False,010
-66.29_18.29,1.33570889546067,1.47094367488485,402.870967741935,0.836005061507594,0.806518543295868,0.061936445527779,0.656923688532173,0.90074013342968,0.0610982255602797,0.0203789959327213,0.0314163877780161,0.115479676660613,0.0948543869691531,0.0375962096409864,0.0425331323092983,0.198213440812606,Mid,High,Mid_High,1,True,010
-66.29_18.45,-0.498334313578885,0.631877410561516,8.93333333333333,0.660422969437063,0.110934656648793,0.0193532260317321,0.0782892147462477,0.154904985778502,0.0584282412218302,0.0131238145531938,0.0374238354832146,0.0901178331292774,0.438060562658917,0.0845509236588008,0.284502747195296,0.604478517912264,Low,Mid,Low_Mid,0,False,000
-66.29_18.46,-0.49168621857557,0.0950795134398685,10.3612903225806,0.548093226479645,0.0844800859604527,0.0140853625666502,0.0606587316054746,0.116496163004827,0.0567779088487948,0.0098965444410338,0.0402197571420439,0.0795876460737347,0.546251876936138,0.0795259784829563,0.390951273335871,0.693044454442167,Low,Mid,Low_Mid,0,True,000
-66.29_18.47,-0.520466647465617,-0.284687781418527,4.17948717948718,0.468623536222252,0.0658911945063023,0.012533706025845,0.0451869415481557,0.0951367244154443,0.0556369165116945,0.0088257675732802,0.0406641988440763,0.07568769327024,0.62646561888975,0.0837709286813169,0.453991775106415,0.77183868050211,Low,Mid,Low_Mid,0,False,000
-66.2_17.93,-0.524729369989199,-0.595664431185138,3.26388888888889,0.403548901389757,0.0552132410051416,0.0121598886585561,0.0356868133458159,0.0844876853582134,0.0547187066476436,0.0089039647932131,0.0396704930015852,0.0750291844912515,0.684532514506786,0.0886018959920307,0.492630686264915,0.829040233290718,Low,Low,Low_Low,0,True,000
-66.2_17.94,-0.52520929901106,0.463291452529003,3.1608040201005,0.625144855581616,0.097643469673123,0.0167926877837431,0.0693165589570218,0.135856638592979,0.0579051515181255,0.0119451287627376,0.0384766468737721,0.0862638020820981,0.477088436419632,0.0826185789239607,0.322831165310481,0.63584383474406,Low,Mid,Low_Mid,0,True,000
-66.2_18.22,0.493994764386538,-0.597891016318489,222.077586206897,0.403082968611251,0.238016634941981,0.0618733195062741,0.137972362436338,0.378731845067332,0.0547121840454239,0.0089075473477172,0.0396590742923775,0.0750324846075915,0.510830882538662,0.109833016306418,0.306156727543164,0.711936866486512,Low,Low,Low_Low,0,True,000
-66.2_18.23,0.640287120320972,1.25008160587489,253.5,0.789787705638724,0.538369853543788,0.0641276418236804,0.412910129427361,0.659150638298915,0.0603845588205739,0.0182952517382942,0.033030754796841,0.107864046856599,0.171577487572734,0.0520634905419849,0.0917546027707063,0.298054442597837,Low,High,Low_High,0,False,000
-66.2_18.47,-0.537059929074331,-0.860515424883545,0.615384615384615,0.34812647107905,0.0467822006232825,0.0118101442075802,0.0283762508975027,0.0761907777917075,0.0539479660050452,0.0095882913653356,0.0379611829179675,0.0761345341529906,0.731123569937191,0.0916901486592532,0.521526680232045,0.87152398810712,Low,Low,Low_Low,0,False,000
-66.31_17.97,-0.526889083081076,0.771170922139155,2.8,0.68957137786983,0.11434493806131,0.0214134518979579,0.0785987478114166,0.163464111197088,0.0588637827275377,0.0141850976666668,0.0364838825350754,0.0936377766334371,0.415203449028418,0.0888552819686488,0.257359686721128,0.592605380424709,Low,Mid,Low_Mid,0,False,000
-66.31_18.09,0.206145991612392,-0.135710390475479,160.25,0.499798382697679,0.202888393015655,0.0374186631806748,0.13921555495232,0.286007036356715,0.0560819168554008,0.0090982495605727,0.0406957175671113,0.0768194844918361,0.468095315054096,0.0803088373896325,0.318651453577701,0.623490762596777,Low,Mid,Low_Mid,0,False,000
-66.31_18.16,2.34852964910013,1.27817109050328,620.416666666667,0.795665680580564,0.951800210524193,0.0294631360440663,0.848676767793511,0.985821390821049,0.0604748889563905,0.0185545048945455,0.0328247642954059,0.108796251243886,0.0558879549384541,0.0292159731253968,0.019605628573664,0.149103002541611,High,High,High_High,0,False,000
-66.31_18.35,0.339996473653911,0.825942249671555,189.0,0.701032766180293,0.357149795414001,0.0462271220128677,0.272419479722721,0.451866695350545,0.0590358734220809,0.0146213194193006,0.0361020402852121,0.0951010379807794,0.266741240994881,0.0584751690478799,0.168375384248276,0.395260209714929,Low,High,Low_High,2,False,011
-66.31_18.47,-0.520796229380585,-0.910461725738128,4.10869565217391,0.337674762592945,0.0466791123728786,0.0120717405697535,0.0279676101099925,0.0769187585789419,0.0538037695542451,0.0097688126126804,0.03757200395284,0.0764906198118939,0.736820073377634,0.0925917756148994,0.523396824177197,0.877111416031622,Low,Low,Low_Low,0,True,000
-66.31_18.48,-0.539387763544619,-0.53463898202647,0.115384615384615,0.416319020376085,0.0558115387713122,0.0119673211795593,0.0364933257207062,0.0844596698954454,0.0548977612326791,0.0088216980326175,0.0399610738210233,0.074981447462353,0.675963275058162,0.0874947321514405,0.48809485291705,0.82027229108526,Low,Low,Low_Low,0,False,000
-66.32_18.37,0.218082910233284,0.929301350443437,162.813953488372,0.722661578968627,0.325568889977735,0.0418670327441141,0.24936350656971,0.412271959187282,0.059361911391492,0.0154707314202622,0.0353679219236789,0.0979803094499562,0.267356480290439,0.0621642136202452,0.163817013444575,0.404667274547012,Low,High,Low_High,0,False,000
-66.32_18.47,-0.514353520739589,-0.87790353172505,5.49253731343284,0.344487854790693,0.0480129684687182,0.0122048071928562,0.029017006007747,0.0784400176329583,0.0538977247227076,0.0096495149779456,0.0378276835150876,0.0762536336456462,0.730708603779649,0.0924604546901171,0.519307347335562,0.872046250609531,Low,Low,Low_Low,1,True,001
-66.32_18.48,-0.502679604590088,1.02167713324575,8.0,0.741992034608102,0.134549322510366,0.0270908769347031,0.089700188132322,0.196970426305905,0.0596547302543353,0.0162566104128007,0.034700965236795,0.10068134382289,0.36240204506079,0.0936801549785605,0.204309998632262,0.557164909119489,Low,High,Low_High,0,False,000
-66.33_18.19,2.46730463171503,0.86098745398998,645.928571428571,0.708366287444231,0.949576716244965,0.0331218911952789,0.829168156966702,0.986498796454678,0.0591462322025722,0.0149055983480856,0.0358549012505456,0.0960601600460605,0.0710335296609534,0.0376639292631107,0.0243728190880952,0.189658715321898,High,High,High_High,1,True,100
-66.33_18.2,3.68431866263332,1.5898650242869,907.333333333333,0.860890413484773,0.995340272688461,0.0045109503468278,0.969464659001547,0.999304647586108,0.0614857524102655,0.0215412748517648,0.0305565278075068,0.119851065398906,0.0172358926923756,0.0139228370603349,0.003489974315872,0.080736248682764,High,High,High_High,0,False,000
-66.33_18.47,-0.453616016524033,0.668511413668762,18.5384615384615,0.668088961004101,0.120653667963798,0.0204172794237772,0.0860040404870684,0.166716744677035,0.0585424942279602,0.0133958493030787,0.0371816818428591,0.0910150107357623,0.422820686711361,0.0834130764676696,0.272671009451639,0.588726508284428,Low,Mid,Low_Mid,0,False,000
-66.33_18.48,-0.469243436744144,0.737755959813623,15.1818181818182,0.682578999268712,0.122211641746744,0.0214445263566662,0.086002682396047,0.170816265143158,0.0587590244961055,0.0139240123459645,0.0367138108632552,0.0927667477010313,0.411774812263909,0.0855133695060677,0.259496029193859,0.583054016418544,Low,Mid,Low_Mid,0,True,000
-66.34_18.19,2.59508611674472,-0.414764139834464,673.375,0.441403899215388,0.917042552342396,0.0628459856174926,0.686476923790726,0.982397455647971,0.0552510935181588,0.0087533922332643,0.0403992359044763,0.0751353916718348,0.165383576632326,0.103374955115858,0.043664932716927,0.462359719517593,High,Mid,High_Mid,0,False,000
-66.34_18.42,-0.464658308242063,-0.0179270486139197,16.1666666666667,0.524445596457118,0.0828454364483284,0.0139495828681023,0.0592935819205093,0.114612485640461,0.0564361070430663,0.0094516060049783,0.0405263827944449,0.0780833311123059,0.5642871615181,0.0798613650728318,0.406598261478138,0.709963289576977,Low,Mid,Low_Mid,0,False,000
-66.34_18.48,-0.458327366202141,0.998858564125909,17.5265017667845,0.737217045701418,0.141658878935536,0.0271533018013322,0.0962790322002521,0.203608917177004,0.0595822728822269,0.0160602622160307,0.0348664430717384,0.100003066855096,0.359347504225442,0.0909029376390582,0.205526537193529,0.548771890609723,Low,High,Low_High,0,True,000
-66.36_17.96,-0.539924956114685,0.851038360660475,0.0,0.706284351016471,0.116907273809012,0.0228030981264922,0.0790769088473616,0.169504558612815,0.0591148824642066,0.0148244948991904,0.0359252657039543,0.0957860726835131,0.401676735157229,0.091397833649834,0.241613697681078,0.585862143716267,Low,High,Low_High,2,False,011
-66.36_18.05,0.0798376932546035,-0.576647112202075,133.12,0.407528444835365,0.137860383086065,0.0318234507173485,0.08643538381583,0.212755616572808,0.0547744462119314,0.0088750138705412,0.0397657121553451,0.0750054309252712,0.580301239026983,0.0989290461989903,0.384116035638688,0.754013598960425,Low,Low,Low_Low,0,True,000
-66.36_18.08,0.0979016887440329,-1.75768158873572,137.0,0.160386457349507,0.0764630235945246,0.0320535925298287,0.032892872256462,0.167736633610649,0.0514125626679822,0.0142122461566951,0.0297057183932699,0.0875500190545361,0.782052058376816,0.123305458455948,0.465001570868216,0.936763736560382,Low,Low,Low_Low,0,False,000
-66.37_18.04,-0.233156857008564,1.38247532956905,65.8913043478261,0.817492271978279,0.230171653511206,0.0428599557081569,0.156906884099418,0.324479849309874,0.0608114178691506,0.0195321564333137,0.0320611145398378,0.112350609206703,0.258412645443086,0.0860094206859226,0.126319347415652,0.456468296182017,Low,High,Low_High,0,True,000
-66.37_18.43,-0.347180261974897,-0.920656666313966,41.4,0.335541380438338,0.0608415685923582,0.0158252000272008,0.0362800170928463,0.100300675259152,0.0537743811629061,0.009807379576238,0.0374904807183216,0.0765685012936622,0.713593081658359,0.0978165087824482,0.493712587154647,0.864238554552239,Low,Low,Low_Low,1,False,001
-66.38_17.95,-0.530613618233536,-1.76290765061693,2.0,0.15929285733553,0.0284876123313931,0.0109822897204363,0.0132930919170057,0.0599940498729824,0.0513981291368634,0.014244135835075,0.029655905195206,0.0876409424673089,0.849959450128223,0.0889838535571737,0.590662304240705,0.956969490599488,Low,Low,Low_Low,0,False,000
-66.38_18.01,-0.316452846967105,-1.4543636572243,48.0,0.223858437146276,0.0475612513630855,0.016303962954258,0.0240698129926824,0.0918225181387071,0.0522568744747186,0.0124194548682722,0.0326282569425637,0.0826844522614941,0.790445767054467,0.102314298896261,0.529209701846268,0.926780634210796,Low,Low,Low_Low,0,False,000
-66.38_18.44,-0.309136795774773,0.0422034781271214,49.5714285714286,0.537028444953606,0.107821922537943,0.0166736104428437,0.0792265034608513,0.14511178900234,0.0566177374670075,0.0096760454194193,0.0403796210323347,0.0788492457629996,0.524339686960541,0.0768403265986091,0.376034951926483,0.6684723409417,Low,Mid,Low_Mid,0,False,000
-66.38_18.49,-0.539836557337332,-2.20045484481601,0.0189873417721519,0.0677322083097661,0.0218930412562107,0.0100021604191632,0.0088809030283546,0.0529517497731271,0.0502032009528285,0.0169759323888311,0.0256319110819249,0.0960081284449904,0.890810353250773,0.07987618519462,0.619992582338227,0.97607402818883,Low,Low,Low_Low,0,True,000
-66.39_17.98,-0.474745590946641,-1.08791046733825,14.0,0.300542032306668,0.0454688427414821,0.0128597080018217,0.0259592735611478,0.0784596756089643,0.0532944045791418,0.010513898172176,0.0360690460052208,0.0780796757794402,0.757973630105574,0.0953190389169509,0.53076591552931,0.896598110619863,Low,Low,Low_Low,0,False,000
-66.39_18.01,-0.332822779693641,-0.0320093073806375,44.4838709677419,0.521498758334228,0.100162782779369,0.0160569620728267,0.0727907368273158,0.136314521758032,0.0563936493757761,0.0094032371886662,0.0405550768237531,0.0779155611866913,0.543694340782491,0.0783655444295119,0.390817259715581,0.688759634316125,Low,Mid,Low_Mid,0,True,000
-66.39_18.23,1.80963596922862,1.63600673860364,504.666666666667,0.87054597833815,0.909214653870087,0.0415971436474652,0.788577700584976,0.964146195503755,0.0616367311926802,0.0219992989631455,0.0302255207972793,0.121598255899301,0.0611148716108914,0.0293201061331577,0.0233519572803599,0.150532552220245,Mid,High,Mid_High,1,False,010
-66.39_18.35,0.0100259374906876,0.558563703480441,118.125,0.64508142298945,0.216386316615744,0.028111509880521,0.166340410122592,0.276495370201765,0.0582002205047396,0.0125958308052296,0.0378952840092191,0.0883854016312128,0.364729185011939,0.0660331347417926,0.247224520740265,0.500919389596481,Low,Mid,Low_Mid,1,False,100
-66.39_18.36,-0.078348635434862,1.03160369401448,99.1428571428571,0.744069255896752,0.239245972629046,0.0345839449239852,0.178105127885205,0.313372950614004,0.0596862764974678,0.016342467045698,0.0346288547994146,0.100978661179416,0.293495324152164,0.0739110211042822,0.171208259883213,0.455158794447574,Low,High,Low_High,0,False,000
-66.39_18.49,-0.52957902513563,-0.391915761173657,2.22222222222222,0.44618512603413,0.0612805007788875,0.0122533523882813,0.0412276762102191,0.090169574698317,0.0553186818487919,0.0087549144673802,0.0404618947033288,0.0752030399260632,0.648261502357232,0.0853873044011879,0.469400310374025,0.79337070766111,Low,Mid,Low_Mid,0,False,000
-66.3_17.96,-0.528833509520963,-1.4810103059576,2.38235294117647,0.218282388471462,0.0334965151627649,0.0114278358036377,0.017055350336109,0.0647428566940305,0.052182179341604,0.0125712477551877,0.0323707629207926,0.0830774901891245,0.817913388876033,0.0924831826241344,0.570814742333013,0.938160105799545,Low,Low,Low_Low,0,True,000
-66.3_18.16,2.2278702290569,0.977359191155593,594.5,0.732718110343342,0.931444318861588,0.0398511666890031,0.799939232491209,0.978798744778672,0.059514079872706,0.0158765792310409,0.0350219528798538,0.0993706273043339,0.0762905422382443,0.0368308658997533,0.0287984706161139,0.187020827902673,Mid,High,Mid_High,1,False,100
-66.3_18.44,-0.232318258255293,0.425018098657688,66.0714285714286,0.617135815260229,0.14632798989011,0.0202650272474038,0.110892229509449,0.190659089061261,0.0577870103481154,0.0116959369649354,0.0386984584280116,0.0854542538153743,0.432618114451747,0.0725682712916681,0.299301656352373,0.576463200685097,Low,Mid,Low_Mid,0,False,000
-66.3_18.47,-0.482092818493485,0.402502895306042,12.421875,0.612424308343593,0.100824206897904,0.0165420940369385,0.0727141321903755,0.138181812871043,0.0577176167542353,0.0115528187757175,0.0388254124717612,0.0849897940354248,0.481761362183716,0.0803298325728699,0.331014470362996,0.635903173370545,Low,Mid,Low_Mid,0,True,000
-66.41_18.33,0.404123530088812,-0.36037851174541,202.77397260274,0.452784576480665,0.236274452421039,0.0528529418312995,0.148390318700534,0.354538951022308,0.0554121008095034,0.0087648196745649,0.0405371440460101,0.075316896481805,0.478416080109076,0.0942048247981415,0.304423652003741,0.657808137105646,Low,Mid,Low_Mid,0,True,000
-66.41_18.45,-0.498023935649514,-0.763777016549559,9.0,0.36836984498296,0.0524653417221663,0.0125498092090441,0.0326569039445802,0.0832547461759483,0.0542282896506942,0.0092816693126305,0.0386608751286393,0.0755714029013627,0.709520800823295,0.0915208534835323,0.505679698482735,0.853634464727901,Low,Low,Low_Low,0,True,000
-66.42_18.45,-0.48405692882779,-0.523120132813206,12.0,0.418729442209384,0.061195971032417,0.0128858245961905,0.040305374704518,0.0918777185249515,0.0549316205131487,0.0088096832114981,0.04001095757449,0.0749818165290555,0.66508375312441,0.0879454390715698,0.478063245124336,0.811512539606385,Low,Mid,Low_Mid,0,True,000
-66.42_18.46,-0.496877924833372,0.804004614373191,9.24615384615384,0.696442120525062,0.121471976004198,0.0223759974014171,0.0839750794927943,0.172558092582419,0.0589668891605051,0.0144453939756008,0.0362556676663415,0.0945096944787184,0.403484272306761,0.0882458306559588,0.24794939168378,0.581185714314745,Low,Mid,Low_Mid,0,True,000
-66.42_18.47,-0.514318776941525,1.06672588387624,5.5,0.751418887071589,0.135375445170053,0.0280474754528384,0.0891633523758,0.200272309660425,0.059798018990586,0.0166483496943704,0.0343731844830633,0.102041552773553,0.355843972317232,0.0953324469260008,0.196455004051276,0.555199717787356,Low,High,Low_High,0,False,000
-66.42_18.49,-0.521576143231244,0.513842653944521,3.94117647058824,0.63572314489989,0.100809936268024,0.0174505607474314,0.0713873337952201,0.140524103888328,0.0580615390666052,0.0122851737663947,0.0381730164120647,0.0873709014534772,0.466126838297345,0.0832901902040354,0.311804981531009,0.62721635050095,Low,Mid,Low_Mid,0,False,000
-66.43_18.36,0.119317765870676,0.849750198727169,141.6,0.706014791654127,0.281452981855809,0.0363412970457771,0.215943512749611,0.357767451871693,0.0591108245859806,0.0148140169298145,0.0359343647100108,0.0957506892120925,0.29486239264466,0.0645184958485627,0.185416258729523,0.434455739056185,Low,High,Low_High,0,False,000
-66.43_18.37,0.164632943558935,1.44509276138439,151.333333333333,0.830595527520424,0.373822940395499,0.0540491132977462,0.275197895938389,0.484181874672733,0.0610142883235383,0.0201299301693478,0.031604403650147,0.114554504533562,0.199124603187869,0.0679899150740775,0.0973183096211101,0.364434953322239,Low,High,Low_High,0,False,000
-66.43_18.46,-0.511856966386617,0.35211846360655,6.02877697841727,0.601880917074351,0.0939390310934721,0.0157348191157205,0.0673082249619971,0.129641875494677,0.0575626113538538,0.0112422902267689,0.0390992383441261,0.0839827078148758,0.497418269320229,0.0807894192417849,0.344405817354613,0.650915831880829,Low,Mid,Low_Mid,0,True,000
-66.44_18.44,-0.215424830956637,-0.219487673607575,69.7,0.482267239728677,0.108001950312699,0.018803977453646,0.076288535462168,0.150747251864108,0.0558312609889969,0.0089203491651276,0.0407131724070544,0.0761177268918347,0.560743747946187,0.0821677864692707,0.398995420511944,0.710541360657616,Low,Mid,Low_Mid,0,False,000
-66.44_18.45,-0.46967912768778,0.0135497150360783,15.0882352941176,0.531032389715614,0.0836136653172452,0.0139959905898983,0.0599601746540101,0.115452146495221,0.0565311174057906,0.0095655192304365,0.0404543689207155,0.0784743301223016,0.55883373564337,0.079640638197754,0.402103740948511,0.704655694488186,Low,Mid,Low_Mid,1,False,100
-66.44_18.46,-0.539750368529413,-2.5610511608303,0.0375,-0.0077257838069531,0.0178216000893612,0.0092242041100334,0.0064179486914532,0.048498637886202,0.0492382480327136,0.0192604995653693,0.0225993445558776,0.103938485897112,0.916378199239347,0.0709485995432338,0.640941974567654,0.985353439611147,Low,Low,Low_Low,0,True,000
-66.45_18.18,4.02107871600155,-1.38482729066151,979.666666666667,0.238409541433521,0.985018445714198,0.0191391206062814,0.838062187806455,0.998804269280654,0.0524522729200027,0.0120301109052177,0.0332983529367615,0.0816928605078609,0.135754593748715,0.14657182387291,0.0133929069385906,0.645091169381518,High,Low,High_Low,0,False,000
-66.45_18.36,0.304923767634916,0.0664470284170708,181.466666666667,0.542101623867025,0.252008773507109,0.042908416660441,0.177398276458659,0.344844302450483,0.0566911229135759,0.0097745225871269,0.0403097722577816,0.0791803777498021,0.409908255567559,0.0719357476114732,0.279441283001481,0.554419922167418,Low,Mid,Low_Mid,0,False,000
-66.45_18.47,-0.515027248302047,-0.889834930450311,5.34782608695652,0.341991103296103,0.0476459203317261,0.0121868405323962,0.0287055582856695,0.078078820711524,0.0538632756095208,0.009692538395593,0.0377348315475638,0.0763383849569945,0.732720857668736,0.0925597703431214,0.520523230193584,0.8737801272947,Low,Low,Low_Low,0,True,000
-66.46_17.99,-0.521302280352387,-0.234755706621492,4.0,0.479072267779057,0.0676174053320713,0.012610591373395,0.046711897613509,0.0969276927983061,0.0557856937801449,0.008894725581591,0.0407066816210852,0.0760078624708742,0.616995912469034,0.0830558539313139,0.447186262529435,0.76236315841342,Low,Mid,Low_Mid,0,False,000
-66.46_18.34,-0.330419853788829,0.54314675939766,45.0,0.641855290071841,0.135120612110922,0.0200189708954645,0.100455861355757,0.179362167959018,0.058152376991186,0.0124877259867237,0.0379919346420832,0.0880319972480368,0.426227439069443,0.0766276199991703,0.286717820143869,0.578558481374984,Low,Mid,Low_Mid,0,False,000
-66.46_18.47,-0.534234694076205,-1.94214477329684,1.22222222222222,0.121785892373446,0.0255868723001969,0.0106039324845086,0.0112803314436884,0.0569921167108603,0.0509054192041951,0.0153511649682318,0.0279689658193582,0.0908924930797006,0.868023109379282,0.0856673382552087,0.602987403830839,0.966080421715698,Low,Low,Low_Low,0,True,000
-66.47_17.99,-0.537855769918874,-0.392331335648953,0.444444444444444,0.446098163372316,0.0604874147624936,0.0121309648172817,0.0406479148579714,0.0891107633642002,0.0553174518333642,0.0087548444700106,0.0404608159462394,0.075201698429009,0.649695965573193,0.085356686221067,0.470691213528457,0.794583070206889,Low,Mid,Low_Mid,0,True,000
-66.47_18.21,3.48567678783547,1.32185542884531,864.666666666667,0.804807017615483,0.992467119946797,0.0069736612302116,0.954898198172862,0.998781785837101,0.0606156202376872,0.0189611372580553,0.0325046173048121,0.110267095221086,0.0245771929779574,0.0186126270190932,0.0054712738118081,0.103461030764918,High,High,High_High,2,False,011
-66.47_18.43,-0.272223992031646,-0.63814140101236,57.5,0.394660216974474,0.0795325552178831,0.0177012677268541,0.0510462145235804,0.121874073358784,0.0545944000157293,0.0089791590308984,0.0394431125552486,0.0751106538183397,0.651972258009714,0.0937935694673575,0.454512630995867,0.808128248265644,Low,Low,Low_Low,0,False,000
-66.47_18.45,-0.466721991283097,0.373144887240089,15.7234042553191,0.606280883569626,0.101570833810708,0.0164043625607525,0.073629706694705,0.138529511977948,0.0576272506073069,0.0113702094891943,0.0389867554500392,0.0843975050403232,0.484999435797939,0.0795379499614483,0.335336120443143,0.637402416226998,Low,Mid,Low_Mid,0,True,000
-66.47_18.46,-0.461709717913032,0.381189655969989,16.8,0.607964323106977,0.102757730209403,0.0165381588707329,0.0745699322738387,0.139988863276712,0.057651999787106,0.0114197898999727,0.0389430309201302,0.0845582924006991,0.482454186091123,0.0794478859530621,0.333179387867276,0.634927729321231,Low,Mid,Low_Mid,0,False,000
-66.47_18.47,-0.401418805132591,1.47376328622682,29.75,0.836595090304245,0.192906819715352,0.0428136738522633,0.122367908946427,0.290641934058251,0.0611073872912713,0.0204062412382145,0.0313959016334451,0.115581128450621,0.267399800859329,0.0962575093748592,0.122290320508825,0.488803766717603,Low,High,Low_High,0,False,000
-66.48_18.21,2.97148401817646,0.626285538338577,754.222222222222,0.659252820349629,0.974144746307465,0.0211006191001988,0.879431142849328,0.994887992204661,0.0584108198708872,0.0130827595854549,0.0374604357293291,0.089982714897563,0.0605583879259047,0.0392069206045286,0.0164247949987745,0.199255604987123,High,Mid,High_Mid,2,False,011
-66.48_18.43,-0.342714435845492,-1.56095379884145,42.3592233009709,0.201553500271802,0.0430107818298214,0.015438641064316,0.0210931960977588,0.0857085593536017,0.0519586889562692,0.0130342332495805,0.0315975621519237,0.0842981836327002,0.807486021799652,0.100459435394869,0.54169072103494,0.937048059362642,Low,Low,Low_Low,0,False,000
-66.48_18.44,-0.343222943375409,-0.577213411389202,42.25,0.407409941684611,0.0737725486584881,0.0157914917484734,0.0481955892419761,0.111335241336694,0.0547727856224792,0.0088758331110055,0.0397629368582577,0.0750060231231989,0.652251130485835,0.0910032731602165,0.460726921107272,0.804602863204832,Low,Low,Low_Low,0,False,000
-66.48_18.46,-0.430754270140803,1.16008440287181,23.4489795918367,0.770954989015896,0.159458850993282,0.031888134031197,0.106351346708135,0.232195486872109,0.0600959955113053,0.0174767617719524,0.0336906514717923,0.104949068620985,0.32519428530147,0.0929289676528109,0.173646507551717,0.524978425012255,Low,High,Low_High,0,True,000
-66.48_18.47,-0.476579642347473,-0.344085575144563,13.6060606060606,0.456194018637962,0.0682477587227944,0.0131283210667403,0.0465943134070435,0.0989199915976258,0.055460421555694,0.0087734994764185,0.0405708872413144,0.0753850632553865,0.630442248340383,0.0847787198826149,0.455349542279076,0.77683350439718,Low,Mid,Low_Mid,0,True,000
-66.49_18.1,0.202117047336895,-1.18950268078809,159.384615384615,0.279282956433817,0.120381249895817,0.0399219313557975,0.0613550444895843,0.222719238722906,0.0530048369422544,0.0110010376886953,0.0351460157028987,0.0791934696121521,0.676474616540789,0.12474356871162,0.406242785490367,0.864684338307935,Low,Low,Low_Low,0,True,000
-66.49_18.11,0.291444497559348,1.12923131009179,178.571428571429,0.764498704443984,0.379650269011168,0.0490208564710116,0.289259217408095,0.479241617950103,0.0599973668821513,0.0172005876473517,0.033916570583398,0.103975029940861,0.227143125021958,0.0613699391257902,0.129015206964651,0.368342788576805,Low,High,Low_High,1,False,100
-66.49_18.17,3.56852381975236,1.45336339562565,882.461538461538,0.832326231428538,0.993903595766869,0.0057462425546856,0.962138398192803,0.999044825923999,0.0610411311192143,0.0202094722241489,0.0315442135301645,0.114849526507289,0.0208707745963595,0.016247196065009,0.0044668163405151,0.0919524573763471,High,High,High_High,1,False,010
-66.49_18.18,3.50119568430405,1.71940586762912,868.0,0.887997989190907,0.994165124112751,0.0053401395143981,0.965568421578397,0.999034942926682,0.0619104978751849,0.0228367639832191,0.0296315667183714,0.124828877662681,0.0176778140334659,0.0137416780724653,0.0038013671083637,0.0782307611606297,High,High,High_High,2,True,110
-66.49_18.19,3.69750972463161,0.769630657423056,910.166666666667,0.689249063753897,0.992667273862738,0.0074204710607174,0.948337563313779,0.998999362441305,0.0588589500435567,0.0141729771964267,0.0364945345900812,0.0935972630626793,0.032877979145921,0.0266986457815738,0.0065142827073521,0.149844580609576,High,Mid,High_Mid,2,False,110
-66.49_18.45,-0.396395583380919,0.0511865973699319,30.8289473684211,0.538908242696689,0.0952084817556095,0.0151797461437033,0.0693311924304249,0.129401326317527,0.0566449190310933,0.0097120101902966,0.0403544341534111,0.07897046425761,0.538146508359098,0.0780850121417829,0.386303724420941,0.683227159677097,Low,Mid,Low_Mid,0,True,000
-66.49_18.47,-0.481672317907008,-1.26254496774142,12.5121951219512,0.263998207066346,0.0408035685963878,0.0125858401791478,0.0221483842452527,0.0739828605322553,0.0527975634633004,0.0113732014715245,0.0344635994449956,0.0800759566424947,0.78406631607331,0.0954635093154247,0.545968571707631,0.916418392562713,Low,Low,Low_Low,0,True,000
-66.4_17.95,-0.536821176820969,-0.804281686009485,0.666666666666667,0.359893881993154,0.0482828998353463,0.0118445817736691,0.0297018470705754,0.0775588500817702,0.0541107505634698,0.0094027947763616,0.0383772328737173,0.0757861893457448,0.721945486219616,0.0911192053657116,0.516112737579209,0.863396518289781,Low,Low,Low_Low,0,False,000
-66.4_18.49,-0.533701561918611,-1.55211591855241,1.33673469387755,0.203402905469697,0.0319324343312988,0.0112440054839432,0.0159129004083263,0.0630456792739953,0.0519833516240161,0.0129825295780662,0.0316830282480734,0.0841602424757889,0.826923169037256,0.0916009028807639,0.576776375966659,0.943661981345398,Low,Low,Low_Low,0,True,000
-66.51_18.05,-0.330419853788829,0.353953457981005,45.0,0.6022649059974,0.122751257391706,0.0179485091673416,0.0916781669586525,0.162472322957978,0.0575682497656547,0.0112533567369189,0.0390895274625166,0.084018591915434,0.464457881986868,0.0752541401859017,0.324013795460169,0.610774571690701,Low,Mid,Low_Mid,0,False,000
-66.51_18.31,1.05290816227764,1.52022471910957,342.127659574468,0.84631755911632,0.729202858641916,0.067170622262987,0.580268319081214,0.839873746886401,0.0612585389611899,0.0208573995772173,0.0310589805839863,0.117268182717813,0.109822279277261,0.0420072757140442,0.0504627795360613,0.222634933344943,Mid,High,Mid_High,3,False,111
-66.51_18.36,0.467639397107998,1.71052353154261,216.416666666667,0.88613928122128,0.534372897096843,0.0678613671231734,0.402071603863683,0.66200867129691,0.061881286691944,0.0227469930252441,0.0296945441091228,0.124480345125543,0.138584377668093,0.0566713864421832,0.0596627720016961,0.289736289056387,Low,High,Low_High,2,False,110
-66.51_18.43,-0.49086136804863,0.507221433064259,10.5384615384615,0.634337595434193,0.105124581085854,0.0176700590968235,0.0751821017128417,0.145120871255172,0.0580410328158864,0.012239949985762,0.0382134341479039,0.0872234767503381,0.461976930745831,0.0820268826434068,0.310195390381917,0.621150182900362,Low,Mid,Low_Mid,0,True,000
-66.51_18.45,-0.457985182760572,0.79057439815902,17.6,0.693631728116131,0.127600262625915,0.0225670155312086,0.089506236050896,0.178724683158729,0.0589246943031945,0.0143384816967965,0.0363492747457218,0.0941511366703565,0.399399769597219,0.0861636719793717,0.247502507724267,0.573475048434964,Low,Mid,Low_Mid,0,False,000
-66.51_18.46,-0.502590072495077,1.26992898644126,8.01923076923077,0.793940946866667,0.152314633950826,0.0339138548297274,0.096968302013811,0.23116424740994,0.0604483709086655,0.018478252061331,0.0328851995803023,0.108521619323621,0.316866915934927,0.0989882015312098,0.159158930848939,0.531977228821736,Low,High,Low_High,0,True,000
-66.51_18.47,-0.504950662609881,1.36510258161741,7.51219512195122,0.813856869674478,0.159090878176301,0.0368689749360001,0.0992882068573815,0.245111386871508,0.060755244836732,0.0193677249487815,0.0321881002693295,0.111748466384311,0.300607472916614,0.100783578049602,0.143815980544586,0.523766365257791,Low,High,Low_High,0,True,000
-66.51_18.48,-0.525375990675389,0.623461038495378,3.125,0.658661768590539,0.106152361056739,0.0189480981877242,0.0743261119715506,0.149406935192282,0.0584020220579035,0.013062070395008,0.0374788848132106,0.0899146508503206,0.444557312365626,0.0855013097748311,0.288773368949326,0.612059148683971,Low,Mid,Low_Mid,0,True,000
-66.52_18.16,3.7861500097551,1.35007960071656,929.205882352941,0.810713177062985,0.995468353341375,0.0045552520736121,0.968107915492714,0.999371326849179,0.0607067086728566,0.0192260398328584,0.0322979903512515,0.111231030230456,0.0194474027210412,0.0160085577912896,0.0038119743635911,0.0932133060014122,High,High,High_High,3,False,111
-66.52_18.46,-0.52558761199087,0.872424256292771,3.07954545454545,0.710759540230459,0.120682483554483,0.0234124863712049,0.0817801007805835,0.174572231321143,0.059182288982418,0.0149992138050213,0.0357738268452615,0.0963769871511413,0.395008750690124,0.0912334615741731,0.236032530182913,0.579797806038349,Low,High,Low_High,0,True,000
-66.52_18.47,-0.503069793987013,0.348469622100936,7.91619047619048,0.601117364477339,0.0949949443782359,0.0157879788697889,0.0682395738702444,0.130768302146139,0.0575514010502741,0.0112203404539216,0.0391184871760843,0.0839115333681177,0.496583902111846,0.0804765163465265,0.344203302310487,0.64960175559141,Low,Mid,Low_Mid,0,True,000
-66.52_18.48,-0.509771020857189,-0.147550186712157,6.47682119205298,0.497320799840023,0.0721521076232788,0.0129605988951462,0.0505204868029471,0.102050356550603,0.0560464288824882,0.0090693208334882,0.0407035459662897,0.0767102229274045,0.598000698396943,0.0818410242339719,0.432879127651996,0.743529932611742,Low,Mid,Low_Mid,0,True,000
-66.53_18.13,2.19140082235574,1.22067362415107,586.666666666667,0.783633823431575,0.936479981284842,0.0359677064353499,0.818420394364446,0.979684851288503,0.0602901239554295,0.0180257326854484,0.0332464497696812,0.106899484512512,0.0649640955073655,0.0317809424343881,0.0243114239081985,0.162287802628659,Mid,High,Mid_High,0,False,000
-66.53_18.15,3.92685684458516,0.672183184352182,959.428571428571,0.668857311735873,0.994669337993539,0.0057608557106306,0.956869922504217,0.999363203229562,0.0585539571794471,0.0134234037913881,0.0371571933174493,0.0911060721166787,0.0302711032583222,0.0263700645504003,0.0053382542042402,0.153664799474163,High,Mid,High_Mid,2,False,110
-66.53_18.37,0.410297074656587,1.2545961488752,204.1,0.790732413987088,0.44465306854208,0.0562547697774443,0.338765821132941,0.55581680023911,0.0603990681634642,0.0183368000945946,0.0329976441124054,0.108013153832993,0.195814802659734,0.0583281134656565,0.105397565345092,0.334771887067031,Low,High,Low_High,2,False,110
-66.53_18.43,-0.462640851701147,0.841773397234535,16.6,0.704345574866776,0.130087286647634,0.0235402069088337,0.0904712981556157,0.183549705295645,0.0590857024328982,0.0147492510525604,0.0359906494515986,0.0955321132528476,0.390188131177239,0.0875246117172267,0.237311364382848,0.568181081079584,Low,High,Low_High,0,False,000
-66.53_18.47,-0.531130914782489,1.02523339974856,1.88888888888889,0.742736215060916,0.129419974696934,0.0267739989602336,0.0853449827873864,0.191491371349939,0.0596660301423231,0.0162873387124228,0.0346751393416537,0.100787703296552,0.366470596578926,0.0952334769259069,0.205650850394955,0.563792204019976,Low,High,Low_High,0,True,000
-66.53_18.48,-0.512087711571619,-1.02905293683131,5.97921478060046,0.312858494998502,0.0443026668120665,0.0121659755566907,0.0257164069886041,0.0752839640246368,0.0534628481672603,0.010250428772835,0.0365854826804337,0.0774996580643854,0.754044931386578,0.0937345514804954,0.532382393654155,0.891957617472323,Low,Low,Low_Low,0,True,000
-66.54_18.15,4.06278575026086,0.76852666661395,988.625,0.689018043840296,0.99596570904898,0.004484157785411,0.965160305648218,0.999545667904927,0.0588554864270976,0.0141642948435376,0.0365021664139836,0.0935682463359777,0.0254935413988749,0.0229030181610394,0.0042763416091952,0.137449144205526,High,Mid,High_Mid,3,True,111
-66.54_18.3,1.10766455229977,1.26082373477988,353.888888888889,0.792035591826774,0.717002328948198,0.0703086543400995,0.562301923441518,0.83324072146506,0.0604190884290196,0.0183941889645353,0.0329519715021827,0.108219290244129,0.127900527007909,0.0430866319694897,0.0643593668846146,0.238203819794664,Mid,High,Mid_High,0,False,000
-66.54_18.36,0.420906356606018,1.59574712985552,206.378787878788,0.862121296485834,0.498474309759985,0.0644156721968241,0.374931694254501,0.62220349850638,0.0615049798169915,0.0215994486052537,0.0305142427080677,0.120072205692852,0.154527745459228,0.0585430346922344,0.0705828582976835,0.305493496917032,Low,High,Low_High,2,True,101
-66.54_18.44,-0.491476901201831,-0.702775560586073,10.40625,0.381134943179412,0.0548160907215365,0.0126898091003506,0.0346418306553521,0.0856962149470633,0.0544057619091397,0.0091203983112583,0.0390601375523273,0.0753077733362767,0.698131790052867,0.0907919793162612,0.498507963634712,0.843275323664197,Low,Low,Low_Low,0,True,000
-66.54_18.45,-0.421715778949722,-0.441630363655324,25.3903743315508,0.43578190249704,0.0704103519129835,0.0140537314286001,0.0473699737373618,0.103440521366654,0.0551717193661189,0.0087576342715925,0.0403168836760993,0.0750716975391458,0.63979346457753,0.0869832980876316,0.458770055309052,0.788220257567662,Low,Mid,Low_Mid,1,True,010
-66.54_18.46,-0.524824395116126,0.350331612166137,3.24347826086957,0.601507002489214,0.0920502713087916,0.0155901836694475,0.0657146865300745,0.127499710974236,0.0575571213697808,0.0112315320636548,0.0391086747406138,0.0839478234338391,0.500117027519028,0.0811854928581536,0.346148023499475,0.654063840276053,Low,Mid,Low_Mid,0,True,000
-66.54_18.48,-0.519928476402709,-0.885928707120682,4.29508196721311,0.342808515333118,0.0473836511714499,0.0120998743228404,0.0285723947824873,0.077590499829292,0.0538745516255945,0.0096783633345792,0.037765340048829,0.0763103691437036,0.732785524306206,0.0923885772274846,0.520997753054962,0.873643204767181,Low,Low,Low_Low,1,True,001
-66.55_18.04,-0.288984400217715,-1.23062753251425,53.9,0.270677214778844,0.0561761770572904,0.0173242108388081,0.030417211830206,0.101466411886744,0.0528880418569628,0.0112085209763709,0.0347633810922861,0.0796823049581468,0.754863457374841,0.103288139594044,0.507676772874611,0.901919218214262,Low,Low,Low_Low,1,False,010
-66.55_18.15,5.04978756566268,1.25410516435441,1200.625,0.790629671101336,0.999399396115185,0.0008086889635947,0.991643927316978,0.999957141887266,0.0603974900244458,0.0183322792352838,0.0330012450537938,0.107996924211114,0.008566560687899,0.009503253284561,0.0009631434495536,0.0718757702812188,High,High,High_High,3,True,111
-66.55_18.31,1.15419081249675,1.14041524680598,363.882352941176,0.766839042852711,0.718313694370634,0.072222848362535,0.558856756652319,0.836949132652458,0.060033101249476,0.0173004295781228,0.0338347082880606,0.104326612109607,0.135335664891386,0.0436668190795817,0.0700476368342806,0.245416581205008,Mid,High,Mid_High,2,True,110
-66.55_18.36,0.442176155139153,0.220781856748429,210.947368421053,0.574397561851876,0.316042352697111,0.0519028967223583,0.223977807881277,0.425213960900076,0.0571603957622194,0.0105014067207125,0.0397361699096128,0.0815760353391167,0.356762191333365,0.0661689936628231,0.2396535023837,0.493922791507832,Low,Mid,Low_Mid,0,False,000
-66.55_18.43,-0.287249105430773,-1.63460010160663,54.2727272727273,0.186142355213792,0.0450489574711093,0.0168276046792562,0.0214452556096807,0.0921846665856685,0.0517536039192431,0.0134695499098554,0.030886361480353,0.0854755799609693,0.810631224985547,0.102618006474475,0.535915481275791,0.940717240901935,Low,Low,Low_Low,0,False,000
-66.55_18.45,-0.410546366608191,-0.0561733002237469,27.7894736842105,0.516442227525434,0.0880664331113077,0.0146385660804739,0.0632852610139694,0.121294849585722,0.0563208654988341,0.0093240441317428,0.0405991056843399,0.0776381072064971,0.56240774199169,0.0796377887379551,0.405333672619405,0.70789220574221,Low,Mid,Low_Mid,0,True,000
-66.55_18.46,-0.532475885809766,0.969365434309081,1.6,0.731045345497117,0.125553882329597,0.0254401072722734,0.0835539716502267,0.184417412723773,0.0594887434419456,0.0158086136920439,0.0350796649620914,0.0991371224017978,0.377377772739897,0.0939489954747709,0.216806561260862,0.570278554309877,Low,High,Low_High,0,True,000
-66.55_18.47,-0.532370474437526,1.00196168343472,1.62264150943396,0.737866401066248,0.127672757136071,0.0261999408449875,0.0844961708808435,0.188372497048479,0.0595921215855021,0.0160868800584346,0.0348439642398041,0.100094881684713,0.371112173663181,0.0947368482879155,0.210313412250429,0.566636274832192,Low,High,Low_High,0,True,000
-66.55_18.48,-0.495963905144835,0.0242994910469668,9.44247787610619,0.533281876128708,0.0808205100356579,0.0137046344962635,0.0577133135901386,0.112078919449794,0.0565635992679508,0.0096062304304715,0.0404273357246894,0.0786128787818303,0.561326849365097,0.0799862630763232,0.403690850479474,0.70748642746575,Low,Mid,Low_Mid,0,True,000
-66.56_18.01,-0.485473871548834,-0.66694936967647,11.695652173913,0.388631892846312,0.0564314938718108,0.0128104076968297,0.0359789573715372,0.0874556994745554,0.054510246475007,0.0090382072112456,0.0392777582439892,0.0751877941415563,0.690994739016697,0.0903538586786619,0.49384849004441,0.836738050562149,Low,Low,Low_Low,0,True,000
-66.56_18.06,-0.0594109144059082,-0.726172655803382,103.210526315789,0.37623889253204,0.104371513490907,0.025390641815254,0.0640476728456571,0.165591251555961,0.0543376278423059,0.009179150332993,0.0389111457367364,0.0754001922335122,0.633348937381674,0.101325267949796,0.423458120141103,0.802471769945774,Low,Low,Low_Low,0,True,000
-66.56_18.21,1.98018864141834,0.811982338855754,541.3,0.698111530456279,0.891379831287601,0.0551094937230924,0.728955999637183,0.961598292180553,0.0589919668655855,0.0145091864078973,0.0361999018438245,0.0947239292761988,0.101539492654378,0.0434922514212094,0.0425081965428306,0.223419413988825,Mid,Mid,Mid_Mid,1,False,100
-66.56_18.31,1.2463000274191,0.63204855280254,383.666666666667,0.660458782475912,0.688185628052029,0.0848010705549113,0.504275820436874,0.827240844954852,0.0584287744884506,0.0131250730477382,0.0374227137487206,0.090121976172,0.181712946116688,0.0527944567382188,0.0996892784346007,0.308127478906044,Mid,Mid,Mid_Mid,2,False,110
-66.56_18.35,0.434040986253518,1.41266190465289,209.2,0.82380908178345,0.477234485895717,0.060360706222608,0.362315710006998,0.594615080129271,0.0609091386630277,0.0198193427583588,0.0318407342745717,0.113406503485757,0.173772574555724,0.0580218714954558,0.0869716832450456,0.317115208050868,Low,High,Low_High,2,True,110
-66.56_18.41,0.0985667843069721,-0.0359223328922468,137.142857142857,0.520679922880025,0.184319153134846,0.0308426797777355,0.131309292418717,0.252508662811628,0.0563818570321471,0.0093900853694004,0.0405626560650207,0.077869734950639,0.467037208891108,0.0758421027088892,0.325363870210103,0.614233754953266,Low,Mid,Low_Mid,0,False,000
-66.56_18.43,-0.165434585707217,-1.21547464053745,80.4375,0.273848092440516,0.0685500591120491,0.0213730248726178,0.0367829990830959,0.124214271120675,0.0529310479588478,0.0111314363415005,0.0349048747391414,0.0794997453525227,0.735634488248898,0.108464718319803,0.482576064515759,0.892499015742987,Low,Low,Low_Low,0,True,000
-66.56_18.45,-0.360254140469245,-0.72166834648448,38.5918367346939,0.377181459391384,0.0664636450236368,0.0154530760662697,0.041867811262677,0.103941156148452,0.0543507384691713,0.0091675344031135,0.0389402391635247,0.0753815490981739,0.681232172524284,0.0938905783869938,0.478018356358079,0.832975482075169,Low,Low,Low_Low,0,True,000
-66.56_18.47,-0.539924956114685,0.11432784067653,0.0,0.552121110460652,0.0793511675805617,0.0136517819668257,0.0563881416888789,0.110569705912163,0.0568363212819006,0.009981976586183,0.0401548172628416,0.0798711553848443,0.550947766751607,0.0804923652082435,0.393369981707077,0.698922060908928,Low,Mid,Low_Mid,0,False,000
-66.56_18.48,-0.533779473113127,0.572481749175326,1.32,0.647993898063886,0.102091958810388,0.0181200581277354,0.0716499977694773,0.143468979496665,0.0582434441923806,0.0126943177013737,0.0378072497630059,0.0887077314586947,0.456382933690654,0.0848271537772992,0.300473295619706,0.62133521195372,Low,Mid,Low_Mid,0,False,000
-66.56_18.49,-0.522371183935682,-0.0581850666093368,3.77040816326531,0.516021247483978,0.0742763943875878,0.0130647900652584,0.0523918525904317,0.104296181199969,0.0563148098824712,0.0093176697949274,0.04060247037615,0.0776156055322428,0.582505223599058,0.0810249281065612,0.420690874854229,0.7283110090506,Low,Mid,Low_Mid,0,True,000
-66.57_18.16,5.24143572724935,0.553185889151434,1241.78947368421,0.643956067423624,0.999341081656374,0.0009505848421605,0.988957025526307,0.999961067691394,0.0581835273020665,0.0125580022568277,0.0379291030103356,0.0882616896533758,0.0131834199052003,0.0157516189517346,0.0012434957185048,0.125377414307843,High,Mid,High_Mid,3,True,111
-66.57_18.17,5.38320971845426,1.11290919486971,1272.24137931034,0.761083156400208,0.99962332478877,0.0005436938588187,0.993654653451026,0.999977765273751,0.0599452509944336,0.0170554306299252,0.0340359668437923,0.103464983186014,0.0075721143660181,0.0090268602332488,0.0007239823305082,0.0743753181073532,High,High,High_High,3,True,111
-66.57_18.35,0.34930781153506,-0.870150195146705,191.0,0.346110309553608,0.173585425143859,0.0505868006882538,0.0952133054412326,0.295405410790774,0.0539201217987553,0.0096219970128071,0.0378874809093688,0.0761998767150197,0.591531544907743,0.11971452990118,0.354163539050564,0.792718134253506,Low,Low,Low_Low,0,False,000
-66.57_18.36,0.422105544060408,0.635561008817873,206.636363636364,0.661193795193859,0.362748906611443,0.0496984930336268,0.271933754834517,0.464541569797947,0.0584397200510739,0.0131509278473132,0.0373996713595669,0.0902071069241621,0.286082002843579,0.0574908332013693,0.187521527860079,0.410285935720335,Low,Mid,Low_Mid,0,False,000
-66.57_18.45,-0.441224774574504,-0.0467602875779376,21.2,0.518411984293537,0.0845162594358287,0.0141919086885813,0.0605396026548643,0.116808169601342,0.0563492077364204,0.0093543180343109,0.0405827447389385,0.0777446153332683,0.565942218064893,0.0798769274814643,0.408059213177433,0.711488222556116,Low,Mid,Low_Mid,0,True,000
-66.58_18.04,-0.23311637293082,-1.0334064259609,65.9,0.311947488607609,0.0682067311938068,0.0191138996907376,0.039014624576055,0.116591349525947,0.0534503717901685,0.0102693999619426,0.036547824302198,0.0775408337539631,0.715671605441726,0.103393430316526,0.48181090738412,0.872023702331933,Low,Low,Low_Low,0,False,000
-66.58_18.07,-0.0668989795610372,0.360489799589258,101.602150537634,0.603632693719137,0.178154730000204,0.0239756254104739,0.135891131798248,0.230063144005267,0.0575883382837219,0.0112929278380623,0.0390547713169072,0.0841469044982803,0.416437856214116,0.0684836092487763,0.291163039861778,0.55352283585999,Low,Mid,Low_Mid,0,True,000
-66.58_18.08,0.537249815609834,0.657429717706633,231.368421052632,0.665770017383731,0.410690138534746,0.0569737848894688,0.305233251717056,0.525047440739036,0.0585079108881393,0.01331300373656,0.0372553551916717,0.090741433684131,0.265952164342332,0.0558220222934623,0.171406266069182,0.388214888539747,Low,Mid,Low_Mid,1,True,010
-66.58_18.1,0.349078306728131,0.620377813408355,190.950704225352,0.65801657626888,0.333466779020481,0.045168724980792,0.251458651917555,0.42696479389145,0.0583924197808894,0.0130395230102086,0.037498994426405,0.0898404943033046,0.299536713619298,0.0587041608804712,0.198151964712107,0.425282478767341,Low,Mid,Low_Mid,0,True,000
-66.58_18.11,0.670548968434707,0.77452341280383,260.0,0.690272916412827,0.481656068978117,0.0646034619800759,0.358800722536007,0.606770162711872,0.0588743026780792,0.0142115069630817,0.0364606804268353,0.0937260780911518,0.23022665741048,0.0531230791776138,0.142517183200413,0.349889472879353,Low,Mid,Low_Mid,0,False,000
-66.58_18.17,5.51301641544954,1.17405939230095,1300.12280701754,0.773879380074104,0.999706434481286,0.0004327744649798,0.994742809914147,0.999983683945233,0.0601407195312335,0.0176026132479265,0.033588243894856,0.105394520304087,0.0065667108563994,0.0080086851603134,0.0005956247514782,0.0683061941541667,High,High,High_High,3,True,111
-66.58_18.36,0.353862270281275,1.27985660752043,191.978260869565,0.796018390034722,0.425432403594451,0.0548088203342455,0.3230086772343,0.534683187759203,0.06048031325919,0.0185701171441605,0.0328124061753318,0.108852526313576,0.198973953255058,0.060216493366618,0.105910444272383,0.342487863596221,Low,High,Low_High,2,True,110
-66.58_18.46,-0.45286394692594,-0.159558667400164,18.7,0.494807918257912,0.0781767554219821,0.0137538290194154,0.0551251947755308,0.109748101007672,0.0560104568811709,0.0090412424068731,0.0407097052780241,0.0766027779924326,0.590495579154345,0.0815885540462963,0.426709046225194,0.736395966954477,Low,Mid,Low_Mid,0,False,000
-66.58_18.48,-0.528285783763249,-0.522549518978777,2.5,0.418848848238531,0.0571610965088786,0.0121509651698379,0.0375099079362272,0.0861855404230473,0.0549332983250727,0.0088091175380943,0.0400133867895336,0.0749819132622815,0.672033521756104,0.0874362305823862,0.484970352495315,0.816817137763661,Low,Mid,Low_Mid,0,True,000
-66.59_18.17,5.1093967554911,1.15349386026822,1213.42857142857,0.769575859252942,0.999422671180624,0.0007898717288554,0.991619648045272,0.999960516667768,0.060074914667917,0.0174175736564964,0.0337389315989117,0.104739916084996,0.0089081777361661,0.0100361757401752,0.0009674979796668,0.0769984434474742,High,High,High_High,3,True,111
-66.59_18.22,1.55570802576145,-0.0388464078450637,450.125,0.520068034142011,0.713066795642729,0.107116945123398,0.471085424785719,0.873960384684245,0.0563730465162105,0.0093803397515423,0.0405682070933751,0.0778357160699481,0.235349097048901,0.0854613631126724,0.108213656287601,0.438419253172923,Mid,Mid,Mid_Mid,0,False,000
-66.59_18.36,0.400427056502569,0.818551478585686,201.98,0.699486181477215,0.379291993292535,0.0494353422389922,0.288207375597379,0.47976043269551,0.0590126242369619,0.0145618733574991,0.036153894474858,0.0949010333566702,0.259482098781553,0.0571658599635851,0.163589330833532,0.385666800420884,Low,Mid,Low_Mid,0,True,000
-66.59_18.37,0.46170896167179,0.595745187418924,215.142857142857,0.652861979798597,0.372517023750783,0.0521507105159264,0.277135658911675,0.478974115749749,0.0583157580429265,0.0128607873582581,0.0376585222116871,0.0892533935235825,0.286917268599075,0.0573788184681697,0.18845587515359,0.410782331185763,Low,Mid,Low_Mid,0,False,000
-66.59_18.46,-0.472417756476354,0.201550102788919,14.5,0.570373145976784,0.0920190999198248,0.014933684022744,0.0666364231921013,0.125767557431354,0.0571017209717913,0.0104018966487895,0.0398188452601286,0.0812512389252638,0.521118980313036,0.0789027840940396,0.369312853443923,0.669122343738918,Low,Mid,Low_Mid,0,False,000
-66.59_18.48,-0.491534215308107,0.525171679752716,10.3939393939394,0.638093844494311,0.106007267741916,0.0178955574798555,0.0756975242374236,0.146529267627259,0.0580966413918206,0.0123630195751492,0.0381034295619177,0.0876248189816982,0.458447510370649,0.0823379822035764,0.306485576080968,0.618553471279769,Low,Mid,Low_Mid,0,False,000
-66.5_18.17,3.66104031793045,1.18244503999716,902.333333333333,0.775634151572462,0.993870341234913,0.0060041117151141,0.959176102386449,0.999107087179797,0.0601675709900417,0.0176783536667786,0.0335267769590124,0.105663084353145,0.0242886929867319,0.0192988293298627,0.0050203040062198,0.10938097376786,High,High,High_High,2,False,011
-66.5_18.46,-0.469646524964107,0.665440720622979,15.0952380952381,0.667446391123735,0.117695152501368,0.0201917313893262,0.0835130751594334,0.163374010630919,0.0585329094050187,0.013372845456977,0.0372021320051432,0.0909390148769716,0.426253262928328,0.0840247852577555,0.274771730548171,0.59296519245093,Low,Mid,Low_Mid,1,False,100
-66.5_18.48,-0.532475885809766,-1.52573290161614,1.6,0.208923786841966,0.0324743043901936,0.011302187201971,0.0163133460588306,0.0636099725877193,0.0520570409438716,0.0128289255065957,0.031938222816787,0.0837528349052577,0.823682681124871,0.0919201164238658,0.574682093282046,0.941696448876478,Low,Low,Low_Low,0,False,000
-66.61_17.96,-0.528777579778098,-1.64531403284155,2.3943661971831,0.183900369639451,0.0305352869721289,0.0112011011685399,0.0147817513910286,0.0620211211158616,0.051723832357633,0.0135334970268639,0.0307831165852441,0.0856509385419663,0.837087232011367,0.0907432336567315,0.58237641753461,0.9498311677525,Low,Low,Low_Low,0,True,000
-66.61_17.97,-0.529473454411354,-1.82044818432447,2.24489795918367,0.147251987958695,0.0276248600128277,0.0109062020468443,0.0126571405168433,0.0592308459329745,0.051239464767777,0.0145968714346788,0.0291095684812831,0.0886568568326765,0.855765800287637,0.0881020205334837,0.594254292026915,0.960056878469414,Low,Low,Low_Low,1,True,001
-66.61_17.99,-0.497341104204896,-1.29100159559683,9.14666666666666,0.258043404132928,0.0391768776339252,0.0122456218500817,0.02109673731558,0.0716182682079009,0.0527170189051702,0.011522542285773,0.0341945465879823,0.0804371098027568,0.78986141745698,0.0947990728503519,0.550988154353481,0.920086031624815,Low,Low,Low_Low,0,True,000
-66.61_18.01,-0.452541631383901,-0.636702803192046,18.7692307692308,0.394961256386591,0.06038128486838,0.0134373266498176,0.0388285532422667,0.0927430432493551,0.0545986056404447,0.0089763786595715,0.0394511378880464,0.0751072609389862,0.680553451252921,0.0904303076569679,0.48526577566658,0.828009697497808,Low,Low,Low_Low,0,True,000
-66.61_18.02,-0.353698198491702,-0.680219894133418,40.0,0.385854917360469,0.0686646367503814,0.0155939197210695,0.0437170785756322,0.1062667173873,0.0544715218934365,0.0090675367310497,0.0391986668027673,0.0752291609967323,0.672782507877554,0.093160701731434,0.472873246455127,0.824943736229893,Low,Low,Low_Low,0,False,000
-66.61_18.22,1.38984981975348,-0.629465405892868,414.5,0.39647574625821,0.572772442678843,0.133525025368688,0.315117822776505,0.796189021648587,0.0546197682191399,0.0089626369219632,0.0394911719531401,0.075090860586216,0.359952397937079,0.130429405075105,0.156412052738231,0.63042226472608,Mid,Low,Mid_Low,0,False,000
-66.61_18.46,-0.426792200858723,0.114171429764649,24.3,0.552088380083686,0.0940635968524069,0.0150035557915998,0.0684924649658828,0.127870995618963,0.0568358463979848,0.0099812715133129,0.0401553589760568,0.0798688203954959,0.530762973558066,0.0781184892494773,0.379526766318676,0.676552311471139,Low,Mid,Low_Mid,0,False,000
-66.61_18.48,-0.524794032057818,0.745506009594786,3.25,0.684200766240031,0.113185440073969,0.0209704343439211,0.0781258423860288,0.161226718081229,0.0587833058612449,0.0139842164862481,0.036660705023981,0.0929672919960168,0.419945553799277,0.0881596708022779,0.262630711711375,0.595402794255566,Low,Mid,Low_Mid,0,False,000
-66.62_17.97,-0.513292527336344,-1.69749141302991,5.72043010752688,0.172981787923359,0.0303906855925167,0.0114098804775823,0.0144619038542875,0.062746899367135,0.0515790746759009,0.013846932698646,0.0302814582535861,0.0865193239760031,0.841345711513836,0.090767134629827,0.583101821651975,0.952620654718495,Low,Low,Low_Low,0,False,000
-66.62_17.98,-0.524095681716731,-1.53650899820667,3.4,0.20666879261306,0.0327114732970663,0.0114434356473671,0.0163730308056037,0.0642882450955983,0.0520269307524924,0.0128915278760207,0.031833982223254,0.0839184431226791,0.824087336710959,0.0921882448194195,0.573929264339148,0.942169941118594,Low,Low,Low_Low,0,False,000
-66.62_18,-0.49140798504975,-0.9500562901735,10.4210526315789,0.329389247188759,0.0478192095443512,0.0126020596391541,0.0283660093207442,0.0795214153996719,0.0536897172545278,0.0099217123554444,0.0372516983793489,0.0768026732675575,0.738997125498825,0.0937969877151663,0.521895893573025,0.880153608495323,Low,Low,Low_Low,0,False,000
-66.62_18.01,-0.468299280105845,-1.62314119880717,15.3846153846154,0.188540232725866,0.0340474614084758,0.0124163976914189,0.0165397507392812,0.0687911900818698,0.0517854635156498,0.0134013215808511,0.0309968599176447,0.0852891582533814,0.828500811136256,0.0938303602823301,0.569726351530926,0.94631001773135,Low,Low,Low_Low,0,False,000
-66.62_18.04,-0.230763372682475,-0.280113666549882,66.4054054054054,0.469580710514863,0.102303573791038,0.0184393761448284,0.0713977676439281,0.144505657442008,0.0556505299618917,0.008831135433405,0.0406694527155521,0.0757145247829753,0.575625621622449,0.0839271924198318,0.408893719891431,0.726755571832439,Low,Mid,Low_Mid,1,False,010
-66.62_18.48,-0.521660408732431,1.08911432219871,3.92307692307692,0.756103867276368,0.135486989379493,0.0285109830370206,0.0886387145236902,0.201618251731102,0.0598693508062564,0.0168450125004623,0.0342098366149173,0.10272794384104,0.352860427048139,0.0962357921890239,0.192709990807535,0.554660113401866,Low,High,Low_High,0,True,000
-66.62_18.49,-0.526938090122556,-0.337097356077504,2.78947368421053,0.457656365744279,0.0634011125486403,0.0123619144199356,0.043074455617999,0.0923936952841101,0.055481159005195,0.0087779679774437,0.0405842857806292,0.0754162566347249,0.637524915089066,0.0845549319388756,0.46194493613962,0.782754395165443,Low,Mid,Low_Mid,0,True,000
-66.63_18.37,0.447464831698841,0.946481166236543,212.083333333333,0.726256608499188,0.415668824662135,0.0531574921754276,0.316581119992978,0.522078220089564,0.0594162669847848,0.0156150500737771,0.035244527107933,0.0984735989065414,0.233755933834612,0.0562801656153684,0.141477595515015,0.360919617877265,Low,High,Low_High,0,False,000
-66.63_18.38,0.398774294028665,0.302036512580803,201.625,0.591400822581259,0.310848671034567,0.0484037428038829,0.224608080655178,0.412582949550651,0.0574089239280133,0.0109476268357975,0.0393560921778175,0.0830269704769346,0.34871000414405,0.0636712804385737,0.236097449052692,0.481200582829424,Low,Mid,Low_Mid,0,True,000
-66.63_18.47,-0.53002242217759,0.719340610756546,2.12698412698413,0.678725423393798,0.110813399447311,0.0204544192160294,0.0766099936403857,0.157679688688359,0.0587013658311255,0.0137818222013219,0.0368394310189997,0.092293821326745,0.426090944276192,0.0877902274963585,0.268655351800338,0.600084982025038,Low,Mid,Low_Mid,0,True,000
-66.63_18.48,-0.513077265224038,1.36698457843826,5.76666666666667,0.814250694278239,0.157454217595572,0.0367665757034814,0.0979259178365648,0.243405044331577,0.06076132773933,0.019385507674759,0.0321743388861147,0.111813501309165,0.301514040748574,0.101287236504272,0.143967527970671,0.525608460667321,Low,High,Low_High,0,True,000
-66.63_18.49,-0.508581487944049,0.986064327297632,6.73232323232323,0.734539737645699,0.131041321304887,0.0261515281151369,0.0877107461795376,0.191289492941206,0.0595416825367242,0.0159507975823223,0.0349590365363141,0.0996259271563374,0.370153654412189,0.093141189864426,0.211721729731676,0.562536552704289,Low,High,Low_High,0,True,000
-66.64_17.98,-0.515482694176668,1.13823234074303,5.25,0.766382250308876,0.140094391884965,0.0299068006350457,0.0910337596522618,0.209501166630099,0.0600261249703009,0.0172809180895976,0.033850689377719,0.104257855677507,0.342733203581522,0.0970083963714496,0.183146867093484,0.548074904978523,Low,High,Low_High,0,False,000
-66.64_18,-0.478625315063786,-1.87817859310231,13.1666666666667,0.135171385531575,0.0290029444820279,0.011766162067586,0.0129988402641732,0.0634446302732282,0.05108074254225,0.014953445869648,0.0285657663518531,0.0897029156082402,0.857076104691631,0.0895612838322673,0.588609743511018,0.961735164121089,Low,Low,Low_Low,0,False,000
-66.64_18.04,-0.211700295804177,0.346982219869123,70.5,0.600806112307258,0.144896432489407,0.0200391468889729,0.109857521863651,0.188741336094425,0.0575468319056561,0.0112114142464353,0.0391263103016286,0.0838825889413042,0.444691032055972,0.0720024526881006,0.311390494637074,0.586456737349893,Low,Mid,Low_Mid,0,False,000
-66.64_18.22,1.05871536635511,0.719725980506631,343.375,0.67880606544773,0.630378336728564,0.0806275574289284,0.463966731617916,0.770663914867059,0.0587025718845008,0.0137847851691368,0.0368368106246258,0.0923036659895805,0.191306477929664,0.0511379647584598,0.110131520502275,0.311377299282856,Mid,Mid,Mid_Mid,1,False,100
-66.64_18.28,0.319493623896381,0.878345400403324,184.596153846154,0.711998592394259,0.356407395156445,0.0458050414534155,0.272420592298016,0.450263283009051,0.0592009646513774,0.0150478411667321,0.0357317759857338,0.0965417527972857,0.261274504677503,0.0591147517850586,0.162512886451803,0.391964730896731,Low,High,Low_High,2,True,101
-66.64_18.3,-0.0631844565998476,1.23394232745124,102.4,0.786410417824135,0.266201233867796,0.0411246852323832,0.193626656828036,0.35403498863126,0.0603327152710398,0.0181470944281783,0.0331491293926515,0.107333244082891,0.258267600836198,0.0760032727265754,0.137928268853129,0.431096265435292,Low,High,Low_High,0,False,000
-66.64_18.34,0.975204304733556,1.25507238084543,325.4375,0.790832069770188,0.669998031381947,0.0705261740226134,0.520735957066299,0.791396020137788,0.0604005989211998,0.0183411856327888,0.0329941513809161,0.108028898909572,0.139480430558676,0.0452510772389258,0.071854750587889,0.253376865245635,Mid,High,Mid_High,1,False,001
-66.64_18.47,-0.530031659615964,0.629508141948564,2.125,0.65992717886911,0.105759835174225,0.0189932739599958,0.0738897081749164,0.149162182746131,0.0584208592243304,0.0131064042360375,0.0374393550953588,0.0900605242678012,0.444162568122546,0.0858201387404034,0.287901137197883,0.612309174258047,Low,Mid,Low_Mid,0,False,000
-66.64_18.49,-0.517341487373092,-0.244490176534116,4.85074626865672,0.47703524321362,0.0676711079124416,0.0126473858231435,0.046711764805861,0.0970771240850487,0.0557566596747974,0.0088794951485536,0.0407009608491395,0.0759407368819239,0.618204375412786,0.0831797004304943,0.447992049323881,0.763624453532607,Low,Mid,Low_Mid,0,True,000
-66.65_17.99,-0.492437132920824,-0.916028035600999,10.2,0.336509962657122,0.0486513946333872,0.0125972897958942,0.02912372790933,0.0801910279089029,0.0537877219836934,0.0097897994949592,0.0375275771951618,0.0765329276616469,0.733734197852057,0.0934479341922182,0.519032860467681,0.875570381099997,Low,Low,Low_Low,1,False,010
-66.65_18.08,0.366354722425164,1.21937475080707,194.661538461538,0.783362022611101,0.421852609841108,0.0539009049745438,0.321185435698942,0.529461745217103,0.0602859562039646,0.0180138742727252,0.0332559761947478,0.106857151572982,0.205509788482534,0.0595333463602306,0.112361122021971,0.345796729849734,Low,High,Low_High,2,True,110
-66.65_18.27,0.665893299494132,-1.2526237410065,259.0,0.266074312160893,0.220643117276292,0.0806381592753181,0.101467824010002,0.415123588505483,0.0528256721327557,0.0113216843191509,0.034557023259917,0.0799522848795391,0.611946693489141,0.149354375489879,0.31492195007054,0.843988988927003,Low,Low,Low_Low,1,False,010
-66.65_18.31,-0.0503037725309246,1.34072056698463,105.166666666667,0.808754715863576,0.282808614794646,0.04513869798605,0.203144465570847,0.378860261101589,0.0606764898960197,0.0191380120900894,0.0323664837483641,0.110910207946759,0.240186275435668,0.0765930187115514,0.121933582088001,0.41846660297296,Low,High,Low_High,0,False,000
-66.65_18.33,1.00575713215608,0.486395855764801,332.0,0.629979657823908,0.577060616683043,0.084394492593494,0.409261098073284,0.728783180318382,0.0579765792624406,0.0120990416376257,0.0383393086906625,0.0867645141746061,0.22926733203595,0.0575836398504749,0.135736844552579,0.360372794379351,Mid,Mid,Mid_Mid,1,False,010
-66.65_18.45,-0.446035632479764,-0.501141135226381,20.1666666666667,0.423328743292023,0.0656744500188076,0.0135805889076965,0.0435675537214697,0.0978511154244295,0.0549962816361119,0.0087899217975099,0.0401016427976008,0.0749909229289795,0.654906992124224,0.0879625940129624,0.469499105624645,0.802740878861725,Low,Mid,Low_Mid,0,False,000
-66.65_18.48,-0.519750390705529,0.634000965041068,4.33333333333333,0.660867342133237,0.10762275178773,0.0191663732121934,0.0754107467996304,0.151342013725453,0.0584348583843197,0.013139438433261,0.0374099103296062,0.090169272760515,0.4414296482596,0.0854844789694492,0.286003886917684,0.60924703900753,Low,Mid,Low_Mid,0,False,000
-66.66_18.11,2.29604252425818,1.70145482755215,609.142857142857,0.884241574107174,0.958637692973778,0.024539923005884,0.873264888535069,0.987334743977363,0.0618514758857579,0.0226554791853973,0.0297589140211047,0.124125597451551,0.0416635888616973,0.023279034777814,0.0136767406427061,0.119955137057432,High,High,High_High,2,True,110
-66.66_18.33,0.189075205496952,1.70713835621268,156.583333333333,0.885430903120853,0.419955187337702,0.0640716610858772,0.301854552297336,0.547993647900404,0.0618701573135074,0.0227128159869705,0.0297185638126542,0.124347794833201,0.164675246644129,0.06741834130249,0.0701462466870955,0.340010939456786,Low,High,Low_High,1,False,001
-66.66_18.48,-0.525492382398904,0.819857361555992,3.1,0.69975944912445,0.117486840992916,0.0223541807347427,0.0802455668431834,0.168838773747433,0.059016731535187,0.0145723639379782,0.0361447393623376,0.0949363147129562,0.405319280777567,0.0899529302676243,0.246977926071267,0.586155903183272,Low,Mid,Low_Mid,0,False,000
-66.66_18.49,-0.482904096518695,-0.0414922710368963,12.247619047619,0.51951436369391,0.0795797502652847,0.0136251622728662,0.0566440047138252,0.110712501806123,0.0563650753944187,0.0093715821934071,0.0405731466209586,0.0778051004339629,0.572240693074955,0.0803518587539022,0.412805786043162,0.717962326598945,Low,Mid,Low_Mid,0,False,000
-66.67_17.97,-0.525156217783557,-0.0852843337451357,3.17220543806647,0.510350484375514,0.0728877380512027,0.0129397309539729,0.0512484723071495,0.102675194327781,0.0562332980490659,0.0092351241105034,0.0406432060469646,0.0773215224551476,0.58837475927368,0.0813073987870952,0.425375731662002,0.73404536018937,Low,Mid,Low_Mid,1,True,100
-66.67_17.98,-0.306268571159598,-0.799384459967733,50.1875,0.360918670177728,0.0692220623828891,0.0168738652592907,0.0426148889104161,0.110523967488442,0.0541249488782159,0.0093875788491389,0.0384122685337689,0.0757585826866905,0.686583774860406,0.0968027700367326,0.475643319031861,0.841027910471099,Low,Low,Low_Low,0,True,000
-66.67_18.09,0.488977879752298,1.62661974711929,221.0,0.868581666729936,0.530952909208417,0.0662196624892531,0.40199014300918,0.655909923950391,0.0616059882882189,0.0219058080110887,0.030292728820708,0.121240493096156,0.145072724773021,0.0561723514698349,0.0652861911528742,0.291914761876876,Low,High,Low_High,1,False,010
-66.67_18.33,0.0487261855592138,0.190201103423889,126.4375,0.567998266737626,0.191901299588003,0.027994472058799,0.142886529062366,0.2527712266558,0.0570671224881539,0.0103443158485283,0.0398662371124654,0.0810629921413849,0.430147217769583,0.0691868924430881,0.302702175412247,0.567574544994246,Low,Mid,Low_Mid,0,False,000
-66.67_18.34,-0.0830121290291182,-1.78114634739559,98.1411764705882,0.155476247523884,0.0571638043355293,0.0234585107185072,0.0251836431364444,0.124565471812222,0.051347786850862,0.0143556280608375,0.0294823015283897,0.0879600281287389,0.806444951563075,0.11226758518774,0.504346116701772,0.944630369693698,Low,Low,Low_Low,0,True,000
-66.67_18.45,-0.493858337123737,0.0608039503380418,9.89473684210526,0.540920759497949,0.0826769338680504,0.0138919093168293,0.059215741757632,0.114304051096879,0.0566740332861062,0.0097511999131961,0.040326560288771,0.0791021717793466,0.553582241678476,0.0797263357787856,0.397199079088359,0.700033974652654,Low,Mid,Low_Mid,0,False,000
-66.67_18.47,-0.539924956114685,1.47166560111856,0.0,0.836156131004516,0.15969177512415,0.0396975661199059,0.0961859777614034,0.253372362525927,0.0611005711846437,0.020385970276521,0.0314111421489822,0.115505641980937,0.287725630735113,0.104423346517653,0.129529993944702,0.523035972873839,Low,High,Low_High,0,False,000
-66.67_18.48,-0.529639175897137,1.21127433781525,2.2093023255814,0.781666939016141,0.142427992770152,0.0317031376729383,0.0907926267986355,0.216438678132377,0.0602599701396234,0.0179400071396534,0.0333153857582242,0.106593657038132,0.331649755538543,0.0993472485993806,0.170910348010119,0.544314261584319,Low,High,Low_High,0,True,000
-66.68_18.32,1.01400768470899,1.3358570101037,333.772151898734,0.807736973250903,0.694051562429874,0.0696447027892784,0.543961086957269,0.811832233932336,0.0606607918292017,0.01909234024146,0.0324020868552892,0.11074395216374,0.128570285042139,0.0440232813377099,0.0639373957510398,0.241670815042413,Mid,High,Mid_High,1,True,001
-66.68_18.33,0.983365581537123,1.14024082428145,327.190476190476,0.76680254338531,0.658074098559662,0.0719877268143242,0.506918803048606,0.78275091767321,0.0600325437902484,0.0172988701070397,0.0338359852897874,0.104321115823182,0.150396053574349,0.0459712713674437,0.0804204290185794,0.263792751047566,Mid,High,Mid_High,0,True,000
-66.68_18.37,-0.409566225778597,0.0039989860379367,28.0,0.529033814573703,0.0910558681716364,0.0148192621197055,0.0658813734961321,0.124567199444629,0.0565022733330687,0.0095301167217698,0.0404773539280482,0.0783533702233531,0.550077592472868,0.0788257530753953,0.395736882324354,0.695345095482095,Low,Mid,Low_Mid,1,False,100
-66.68_18.45,-0.507501547421398,0.609584580709368,6.96428571428571,0.655757996156593,0.108195182912498,0.0189198747436857,0.0763061903567146,0.151228981336399,0.0583588174186609,0.0129608986337776,0.0375691452900067,0.089582071666951,0.444185336962745,0.0844868464228091,0.290096452673387,0.609813811776298,Low,Mid,Low_Mid,1,True,100
-66.68_18.48,-0.522233414140502,-0.0109652884085431,3.8,0.525902406810874,0.0762059697080572,0.013242597848205,0.0539756265282811,0.106560766983068,0.0564571076801305,0.0094761140153054,0.0405113853359672,0.078167911470608,0.573053024831242,0.0806507802568825,0.412954726127199,0.719180616312235,Low,Mid,Low_Mid,0,True,000
-66.69_18.26,0.272821821797049,0.688270949065234,174.571428571429,0.672223819847523,0.314629326937262,0.0412709607916541,0.239817073922271,0.400484546056076,0.0586042066134975,0.0135447406131402,0.0370494536605301,0.0915074821144777,0.299392432338559,0.0598539150113315,0.196318105330703,0.427779084984133,Low,Mid,Low_Mid,0,False,000
-66.69_18.32,1.05510722292617,1.36325572197205,342.6,0.81347039783777,0.711517569522715,0.0691127361937054,0.560411160983907,0.826740580951523,0.0607492760566072,0.0193502813930384,0.03220160585081,0.111684691848806,0.122855372581199,0.0431035479680486,0.0601076972023133,0.234746538570027,Mid,High,Mid_High,0,False,000
-66.69_18.37,0.625193741981367,0.740513365104077,250.258064516129,0.683156010894814,0.458122407727691,0.0621706986271668,0.341019038890611,0.580042753278512,0.0587676625323825,0.0139454079833645,0.0366949321073502,0.0928379971872812,0.241119220233408,0.0539713732657451,0.151272226051938,0.361594805230499,Low,Mid,Low_Mid,1,True,001
-66.69_18.38,0.485253344599838,-0.524971149422691,220.2,0.418342100490893,0.2431473315255,0.0606785355650371,0.144086724815002,0.380070638903358,0.0549261781842464,0.0088115374173975,0.040003050136849,0.0749815537941953,0.497484490573894,0.105343902164588,0.302385483218471,0.693352531979013,Low,Mid,Low_Mid,0,False,000
-66.69_18.45,-0.516646611411812,1.22280624769254,5.0,0.78408009390976,0.145896238381892,0.0322612168111782,0.0932498378468057,0.221020479599891,0.0602969675822897,0.0180452114554725,0.0332308081651099,0.106969040512881,0.327498191960514,0.0988587449192934,0.16808291271601,0.539972232230328,Low,High,Low_High,0,False,000
-66.69_18.46,-0.531278713796475,0.862108097985053,1.85714285714286,0.708600792185379,0.119059828959232,0.0231310452736734,0.0806453895341965,0.172342322845405,0.0591497643443054,0.0149147532275246,0.0358469658855625,0.0960911217332403,0.398009301999464,0.0912552186249499,0.238621033266632,0.582421370044916,Low,High,Low_High,0,False,000
-66.69_18.48,-0.520285525066514,-0.72282207014967,4.2183908045977,0.376940032434517,0.0518326608474192,0.0121696685454387,0.0325514010249281,0.0815718697257201,0.0543473800586631,0.0091704959244552,0.0389328056720424,0.0753862858634784,0.70590099917484,0.0904952870719783,0.505301504657286,0.849400945007797,Low,Low,Low_Low,0,True,000
-66.6_17.97,-0.517649370875936,-0.716437637121766,4.78461538461538,0.378276031932278,0.0522302034222944,0.0122182976730391,0.032855923007068,0.0820596517592688,0.0543659671594843,0.0091542268702573,0.0389737807716235,0.0753604067538206,0.70442011123423,0.0904629816241154,0.50422026153574,0.848127561698526,Low,Low,Low_Low,0,True,000
-66.6_17.99,-0.506404139742548,0.0209727783577556,7.2,0.532585731856765,0.0794107802401643,0.013563547453818,0.0565710619754245,0.110392700156725,0.0565535452938192,0.0095935342954431,0.040435832282323,0.0785697312852039,0.563845910934362,0.0801830118014628,0.405582512936751,0.71009148294803,Low,Mid,Low_Mid,0,False,000
-66.6_18,-0.474745590946641,-0.745606742577957,14.0,0.372172136712567,0.0549509826305865,0.0129910524680114,0.0343866175380817,0.0867091958441848,0.0542810955002908,0.0092309084810829,0.0387834294565727,0.0754852264609088,0.702959846601604,0.0917804873212758,0.499984356707045,0.848505528344821,Low,Low,Low_Low,0,False,000
-66.6_18.01,-0.450536112455653,-1.61921920045693,19.2,0.189360945826503,0.0350999404027334,0.0127955671102521,0.0170515658923766,0.0708743378564528,0.0517963722461586,0.0133780093651533,0.0310346962938042,0.0852256221017987,0.826216287815619,0.0947146206498681,0.566148220323912,0.945418734301301,Low,Low,Low_Low,0,False,000
-66.6_18.17,4.5108107488458,1.2855580019507,1084.85714285714,0.797211457619907,0.998568781059262,0.0017196782903395,0.9850713274505,0.999864467389774,0.060498664766124,0.0186229731613355,0.0327706065223425,0.109043164544977,0.0122593760221398,0.012079436772775,0.0017536610229269,0.0806191867913942,High,High,High_High,2,False,110
-66.6_18.35,0.602459810178803,1.33024218356187,245.375,0.806562020767714,0.534492327023695,0.0637411132361774,0.410010532767418,0.654821143047381,0.0606426736195227,0.0190396758933321,0.0324431971971468,0.110552409853697,0.166189962853881,0.0529962221845967,0.0860805092277526,0.296652688084215,Low,High,Low_High,1,False,010
-66.6_18.36,0.4075858321559,0.926301330866958,203.517647058824,0.722033798141429,0.396995334331922,0.0508945114974084,0.302654245597538,0.499672371708463,0.0593524243434797,0.0154456184934726,0.0353894348852598,0.0978945955512788,0.241952327583545,0.0571498570653349,0.14770467972484,0.370215387423635,Low,High,Low_High,0,False,000
-66.6_18.37,0.365065460257005,-0.115443749959243,194.384615384615,0.504039357805827,0.250706045256069,0.0482490462905915,0.168225241569226,0.356303917391151,0.0561427120587764,0.0091506155773577,0.0406783136628531,0.0770141413258996,0.435670001102435,0.080499225172515,0.288952039163138,0.594589459780769,Low,Mid,Low_Mid,0,True,000
-66.6_18.38,0.381564946337613,0.214408120268801,197.928571428571,0.57306380070215,0.294103420919599,0.0475530467471716,0.210074875904829,0.394938421057709,0.057140943648057,0.0104681600829033,0.0397638951179068,0.0814675882998749,0.368046487830503,0.0664429942530193,0.249645227973886,0.504822886490184,Low,Mid,Low_Mid,0,False,000
-66.6_18.45,-0.352742721336577,0.954948122170631,40.2052287581699,0.728028394470794,0.160663627400481,0.0275583673970271,0.113664890022566,0.222223300850745,0.0594430729207026,0.0156864917404868,0.0351835930687776,0.0987182402249882,0.350180403873252,0.0848109787577512,0.206076701594883,0.52803201975194,Low,High,Low_High,0,True,000
-66.6_18.47,-0.51819850105867,0.477557200398532,4.66666666666667,0.628130090434196,0.0994068439026544,0.0170309367296312,0.0706538200947184,0.138122025552961,0.0579492446148826,0.012039858414097,0.0383921414077082,0.0865719072968994,0.472918432038025,0.0825797752336288,0.319134790912143,0.632018504988927,Low,Mid,Low_Mid,0,False,000
-66.6_18.49,-0.506171356295519,-0.475511139367745,7.25,0.428692048294218,0.0606991117524746,0.0125403315562793,0.0402988548774236,0.090453129464729,0.0550717743487827,0.0087721844841449,0.0401998254129385,0.075015595746726,0.659929724844996,0.0868976147299353,0.476036441865519,0.805634515011095,Low,Mid,Low_Mid,0,False,000
-66.71_18.14,2.98790818360571,1.27269812362145,757.75,0.79452041349523,0.982581270857902,0.013794196000786,0.920779967797975,0.99636057018295,0.0604572790838833,0.0185038543041724,0.0328648940542079,0.108613786645894,0.0361738234569703,0.02351289022207,0.009908928695496,0.123381605055325,High,High,High_High,2,False,101
-66.71_18.24,0.494797465928016,1.0692210230907,222.25,0.751941017184443,0.452359628298789,0.0567793923282166,0.345164762564952,0.564164046830854,0.0598059648128603,0.0166702032460332,0.0343549928739805,0.102117708666781,0.210527500089828,0.0554203724997121,0.121822037978588,0.338897892942913,Low,High,Low_High,3,True,111
-66.71_18.26,0.291887894601307,0.280343126402571,178.666666666667,0.586861288230727,0.271941468422431,0.0412723552628629,0.198871291627301,0.359801589633302,0.0573424727005905,0.0108245327905578,0.0394622061197358,0.0826273524513484,0.370509214591082,0.0648155113944347,0.254508515162667,0.503660838985657,Low,Mid,Low_Mid,3,False,111
-66.71_18.27,0.105987850588189,-1.03855582944126,138.736842105263,0.310869930047052,0.11312751114865,0.0340472013783965,0.0615542730294697,0.19875951880326,0.0534356180010989,0.0102919491633863,0.03650316414688,0.0775898991696581,0.664464556918819,0.11660830859983,0.415360469785457,0.84662300817147,Low,Low,Low_Low,1,True,001
-66.71_18.28,0.210484228579745,0.0801246423499986,161.181818181818,0.544963786452972,0.22522590320903,0.0367584645489318,0.16133392388288,0.305212279986408,0.0567325646133757,0.0098320485400758,0.0402677709689229,0.0793727563121884,0.42370757190248,0.0714345363328438,0.292979334356258,0.566065068428986,Low,Mid,Low_Mid,0,False,000
-66.71_18.33,0.997939122048319,1.59948919220045,330.320754716981,0.862904356374089,0.720358544502163,0.067093028955233,0.572840098526914,0.831883246380189,0.0615172147817482,0.0216364902880409,0.0304873550647701,0.120213131855984,0.107371738056173,0.0425813655017826,0.0479412504167863,0.223203241009987,Mid,High,Mid_High,3,True,111
-66.71_18.34,0.774064857535295,1.54297809956371,282.234375,0.851078906713862,0.632900984589214,0.0681409625779799,0.492464347485417,0.753897750356959,0.0613326893129685,0.021079844490236,0.0308944593724451,0.118104928465765,0.128924883886445,0.0480913411826843,0.060097454323403,0.25517725580526,Low,High,Low_High,3,True,111
-66.71_18.42,-0.465434253065492,0.808274482845319,16.0,0.697335628548301,0.127382758117569,0.0228274920572746,0.0889270861430306,0.179197335281652,0.0589803101034292,0.014479510936143,0.0362258351879344,0.094624242689774,0.397212620668492,0.086897028852178,0.244453882821737,0.573031023363583,Low,Mid,Low_Mid,0,False,000
-66.71_18.43,-0.480953149534074,0.402123173694378,12.6666666666667,0.612344848212951,0.10097438496693,0.0165498739061865,0.0728463789923776,0.138342797602775,0.0577164470939734,0.0115504276756764,0.0388275301152272,0.0849820365327946,0.48163417759494,0.0802876271548323,0.330972430877698,0.635711214699179,Low,Mid,Low_Mid,0,False,000
-66.71_18.47,-0.523297567041204,-2.13407994573762,3.57142857142857,0.0816217473565472,0.0233495301846467,0.0104234595022144,0.0096661007512275,0.0553213048608383,0.0503827609335698,0.0165564243465151,0.0262203045336641,0.0946471619712152,0.884199679202691,0.0821826905930498,0.612936390062525,0.973556849362895,Low,Low,Low_Low,0,True,000
-66.72_18.06,-0.150012682341564,-0.801834234430884,83.75,0.360406033043296,0.0876372656056045,0.0218645527909368,0.0532119996049566,0.141016672082879,0.0541178459145323,0.0093951711132254,0.0383947672974335,0.0757723368960903,0.66234107679648,0.101139317960002,0.447046414339704,0.826367754316083,Low,Low,Low_Low,0,False,000
-66.72_18.16,1.79849057994664,-0.981919055032081,502.272727272727,0.322721679738013,0.681515384714546,0.149238255987178,0.357354477548928,0.891712531740728,0.0535981020719073,0.0100506526164913,0.0369870744496662,0.0770721548588203,0.358658529569367,0.165659835546579,0.119967644472804,0.696429790083317,Mid,Low,Mid_Low,0,True,000
-66.72_18.25,0.333012970243049,-0.337101800237363,187.5,0.45765543576423,0.21810418149715,0.0472025154181798,0.139523960715568,0.32426324776259,0.0554811458148893,0.008777964993348,0.0405842774649008,0.0754162364238584,0.486437606026796,0.0917793682328002,0.315543249487052,0.660562953291758,Low,Mid,Low_Mid,2,False,011
-66.72_18.26,0.24655054706095,0.0591359049274546,168.928571428571,0.54057170613314,0.233562091316052,0.0390846071109125,0.165724421425807,0.318565076221541,0.0566689826662783,0.0097443522281744,0.040331461619602,0.0790791856041694,0.42156563386003,0.0721852000056305,0.289760278482815,0.565582319215085,Low,Mid,Low_Mid,2,True,110
-66.72_18.33,1.13095687799045,1.48530539375877,358.891891891892,0.839010379147966,0.750027473011784,0.0664498745816872,0.599671848538479,0.85734602242043,0.0611449043212581,0.0205179313219653,0.0313120866998073,0.115997532569239,0.107153882250941,0.0408149075521282,0.0494398433059147,0.216869802264526,Mid,High,Mid_High,1,True,010
-66.72_18.4,0.394002233364576,1.01638940383877,200.6,0.740885530114886,0.404225382929278,0.0514001103039109,0.308699168645773,0.507606457242132,0.059637932420963,0.0162109844606923,0.0347393476808611,0.100523524265987,0.230415783141213,0.057782532739113,0.136504085044594,0.36186115491843,Low,High,Low_High,1,False,100
-66.72_18.45,-0.503145171484146,-0.192198871119659,7.9,0.487977664798372,0.0711478441206412,0.012949102607789,0.0495839718312112,0.101092250957408,0.0559127912402461,0.0089714012154503,0.0407172754636317,0.0763279884548209,0.60561505584297,0.0823813721250391,0.438536484672025,0.751184196636717,Low,Mid,Low_Mid,0,True,000
-66.72_18.46,-0.511059808683123,-0.42312238237512,6.2,0.439654862490017,0.061992823825156,0.0125041496922818,0.0415588635290671,0.0915145743097167,0.0552263882314349,0.0087540156983563,0.0403746163319544,0.0751137454303506,0.651041414881986,0.0859866118654913,0.47048525814881,0.796641834426635,Low,Mid,Low_Mid,0,False,000
-66.72_18.47,-0.508831738547276,-0.999169855150046,6.67857142857143,0.31911179610499,0.0452767616901711,0.0122447359729616,0.0264982364336476,0.0763197854067211,0.0535485623080901,0.0101225528004439,0.0368414361921627,0.077224688472029,0.749040410234861,0.0936489474476833,0.529233902525756,0.88794628319298,Low,Low,Low_Low,0,True,000
-66.73_18.14,3.30565758879992,0.006266021995281,826.0,0.529508212047555,0.978503556130076,0.020468991587235,0.871114865726396,0.996748627944786,0.0565091187358761,0.0095384544306248,0.0404719866321322,0.0783818998352576,0.0776504796771916,0.0596059050999938,0.0162086175247075,0.300789278527593,High,Mid,High_Mid,2,False,101
-66.73_18.17,1.65755078383652,-0.364034799925105,472.0,0.45201946560075,0.708600348047325,0.12011259708553,0.437451204137172,0.883778096160398,0.0554012626255804,0.0087632057846667,0.0405290906103724,0.0753024751636074,0.271804892849547,0.109698318058931,0.111871292357026,0.525178338096155,Mid,Mid,Mid_Mid,0,False,000
-66.73_18.3,1.44405510813303,0.857400427918089,426.142857142857,0.707615670277514,0.777049239865305,0.0749554757796691,0.598821352248102,0.890567315173194,0.0591349276354338,0.0148763214247592,0.0358802881968193,0.0959611771793708,0.138053112437836,0.0459431870234051,0.0698960074817648,0.254487066124969,Mid,High,Mid_High,1,False,100
-66.73_18.41,0.051344999338287,1.15730977024746,127.0,0.770374372416677,0.295247318098449,0.041574218397785,0.220691756540694,0.382623533400221,0.0600871195870332,0.0174518306686599,0.0337109787640959,0.104860943005895,0.254510986287043,0.0702420567127393,0.141814937065174,0.413601663533296,Low,High,Low_High,1,False,010
-66.73_18.47,-0.502679604590088,-1.09350781438977,8.0,0.299370737562572,0.0433782165033134,0.012303520043881,0.0247330626319247,0.0749982309318697,0.0532784117101209,0.0105397123996483,0.0360191593392875,0.0781374079113344,0.762473265315414,0.0943738099388203,0.536178113826575,0.89913123872501,Low,Low,Low_Low,0,False,000
-66.74_18.04,-0.134881758284696,1.52178010781466,87.0,0.846643038061708,0.276003831061371,0.0503057608075354,0.188805767032432,0.384390473125806,0.0612636051042555,0.0208725744488408,0.0310477237137634,0.117325160523312,0.224613232098839,0.0821791327256858,0.103048757339795,0.422098496277914,Low,High,Low_High,0,True,000
-66.74_18.12,3.54600649785708,0.955610614357516,877.625,0.728167026863848,0.991565158778548,0.0080963459745552,0.946323073209443,0.998725882741726,0.0594451708138659,0.0156920903602653,0.0351788221140604,0.0987374244950379,0.031532186877732,0.0243099894875777,0.0067936221775246,0.134184209474171,High,High,High_High,2,False,011
-66.74_18.13,3.10479872879227,1.15155330805894,782.857142857143,0.769169781412413,0.984549525400743,0.0128075167045274,0.924446607086549,0.996995794054456,0.0600687088386253,0.0174001660247599,0.0337531454256648,0.104678444689834,0.0367014852981871,0.0246519965826744,0.0096205097630048,0.130006498475347,High,High,High_High,1,False,010
-66.74_18.14,2.946339710922,0.407813137885618,748.821428571429,0.613535523918772,0.969539151144214,0.0250014712872914,0.858288834087006,0.994057159828462,0.0577339762789778,0.0115863363718279,0.0387957156247797,0.0850985432034127,0.0727789212678797,0.0474250138169306,0.0194134176545287,0.237335255244602,High,Mid,High_Mid,3,True,111
-66.74_18.24,0.885873656936281,1.0848928683987,306.25,0.755220490454654,0.613476314079028,0.0710577518611456,0.46869446149285,0.740637226755512,0.0598558947377914,0.0168078321901326,0.0342406562043761,0.102597995177351,0.165752808941834,0.0478408499485605,0.0916104131013545,0.281317459963854,Mid,High,Mid_High,2,True,011
-66.74_18.38,0.421470680113966,-0.190863609021843,206.5,0.488257080289813,0.260012295047101,0.0531016746865591,0.169830258085745,0.3763714008636,0.0559167834512117,0.0089740713874199,0.0407172310892525,0.0763387329266605,0.440873201959302,0.0850094108130827,0.286277539808424,0.607852564916854,Low,Mid,Low_Mid,1,False,100
-66.74_18.45,-0.212697939148586,0.833762405485953,70.2857142857143,0.702669203463726,0.183428670506297,0.0269315223238486,0.136378801424427,0.242159037766994,0.0590604826721202,0.0146844129134747,0.0360470695337951,0.0953135244338309,0.3498160717685,0.0763495775299839,0.217928976643779,0.509519044727507,Low,High,Low_High,0,False,000
-66.74_18.47,-0.319745881095804,-0.529839038910624,47.2926829268293,0.417323451241601,0.0784295430388324,0.0163351070209329,0.0518166760079256,0.117023763244612,0.0549118681187233,0.0088165536797694,0.0399820560167054,0.0749812349434367,0.639519127328222,0.090181795724923,0.451792092860434,0.792487930348535,Low,Mid,Low_Mid,0,True,000
-66.75_18.04,-0.271226348687238,0.402898583520322,57.7142857142857,0.612507109628098,0.136974559161568,0.0193444217952366,0.103272628215526,0.179473534692063,0.0577188356202573,0.0115553112218919,0.0388232049443494,0.0849978804086971,0.443968643919525,0.0736522240559574,0.30792520927212,0.588966745819738,Low,Mid,Low_Mid,1,False,010
-66.75_18.19,2.66632911525069,0.456597903670346,688.677419354839,0.623744170841982,0.953810858913945,0.0339039036944638,0.82044910384617,0.989397938555379,0.0578844737067064,0.0119010227639328,0.0385159629939311,0.086120421355715,0.0844649228462932,0.0492674168601643,0.0257842806960009,0.24333583996177,High,Mid,High_Mid,2,True,011
-66.75_18.31,1.1904320001322,1.26028012581441,371.666666666667,0.791921836807076,0.743761494555987,0.0694390999116655,0.586978121154568,0.855664325710337,0.0604173406030992,0.0183891760071267,0.0329559581833159,0.108201275680485,0.121449675479277,0.0418900718614692,0.0601854927719502,0.229825775506506,Mid,High,Mid_High,1,False,001
-66.75_18.35,0.926058392664885,1.29700941291806,314.881355932203,0.799607767399363,0.657388876690237,0.0698088063422693,0.511047246622192,0.778882023227798,0.060535540025303,0.0187293511854037,0.0326866647539683,0.109427387926784,0.13960595905477,0.0458650002172056,0.0712955339671483,0.255369556069991,Mid,High,Mid_High,1,True,001
-66.76_17.98,-0.500351770119801,-1.72281337460244,8.5,0.167682941840183,0.030584534848596,0.0116163746194986,0.0144272708493598,0.0636675914276734,0.0515089611479618,0.0140001625754294,0.0300388128850695,0.086949210827877,0.842863113024556,0.0910199797592001,0.58242663115794,0.953762852916013,Low,Low,Low_Low,0,True,000
-66.76_18.13,3.82443212789252,1.65250699586193,937.428571428571,0.873998804190289,0.996429005711995,0.003580813735175,0.974887025130431,0.999501660586302,0.0616908051712641,0.022164016936183,0.0301075525034856,0.122229995026585,0.0148398850786337,0.0124587687681448,0.0028268750454175,0.0741090468778168,High,High,High_High,2,False,011
-66.76_18.4,0.169598990428881,1.37109879537582,152.4,0.815111630830981,0.36568430315802,0.0516849492712223,0.271407405886432,0.471516107870054,0.0607746275037845,0.0194244079578581,0.0321442593477746,0.11195583900082,0.208368820841026,0.0673883918480815,0.10569397221209,0.369567739201423,Low,High,Low_High,0,False,000
-66.76_18.41,0.138178638648538,0.658497050338417,145.651162790698,0.665993366247095,0.265491854536037,0.0343245685247005,0.20381708314414,0.337908674403813,0.0585112409456497,0.013320962231471,0.0372482749072882,0.0907677011363292,0.325431544990605,0.0629165739762286,0.215742668164635,0.458299291018392,Low,Mid,Low_Mid,1,True,001
-66.77_18.05,-0.148183669543481,0.681308377645861,84.1428571428571,0.67076683974001,0.186052974573398,0.0252781006797241,0.141483412221871,0.24072585240435,0.058582454362667,0.0134921067848055,0.0370961695962216,0.0913332729378386,0.367839267597727,0.0717167300179776,0.241224292520984,0.51574075113823,Low,Mid,Low_Mid,2,False,110
-66.77_18.13,4.03659761247013,1.60483278582311,983.0,0.864022550952199,0.997408497064548,0.0027486058775623,0.97954257269738,0.999676861114999,0.0615346900206489,0.0216894292894101,0.030448977956746,0.12041469763103,0.0132664722751839,0.0117077986203419,0.0023240808562734,0.0720099813909789,High,High,High_High,2,False,011
-66.77_18.15,4.18079033051535,0.585165867032132,1013.97142857143,0.65064816274364,0.996302456666369,0.0042722993569581,0.965221277165709,0.999617887347129,0.0582828620384941,0.0127847988104122,0.0377263977160517,0.0890041811682601,0.0271631263113467,0.0254573825952922,0.0042080867059568,0.155751934367481,High,Mid,High_Mid,3,True,111
-66.77_18.29,1.23644552816155,0.879753351659595,381.55,0.712293218739782,0.714984240675772,0.077789451504429,0.54278028918754,0.841294498537627,0.059205406232734,0.0150594199319151,0.0357217694860506,0.0965810051084634,0.154408504692612,0.0468092593808386,0.0829366722207689,0.269380068416248,Mid,High,Mid_High,1,False,001
-66.77_18.48,-0.452631163478912,-1.43856203992441,18.75,0.227165066362088,0.0387151781458984,0.0130038275814557,0.0199011869542749,0.0739729455780168,0.0523012168280174,0.0123300935534816,0.0327808093122015,0.0824547475108639,0.804189605097413,0.0961383967995377,0.55381162526949,0.931457279967245,Low,Low,Low_Low,0,False,000
-66.78_18,-0.531544752021651,0.733845041283287,1.8,0.681760604719114,0.111400277433707,0.0206906096228058,0.0768325593416614,0.1588443412621,0.0587467749269517,0.0138937128372546,0.0367405567919682,0.0926658867661711,0.42345793115997,0.0881920891521975,0.265690337389964,0.598546153729401,Low,Mid,Low_Mid,1,False,001
-66.78_18.29,0.973555421983769,1.31166534768194,325.083333333333,0.802674652336234,0.676651877722701,0.0699078027383744,0.528018440806826,0.796516596553091,0.0605827650093822,0.0188659138703529,0.0325792654234471,0.109921703213763,0.134150862423666,0.044907103886183,0.0677044296250147,0.2484318978994,Mid,High,Mid_High,0,False,000
-66.78_18.3,1.00513637629733,0.879142357923801,331.866666666667,0.712165362856482,0.631458244034332,0.0763637816323721,0.473858804142534,0.765238206764213,0.0592034787282346,0.0150543944653814,0.0357261122515722,0.0965639677202012,0.177487706209581,0.048583501695012,0.101039249885495,0.292930445498576,Mid,High,Mid_High,1,False,010
-66.79_18.28,1.69945180430169,1.71027234181811,481.0,0.886086717533275,0.897146260097956,0.0442141538539701,0.773254529307379,0.95710023167208,0.0618804607958992,0.022744456310288,0.0296963260965368,0.124470504205439,0.0621858821099639,0.0298284693912901,0.0237556687832364,0.153039782841994,Mid,High,Mid_High,0,False,000
-66.79_18.49,-0.511154730088707,-1.13911282462501,6.17961165048544,0.289827482820398,0.0417274974606255,0.0121086721484384,0.023488192880092,0.073070366689332,0.053148276708119,0.0107546298960365,0.0356082509812119,0.0786238384379349,0.770248281799234,0.0942267758731654,0.541433874463723,0.904935743576262,Low,Low,Low_Low,0,True,000
-66.7_18.14,3.86419237201448,1.34240372351555,945.96875,0.809106931364957,0.995994862179297,0.0041109918891234,0.970582575661947,0.999466767099577,0.0606819234930379,0.0191538296397561,0.0323541638801731,0.110967818898465,0.0185186070336098,0.0155600198255374,0.0035115013859444,0.0917560003708507,High,High,High_High,3,True,111
-66.7_18.2,1.27229417900397,1.74788020018798,389.25,0.893956496991277,0.815242942184312,0.0587515238829593,0.672594132383053,0.904559693000667,0.0620042277565377,0.0231254580981943,0.0294301520914953,0.12595335564195,0.0804106126326914,0.0360048547746456,0.0325741975498124,0.18505856176363,Mid,High,Mid_High,2,False,101
-66.7_18.27,0.136310957503773,-0.997099111378613,145.25,0.319545117689935,0.120775670765909,0.0358214679663535,0.0662190339668763,0.210164113702508,0.0535545066576944,0.0101138465230285,0.0368590025203351,0.0772061364517269,0.651922133286276,0.116596499212759,0.406229339299839,0.836795146529852,Low,Low,Low_Low,2,False,110
-66.7_18.33,1.10166391233191,0.783121021516091,352.6,0.69207204264241,0.655090108096438,0.0798729350387321,0.487161994716203,0.791558028331451,0.0589012896069481,0.0142794109972751,0.0364010714919802,0.0939532873234206,0.178823187130554,0.0495785499622029,0.101008237864741,0.296794323959361,Mid,Mid,Mid_Mid,0,True,000
-66.7_18.38,0.642614954791259,1.18975117297808,254.0,0.777163024997935,0.530579626895332,0.0638041996646183,0.406217964905978,0.651256107843569,0.0601909749104236,0.0177444794456889,0.0334732139212539,0.105897852274977,0.178464671986372,0.0520427392810616,0.0977483932042325,0.303418473018943,Low,High,Low_High,0,False,000
-66.7_18.47,-0.522018537112475,0.993605649327627,3.84615384615385,0.736117826475277,0.129035251320731,0.0261454695717396,0.0858427746528056,0.189456342823466,0.0595656046165721,0.0160152645087198,0.0349044763132774,0.0998479492977539,0.370969586406032,0.0940050879280384,0.211213293548107,0.56500705510108,Low,High,Low_High,0,True,000
-66.7_18.48,-0.534602394055596,-1.65261757622347,1.14324324324324,0.182372038110642,0.0301280649999334,0.0110832408666701,0.0145555795747649,0.0613242074960753,0.0517035467648939,0.0135771724834255,0.0307127775958203,0.0857710599322154,0.838469376288314,0.0903807425132982,0.583938136131217,0.950490120919398,Low,Low,Low_Low,0,True,000
-66.81_18.08,0.308071886632828,1.208782936961,182.142857142857,0.781145591188471,0.397159793667599,0.0514884643436987,0.301786180304944,0.50104492624553,0.060251979852441,0.0179173187260361,0.0333336572256649,0.106512793803258,0.213897239458563,0.0613411473646378,0.117470253106594,0.357420803062605,Low,High,Low_High,0,False,000
-66.81_18.27,1.63660027360393,1.76823827192578,467.5,0.898216604897209,0.890531669721639,0.0454263599306228,0.765464069389437,0.953001163637412,0.0620713223076316,0.0233327098421815,0.0292866007244841,0.126764030535499,0.0620571209942355,0.0300385157941855,0.0234967333955478,0.153923913767254,Mid,High,Mid_High,1,False,100
-66.81_18.49,-0.50112771494323,-1.79779718974019,8.33333333333333,0.151991910400688,0.0292793615346987,0.0114742612345726,0.0134875124012936,0.06239170433738,0.0513018680748232,0.0144576741955366,0.0293241534703172,0.0882537176246333,0.850892541161354,0.0898341159675608,0.587552239070974,0.958088568183963,Low,Low,Low_Low,0,False,000
-66.82_17.96,-0.441224774574504,0.982857651713476,21.2,0.733868712207545,0.143965286207676,0.0269988593381689,0.0986672670495092,0.205322212409443,0.0595315132608986,0.0159234333761743,0.0349822208820565,0.0995317603973912,0.359528883923671,0.0896908493564319,0.207373864924956,0.546368724423593,Low,High,Low_High,0,False,000
-66.82_18.21,2.63989693029776,1.44361026609344,683.0,0.830285302171442,0.972324657543434,0.01911331834466,0.897248335362081,0.992975334255512,0.0610094779706505,0.0201156867067525,0.0316151961813504,0.114501719247067,0.0402330727614917,0.0237500744545227,0.0124010883549569,0.122764263035889,High,High,High_High,2,True,110
-66.82_18.35,0.884127781083566,0.651755082326734,305.875,0.664582549368266,0.551507520687217,0.0763738375311491,0.401692353773681,0.692523965879565,0.0584902091181642,0.0132707659988619,0.0372929420378076,0.0906020733396148,0.220929110462212,0.0533629546154634,0.133782984315612,0.342403014038303,Mid,Mid,Mid_Mid,0,False,000
-66.82_18.48,-0.426813362990271,-1.20092344262846,24.2954545454545,0.276893060257275,0.046040580328147,0.0138087212261935,0.0253991831421378,0.0820446654313584,0.0529723774397424,0.0110581050606858,0.0350402011122087,0.0793271082596872,0.768454387903565,0.0975597253429001,0.531199868492492,0.906721594413661,Low,Low,Low_Low,0,False,000
-66.83_18.35,0.896348912052574,0.492655975771929,308.5,0.631289643714416,0.533502078512871,0.0795923557090925,0.379281904854751,0.681574297028895,0.0579959467863684,0.0121411839543515,0.038301673912673,0.0869017200906185,0.242534154682868,0.0573807905626607,0.147919194035767,0.37129702473703,Mid,Mid,Mid_Mid,2,False,101
-66.83_18.49,-0.513752546935239,-0.456594537723278,5.62162162162162,0.432650515739312,0.0606156827187088,0.012432860253599,0.0403638791691002,0.0900746992996699,0.0551275554563295,0.0087628026083995,0.0402669856371526,0.0750436029861399,0.65767590373867,0.0865193587107447,0.474958824613112,0.803159129089051,Low,Mid,Low_Mid,0,True,000
-66.84_18.14,3.5915156617512,0.972466096440559,887.4,0.731694186675695,0.992245286349028,0.0075330411699528,0.94944674882314,0.998854178271091,0.0594985698755772,0.0158349551116283,0.0350572865774965,0.0992275895381721,0.0301412687792213,0.0235420382413799,0.0063705815330367,0.130921367994353,High,High,High_High,2,False,101
-66.84_18.19,1.57685252219989,0.662166333955644,454.666666666667,0.666761196538106,0.794700397786003,0.0775488430870267,0.603935340204182,0.907635481404875,0.0585226903967398,0.0133483558517082,0.0372239088091962,0.090858137178824,0.145874253350283,0.050739911233479,0.0713915931119925,0.275047983576878,Mid,Mid,Mid_Mid,0,False,000
-66.84_18.34,0.996445794274928,-0.17877292153766,330.0,0.490787164376504,0.476994738859462,0.0999118188755173,0.293791112405006,0.666605052801183,0.0559529447997248,0.0089989773009106,0.0407157952592781,0.0764379553065682,0.34044252426878,0.0915090438450439,0.188454843195037,0.534305019250718,Mid,Mid,Mid_Mid,0,False,000
-66.84_18.43,0.151441881560641,1.24253454279877,148.5,0.788208415444091,0.341736482985477,0.0471008836432023,0.256174950473038,0.439008846080965,0.0603603105090731,0.0182258969121063,0.0330861085255111,0.10761539504659,0.228554600798788,0.0671576403609778,0.123140300591272,0.384625975499636,Low,High,Low_High,2,False,011
-66.84_18.48,-0.506720373859266,0.163889397446992,7.13207547169811,0.562492307819002,0.0856731094192019,0.0143057922715655,0.0614800001188441,0.118187608093965,0.0569869845443035,0.010214147013218,0.0399719942260035,0.080636441120716,0.53495247641955,0.0797263966932718,0.380347258546101,0.683120820656056,Low,Mid,Low_Mid,0,False,000
-66.84_18.49,-0.52322651480068,-2.24786990912753,3.58669001751313,0.0578101836241619,0.0218872739452135,0.0101863653077564,0.0087293130194881,0.0538021560011845,0.0500753031741283,0.0172760934654766,0.0252171037841343,0.0969995013147245,0.893395104294365,0.0795590314610198,0.619786581979821,0.977316139698504,Low,Low,Low_Low,0,True,000
-66.85_17.95,-0.508111218354092,-0.973886707318093,6.83333333333333,0.324402520067111,0.0459696853114415,0.0122722152027191,0.0270890315245118,0.0769687997460447,0.0536211836130833,0.0100176688476267,0.0370543309454249,0.077002709278897,0.745031909243826,0.0934885694342076,0.526896925699509,0.884615762512515,Low,Low,Low_Low,0,True,000
-66.85_17.96,-0.464717996305403,0.410586094571664,16.1538461538462,0.614115789812968,0.103885259271068,0.0168095154206076,0.0752515213296079,0.141744313281175,0.0577425207925184,0.0116038974134601,0.0387801473782547,0.0851555263663795,0.4769893921309,0.07983368462463,0.327542633578796,0.630673099296205,Low,Mid,Low_Mid,0,True,000
-66.85_18.03,-0.360216135008506,-1.15540529251998,38.6,0.286418138743982,0.0524051901996436,0.0154317045354019,0.0291989648057261,0.092301286155695,0.0531018585341535,0.0108333129216332,0.0354596719505595,0.0788043966094212,0.752951978552211,0.0999375557979972,0.515349984437081,0.89728525977437,Low,Low,Low_Low,0,False,000
-66.85_18.47,-0.0367801627511604,0.159471398351149,108.071428571429,0.561567802142874,0.16848514739902,0.0244535044984992,0.12581217897531,0.22195701729831,0.0569735389521759,0.0101927530799588,0.0399891746115809,0.0805661847372163,0.451512813999933,0.0708842078475846,0.319611496331575,0.590597861433573,Low,Mid,Low_Mid,0,False,000
-66.85_18.48,-0.385356747287609,-1.33711344856453,33.2,0.24839408803291,0.0455568571276204,0.0146581198717077,0.0240589606269368,0.0845990461818943,0.0525867487400173,0.0117692299378239,0.0337555977007928,0.0810420742536526,0.78266030264006,0.0994243039171532,0.533860507783818,0.918850086716223,Low,Low,Low_Low,0,False,000
-66.85_18.49,-0.505913852482434,0.964962028468138,7.30530973451327,0.730123893589606,0.130144391855254,0.0256941833773432,0.0875015963849969,0.189258404073673,0.0594747910430623,0.0157712517622138,0.035111429424348,0.0990088765885691,0.37373988858531,0.0925037655738987,0.215714711761996,0.564244074330994,Low,High,Low_High,0,True,000
-66.86_17.95,-0.516646611411812,-1.83318005753359,5.0,0.144587730045959,0.0279953828456605,0.0111195522118455,0.0127646944388528,0.0602893458963115,0.0512044200913896,0.0146752952387886,0.0289892443292515,0.0888852730135954,0.855912542994979,0.0884990202797338,0.592733248291593,0.960388537998293,Low,Low,Low_Low,0,False,000
-66.86_17.96,-0.412808566647925,-0.305952250064129,27.3035714285714,0.464173756687171,0.0767957500921482,0.0142641009618895,0.0530993693877438,0.10984030987757,0.055573670482895,0.008803333473807,0.040636150524133,0.0755695799568472,0.612303970344883,0.0841731069093545,0.440789655452298,0.759870995334251,Low,Mid,Low_Mid,1,True,100
-66.86_18.1,0.310820948292977,0.781803102064202,182.733333333333,0.691796256254156,0.340400546217053,0.0442033812495748,0.259729937193706,0.431521332441168,0.0588971520532848,0.0142689856549738,0.0364102186862484,0.093918388091648,0.278062038120946,0.0590577571784514,0.177890314292311,0.406734049829428,Low,Mid,Low_Mid,1,True,001
-66.86_18.49,-0.483746550898418,-0.539817121778605,12.0666666666667,0.415235448494612,0.0606686842682664,0.0128841852292418,0.0398158150703704,0.0914032555877977,0.0548825466659145,0.0088274675570004,0.0399381267305378,0.0749822619124201,0.668071427864035,0.0882432033643978,0.479894389445704,0.814484418030695,Low,Low,Low_Low,0,True,000
-66.87_17.94,-0.517090008453772,1.24993392789089,4.90476190476191,0.789756802704731,0.14778443751565,0.0330500525024338,0.0939429100458235,0.224827084481559,0.0603840842516566,0.0182938933983875,0.0330318379170918,0.107859173967672,0.322696619469652,0.0994225367552213,0.163423043710065,0.537470358523898,Low,High,Low_High,0,True,000
-66.87_17.95,-0.515529250866074,-0.258340806449181,5.24,0.474136875491801,0.0673510455059146,0.0126482207078338,0.0464080438925945,0.0967859401977419,0.055715373186365,0.0088593139693067,0.0406906878806187,0.0758491542832077,0.620569435686664,0.0833750057673427,0.44966186393633,0.766019306819933,Low,Mid,Low_Mid,0,True,000
-66.87_17.96,-0.243824411494141,0.539246992857803,63.6,0.641039229175617,0.152373849620019,0.0213208361888905,0.115102400560524,0.199000095933888,0.0581402806666195,0.0124605473088491,0.0380162347425342,0.0879432118038729,0.411833587225786,0.0735814938934711,0.278528756961319,0.559464753041064,Low,Mid,Low_Mid,0,False,000
-66.87_17.97,0.208794590675042,0.807385854154779,160.818897637795,0.697149675076933,0.306909472548434,0.0394446139731913,0.235402964396256,0.389083709300648,0.0589775167522244,0.0144724056511099,0.0362320466173662,0.0946003814498548,0.28872059020312,0.0616454211317399,0.183929325748308,0.422318604471603,Low,Mid,Low_Mid,1,True,001
-66.87_17.98,0.33223702541962,0.951541459315342,187.333333333333,0.727315519914226,0.371130556151323,0.0474781769132541,0.283721132693089,0.467878849210288,0.0594322862439019,0.0156577224800554,0.0352081189503246,0.0986196882555367,0.248162609418564,0.0591085108790901,0.150669590869206,0.380479683299194,Low,High,Low_High,0,False,000
-66.87_18.3,0.827289822767384,-0.342154406338972,293.666666666667,0.456598132917661,0.385611492091055,0.0899411942436014,0.229724596941856,0.56912270428912,0.0554661515444577,0.0087746895447108,0.0405746544002563,0.0753935659485238,0.399905960509824,0.100264275124851,0.227104949973598,0.601811105298514,Low,Mid,Low_Mid,0,False,000
-66.87_18.45,0.0606563372194362,-0.0195991382098968,129.0,0.524095696810482,0.176495940888892,0.0288851127275038,0.126774560532944,0.240350688054422,0.0564310641616906,0.0094457781865148,0.0405299052504029,0.0780631778115804,0.470504563018392,0.0752943870054677,0.329493360958917,0.616386725213435,Low,Mid,Low_Mid,0,True,000
-66.87_18.49,-0.521184179271117,0.109229223024136,4.02536715620828,0.551054179287109,0.0814126541341208,0.0138247520476766,0.0581058302157782,0.112947040788509,0.056820843134284,0.0099590840954154,0.0401723583643784,0.0797953029842857,0.548642228741859,0.0800968366157487,0.392036174272082,0.696171734542473,Low,Mid,Low_Mid,0,True,000
-66.88_17.95,-0.495171197328083,-0.664970775067422,9.61274509803922,0.389045931397959,0.0556477823804839,0.0126354664748489,0.0354782125397289,0.0862584046106033,0.0545160224135617,0.0090339482203485,0.0392893946927292,0.0751819394686647,0.692137972705562,0.0901461248683095,0.495239720811416,0.837440876037189,Low,Low,Low_Low,0,True,000
-66.88_17.96,-0.331001812406401,-0.264488148058781,44.875,0.472850489485856,0.088843231932246,0.0159267633110176,0.0621837480429565,0.125403859547134,0.0556970581738232,0.0088509184723412,0.0406853232966193,0.0758099862346842,0.590055192515033,0.0833211048974752,0.422887057973366,0.738718765827706,Low,Mid,Low_Mid,0,False,000
-66.88_17.98,-0.0162730495605342,1.13479493124877,112.47619047619,0.765662941744144,0.270025884539761,0.0390855008862303,0.200506087465573,0.35300686173406,0.0600151410024743,0.0172502171374602,0.0338758517970622,0.104149716882839,0.267449033234898,0.0727359171452784,0.149917721236497,0.430463270263795,Low,High,Low_High,1,True,100
-66.88_18.02,-0.307886416116448,0.12085147685471,49.84,0.553486239457938,0.112514305101103,0.0169340496864727,0.0833485714545244,0.150213406684284,0.0568561312129303,0.0100115410752642,0.0401320213877928,0.0799689969811283,0.508040279076567,0.0757657314545613,0.363088948531868,0.651652283385534,Low,Mid,Low_Mid,1,False,010
-66.88_18.14,2.88354360485449,0.968982111865507,735.333333333333,0.730965131860314,0.975490190588235,0.018981241895887,0.893582219228886,0.994726993831795,0.059487528744895,0.0158053590986317,0.0350824308614556,0.0991259476498145,0.0493185747960832,0.0306507114781006,0.0142007841412265,0.157413402959798,High,High,High_High,2,False,110
-66.88_18.29,1.13212528911453,-0.566107763525956,359.142857142857,0.409733897453706,0.476442392105892,0.118899498520022,0.263369381467175,0.69845016360456,0.0548053599651241,0.0088602510465132,0.0398166822548769,0.074995707045292,0.391277779854515,0.121670666786139,0.191055773748569,0.63628500055139,Mid,Low,Mid_Low,0,False,000
-66.88_18.47,-0.0676073420933935,0.297017971089648,101.45,0.590350648057951,0.172638839242432,0.0236578716669454,0.131054101986154,0.224017041523636,0.0573935446940573,0.0109189010227763,0.0393809269790458,0.0829337421355609,0.429239818975704,0.0691028001194916,0.302002255189794,0.56657107347816,Low,Mid,Low_Mid,0,False,000
-66.88_18.48,-0.170120355955597,1.11155046033545,79.4310344827586,0.760798829092297,0.220739470961958,0.0349473473298444,0.159820963268666,0.296678765793176,0.0599409145186421,0.0170433769520968,0.0340459015346252,0.103422688327825,0.293622414259466,0.0791434417330268,0.164414242451946,0.467553985904653,Low,High,Low_High,0,False,000
-66.88_18.49,-0.374316160942818,0.452761768255181,35.5714285714286,0.622941425325567,0.121174536885053,0.0183224247449256,0.089596044250436,0.161903676188627,0.0578726261839686,0.0118758445037791,0.0385383973826391,0.0860385908243684,0.452223841606808,0.077208679127626,0.309475637923954,0.603290120121511,Low,Mid,Low_Mid,0,False,000
-66.89_18.48,-0.396513983278185,0.180573554565151,30.8035160289555,0.565983616355405,0.101884360989911,0.0157694585927498,0.0748663629561183,0.137206622407286,0.0570377874483118,0.0102961431948982,0.0399056091793635,0.0809053065832808,0.511764684978455,0.0771261326296789,0.364027644606335,0.65747455999544,Low,Mid,Low_Mid,0,True,000
-66.8_18.03,-0.424591339177724,-1.4950254593425,24.7727272727273,0.215349592747641,0.0392124694297306,0.0135473206833335,0.0197717243736533,0.0762809752777691,0.0521429329573779,0.0126516174101915,0.0322352451482541,0.0832870355245046,0.808256725390452,0.0970520530295292,0.552636795769873,0.934997282638667,Low,Low,Low_Low,0,True,000
-66.8_18.49,-0.510520731226846,-2.17866286936746,6.31578947368421,0.072292373343564,0.0232373347231542,0.0105569939562651,0.0094700896893257,0.0558895766123808,0.0502620865274196,0.0168381002186954,0.0258241103013863,0.0955578318798658,0.886965244632047,0.0817912751723888,0.613288048287929,0.974890191529295,Low,Low,Low_Low,0,False,000
-66.91_17.97,-0.518974445882099,-1.64148307926285,4.5,0.184702030810416,0.0310839215227073,0.0113894476429733,0.0150579605501699,0.0630738256537313,0.0517344758401816,0.0135106147209556,0.0308200254804514,0.0855881191703941,0.835692704670465,0.0912442553102423,0.580324397815894,0.94925863619893,Low,Low,Low_Low,0,True,000
-66.91_17.98,-0.487936652944935,-1.41780276982338,11.1666666666667,0.23150912860029,0.0370375649483145,0.0122960332565795,0.0191936923339575,0.0702817005205827,0.0523595253325494,0.0122134687993586,0.0329810060629214,0.0821568491382985,0.805511808406317,0.0947079709076989,0.558786792281805,0.93124500751956,Low,Low,Low_Low,0,False,000
-66.91_18.07,0.245374313241307,1.06219635197933,168.675925925926,0.750471042163059,0.352985252353205,0.0456940067020366,0.269319339765737,0.4467509648034,0.0597835971289359,0.0166087193938844,0.0344061995124359,0.101903522500548,0.242965371327941,0.0623484329701401,0.141745751230592,0.384115839339469,Low,High,Low_High,2,True,011
-66.91_18.36,0.451732528227701,0.252587850544521,213.0,0.581053249451953,0.323494962772441,0.0524283264985236,0.230179218090168,0.433345809412983,0.0572575580160247,0.0106711999882852,0.0395931400216931,0.0821289906817448,0.349245942788268,0.065072459917649,0.234418305973099,0.484709265106257,Low,Mid,Low_Mid,0,False,000
-66.91_18.43,0.445214591710897,0.804438931336297,211.6,0.696533005219449,0.3948366231232,0.0518469350449733,0.298947998801124,0.499564906737811,0.0589682541638454,0.0144488614690668,0.0362526347669257,0.09452133379766,0.255527728644071,0.0563047533800895,0.161183344619974,0.380072691121919,Low,Mid,Low_Mid,1,False,100
-66.91_18.48,-0.258755806882127,0.545184550584421,60.3928571428571,0.642281716034829,0.149665053399488,0.0211403952781524,0.112764858618125,0.195973036822599,0.0581586987661722,0.0125019549114569,0.0379792127903837,0.0880784894456474,0.413260141148967,0.0741409422795831,0.278926183116261,0.561877620859577,Low,Mid,Low_Mid,0,True,000
-66.92_18.07,0.478114652224291,1.11529074825713,218.666666666667,0.761581517666679,0.452202535238561,0.0566108276476631,0.345316752430906,0.56368680967803,0.0599528525613011,0.0170765691281601,0.0340185518606479,0.103539177316571,0.206287678356812,0.0559473404287937,0.117412341736107,0.336767530043436,Low,High,Low_High,1,False,100
-66.92_18.12,2.43877203206493,1.60939469827237,639.8,0.864977171779828,0.965261161200569,0.0219780152008174,0.88492463089667,0.990138099655501,0.0615496125855968,0.0217346652049869,0.0304162316296787,0.120587080977729,0.040584278186718,0.023143265426627,0.0130234355559536,0.119413950664229,High,High,High_High,1,False,001
-66.92_18.15,3.11384402844825,1.73021926093659,784.8,0.890260788090157,0.989083696596023,0.0088701300308136,0.94766620837503,0.99779909443498,0.0619460770759423,0.022946234802603,0.0295549919465118,0.125254619454244,0.0230294268299628,0.0161957281786331,0.0057171924376795,0.088118818480111,High,High,High_High,2,False,101
-66.92_18.16,3.14084690830358,0.723012806904902,790.6,0.679493863157899,0.981371723465709,0.0160122465889508,0.904440867390316,0.996601340020616,0.0587128592823276,0.0138100783537079,0.0368144464162547,0.0923877219071934,0.0500808979604723,0.0342295180733965,0.01270506838965,0.177627247251023,High,Mid,High_Mid,2,False,101
-66.92_18.37,0.445493931847331,1.37342193425012,211.66,0.815597768340094,0.476236875600842,0.0598499264759678,0.362298650082833,0.592703505644823,0.0607821385681252,0.019446388943659,0.032127277130047,0.112036311842221,0.177227122583428,0.0575829271832324,0.0903612877899962,0.318371759524256,Low,High,Low_High,0,True,000
-66.92_18.38,0.381897494119083,-2.65744080200449,198.0,-0.0278961750750847,0.0725683337859744,0.0435377836195832,0.0215458345530318,0.217552012827568,0.048983303767942,0.0198693561474352,0.0218378297278042,0.106208105738577,0.859326936556809,0.122338834251892,0.456649461128838,0.977974021774644,Low,Low,Low_Low,0,True,000
-66.92_18.4,0.434351364182889,0.581075358427281,209.266666666667,0.649792187370764,0.360077619086881,0.0503758633424229,0.268249192025633,0.463432684449443,0.0582701474209833,0.0127555445509037,0.0377525353762037,0.0889082990000783,0.293445716460225,0.0578716108994617,0.193757973481547,0.417841500790365,Low,Mid,Low_Mid,0,False,000
-66.92_18.48,-0.22047444111526,1.34154892655566,68.6153846153846,0.808928057484676,0.229648115736473,0.0416141491041135,0.158245927421332,0.320982384955617,0.0606791639648183,0.0191457958935968,0.0323604204715616,0.11093855622287,0.263110234344449,0.0848724320987375,0.131490958377033,0.457132860056961,Low,High,Low_High,0,False,000
-66.93_17.97,-0.480503918320509,-0.527927809389267,12.7631578947368,0.417723393048411,0.0613714294409762,0.0129460133585662,0.040389665824095,0.0922055607492229,0.0549174861142212,0.0088145600359972,0.0399903330194266,0.0749812958933268,0.665390608264774,0.0880722418714377,0.478040588449988,0.811947571493896,Low,Mid,Low_Mid,2,True,101
-66.93_18.38,0.441935381413623,0.890349153729428,210.895652173913,0.71451048473377,0.405552539142788,0.0523272039812681,0.308359696506049,0.510757157250828,0.0592388422077303,0.0151467538394186,0.0356463734365413,0.0968773131847577,0.242816315910828,0.0563300786750528,0.149593159295777,0.368930970740608,Low,High,Low_High,0,True,000
-66.93_18.46,0.105593663515417,0.0839695479259437,138.652173913043,0.545768367203674,0.196874488026735,0.0308653870396179,0.14325103786291,0.26437676665292,0.056744219389842,0.0098484719322392,0.0402556334074629,0.0794275525632149,0.441462357572018,0.0716548711454378,0.308999685968058,0.582815353945334,Low,Mid,Low_Mid,0,True,000
-66.94_18.46,0.18614213406439,0.586165948118963,155.953333333333,0.650857438621998,0.272738523184064,0.0359224034651795,0.208213123079602,0.348460080727117,0.0582859710083663,0.0127919619301702,0.0377199982572576,0.0890276636815921,0.330873169036906,0.0618642657465273,0.22237016026277,0.460937328277028,Low,Mid,Low_Mid,2,True,011
-66.94_18.47,0.0111898547258312,-1.41710483433005,118.375,0.231655177821023,0.0804835754731512,0.0286161077391035,0.0394050117834989,0.157369807082433,0.0523614867559902,0.0122095634913737,0.0329877317905213,0.0821469108717237,0.742941829635388,0.118616250573576,0.461076836615458,0.907092410967352,Low,Low,Low_Low,0,False,000
-66.94_18.49,-0.221787578508755,0.542833322377689,68.3333333333333,0.641789700582621,0.157396703756614,0.0217674813711194,0.119264166615337,0.204885161119602,0.0581514046826701,0.0124855390432712,0.0379938899578171,0.0880248521545717,0.407288556657002,0.0728766375411137,0.275504574034404,0.553914499511923,Low,Mid,Low_Mid,0,False,000
-66.95_17.93,-0.480177204710645,-0.518728860003464,12.8333333333333,0.419648355172008,0.0617119783263903,0.012955550877807,0.0406948400406986,0.0925365242124952,0.054944533693778,0.008805401977997,0.0400295497407186,0.0749827522632125,0.663659702085509,0.0879119078476076,0.476948251360018,0.810239106425223,Low,Mid,Low_Mid,0,False,000
-66.95_17.94,-0.492366413898942,-1.52234676774445,10.2151898734177,0.209632365525799,0.0346807331311696,0.0120746491029148,0.0174093811451172,0.0679024197674314,0.0520665057605407,0.0128092941238459,0.0319709785110305,0.0837010251807244,0.81904073750645,0.093745972730397,0.567134196969046,0.939888245418963,Low,Low,Low_Low,0,True,000
-66.95_18.12,2.02581419703597,0.916240416792908,551.1,0.719928462226526,0.903851775777074,0.0500129941214043,0.752654023856836,0.966712885520659,0.0593206187952832,0.0153615936919539,0.0354615021832453,0.0976080721439059,0.0912551544562721,0.0401940848591303,0.0373852505275468,0.2061267187436,Mid,High,Mid_High,3,False,111
-66.95_18.15,3.11839623807903,0.634952940555035,785.777777777778,0.661066551491841,0.979687678596504,0.0174276150144609,0.896555576036175,0.996288077576828,0.0584378250429437,0.0131464483858237,0.0374036631749758,0.0901923555632838,0.0544489626847507,0.0371023629100059,0.0138303827618206,0.191228467630084,High,Mid,High_Mid,2,False,101
-66.95_18.46,0.11368361735615,1.4460969835364,140.389830508475,0.830805669953567,0.354535666642326,0.0528327185088751,0.258906213585819,0.463400402666872,0.0610175469926472,0.0201395809701548,0.0315970935468258,0.114590277293488,0.204902830474801,0.070119341163188,0.0997961249664827,0.374639274211028,Low,High,Low_High,0,True,000
-66.95_18.48,-0.279440278889537,1.46471859872668,55.95,0.83470240885473,0.225194749367159,0.0450330276423706,0.149122012799042,0.325241171729289,0.0610780030385605,0.0203188992964616,0.0314616316861005,0.115256070700573,0.25194986928694,0.0893368836320035,0.117400632955178,0.460283688904277,Low,High,Low_High,1,True,001
-66.95_18.49,-0.337356885005184,1.27980508355683,43.5099818511797,0.796007608186249,0.191742240411829,0.037241489577675,0.129012935023009,0.27533047208572,0.0604801474388836,0.0185696398061378,0.0328127839411438,0.108850805494699,0.290036031645842,0.0901004938834997,0.147692690205647,0.49059994302148,Low,High,Low_High,0,True,000
-66.96_17.93,-0.476740877635459,-1.13301940213693,13.5714285714286,0.291102585769734,0.0442029021505326,0.0127898823991489,0.0249141957192173,0.0772420695420502,0.0531656470560761,0.0107254534395969,0.0356635899450896,0.0785572144543809,0.764940389662444,0.0954505466272251,0.53482091805151,0.902067247530907,Low,Low,Low_Low,2,False,110
-66.96_17.94,-0.499675947209072,-1.40024120366945,8.64516129032258,0.23518404279533,0.0367143542026226,0.0120833425098646,0.0191366742727043,0.0692970477429407,0.0524089000941101,0.0121155211721835,0.0331501275327166,0.0819083232194117,0.804581887707689,0.0943004823473659,0.559632241541694,0.930260188110539,Low,Low,Low_Low,1,True,010
-66.96_18.07,-0.0548042525068134,0.52663588742694,104.2,0.638400242996548,0.195887109429545,0.025640845278279,0.150427726801223,0.251025194961645,0.0581011796066985,0.0123731233762314,0.0380943967614326,0.0876577897141788,0.381754986459832,0.0677264914935461,0.260277532829957,0.520067940382606,Low,Mid,Low_Mid,0,True,000
-66.96_18.08,-0.0544051951690498,-1.23575492546075,104.285714285714,0.269604262118615,0.0803082180104894,0.0258260539689816,0.0421481181147715,0.14769058804294,0.0528734970450785,0.011234767522736,0.034715377261925,0.079744715136464,0.723140275531489,0.113661430702025,0.461921433026772,0.888230669570973,Low,Low,Low_Low,0,False,000
-66.96_18.13,2.57937323407029,0.522119901361037,670.0,0.63745523267385,0.948957409563715,0.0359498679734652,0.812757553307031,0.987597516229194,0.0580871836755198,0.0123419920209014,0.0381222276050155,0.0875562123832926,0.0851598677827353,0.0477353360693053,0.0272487186531853,0.236256096582197,High,Mid,High_Mid,1,False,001
-66.96_18.14,2.93571097221426,1.09794446987478,746.538461538462,0.7579516543561,0.979059148474058,0.0164161584013932,0.906831981264878,0.99556696397871,0.0598975064469503,0.0169229305155079,0.0341453432435817,0.103000551046137,0.0430258076991671,0.0272869609259192,0.0121180015032325,0.141476377431763,High,High,High_High,3,True,111
-66.96_18.42,0.516911893395745,1.81375837618837,227.0,0.907742092308075,0.569295842415918,0.0704226773031753,0.429488796214248,0.698864117480829,0.062221589277384,0.0237986392302824,0.0289670345536293,0.128596971368932,0.124874849047703,0.0545421182738248,0.0509183578449955,0.275112083459109,Low,High,Low_High,0,False,000
-66.96_18.49,-0.48584554740383,0.772124024182854,11.6158192090395,0.689770822964819,0.121428798757336,0.0218920262081152,0.0846204599789633,0.171252696486787,0.0588667733355043,0.0141926018046084,0.0364772886420977,0.0936628635927141,0.407861144636454,0.0870122054021194,0.253703461920049,0.582568948837859,Low,Mid,Low_Mid,1,True,100
-66.97_17.95,-0.513542832118096,-0.391605702059895,5.66666666666667,0.446250008666378,0.0628278464647055,0.0124961399956557,0.0423534281370258,0.0922465618387614,0.0553195995771081,0.008754967715435,0.0404626980881017,0.0752040434993614,0.645567348983626,0.0854557056145076,0.466949882701205,0.791107799016467,Low,Mid,Low_Mid,0,False,000
-66.97_18.09,0.0799441085446737,0.819426657403611,133.142857142857,0.699669320442897,0.265073401628587,0.0343105545336609,0.203435384178489,0.337474770143585,0.0590153768432964,0.0145689033338283,0.0361477592236632,0.0949246755372784,0.306033776358333,0.0654836234407247,0.194182892059312,0.446604558841039,Low,Mid,Low_Mid,0,True,000
-66.97_18.14,3.33309022271131,0.591228772194495,831.892307692308,0.651916879670654,0.985284937453568,0.0135597764495541,0.914588955064109,0.997617261347969,0.0583017122871575,0.0128282894603406,0.0376875471019514,0.0891467854071662,0.0486499536172193,0.0357091915422262,0.0111465330489344,0.188307578025893,High,Mid,High_Mid,3,True,111
-66.97_18.18,1.51167315703185,0.321973078204013,440.666666666667,0.595572726577003,0.74039059476804,0.0925717138178453,0.525991092580143,0.87994835181155,0.0574700574219302,0.0110632010559963,0.0392557759841216,0.083401930628799,0.191238614612277,0.0646242387302634,0.0944122451569847,0.349087966920986,Mid,Mid,Mid_Mid,1,False,100
-66.97_18.41,0.647852582349406,1.6335063524652,255.125,0.870022750259702,0.596184180330632,0.0680261770440742,0.459037337774688,0.719785977447118,0.061628540892695,0.0219743806179397,0.03024341608075,0.121502843927671,0.130816414452048,0.0511883404844595,0.0586284094154125,0.266705897228387,Low,High,Low_High,2,False,011
-66.97_18.42,0.525339673667734,1.59077859414938,228.810218978102,0.861081586118601,0.540651763890549,0.0660163577171648,0.411435096346976,0.664624066358096,0.0614887383158397,0.0215503058682881,0.030549958712673,0.119885380989214,0.145465818284036,0.0550564894861695,0.0666883879868498,0.288532408770724,Low,High,Low_High,3,True,111
-66.97_18.49,-0.467574790509434,0.386122761233811,15.5402298850575,0.608996619338461,0.102133935686751,0.0165250323530217,0.0739919807797087,0.139368424448389,0.0576671810827388,0.0114503653163873,0.0389160347555724,0.0846574551698713,0.482499983907024,0.0796840910265827,0.332809207592937,0.635398952350071,Low,Mid,Low_Mid,0,False,000
-66.98_18.14,3.57818317755122,1.06505218295943,884.536290322581,0.751068650241712,0.992487519028078,0.0072339272582754,0.951757606708624,0.99887092304159,0.0597926896094647,0.0166336997350209,0.0343853851801634,0.101990516535761,0.0282655219912711,0.0219508402593034,0.0060368920008868,0.122274123184034,High,High,High_High,2,True,101
-66.98_18.17,1.7485949764522,1.57313091935391,491.555555555556,0.857388652923072,0.897241612781768,0.0451716782343503,0.769712293752179,0.958000960556914,0.0614310827414434,0.0213761221576698,0.0306769615954948,0.119224478978108,0.0668232122596554,0.0308400703502376,0.026445306282756,0.158796112874522,Mid,High,Mid_High,2,False,011
-66.98_18.18,1.5107181480184,0.594359868323898,440.461538461538,0.652572089434471,0.769430277846951,0.0820896255107975,0.573998944910407,0.89206485993919,0.0583114494537373,0.0128508101856479,0.0376674325810627,0.089220659324338,0.15919386605429,0.053296633165673,0.079830410504044,0.292386130275666,Mid,Mid,Mid_Mid,0,True,000
-66.98_18.36,0.0402877856044224,1.44846816331057,124.625,0.831301860449035,0.327693399056256,0.0511939000656445,0.236118992005625,0.434578222484976,0.0610252420417556,0.0201623764594732,0.0315798348239643,0.114674797908462,0.213316928287109,0.073335380736358,0.103255496696546,0.389710700906124,Low,High,Low_High,0,False,000
-66.98_18.45,0.149446594871823,0.784223779631873,148.071428571429,0.692302804603949,0.283772553426464,0.0364659601939822,0.217979865872412,0.360274791263068,0.0589047518798646,0.0142881388620489,0.0363934149563161,0.0939825085707464,0.301548344179704,0.0631420901966693,0.193484651974831,0.437246031081929,Low,Mid,Low_Mid,1,False,100
-66.99_17.97,-0.496028648960696,-0.916292663761306,9.42857142857143,0.336454586856684,0.0483713051642257,0.0125285896724596,0.0289524765279661,0.0797450073794157,0.0537869591779175,0.0097908014468469,0.0375254600584138,0.0765349518835678,0.734281143503425,0.0933477322058278,0.519676399317719,0.875899546661459,Low,Low,Low_Low,0,False,000
-66.99_18.12,0.939413849752889,1.11717250869652,317.75,0.761975292805511,0.638512371325421,0.0717217491872864,0.489973020961831,0.764577164625198,0.0599588595010958,0.0170932815134534,0.0340047900611867,0.103597855842919,0.156965056970943,0.046802856424536,0.0851608462427823,0.271353974590916,Mid,High,Mid_High,1,False,100
-66.99_18.13,1.12059696602358,1.73932529913486,356.666666666667,0.892166307719904,0.773760935309108,0.0632429278179411,0.627518381205654,0.874105425285912,0.0619760533940821,0.0230385764320597,0.0294905888864509,0.12561436405455,0.0894309402291556,0.0389808916664806,0.0370115594760908,0.200624636791919,Mid,High,Mid_High,3,False,111
-66.99_18.15,3.20881397982809,1.45536295020136,805.19877675841,0.832744656039966,0.989043377982172,0.0092679042587325,0.944093719949568,0.997931868806233,0.0610476224401634,0.0202287230142965,0.0315296667738403,0.11492099019393,0.0268292113276291,0.0188739143194517,0.0066406464234292,0.102086478671557,High,High,High_High,1,True,010
-66.99_18.16,2.54794746872141,1.58655581808183,663.25,0.860197932600625,0.970430853754012,0.0196005861127959,0.895875547037868,0.992075207041122,0.0614749377573249,0.0215085747654923,0.0305803279666752,0.119726858481514,0.0383158016321721,0.0224752845783698,0.0119110600583984,0.11636192958086,High,High,High_High,2,False,110
-66.99_18.17,2.02177811711982,1.28297387353727,550.233082706767,0.796670705724258,0.920397261539972,0.0410507270184072,0.794063717688255,0.971966384611646,0.0604903463922581,0.0185990075814576,0.03278955147904,0.10895670452948,0.069417942636694,0.0322404464806475,0.027282352855876,0.165553255473758,Mid,High,Mid_High,3,True,111
-66.99_18.18,1.85834414200842,0.199144369979731,515.128787878788,0.569869724950865,0.824522164618887,0.0838581252358217,0.601403542782821,0.93603195325441,0.0570943852253391,0.0103896194726494,0.0398289789019229,0.0812111217950484,0.16925071176652,0.0699572277250105,0.0713511885490956,0.35074246281616,Mid,Mid,Mid_Mid,0,True,000
-66.99_18.2,2.22476644976319,1.3609003262693,593.833333333333,0.812977510299887,0.944138558210099,0.0320925704235706,0.836822216277167,0.982364106412329,0.0607416645581449,0.0193280450334368,0.0322188318134248,0.111603423254969,0.0570257330672459,0.0289224070081581,0.0206391750037546,0.147875294463669,Mid,High,Mid_High,1,False,001
-66.99_18.34,-0.150012682341564,-0.835264596052844,83.75,0.353410432002189,0.086092655587601,0.0218984302831938,0.0517691960193357,0.139817384487693,0.0540210045122023,0.009502585888127,0.0381510566546629,0.0759710620659577,0.668433054826595,0.102029683364391,0.449873427091195,0.832492368250654,Low,Low,Low_Low,1,False,001
-66.9_17.95,-0.4644195559887,-0.404769571076777,16.2179487179487,0.443495351781691,0.0672795907551624,0.0132863534639799,0.0454676339569843,0.098475779143127,0.0552806491171515,0.0087534757053253,0.0404274829256224,0.0751634536964661,0.639923404740742,0.0859453022482105,0.461074245813165,0.786856821265662,Low,Mid,Low_Mid,0,True,000
-66.9_17.96,0.0145327332965345,0.336210653823049,119.093023255814,0.598552066135147,0.196399058037294,0.0267896989165541,0.149104566104738,0.254213100206193,0.0575137529409845,0.0111471427991798,0.039182555350482,0.0836741720101736,0.407056333246355,0.067100227179942,0.284747683195174,0.542084266586445,Low,Mid,Low_Mid,1,False,001
-66.9_17.97,-0.374094462421838,0.960408899216637,35.6190476190476,0.729171110724369,0.156398073818995,0.0273869723222779,0.109865492971097,0.217816452255679,0.0594603674621,0.0157326774865115,0.0351442535484183,0.0988765556486765,0.352664144558718,0.0859380677210582,0.206663439421827,0.532568273526273,Low,High,Low_High,0,True,000
-66.9_17.98,-0.454006702029536,-1.30612384657459,18.4545454545455,0.254878938373324,0.0416003397690747,0.0131210736680483,0.0222659812444538,0.0764113589370063,0.0526742636268737,0.0116028220136564,0.0340509675046021,0.0806328501465892,0.786722246201888,0.0965449689528586,0.544267627296095,0.919311170458172,Low,Low,Low_Low,0,False,000
-66.9_18.02,-0.334842739282375,-0.847528909122678,44.05,0.350844015214659,0.0645373344547036,0.016131545709506,0.0392598278941256,0.104322578948077,0.0539855181133288,0.0095437321520921,0.0380594384796333,0.076049043902285,0.699341952207641,0.0969594196051329,0.48509424189173,0.851696983856391,Low,Low,Low_Low,2,False,101
-66.9_18.46,-0.0195246278682371,-0.42232563705543,111.777777777778,0.439821588547334,0.129330128855472,0.0264197212080323,0.0857434189735528,0.190457947542869,0.0552287428020677,0.0087539290900383,0.0403770022577404,0.0751157374229683,0.566899325260143,0.090722853255432,0.388170825370329,0.72976500769793,Low,Mid,Low_Mid,0,False,000
-66.9_18.48,-0.461813177222823,0.452321344352078,16.7777777777778,0.622849262699571,0.106625156782878,0.017302986114811,0.0771505159128223,0.145583911702378,0.0578712661242008,0.0118729584563431,0.0385409684486328,0.0860292119141401,0.467954575971407,0.0802095887265423,0.318693397590885,0.623179968665323,Low,Mid,Low_Mid,1,True,100
-66_18.22,-0.233920533929646,1.11856108305793,65.7272727272727,0.762265864363131,0.203861188287818,0.03396333699832,0.145234553975216,0.278444319508156,0.059963292457756,0.0171056194492418,0.0339946342102743,0.103641186456104,0.302024353192314,0.0822404353367376,0.16765950668169,0.481746443332774,Low,High,Low_High,0,True,000
-66_18.39,-0.231676363700363,-0.761128562055516,66.2093023255814,0.368924057684138,0.0791764108922921,0.019034288461628,0.0490189762521531,0.125439981897957,0.054235983485744,0.0092741300981039,0.0386789237256373,0.0755584446484105,0.66801051105684,0.0978692234856324,0.458659432434446,0.826946876671358,Low,Low,Low_Low,0,False,000
-66_18.4,-0.470089922006066,0.217346774472877,15.0,0.573678740278394,0.0931139960628845,0.0150674405754817,0.0674892846465052,0.127141513312134,0.057149911403805,0.010483455937407,0.0397511519095677,0.0815174898445049,0.51747327749453,0.0788562270809388,0.36608349599579,0.665721953955882,Low,Mid,Low_Mid,0,True,000
-66_18.43,-0.528751350657306,-1.21405180891535,2.4,0.274145832635178,0.0389180940547992,0.0117169223676088,0.0214452424146446,0.0696144586489425,0.0529350878562541,0.0111242356839904,0.0349181313679534,0.0794827485765189,0.783081337908351,0.0936583854461566,0.550588662412977,0.914070367230377,Low,Low,Low_Low,0,False,000
-66_18.44,-0.501539440767907,-1.85484926548461,8.24489795918367,0.140053255204903,0.028330752104272,0.0113647786261062,0.0128152154013197,0.0614616025296793,0.0511448273959476,0.0148090560852621,0.02878496098196,0.0892770085800619,0.856756899061443,0.0888537455042765,0.591357000508394,0.961120925394889,Low,Low,Low_Low,0,True,000
-66_18.45,-0.52338930436023,-1.63651109592394,3.55172413793103,0.185742462625523,0.0309524743024067,0.0113142435664509,0.0150208398061596,0.0627060210734296,0.0517482925167499,0.0134809450390439,0.0308679410489116,0.0855067832413088,0.83557017074128,0.0911027571245508,0.580788559867627,0.949080588605009,Low,Low,Low_Low,0,False,000
-67.01_17.98,-0.505410333487925,-0.779049557055385,7.41346153846154,0.365173929800495,0.0514282424488838,0.012409543239307,0.031880941240139,0.0819461885021068,0.0541839425589755,0.0093260666682081,0.0385555861231202,0.0756487477433236,0.713178999809994,0.0915533477452287,0.508410561619662,0.85669451721754,Low,Low,Low_Low,1,True,001
-67.01_18.18,1.36779887868039,1.5987131079603,409.763636363636,0.862741953831762,0.825607884933425,0.0583826802776363,0.681367191820719,0.912899669522911,0.0615146771268679,0.0216288059389234,0.0304929305749043,0.120183889053056,0.0844453918665049,0.0358035614479647,0.0358789547264724,0.1860650776108,Mid,High,Mid_High,3,True,111
-67.01_18.21,1.66199483146161,1.56891084122421,472.954545454545,0.856505563972629,0.883076028820698,0.0485326880987984,0.750378210590599,0.949938469756941,0.0614173030848926,0.0213345546534979,0.0307073643569221,0.119067056938219,0.0710438503077109,0.031970386761415,0.0287423816166344,0.165024356231518,Mid,High,Mid_High,3,True,111
-67.01_18.5,-0.44612692010605,0.990130298188424,20.1470588235294,0.735390578283272,0.143493232825178,0.0271088623604688,0.0980672743820282,0.205174384078173,0.0595545792207854,0.0159855358496895,0.034929626152683,0.0997455339510983,0.358970796348871,0.0900968536713936,0.206323243575534,0.546754069912226,Low,High,Low_High,0,False,000
-67.01_18.51,-0.53856232130281,-2.09322416789098,0.292682926829268,0.0901711829047242,0.0233190754456707,0.0102398075119125,0.0097945041922258,0.0544911196808135,0.0504935877892767,0.0162987388303489,0.0265868186439392,0.0938251976969827,0.881880721125221,0.0823484210877788,0.61323456254429,0.972342054697729,Low,Low,Low_Low,0,True,000
-67.02_18.02,-0.488712597768365,-0.0464850660091751,11.0,0.518469576859084,0.0786709287920595,0.013531950293489,0.0559110729742986,0.10961992825695,0.0563500366202776,0.0093552142853832,0.0405822511175484,0.0777477597396891,0.574263049749112,0.0804787715826957,0.414374918356566,0.719995729335148,Low,Mid,Low_Mid,0,False,000
-67.02_18.47,-0.0095368252692267,0.269626380799269,113.923076923077,0.584618713724728,0.184316125817879,0.0256516070189974,0.139220049178795,0.239947767108962,0.0573096718065136,0.0107647685984935,0.0395134177085004,0.0824331963303917,0.424500056973208,0.0684424672617183,0.298714657127526,0.560889316917143,Low,Mid,Low_Mid,0,False,000
-67.02_18.49,-0.133019490708466,-1.26764392466648,87.4,0.262931204896975,0.070032399349815,0.022545691654687,0.036802811324595,0.129239509568001,0.0527831226706844,0.0113997906770437,0.0344155054965828,0.0801399712029725,0.739384375415471,0.110412538271192,0.479943241803033,0.897137195720484,Low,Low,Low_Low,0,False,000
-67.02_18.51,-0.516646611411812,-1.49947752945694,5.0,0.214417957407292,0.0337992320742749,0.0116331576652801,0.0171051906678636,0.0656970334505975,0.0521304717435539,0.0126772219960333,0.0321921881272842,0.0833540025262467,0.818856335123112,0.0928620030784982,0.569935486255744,0.939097693940392,Low,Low,Low_Low,0,True,000
-67.03_17.97,-0.49488696085533,-0.515227293526624,9.67379679144385,0.420381089156997,0.0604399840271741,0.0127034046158793,0.0398407041191771,0.0906840149656049,0.0549548326114937,0.0088021069771116,0.0400442060668879,0.0749838139181005,0.665380875683159,0.0876855121011279,0.47888198659116,0.811418808983304,Low,Mid,Low_Mid,0,True,000
-67.03_18.09,-0.26923106199842,-1.20884755479484,58.1428571428571,0.275234869180916,0.0586220966246098,0.0179255445205188,0.0318955128996532,0.105307897147028,0.052949866963452,0.0110979535877575,0.034966575472027,0.0794207938074318,0.748885778389227,0.103974272753754,0.502258341021088,0.898103133166534,Low,Low,Low_Low,0,False,000
-67.03_18.51,-0.428987016216422,-0.912284143718908,23.8285714285714,0.337293405392331,0.0538326208392164,0.0138942097924454,0.0322583422190564,0.0885159566978642,0.053798515059082,0.0097756650776745,0.0375574809344304,0.076504414512337,0.724106309510716,0.095245045529466,0.507622769821637,0.869818141171196,Low,Low,Low_Low,0,False,000
-67.04_17.96,-0.532046131753713,-2.27167450100505,1.69230769230769,0.0528288606697571,0.0212876883413214,0.0099849812380993,0.0084305665649343,0.0527103689410258,0.0500112089105357,0.0174268956027449,0.0250106240925978,0.097503179614313,0.895830381917451,0.0785691535849409,0.622821879248475,0.978159744088128,Low,Low,Low_Low,0,False,000
-67.04_17.97,-0.50502879533992,-0.700621576008996,7.4954128440367,0.381585683644631,0.0537351032261713,0.0124465547044237,0.0339535432741143,0.0840389524990531,0.0544120385170712,0.0091151885087312,0.039073585835879,0.0752998186398801,0.69981301699171,0.0904928617211848,0.500530914449121,0.844315088850778,Low,Low,Low_Low,1,True,010
-67.04_18,-0.419394860208699,-0.52409097321317,25.8888888888889,0.418526285205295,0.0675708843482933,0.0140958243928164,0.044654864267731,0.10100363675603,0.0549287660006761,0.0088106520627425,0.0400068154010181,0.0749816689961803,0.654819014576832,0.0887374120931531,0.467752037964381,0.803726693731587,Low,Mid,Low_Mid,0,False,000
-67.04_18.03,-0.450823065635638,0.162021669667322,19.1383647798742,0.562101469139249,0.0930715897911501,0.0149455287146854,0.067626957797398,0.126787911411952,0.0569812999996986,0.010205086242568,0.0399792778723053,0.0806066917435496,0.525312814622643,0.0784286400669706,0.373996089106522,0.672119527282452,Low,Mid,Low_Mid,0,True,000
-67.04_18.08,-0.252437399034204,-0.786311201737678,61.75,0.36365436594791,0.0756869347200358,0.018414291191317,0.0466040708034877,0.120622527842245,0.0541628688130945,0.009347721463054,0.0385048115974219,0.0756870776762757,0.675847591526652,0.0979363128521675,0.464702020418517,0.833541125713203,Low,Low,Low_Low,0,True,000
-67.04_18.09,-0.335075522729403,0.448523431433249,44.0,0.622054515581085,0.127949893496406,0.0188031797352621,0.0953925916095798,0.169536437470966,0.0578595391485837,0.011848111035463,0.0385630999179766,0.0859484715257866,0.446094862215664,0.0758736089525896,0.306125678110827,0.595167984947124,Low,Mid,Low_Mid,0,False,000
-67.04_18.51,-0.530225645821821,-0.624301198840062,2.08333333333333,0.397556402598205,0.053886210840917,0.0120527287144944,0.0345948932229626,0.0830100579832628,0.0546348733913633,0.0089530835435666,0.0395193889045978,0.0750798425282253,0.690418138547484,0.088941007612744,0.496625705316817,0.834470380698687,Low,Low,Low_Low,0,True,000
-67.05_17.97,-0.49630946708727,-1.93613546161353,9.36825396825397,0.123043394387438,0.0272836121047112,0.0113121737356845,0.0120183602329381,0.0607460383126682,0.0509218657127285,0.0153136969455493,0.0280247582076294,0.0907793935708592,0.864288852140769,0.0876224054054125,0.595612652379686,0.964958069582297,Low,Low,Low_Low,1,True,100
-67.05_17.98,-0.458342610645008,-0.563268745860639,17.5232273838631,0.410327987196432,0.0622940504291354,0.0133376156943739,0.0407345538924425,0.0941444226142548,0.0548136901100695,0.0088564319708851,0.0398301902906915,0.0749935098763999,0.668273545116261,0.0889992950408608,0.478393911966048,0.815665452410543,Low,Low,Low_Low,2,True,011
-67.05_18,-0.377493839743527,-0.217459242732024,34.8888888888889,0.482691706963141,0.0849433069847962,0.014982196427085,0.0598167857633531,0.119285315552732,0.05583731744431,0.0089239125141995,0.0407138074016383,0.0761327434094891,0.588837417007117,0.0823006628140644,0.423823582212625,0.736026888090011,Low,Mid,Low_Mid,2,False,011
-67.05_18.01,-0.455540956566771,0.189646241876462,18.125,0.567882157014892,0.0937765223110585,0.015055329582849,0.068141486718005,0.12773359766391,0.0570654314460309,0.0103415226535897,0.0398685270896524,0.0810538541378689,0.520519250871704,0.0784911467923175,0.369520535997118,0.667859671104596,Low,Mid,Low_Mid,0,False,000
-67.05_18.02,-0.450536112455653,0.109170692240068,19.2,0.551041931199021,0.0905441710146615,0.014664341703314,0.0656175106444187,0.123686478698187,0.0568206654722371,0.0099588223897134,0.0401725583212854,0.0797944353676367,0.53603465474597,0.0786279379875461,0.383371744226079,0.682230025481828,Low,Mid,Low_Mid,0,False,000
-67.05_18.03,-0.438331608875718,0.0129671877410521,21.8214285714286,0.530910490688686,0.0876275855125999,0.0144230331140405,0.063178088106145,0.120323620321794,0.0565293577238981,0.0095633391757028,0.0404557988026802,0.0784668947839827,0.553382334522338,0.0791558652485184,0.39810203777148,0.698901441776802,Low,Mid,Low_Mid,0,True,000
-67.05_18.04,-0.337144708925214,0.71361450404768,43.5555555555556,0.677527184544125,0.145766904646103,0.0226102788935274,0.106777576631081,0.195871079065943,0.0586834481416685,0.0137378601723598,0.0368783234148095,0.0921478050535411,0.393661998424894,0.0794141620694997,0.252743140659613,0.554815153981858,Low,Mid,Low_Mid,0,False,000
-67.05_18.05,-0.296666253969663,0.265964877312447,52.25,0.583852511495327,0.123217759092155,0.0178451290590819,0.0922848840940111,0.162661000373448,0.0572984690307396,0.010744510095934,0.0395307271994103,0.0823673582452243,0.476346682323102,0.0744091363185602,0.336406550532359,0.620102050090657,Low,Mid,Low_Mid,1,False,001
-67.05_18.08,-0.233814723271906,-0.539718387638399,65.75,0.415256109493192,0.0888194039666379,0.0187071985082858,0.0583494502611072,0.132954135445136,0.0548828367324029,0.0088273554176224,0.0399385672904986,0.0749822407125849,0.627035358469927,0.0917256296245538,0.438015488812096,0.783852300201814,Low,Low,Low_Low,0,True,000
-67.05_18.51,-0.512096753128978,-0.655621811711335,5.97727272727273,0.391002285281494,0.0544810340484742,0.0123416817012009,0.0347751396487705,0.0843774312251391,0.0545433218277769,0.0090142276818738,0.0393438242343595,0.0751553812548733,0.693102251214096,0.0897028434100017,0.497031042080352,0.837698399215744,Low,Low,Low_Low,0,True,000
-67.06_17.97,-0.508542298811553,-0.504776995387577,6.74074074074074,0.422567907156997,0.0595154801850841,0.0124817353687598,0.0392705053682006,0.0892279488040288,0.0549855801693415,0.0087929024153605,0.040087051878755,0.0749886517486706,0.665664542852376,0.0873628086360822,0.479828010557576,0.811228700025143,Low,Mid,Low_Mid,1,True,001
-67.06_17.98,-0.431299932655391,-0.058540349302157,23.3317757009346,0.51594690141486,0.0852526942944249,0.0143085242267353,0.0610746133234667,0.117801451784901,0.0563137405099375,0.0093165475889589,0.0406030597398829,0.0776116412658322,0.566555973254973,0.0799106538971665,0.408546905618749,0.712099368698938,Low,Mid,Low_Mid,2,True,110
-67.06_17.99,-0.208409219484116,0.168595615505332,71.2068965517241,0.563477125881124,0.133114483901738,0.0192135756573033,0.0997472052449807,0.175468154226304,0.0570013105718993,0.0102370840953749,0.0399535082910473,0.0807117147442637,0.48038325786265,0.0733622149904572,0.341966483599612,0.621878368233139,Low,Mid,Low_Mid,0,False,000
-67.06_18.02,-0.440293640786389,0.713484451800289,21.4,0.677499969952565,0.125854544885788,0.0213370559228567,0.0896228988544615,0.173934992584279,0.0586830412518166,0.0137368630940737,0.0368792057958509,0.0921444944359161,0.411540055673515,0.0837462521322144,0.262043221574429,0.579365874507841,Low,Mid,Low_Mid,0,True,000
-67.06_18.44,0.357688015628095,0.0878004421387594,192.8,0.546570015951797,0.271187697819098,0.0464880553795179,0.190061890914153,0.371076359185972,0.0567558339326395,0.0098649448615801,0.0402433972164415,0.0794824607264055,0.396565492388712,0.0711566201306505,0.26843157930722,0.540660530508893,Low,Mid,Low_Mid,1,False,001
-67.06_18.51,-0.513205464803561,0.254073754993082,5.73913043478261,0.581364188197543,0.0890091379536595,0.0148702636039507,0.0638507261161803,0.122780324518172,0.0572621010086866,0.0106792883877926,0.0395862719335687,0.08215529974967,0.517715414486195,0.080119154347996,0.364005532754117,0.668144195507442,Low,Mid,Low_Mid,0,True,000
-67.07_17.97,-0.511804715713615,0.152828192840728,6.04,0.560177652197429,0.0845196721239545,0.0141817181840141,0.0605575439855407,0.116784732912767,0.0569533268511663,0.010160837433275,0.0400146893772296,0.0804612873151514,0.538113644308558,0.0798456288340496,0.382987743867998,0.686194487460816,Low,Mid,Low_Mid,3,True,111
-67.07_18.02,-0.452338090793803,0.502333566667574,18.8129496402878,0.633314765838746,0.110962040098278,0.0180082805883909,0.0802659073467541,0.151464080656752,0.058025899210822,0.0122066956102725,0.0382431494955446,0.0871151101593304,0.456085707737611,0.0805289182410684,0.307389111560455,0.613045506697688,Low,Mid,Low_Mid,0,True,000
-67.07_18.24,0.742711837013613,1.73502612815878,275.5,0.891266667886619,0.646782615133309,0.0690500925834274,0.503132657093556,0.768048098200631,0.0619618991940654,0.0229949621453214,0.0295209857607078,0.125444380795683,0.114546258388985,0.0480142520970218,0.0486625999936839,0.246515249102956,Low,High,Low_High,2,False,011
-67.07_18.51,-0.492945024077978,-0.582720850269279,10.0909090909091,0.40625746102649,0.0584211945583966,0.0127055224862907,0.0379578311007329,0.0888971135332104,0.0547566383376208,0.0088839381910834,0.0397357527799188,0.0750121520113646,0.677260686093265,0.0888558460257447,0.486116937899242,0.823169313535017,Low,Low,Low_Low,0,False,000
-67.09_18.01,-0.415256487817077,0.954636406875043,26.7777777777778,0.727963165267742,0.147239562077106,0.0266728236633278,0.102222138410009,0.207500017486287,0.0594420858456789,0.0156838579184296,0.0351858377356521,0.0987092157875943,0.360544828556442,0.0877949310517363,0.210924812541494,0.543231642703867,Low,High,Low_High,1,False,001
-67.09_18.44,0.269695872651235,-0.53832019219223,173.9,0.415548694348525,0.182690841276667,0.0435743586988187,0.11202757347324,0.283686424236648,0.0548869445815044,0.0088257762653632,0.0399447935797292,0.0749819641463107,0.538921070543442,0.101262528529387,0.344631139663755,0.722064079192512,Low,Low,Low_Low,0,False,000
-67.09_18.52,-0.532165507880394,-2.18445196325066,1.66666666666667,0.0710809538664334,0.0223681126069297,0.0101657216610835,0.0091154301633153,0.053841571078861,0.0502464370467618,0.016874707041065,0.0257729577113807,0.0956771248451419,0.888986122232079,0.0806126732585512,0.617623016717506,0.975430702757979,Low,Low,Low_Low,0,False,000
-67.11_18.01,-0.448799163898663,1.241805493131,19.5730824891462,0.788055855305121,0.161871382910831,0.0340203043060579,0.105660991637851,0.239961638893381,0.060357968594013,0.0182192040195473,0.0330914558076951,0.107591415858518,0.313479437952325,0.0954720526485037,0.160651752175159,0.521382422707063,Low,High,Low_High,0,True,000
-67.11_18.02,-0.449656708322433,0.994968699425095,19.3888888888889,0.736403056853241,0.143125674868429,0.0271786020708642,0.0976230348391958,0.205018688175538,0.0595699293538834,0.0160269333836189,0.0348946095493868,0.0998881630162123,0.358644158154982,0.0903812864468712,0.205644310402243,0.547079078629208,Low,High,Low_High,0,True,000
-67.11_18.03,-0.424891136041321,0.354486119926844,24.7083333333333,0.6023763702557,0.106988296346411,0.0166951481911646,0.0783941801708999,0.144378156369072,0.0575698865802617,0.0112565726253611,0.0390867047588142,0.0840290196924927,0.481295247851043,0.0780814622072614,0.334509465366261,0.631382271801886,Low,Mid,Low_Mid,0,False,000
-67.11_18.23,0.368031697491719,0.834413899895984,195.021739130435,0.70280553447398,0.368965424859159,0.0478145757201305,0.281069821230495,0.466511635485546,0.059062533293822,0.0146896781524217,0.0360424852046549,0.0953312665421608,0.261472280894296,0.0578634960114024,0.164429781524137,0.389115914818982,Low,High,Low_High,1,True,010
-67.11_18.47,-0.038903352432851,0.920431970489059,107.615384615385,0.72080558218509,0.239281040426818,0.0327150757372494,0.181104042371386,0.309092558494633,0.0593338676047985,0.015396563418903,0.035431492640671,0.0977272689528183,0.306642173917113,0.0707690814893179,0.18720916809708,0.459220249629121,Low,High,Low_High,0,False,000
-67.11_18.51,-0.417120707455755,1.38562538240816,26.377358490566,0.818151448602512,0.181171728921785,0.0393224459639005,0.116299164066143,0.271128349980512,0.0608216084488912,0.0195620381094111,0.0320381007444134,0.112460223998727,0.284059101967451,0.0960494972995818,0.135862603113488,0.500314270643029,Low,High,Low_High,0,True,000
-67.12_18.19,0.466216831598378,-1.31772626737608,216.111111111111,0.252451028440548,0.164016669574569,0.0605009786000808,0.0763180072698692,0.317816983382591,0.0526414822001841,0.0116648320891601,0.0339405517989283,0.0807847976269231,0.657572316156438,0.141206223446023,0.359712471355136,0.86779489172933,Low,Low,Low_Low,0,False,000
-67.12_18.23,-0.345244483836448,0.3379523167274,41.8157894736842,0.598916524616474,0.11916488822703,0.0175929121463864,0.0887601797263815,0.158176801716306,0.0575191002942568,0.011157490539587,0.0391735100993995,0.0837077285169144,0.470374050807444,0.0756438629077229,0.328766537969826,0.616917180239609,Low,Mid,Low_Mid,1,True,010
-67.12_18.51,-0.490503239668586,1.02724633547273,10.6153846153846,0.743157439796888,0.137285000702959,0.0274014349556073,0.0918313004359483,0.200275446357394,0.0596724270497776,0.0163047468088135,0.0346605171366137,0.100847983002665,0.359329546473377,0.0931840915625651,0.202358145679712,0.553561200354397,Low,High,Low_High,0,True,000
-67.13_17.95,-0.499229922182313,0.804994068938403,8.74096385542169,0.696649172709085,0.121120622321686,0.0223680615308133,0.0836542702689496,0.172213509909134,0.0589699989343117,0.0144532944834635,0.0362487576422016,0.0945362150121541,0.40369678478786,0.0883774786122969,0.247936960370827,0.581631674273414,Low,Mid,Low_Mid,2,True,110
-67.13_17.96,-0.433287967523429,0.525153639655472,22.9047619047619,0.638090069443222,0.115445043086364,0.0185101805657988,0.0838185472383025,0.156960456044446,0.0580965854798062,0.0123628951497062,0.0381035407972089,0.0876244129770463,0.448063244768697,0.0801499094553554,0.30075259737789,0.605089800674735,Low,Mid,Low_Mid,1,False,001
-67.13_17.99,0.21284229466653,0.435862705023062,161.688311688312,0.619405145769958,0.264178754702977,0.0365726149427551,0.198911277276448,0.341726529398251,0.0578204621995279,0.0117657991856176,0.0386363577679291,0.0856810928309788,0.354244405011925,0.0625857295082095,0.242933123375445,0.483954855441415,Low,Mid,Low_Mid,1,True,100
-67.13_18,0.0965714976181544,0.438389032743897,136.714285714286,0.619933802355666,0.228933074863707,0.0307131593997024,0.174313570001616,0.29456152814611,0.057828257654755,0.011782159549889,0.0386218043715773,0.0857342267450649,0.373127723831616,0.0645079386245459,0.257432143454716,0.505428294739228,Low,Mid,Low_Mid,3,True,111
-67.13_18.11,-0.477849370240357,1.17836356555578,13.3333333333333,0.774780066678787,0.150694974453252,0.0316392346894848,0.0985286833485496,0.223629226652108,0.060154500408247,0.0176414683278413,0.033556695712033,0.105532249357064,0.329362677168037,0.0958218770040566,0.173456334538069,0.534741152070113,Low,High,Low_High,0,False,000
-67.13_18.17,-0.34988901481305,0.715620077017086,40.8181818181818,0.67794686855806,0.143316597841109,0.0224771617166385,0.104627910346621,0.193224063701403,0.0586897232416186,0.0137532442542831,0.0368647106058961,0.0921988912603632,0.395460905234896,0.0799743741124872,0.253494134620749,0.557552282417545,Low,Mid,Low_Mid,0,False,000
-67.13_18.21,-0.4149978395426,0.995977777417224,26.8333333333333,0.736614215414196,0.150343461361691,0.0276909044214431,0.103699265423039,0.212982817643155,0.0595731311844611,0.0160355752682387,0.0348873040655682,0.09991795024214,0.352738467695928,0.0886828148955014,0.202891091438962,0.538492409952571,Low,High,Low_High,0,False,000
-67.13_18.22,-0.376976543194575,0.759137745388932,35.0,0.687053328416653,0.140968899904829,0.0229406733769394,0.101692091616421,0.192170456487411,0.0588260377239596,0.0140906264047575,0.0365669662470812,0.093322200491097,0.391612775455501,0.0819313309475245,0.247025462380177,0.558102316641001,Low,Mid,Low_Mid,0,False,000
-67.13_18.26,-0.48405692882779,0.639413989577971,12.0,0.662000065748796,0.113716383487825,0.019619897920589,0.0805514905837255,0.158186787396178,0.0584517289733633,0.0131793459746603,0.0373743507250943,0.0903007112685657,0.434016873267501,0.0841089185910169,0.281593760809273,0.600034299561233,Low,Mid,Low_Mid,0,False,000
-67.13_18.27,-0.482893011592646,0.411469506080662,12.25,0.614300651542612,0.101178833629233,0.0166289790607128,0.0729265351544438,0.138738325240681,0.0577452431621092,0.0116095004268816,0.0387751789180186,0.0851737082355541,0.480073048190548,0.0804553913271525,0.329264790967079,0.634602282400604,Low,Mid,Low_Mid,0,False,000
-67.13_18.29,-0.451001679349711,-0.817003101841664,19.1,0.35723181237972,0.0548217142227219,0.01344692280643,0.0337018286414453,0.0879718427994971,0.0540738843220372,0.0094430376752364,0.0382852995960425,0.0758599738755279,0.711520595095581,0.0933773924773118,0.502786163677016,0.857467906916963,Low,Low,Low_Low,1,False,001
-67.13_18.46,0.0187553167542649,0.78864546698636,120.0,0.693228082081061,0.242605024175929,0.0316494651026683,0.186025956867929,0.309841994696677,0.0589186363403046,0.0143231761550072,0.0363626903381064,0.0940998551754418,0.320931004371128,0.0671638261694127,0.205294546426729,0.463697152828673,Low,Mid,Low_Mid,0,True,000
-67.13_18.5,-0.23935496931119,-0.969338533809693,64.56,0.325354265898948,0.069945957372106,0.0189091466035063,0.0408075852105671,0.117345024826396,0.0536342572812891,0.0099991340331626,0.0370922529661193,0.0769638358475594,0.705814720966352,0.102110220165302,0.477839883089656,0.862828570221557,Low,Low,Low_Low,0,False,000
-67.14_17.95,-0.52695559263737,-1.44164476184731,2.78571428571429,0.226519979332005,0.0343493127801282,0.011511730211957,0.0176980894283913,0.0656202694996015,0.0522925633317938,0.0123474877096609,0.0327510581653717,0.0824993614569769,0.81286008729447,0.0928701281011612,0.567613775552553,0.934946721753672,Low,Low,Low_Low,2,False,110
-67.14_17.98,-0.174842916691295,0.0404501037147845,78.4166666666667,0.536661535734882,0.130894508808181,0.019853755211327,0.0966399931375477,0.174939417481682,0.056612433450736,0.0096690982194564,0.0403844406598373,0.0788257896018075,0.500554992983327,0.075137478368894,0.357358451199055,0.643660550344894,Low,Mid,Low_Mid,0,False,000
-67.14_18.08,-0.31814581749095,0.991520523146021,47.6363636363636,0.735681495242853,0.171501070569171,0.0289986048554589,0.121849432444965,0.2359487720196,0.0595589894177717,0.0159974240118063,0.0349195668748757,0.0997864823971822,0.337807641744506,0.0839114220266913,0.196502889319295,0.515529387731967,Low,High,Low_High,1,True,001
-67.14_18.19,-0.418360267110793,-0.314904707271711,26.1111111111111,0.462300375248165,0.0757840579741249,0.0141569815536246,0.0522914125849504,0.108621411474153,0.0555470638053893,0.0087951302538658,0.0406225555988832,0.0755231144592591,0.614988462588984,0.0843485194589885,0.442782287953706,0.762518716799029,Low,Mid,Low_Mid,0,False,000
-67.14_18.2,-0.456413894493128,-1.19034795271851,17.9375,0.279106075750823,0.044206126585092,0.0131705512189319,0.0244916035843421,0.0785126455148749,0.0530024339105194,0.0110052464075525,0.0351381965947519,0.0792033039982844,0.770697152374646,0.0963861130683918,0.53575696604584,0.907310651868132,Low,Low,Low_Low,0,True,000
-67.14_18.21,-0.4673256185726,-0.616579677297002,15.59375,0.399172199781508,0.0596691429100905,0.0131587343829468,0.0385283223679111,0.0913084766321696,0.0546574659847061,0.0089391932701045,0.0395610319407533,0.075064436415728,0.679284581518325,0.0898264396943864,0.485593237615097,0.826154518283143,Low,Low,Low_Low,0,True,000
-67.14_18.26,-0.48405692882779,0.821553569293797,12.0,0.700114395707161,0.124855699156049,0.0228722174771554,0.0864715733593324,0.17697741993669,0.0590220668934034,0.0145859984705055,0.0361328432665323,0.0949821785392163,0.397819503312616,0.0880583552357162,0.243237294446253,0.57588285943437,Low,Mid,Low_Mid,0,False,000
-67.14_18.4,-0.400254887897448,-1.24269101558822,30.0,0.268152823457388,0.0469002712709623,0.0143881940319994,0.02551687389284,0.0846466274952606,0.0528538275343113,0.011270401330129,0.034650342890346,0.0798296482040898,0.771125317440595,0.0987269943465738,0.529539514350286,0.909788623808867,Low,Low,Low_Low,0,False,000
-67.14_18.5,-0.231616212938857,-0.339581246009814,66.2222222222222,0.457136589643949,0.0990404023942953,0.0184902244228132,0.0682383990041474,0.141632635692946,0.0554737872580923,0.0087763283836073,0.0405795973312055,0.0754050346682677,0.587618342904181,0.0857034909072648,0.416037583884746,0.740259510285168,Low,Mid,Low_Mid,0,True,000
-67.14_18.51,-0.468020735810255,0.0287734998751016,15.4444444444444,0.534218102340376,0.08450670286023,0.014077411517259,0.0606956402661458,0.1165003428432,0.0565771232439671,0.0096234420788741,0.0404157254423098,0.0786712888557205,0.555464859929665,0.0794867108173721,0.399355332569068,0.701343653124858,Low,Mid,Low_Mid,0,True,000
-67.15_17.98,-0.320526557290108,-0.675104066581019,47.125,0.386925449858932,0.0724410387900065,0.016421636306801,0.0461422079175019,0.111969429261092,0.0544864472657505,0.009056073119161,0.0392293712478052,0.0752127822841795,0.666575354591742,0.0937302486913223,0.466590825366839,0.820436664123139,Low,Low,Low_Low,0,False,000
-67.15_18.01,-0.511189556833926,0.833478084869629,6.17213114754098,0.702609706841402,0.120790932802205,0.0227908893861442,0.0827485868702437,0.173023576719827,0.0590595877751094,0.01468211552485,0.0360490699682684,0.0953057834713653,0.400161660353777,0.0896069642276513,0.242969092086937,0.581001671370688,Low,High,Low_High,0,True,000
-67.15_18.02,-0.508684359416852,0.17537426976045,6.71022727272727,0.564895619683275,0.0859442296397381,0.014357507009292,0.0616642779515348,0.118576176190127,0.0570219511743273,0.0102703876512807,0.0399265497958689,0.0808209200702011,0.532965017383904,0.0797787040474606,0.378449976651956,0.68140491389263,Low,Mid,Low_Mid,0,True,000
-67.15_18.03,-0.418877563659746,0.0678350830886408,26.0,0.542392086674917,0.0928807788874231,0.0149086264337737,0.0674981922901693,0.126513455637681,0.0566953272724366,0.0097802963279838,0.0403055941478424,0.0791997189798308,0.538781161410031,0.0783115203165298,0.386456933978547,0.68419190660945,Low,Mid,Low_Mid,0,False,000
-67.15_18.08,-0.410949750039239,-0.0559198500855391,27.7028301886792,0.516495264225149,0.0880249544359543,0.0146327205180735,0.0632540895784243,0.121240799038723,0.0563216284523175,0.0093248495949685,0.0405986784800782,0.0776409485940312,0.562428136488446,0.079638754403865,0.405350212211763,0.707912288135103,Low,Mid,Low_Mid,0,True,000
-67.15_18.19,-0.520637184789448,0.360264177700685,4.14285714285714,0.603585480328613,0.093115583555691,0.0157271317092106,0.0665335284769757,0.128851950290701,0.0575876447572181,0.0112915579867014,0.0390559753145538,0.0841424626236438,0.497331265543454,0.0811520362973028,0.343685423622487,0.651482788134475,Low,Mid,Low_Mid,0,True,000
-67.15_18.2,-0.522499452365677,-1.43641520262507,3.74285714285714,0.227614311195755,0.0346954130997927,0.0116015961453634,0.017902098175997,0.0661803760814851,0.0523072440054846,0.0123179914814048,0.0328015251555417,0.0824237351540571,0.811718450209129,0.0930986817748646,0.566426565355141,0.934327326929035,Low,Low,Low_Low,0,True,000
-67.15_18.21,-0.521302280352387,-1.27407963515196,4.0,0.261584475134325,0.0380778175319679,0.0118004552060434,0.0206182339722504,0.069276427110549,0.0527649013731256,0.0114334578433837,0.0343547288765566,0.0802212053107801,0.790424277412498,0.0938765885192675,0.553980269434239,0.919694512299254,Low,Low,Low_Low,0,True,000
-67.15_18.23,-0.315457295118177,0.307842034162995,48.2138364779874,0.592615679700778,0.122512101744799,0.0178138833063884,0.0916517873678598,0.161911288091919,0.0574267196768224,0.010981042498298,0.0393271515970259,0.0831354014242867,0.471173055814453,0.0747963105019355,0.330973857926986,0.616072793221216,Low,Mid,Low_Mid,0,True,000
-67.15_18.25,-0.488712597768365,0.760534523019856,11.0,0.687345616581513,0.120210219453175,0.0216432540146007,0.0838201839531185,0.169476338998142,0.0588304178944905,0.0141015665378193,0.0365573380989897,0.0933587218663001,0.410653338658666,0.0868806610186772,0.256381062661029,0.584757251296533,Low,Mid,Low_Mid,0,False,000
-67.15_18.41,-0.347878612315983,0.905524926303393,41.25,0.71768615036427,0.157881090966741,0.0264418974338774,0.112657891874347,0.216822001293714,0.0592867614976332,0.0152724338499797,0.0355381200304137,0.0973044824923345,0.358634667942356,0.0835744681757818,0.215272361117544,0.532664081136079,Low,High,Low_High,0,False,000
-67.15_18.42,-0.0285773174749099,-0.337601048849287,109.833333333333,0.457550963543772,0.133258769429133,0.0257605886680373,0.09033218676698,0.19227274492942,0.0554796640593835,0.0087776309191729,0.0405833416297318,0.0754139689990772,0.55141293299806,0.087221933465932,0.381135003609562,0.710434620973205,Low,Mid,Low_Mid,0,False,000
-67.15_18.43,-0.430516736011182,-0.72143614070194,23.5,0.377230050520384,0.0596427892273988,0.013877100207555,0.0375851888829165,0.0933891934314122,0.0543514144279337,0.009166939495866,0.0389417337369047,0.0753805989514333,0.692070692354434,0.0923509528643797,0.490117620775433,0.840126608687411,Low,Low,Low_Low,0,False,000
-67.15_18.47,-0.212165862698234,-1.49011277517114,70.4,0.21637761568357,0.0548827952308684,0.0194091121433989,0.0271330768851996,0.107866225083244,0.0521566866831899,0.0126234050348544,0.0322827526876125,0.0832133648425695,0.782759330181016,0.107291973929327,0.511291059266002,0.925426328441499,Low,Low,Low_Low,0,False,000
-67.15_18.49,-0.216497045621739,0.423869494756032,69.469696969697,0.616895459659499,0.149527249006075,0.0205674330943925,0.113517427239728,0.194454363017564,0.0577834683673676,0.0116885725771703,0.0387050001058302,0.0854303468671579,0.430055779568729,0.0721061451325492,0.297713792507493,0.573210298488229,Low,Mid,Low_Mid,0,True,000
-67.16_17.96,-0.502679604590088,-0.305434217651131,8.0,0.464282159585371,0.0669580128835067,0.0127636525131098,0.0458779174337302,0.0967419487448189,0.0555752104408166,0.0088038306754032,0.0406369047747006,0.075572327808466,0.627443085372734,0.0840852442616249,0.454189829861478,0.773167227838061,Low,Mid,Low_Mid,0,True,000
-67.16_17.99,-0.331084949351768,-0.258641115132574,44.8571428571428,0.474074033223986,0.0891082218522276,0.0159245121786783,0.0624383998812024,0.125643134370054,0.0557144783334435,0.0088588958069916,0.0406904373255061,0.0758472197174733,0.588911569788121,0.0831791946251841,0.42215355187687,0.737472784457424,Low,Mid,Low_Mid,0,False,000
-67.16_18,-0.465434253065492,0.520726240638088,16.0,0.637163596749756,0.109896145468674,0.0181058969582565,0.0791039944471473,0.150712850693714,0.0580828650849966,0.0123324034435109,0.0381307992237049,0.0875249324209953,0.454689709921795,0.0812836522814266,0.304858355609323,0.613201304774082,Low,Mid,Low_Mid,1,False,010
-67.16_18.01,-0.516379686392552,1.38207949497519,5.05733333333333,0.817409440062543,0.15789983218339,0.0371923551239812,0.0977780912113858,0.244952517380402,0.0608101374372279,0.0195284029550126,0.0320640067027775,0.112336844455645,0.299416774765362,0.101721214948489,0.141788432649501,0.525069280751565,Low,High,Low_High,1,True,001
-67.16_18.02,-0.509954087309736,0.839343945060681,6.4375,0.703837190352456,0.121371064876436,0.0229233419284442,0.0831099110621701,0.17390556480573,0.0590780530999345,0.0147295661080978,0.0360077710315075,0.0954657250240937,0.398796592100254,0.0896885826507615,0.241648130796886,0.579982402862847,Low,High,Low_High,0,False,000
-67.16_18.03,-0.488195301219412,-0.669348822381068,11.1111111111111,0.388129785988236,0.0561192736801196,0.0127600233751925,0.0357548353691941,0.087035499277698,0.0545032427358604,0.0090434119397663,0.0392635921207686,0.0751950034129441,0.69183165001566,0.0903417871809981,0.494545175534678,0.837427822560251,Low,Low,Low_Low,0,False,000
-67.16_18.08,-0.404910556838022,-0.964079485729804,29.0,0.326454768568914,0.0543171966928292,0.0144215177570479,0.0320669560563751,0.090561693525581,0.0536493780982033,0.0099778311982302,0.0371359549789062,0.0769192935930007,0.729085633258965,0.0966014142428581,0.507855520258541,0.875288683197438,Low,Low,Low_Low,0,False,000
-67.16_18.19,-0.520991902423015,-0.68861070988576,4.06666666666667,0.384099064400318,0.0527627078051146,0.0121735666089589,0.0334027913778094,0.0823870383330852,0.054447050119952,0.009086762161758,0.0391477297859691,0.0752571909877399,0.700161188843189,0.0900154147128567,0.501919737210156,0.84402048772657,Low,Low,Low_Low,0,False,000
-67.16_18.21,-0.534514313832396,-1.25218569926929,1.16216216216216,0.266165976297451,0.0377494666252093,0.0115758661047835,0.0205746880215662,0.0682617339101397,0.052826913511629,0.0113194164550923,0.0345611432892406,0.0799468515644281,0.789027537886507,0.0934001080128314,0.55462243982674,0.918248357625639,Low,Low,Low_Low,0,True,000
-67.16_18.22,-0.524627758167083,-2.01361791719498,3.28571428571429,0.106829500171677,0.0249510655460208,0.0106400616563132,0.0107423557258612,0.0568729130398741,0.0507101939164022,0.0157982279998486,0.0273100294522373,0.0922586888067174,0.873821318769701,0.084705955619363,0.605736359069964,0.968959463481831,Low,Low,Low_Low,0,False,000
-67.16_18.24,-0.433620515304899,-0.823683696076462,22.8333333333333,0.355833838510557,0.056117271486339,0.0138077051103296,0.0344402923976901,0.090163861353747,0.0540545336661284,0.009464580988116,0.0382364964532014,0.0758999103855981,0.710073170500238,0.0939166907021957,0.50040303192819,0.856910939802025,Low,Low,Low_Low,0,False,000
-67.16_18.27,-0.499886203225744,0.101492739640206,8.6,0.549435251205291,0.083727765786239,0.01402285981379,0.0600303938631472,0.115629069153016,0.0567973646411947,0.0099247085515468,0.0401985089812189,0.0796812443470729,0.546413574710965,0.0796706302946064,0.390825194811792,0.693434537591617,Low,Mid,Low_Mid,0,False,000
-67.16_18.28,-0.5199329659581,0.268900267767062,4.29411764705882,0.584466768102915,0.0888113994103973,0.0149195386023863,0.0635908101241347,0.122723733926977,0.0573074500196911,0.0107607446013733,0.0395168580025484,0.0824201197790273,0.515894107943639,0.0803883811901963,0.361866313498424,0.66696026759812,Low,Mid,Low_Mid,0,False,000
-67.16_18.38,-0.500437986211293,0.847222756842357,8.48148148148148,0.705485901919679,0.123548124089643,0.0231967307500427,0.0847790550799781,0.176624679099717,0.0591028635727114,0.0147934739426534,0.0359522096823785,0.0956813343930102,0.395612773294205,0.0894260082521785,0.239246137304563,0.576704274624539,Low,High,Low_High,0,True,000
-67.16_18.41,-0.501446051281047,-0.937496324401516,8.26495726495727,0.332017531938543,0.0474014768330404,0.0124161578766382,0.0282097693976452,0.0785937621956365,0.0537258715672486,0.0098723096735036,0.037354365746225,0.0767009060866294,0.738407302668277,0.0933878671759436,0.522515899129691,0.87924386433417,Low,Low,Low_Low,0,True,000
-67.16_18.42,-0.502679604590088,-0.808127445293487,8.0,0.359089122596434,0.0508246636888846,0.0124481281658809,0.0312812236257349,0.0815502889050025,0.0540996031822233,0.0094148517132805,0.0383495805087409,0.0758081802498364,0.7176244673515,0.0919817885573846,0.510759667993799,0.860850477680604,Low,Low,Low_Low,0,True,000
-67.16_18.43,-0.531075631181837,-2.4115747863106,1.90076335877863,0.0235534794279391,0.0196852305537432,0.0096974817381723,0.0074436298173002,0.0510241182894063,0.0496360929835202,0.0183137774109289,0.0238217576745538,0.100542832980803,0.905982408853054,0.0751725077692061,0.630836778327538,0.981930013760787,Low,Low,Low_Low,0,True,000
-67.16_18.45,-0.376976543194575,-1.12464821471399,35.0,0.292854331327064,0.0519264812515879,0.0150290941713006,0.0292285288054835,0.0906057972048501,0.0531895193017336,0.0106855978780688,0.035739403373448,0.078466497604856,0.75050492039883,0.0990876262415279,0.516027542282309,0.89458753698603,Low,Low,Low_Low,0,False,000
-67.16_18.46,-0.474780077383238,-0.111503413377856,13.9925925925926,0.504863908344728,0.0775953821844519,0.0135340194616456,0.0548839687374414,0.108624798811553,0.0561545393462155,0.0091612116175868,0.0406743483034151,0.077053101398401,0.584786762322972,0.0810754571237798,0.422630702006888,0.73044735677176,Low,Mid,Low_Mid,0,True,000
-67.16_18.47,-0.310633260791387,0.303455262224843,49.25,0.591697708585639,0.123092513552293,0.0178605591141659,0.0921406435754762,0.162579770101042,0.0574132723634926,0.0109557746341092,0.0393490405401352,0.0830534110917247,0.471202620186975,0.0746719959027799,0.331217592973574,0.615868597040214,Low,Mid,Low_Mid,0,False,000
-67.16_18.49,-0.476011417985783,0.986783507734991,13.7281105990783,0.734690232560269,0.137319646471364,0.026614573314133,0.092955580617318,0.198229651235333,0.0595439634848104,0.0159569386605266,0.0349538355654196,0.0996470661848388,0.364569177667875,0.0915148876596682,0.209183275967784,0.554453577047669,Low,High,Low_High,0,True,000
-67.17_17.97,-0.524503052749032,-1.00759714238633,3.3125,0.317348311161856,0.0439674828058633,0.011949335327976,0.0256678906939006,0.0743183985281449,0.0535243770630241,0.0101581942524725,0.0367697149509719,0.0773008654373887,0.752441658407997,0.0932099342615343,0.5326842313991,0.890165308244597,Low,Low,Low_Low,1,True,010
-67.17_17.98,-0.455215966689425,0.602908321407149,18.1948051948052,0.654360929410697,0.116386408813195,0.0193658276414889,0.0834642080375546,0.160027302240363,0.0583380414306248,0.0129125046725963,0.0376123431439966,0.0894231373233497,0.436259110912954,0.082248763699559,0.286625655152616,0.598474419776589,Low,Mid,Low_Mid,2,True,101
-67.17_18,-0.478470126099101,0.324272412871776,13.2,0.596053882843799,0.0972899765789227,0.0158199046390843,0.0703873196712096,0.133003912658494,0.0574771120332717,0.0110766788541799,0.0392440388863048,0.0834456461465138,0.4971090502832,0.0795213402980236,0.346373000277484,0.648372446733205,Low,Mid,Low_Mid,3,False,111
-67.17_18.01,-0.501550957574191,-0.31691034352438,8.24242424242424,0.461880677991644,0.0666571044471914,0.012765607022311,0.0455913549612873,0.0964725288369197,0.0555411047041733,0.0087933933753968,0.040619364648702,0.0755129695806024,0.629446696087824,0.0842712028147799,0.455544278242671,0.775212458807271,Low,Mid,Low_Mid,1,False,001
-67.17_18.02,-0.502474959801492,-1.45434517746485,8.04395604395604,0.223862304200601,0.0354578922538939,0.0119636987519252,0.0181829387672462,0.0680083105866241,0.0522569263116972,0.0124193500721828,0.0326284354214522,0.0826841821502089,0.811758763427456,0.0938413172460998,0.564102365598407,0.934937387372368,Low,Low,Low_Low,0,True,000
-67.17_18.03,-0.48098616846273,-0.694646991688228,12.6595744680851,0.382835918648583,0.0559676662703146,0.0128856321327083,0.0354551325899543,0.087273911734273,0.0544294517415989,0.0091009156440912,0.0391106472833045,0.0752782470697585,0.695130149693097,0.0908749035089357,0.495941329680134,0.840863002142697,Low,Low,Low_Low,0,True,000
-67.17_18.11,-0.305811317960077,0.0993389928241562,50.2857142857143,0.548984560493685,0.111607392122182,0.0168995678585083,0.0825277677831455,0.149266518647055,0.056790830124847,0.0099152165782303,0.040205688369959,0.0796497149493128,0.512067163687167,0.0759877099070705,0.366374543262989,0.655737909921659,Low,Mid,Low_Mid,0,False,000
-67.17_18.17,-0.526345921704676,0.151154076957623,2.91666666666667,0.559827328532156,0.0826113706081318,0.0140151326418998,0.058976047210222,0.11456562873981,0.0569482343792016,0.010152842848141,0.0400210583770755,0.0804349942339923,0.541053964599375,0.0801831840037438,0.385017507574434,0.689434693975761,Low,Mid,Low_Mid,0,False,000
-67.17_18.18,-0.522203377566691,0.679844210859084,3.80645161290323,0.670460449793836,0.10981896601616,0.0198715506306668,0.0764918068304679,0.155225979565437,0.058577881021573,0.0134810617632295,0.0371059766461199,0.0912967322418265,0.432632554104676,0.0865642056161538,0.27641454235647,0.603502437225349,Low,Mid,Low_Mid,0,True,000
-67.17_18.25,-0.518974445882099,0.0527719816880172,4.5,0.539239998491363,0.0792519111532344,0.0135590421902063,0.05642605539125,0.110232718251428,0.0566497174381804,0.0097184218094475,0.0403499036359352,0.0789920385815974,0.559665629334092,0.080230120613705,0.401727183651014,0.706383529750507,Low,Mid,Low_Mid,0,False,000
-67.17_18.39,-0.426193614852077,0.454533695034717,24.4285714285714,0.623312216792434,0.112471024940015,0.0177187088883679,0.0821379035176972,0.152149143045963,0.0578780983207472,0.0118874654234964,0.0385280437828843,0.086076357639254,0.461127678716687,0.078995452308911,0.314560740721883,0.614738654309948,Low,Mid,Low_Mid,0,False,000
-67.17_18.47,-0.477073425416928,-0.897269944767805,13.5,0.340435260302591,0.050355745348761,0.0129030656701145,0.0303004734879427,0.0825551032413657,0.0538418192533799,0.0097197575713068,0.0376764716211074,0.0763924287901136,0.728542701880074,0.0936890498937648,0.514681937180356,0.871662428091838,Low,Low,Low_Low,0,False,000
-67.17_18.48,-0.506947301118948,-0.130622042888499,7.08333333333333,0.500863164768526,0.0731295864897883,0.0130418932566009,0.0513342593569926,0.103172303155183,0.0560971748893512,0.00911106009381,0.0406918212084021,0.0768674530781362,0.594175508602288,0.0816112438956987,0.429939098745288,0.739738059625009,Low,Mid,Low_Mid,0,True,000
-67.18_17.97,-0.522786578986751,-1.44467903900812,3.68118466898955,0.225885029800045,0.0345187904506495,0.0115861648783293,0.0177667290535594,0.0660047678684253,0.05228404714572,0.0123646272300269,0.0327217695424304,0.0825433687018156,0.812781440705892,0.0930279585024299,0.5670828605837,0.9350153585225,Low,Low,Low_Low,0,True,000
-67.18_17.98,-0.474037119586119,0.304393295371673,14.1521739130435,0.59189400037969,0.096914702166665,0.0156940247461001,0.0702120805877289,0.132327386004359,0.057416147583669,0.0109611682139035,0.0393443707964299,0.0830709133036836,0.500379088029223,0.0792635119582379,0.34980453188646,0.650884915933044,Low,Mid,Low_Mid,1,True,010
-67.18_18,-0.442737866980191,1.20990693824394,20.875,0.78138079847202,0.160707926017196,0.0331573652607268,0.105761850207509,0.236645717490981,0.0602555845662957,0.0179275528755204,0.0333254140653496,0.106549265047619,0.318178291388836,0.0945425525847064,0.165714932787959,0.522982167866766,Low,High,Low_High,3,True,111
-67.18_18.03,-0.484650927968484,0.243655208949633,11.8724137931034,0.579184014606465,0.092385990563552,0.0150934198197262,0.0667546783906758,0.126524517713601,0.0572302545613825,0.0106228669470654,0.0396340829111244,0.0819717231881829,0.514712779562754,0.0792952660833996,0.362776366657598,0.663977539329167,Low,Mid,Low_Mid,0,True,000
-67.18_18.1,-0.455457819621403,0.466120899569132,18.1428571428571,0.625736942585745,0.108400597673876,0.0175318362033455,0.0785139353346194,0.147838559120481,0.0579138943727878,0.011963838814695,0.0384599627110447,0.0863246386957375,0.464005807487598,0.0801576025081506,0.315199026187661,0.619510592929605,Low,Mid,Low_Mid,0,False,000
-67.18_18.12,-0.516314063630342,-1.28973767876357,5.07142857142857,0.258307889992059,0.0380445992602507,0.0118795626789881,0.0205039811747792,0.0695256472757566,0.0527205938724484,0.0115158608339639,0.0342065289347366,0.0804208688645994,0.791948474860303,0.0940406005257721,0.554299237549735,0.92095284361789,Low,Low,Low_Low,0,True,000
-67.18_18.13,-0.519215256344543,0.647282614771804,4.44827586206897,0.663646645681749,0.108453224475864,0.0193787950381472,0.0758964577219635,0.152668414145915,0.0584762609963519,0.0132375654051131,0.0373224983503093,0.09049258632575,0.438656137620328,0.0857387475543016,0.283113484812573,0.607265919859413,Low,Mid,Low_Mid,0,False,000
-67.18_18.16,-0.473415399820762,0.641259651960141,14.2857142857143,0.662386287047514,0.115604277522845,0.019761723518908,0.082143854558503,0.160313858968048,0.058457482330689,0.0131929798463281,0.0373622052890994,0.0903456313656533,0.43176584273893,0.0837043857329564,0.280227423814809,0.597253292157453,Low,Mid,Low_Mid,0,False,000
-67.18_18.17,-0.524525435772785,-0.97798903898041,3.30769230769231,0.323544070614114,0.0446966138385729,0.0119667946305287,0.0263026272674807,0.074963578697427,0.053609394090406,0.0100344748045687,0.0370200262383697,0.0770380508512012,0.74790304452988,0.0930173332755972,0.53009373244991,0.886391317261415,Low,Low,Low_Low,1,True,001
-67.18_18.25,-0.507514337720685,-0.409242651055035,6.96153846153846,0.442559319940136,0.062807413450825,0.0125725867874302,0.0422311558944347,0.0924414052856073,0.055267419637371,0.008753326565541,0.0404150017694351,0.0751506008951306,0.647874197759094,0.0857772717401892,0.468234993218768,0.793580986900873,Low,Mid,Low_Mid,0,True,000
-67.18_18.41,-0.522592960850764,-1.44849770761542,3.72277227722772,0.225085939368807,0.034455337677005,0.0115851398818512,0.0177134910822463,0.0659581744053275,0.0522733313014113,0.0123862236848155,0.0326849027510982,0.0825988850263774,0.813235414483991,0.0930086767348186,0.56732661021595,0.935317260080657,Low,Low,Low_Low,0,True,000
-67.19_17.93,-0.420647687788194,-1.17856333553124,25.6197916666667,0.281572111900733,0.0470693461354207,0.0139640913518234,0.0261322618513365,0.0833455407671162,0.0530359457927076,0.0109467878790003,0.0352470244861925,0.0790670149617032,0.7643837555289,0.097722679966874,0.528317613803555,0.90381396161503,Low,Low,Low_Low,0,True,000
-67.19_17.94,-0.508630087232981,-1.5237428090927,6.72188449848024,0.20934023143465,0.0337687233475571,0.0117544745306258,0.0169573539311685,0.0661256312898836,0.0520626033919227,0.0128173854497523,0.0319574739380129,0.0837223720948068,0.820937112512531,0.0930019859175617,0.570208145115576,0.940627633837315,Low,Low,Low_Low,0,True,000
-67.19_17.95,-0.523740964083164,-1.71036473351646,3.47619047619048,0.170287930907494,0.0296711232530562,0.0111937297805509,0.0140707408813842,0.0614891049744911,0.051543418697786,0.0139247461776271,0.0301580273330144,0.0867371902396437,0.843741092307677,0.0900948290837535,0.585885465115715,0.953720919111732,Low,Low,Low_Low,0,True,000
-67.19_17.97,-0.483539632278837,-0.718073927805899,12.1111111111111,0.377933623526921,0.0550319340264631,0.0128318238541809,0.0346612122926495,0.0863043802520662,0.0543612028296174,0.0091583687333727,0.0389633164206888,0.0753669618544167,0.699564808116383,0.0911821331893243,0.49872821777817,0.844951320991964,Low,Low,Low_Low,0,False,000
-67.19_17.98,-0.463455237827755,-0.146101468904843,16.4250764525994,0.49762395694959,0.0774876561923716,0.013619568923066,0.0546601281576718,0.108751848962765,0.0560507700574297,0.0090727943338627,0.0407026813952861,0.0767234150935864,0.589675117311952,0.0814597527329088,0.426233411998226,0.735455498550843,Low,Mid,Low_Mid,0,True,000
-67.19_18.06,-0.438017535970997,0.717837623016695,21.8888888888889,0.67841090981729,0.126547475799393,0.0214404789813156,0.0901326218489759,0.174847250174978,0.0586966623018969,0.013770271451694,0.0368496473670135,0.0922554472890738,0.410281062628587,0.0837368312731171,0.260932214473622,0.578232489272098,Low,Mid,Low_Mid,0,False,000
-67.19_18.09,-0.486752316109175,0.371317968166049,11.4210526315789,0.605898584475141,0.0985057859995835,0.0161758739725586,0.0710311167111632,0.135062516451313,0.0576216316059237,0.011358998914588,0.0389966326606945,0.0843611513468381,0.488974486396667,0.0801668091407551,0.337845282794881,0.642146499439563,Low,Mid,Low_Mid,0,False,000
-67.19_18.1,-0.484755279168876,-0.664100080702043,11.85,0.389228131951989,0.0565830671644163,0.0128243859893998,0.0361011550307527,0.0876289294213609,0.054518564338366,0.0090320834444594,0.0392945024822242,0.075179388920109,0.690386031155265,0.0903216273532691,0.493435316412698,0.836184643709481,Low,Low,Low_Low,0,False,000
-67.19_18.27,-0.530670164819859,0.612455187478089,1.98785425101215,0.656358696200671,0.104725420251217,0.0187294350314771,0.0732831065149264,0.147510798023144,0.0583677526521371,0.0129817632410077,0.0375505253531007,0.0896506244097835,0.447724691118818,0.0854947776728697,0.291617241963435,0.614864365230318,Low,Mid,Low_Mid,0,True,000
-67.19_18.28,-0.506947301118948,-0.156543610376561,7.08333333333333,0.495438845804907,0.0721126742546019,0.0129766310903404,0.0504605534294696,0.102056934744203,0.0560194865920747,0.0090481723382395,0.0407083282004276,0.0766294349292524,0.599281032269824,0.0819317545641075,0.433833465142085,0.744818999291685,Low,Mid,Low_Mid,0,True,000
-67.19_18.29,-0.507335273530663,-0.946904126642826,7.0,0.330048865494007,0.046720826591683,0.012300809026277,0.0277322799995711,0.0776723334361905,0.0536987887128696,0.0099092366674443,0.037277554719004,0.0767768930429398,0.740706808482509,0.0932957686167988,0.524372497388689,0.880977922978429,Low,Low,Low_Low,0,False,000
-67.1_17.99,-0.241962143917912,-0.630305156380759,64.0,0.396300020986261,0.0836068395507644,0.0185783624659191,0.0536779405214988,0.127966482495971,0.0546173123426371,0.0089642102707146,0.0394865560418288,0.0750927061829577,0.64554799960042,0.0941786425592194,0.448389973708127,0.803170833105795,Low,Low,Low_Low,0,True,000
-67.1_18.01,-0.453860402599701,0.793839317083328,18.4859693877551,0.694314941492173,0.128571190026345,0.0226793815450586,0.0902661673824157,0.179916473746826,0.0589349493731792,0.0143644165781666,0.0363265507526356,0.0942380602228616,0.398047411185428,0.0860488840935426,0.246478328911897,0.572061883300669,Low,Mid,Low_Mid,0,True,000
-67.1_18.02,-0.462108775250796,1.11224533083219,16.7142857142857,0.760944236935186,0.149089953298023,0.0300411750255889,0.0992237526824035,0.217953288564513,0.0599431321992508,0.0170495407469299,0.0340408209240012,0.103444315192311,0.338881893930866,0.0935980588122519,0.184357535259559,0.537563440572708,Low,High,Low_High,0,False,000
-67.1_18.03,-0.410600818876502,-0.0108445916572884,27.7777777777778,0.525927663681508,0.0902028521786736,0.0147585027016179,0.0651536800180676,0.123609121254155,0.0564574718351152,0.0094765423731152,0.0405111206218687,0.0781693873911509,0.553266603503101,0.0790237691067408,0.398248356901367,0.698575772673987,Low,Mid,Low_Mid,0,False,000
-67.1_18.51,-0.506025866641126,-0.040108736632487,7.28125,0.519803880595622,0.0768924588828845,0.0133311559857788,0.0545032648776565,0.107433781272701,0.0563692433995824,0.009376154348219,0.0405705736102783,0.0778210897497818,0.576032502972481,0.0806488720770613,0.415630966607661,0.721868609193815,Low,Mid,Low_Mid,0,True,000
-67.21_17.95,-0.531195576851108,-1.16925840773184,1.875,0.283519250951666,0.0397519711024791,0.0117102454283054,0.0221871371088875,0.0702236593806372,0.0530624203198213,0.0109009671367784,0.0353326645947772,0.0789606599591142,0.777093906313426,0.0935530060979491,0.54742278201099,0.909484613423533,Low,Low,Low_Low,0,False,000
-67.21_17.96,-0.534846044543149,-4.91423804658289,1.09090909090909,-0.500151107051937,0.0046230932580323,0.0042971325133741,0.0007443225633693,0.028145368292718,0.0433606985314138,0.0330107541311216,0.0094369797027888,0.177393374435276,0.986831043425768,0.0212570232950722,0.752257599114129,0.999459558622097,Low,Low,Low_Low,0,True,000
-67.21_17.97,-0.533820856837043,-1.36435896560086,1.31111111111111,0.242692720829642,0.0354853713933495,0.011473860955117,0.0187146602654751,0.0662698257611446,0.0525099206404542,0.0119175323591241,0.0334948232657354,0.081410660100865,0.803826872087196,0.0930523482641314,0.563114645946595,0.928704689010683,Low,Low,Low_Low,1,True,001
-67.21_17.98,-0.502563212866574,-1.23802903703543,8.025,0.269128384008791,0.0400233808651741,0.012192762805245,0.0218935974429882,0.0720601298747863,0.0528670473100725,0.0112464344206655,0.0346940668382319,0.0797724976777221,0.783213363380067,0.0946535884945258,0.547819121783502,0.915065879601708,Low,Low,Low_Low,0,True,000
-67.21_17.99,-0.430653667450611,-0.894095697354406,23.4705882352941,0.341099499857072,0.0542338975959896,0.0138615700378547,0.0326612348283158,0.0887480105677841,0.0538509786775981,0.0097080987012317,0.0377014337044028,0.0763692406891379,0.721363513291173,0.0949675646571259,0.50629766654248,0.867298198798849,Low,Low,Low_Low,0,True,000
-67.21_18.3,-0.465951549614444,-0.0960564730879282,15.8888888888889,0.508096318235956,0.079296754958454,0.0136992913437929,0.0562685347079594,0.110644472066479,0.0562009273800305,0.009204043034461,0.0406569963790946,0.0772093142666132,0.580166797798689,0.0807869495915833,0.419065413210186,0.725822032339215,Low,Mid,Low_Mid,0,False,000
-67.22_18.3,-0.45177762417314,-1.11648499289158,18.9333333333333,0.294562558229466,0.0463967539776579,0.0133200048948481,0.0262604583038256,0.0806938478058667,0.0532128082313526,0.0106469893400946,0.0358130912112677,0.0783789459306267,0.759229457152177,0.0962821410918564,0.529000497026328,0.898510861320877,Low,Low,Low_Low,0,False,000
-67.24_18.31,-0.506973165946396,-0.249525021688074,7.07777777777778,0.475981657003601,0.0685686960371114,0.0127859181114308,0.0473688428649582,0.0982776904933062,0.0557416482861585,0.0088719565184864,0.0406975168092218,0.0759069118594222,0.617415467945783,0.0832236483145645,0.44721017487627,0.762988494785624,Low,Mid,Low_Mid,0,True,000
-67.25_18.32,-0.509125915430884,-1.28716773595013,6.61538461538461,0.258845673424514,0.0385355780126735,0.0120196785366898,0.0207810709979493,0.0703687606092827,0.0527278636180418,0.011502288975052,0.034230883988601,0.0803879028447787,0.790746967598801,0.0943336395900662,0.552812834377539,0.920328987219227,Low,Low,Low_Low,0,True,000
-67.25_18.33,-0.502679604590088,-0.899720976337991,8.0,0.339922360107311,0.0483115718048907,0.0124103723198418,0.0290401805105716,0.0793268454121501,0.0538347477041321,0.0097287987730871,0.0376571499659672,0.0764104506524797,0.732565133314055,0.0929975746365027,0.519317070064393,0.874137281505643,Low,Low,Low_Low,0,True,000
-67.25_18.34,-0.471185373521496,-1.77877887421659,14.7647058823529,0.155971662381284,0.0310452178070318,0.0120981700134241,0.0143573298682948,0.0658342878385379,0.0513543188939032,0.0143411386872423,0.029504814444973,0.0879184545960993,0.846121943031654,0.091586056094968,0.580739371986449,0.956194281920198,Low,Low,Low_Low,0,True,000
-67.25_18.35,-0.227477840547235,0.575971822873597,67.1111111111111,0.648724227082556,0.15871866089948,0.0221010881218551,0.120024135066187,0.206954075601447,0.0582542876381517,0.0127191453006646,0.037785061416909,0.0887890447703405,0.401741578410166,0.0733642813316285,0.269633336110514,0.549847893471025,Low,Mid,Low_Mid,0,False,000
-67.25_18.37,-0.513042222554593,-0.196569883048064,5.7741935483871,0.487062991605697,0.0699126043405248,0.0128023863829044,0.0486181181339924,0.0995579494979354,0.0558997245191512,0.0089627724030231,0.0407172613467018,0.0762931134310907,0.608167905641696,0.0824961785323486,0.440558482057139,0.753641866300825,Low,Mid,Low_Mid,0,False,000
-67.26_18.34,-0.507480763185056,-0.63715538285873,6.96875,0.394866550058755,0.0554344714727493,0.0124296243643866,0.0355443823021527,0.0854684101261816,0.0545972825273758,0.0089772516146163,0.03944861554707,0.0751083235869256,0.689166683910224,0.0895030862047338,0.494330231800734,0.834122783192528,Low,Low,Low_Low,0,False,000
-67.26_18.35,-0.492258068730802,0.425473045469746,10.2384615384615,0.617231016934326,0.100520184731246,0.0166855843183316,0.0722148165083127,0.138266730357626,0.057788413336184,0.0116988557654349,0.0386958654509652,0.0854637293372655,0.4788946253768,0.0809390891480123,0.327358825944417,0.634416676960815,Low,Mid,Low_Mid,0,True,000
-67.26_18.36,-0.23352374396312,0.378898678145368,65.8125,0.60748491558407,0.142760763014191,0.0198343673919612,0.10810921882671,0.186200207041046,0.0576449507347404,0.0114056348678009,0.0389555208053555,0.0845123867164898,0.442120207183793,0.0725423951192708,0.30810188693941,0.585133869125973,Low,Mid,Low_Mid,0,False,000
-67.27_18.35,-0.505007439060376,-0.289515077610619,7.5,0.467613381481809,0.0672986809889611,0.0127512454278671,0.0462165448110666,0.0970194138946648,0.0556225529439483,0.0088203106962608,0.040658355072312,0.0756599236061428,0.624785130862002,0.0838329171003835,0.452398500242645,0.770440877874788,Low,Mid,Low_Mid,0,False,000
-67.27_18.36,-0.474785812708546,0.0024836313629522,13.9913606911447,0.528716713105827,0.0824824539919483,0.0138869784298546,0.0590371931753489,0.114109357708239,0.0564976980956956,0.0095245664248516,0.0404809106975297,0.0783343636021574,0.561970434779332,0.0798170584288073,0.404595358053564,0.707790980549686,Low,Mid,Low_Mid,0,True,000
-67.2_17.94,-0.52246619758753,-0.639498689430367,3.75,0.394376192279274,0.0540866269997393,0.0121731293947563,0.0346259949422644,0.0835381399050163,0.0545904323723491,0.0089817970716097,0.0394355203328145,0.0751138952549576,0.691881293760825,0.089288157018741,0.497006392268745,0.836146778939067,Low,Low,Low_Low,0,False,000
-67.2_17.95,-0.50785546000447,-0.645133669581348,6.88826815642458,0.393197022473796,0.0551594598623548,0.012419652371666,0.0353027069234629,0.0851986692583792,0.054573963029498,0.008992902688058,0.0394037882381855,0.0751277703774473,0.690621422711256,0.089618583687985,0.495235819177479,0.835498589809206,Low,Low,Low_Low,0,True,000
-67.2_17.96,-0.510282747392322,-1.68601425733436,6.36690647482014,0.175383485016579,0.0307356131301907,0.0114851895817274,0.0146763458205406,0.0632395497364338,0.051610883281674,0.0137777138106313,0.0303916238460636,0.0863262837260227,0.839796554431573,0.0910664418811635,0.581772132422372,0.951817517965103,Low,Low,Low_Low,1,True,001
-67.2_18,-0.502679604590088,-1.1827412904811,8.0,0.280697837600998,0.0412716982711168,0.0122374932917271,0.022941517291973,0.0731511130198527,0.0530240626661976,0.0109674588313024,0.0352084880630458,0.0791151303892943,0.775446196328993,0.0946218384303605,0.543459969042734,0.909238055449856,Low,Low,Low_Low,1,False,001
-67.2_18.04,-0.507277796136335,1.27809721884271,7.01234567901235,0.795650222277378,0.15193273792274,0.0340766583986487,0.0964007100760771,0.231266851606224,0.0604746512342545,0.018553820795077,0.032825305926249,0.108793785734085,0.316150468876653,0.0994057427370824,0.158066335386835,0.532366465699141,Low,High,Low_High,2,True,101
-67.2_18.05,-0.502510307537704,-0.186810239563563,8.03636363636364,0.489105283965352,0.0714248677366781,0.0129693399980305,0.0498183174511286,0.101402276308065,0.055928903992492,0.0089822750734369,0.0407169570521859,0.0763716093577808,0.604451901898904,0.0823032487272807,0.437666004178757,0.750023816469499,Low,Mid,Low_Mid,0,True,000
-67.2_18.06,-0.505266087334852,-0.0955251108900178,7.44444444444444,0.50820751051042,0.0747186704743008,0.0131618936186296,0.0526750270405917,0.104965086637861,0.0562025237317067,0.0092055529085754,0.0406563485433924,0.0772147863177386,0.586937103448517,0.0811919215252413,0.424321257708325,0.732568716418327,Low,Mid,Low_Mid,0,True,000
-67.2_18.29,-0.48372438104632,-1.65174438976143,12.0714285714286,0.182554760158103,0.0326909228088145,0.0120579826334011,0.0157540025944256,0.0666043151895609,0.051705971644459,0.0135719472800682,0.0307211852307887,0.085756673893805,0.833349160993026,0.0927620122986693,0.574544929861438,0.948762401901473,Low,Low,Low_Low,0,False,000
-67.89_18.09,-0.257924437428453,0.937005056666976,60.5714285714286,0.724273648137582,0.181291859863045,0.0285658823207769,0.131834628829801,0.244086368980387,0.0593862795514947,0.015535339669997,0.0353126310317312,0.0982009943855923,0.338093758120843,0.0801058556373779,0.202073800259679,0.507444898311434,Low,High,Low_High,0,False,000
-67.93_18.07,-0.516223368780851,-0.0010853063187156,5.09090909090909,0.527969881095935,0.0773151570499513,0.0133540717519793,0.0548731819055607,0.107887710363767,0.0564869239501569,0.0095115670292954,0.0404891894589341,0.0782898005727586,0.570013547658216,0.0804893105276178,0.410538790120428,0.716171879841241,Low,Mid,Low_Mid,0,False,000
-67.93_18.08,-0.500196581155115,0.847644631180825,8.53333333333333,0.705574182883995,0.123617795235791,0.0232082523680077,0.0848285785836204,0.176718997760841,0.0591041923354577,0.0147969015123001,0.0359492317614246,0.0956929045308826,0.395488677020692,0.0894245729398236,0.239139360288404,0.576594096814637,Low,High,Low_High,0,False,000
-67.94_18.08,-0.505007439060376,0.258051985806014,7.5,0.582196668442041,0.0903000122619247,0.0149862126284753,0.0649160492783819,0.124290472095765,0.0572742656871918,0.0107010111822486,0.0395678039860829,0.0822259450145938,0.515428881965355,0.0799101017469886,0.362311480389882,0.665703470657757,Low,Mid,Low_Mid,0,False,000
-67.94_18.09,-0.499187852884657,0.0925075651829052,8.75,0.547555023390264,0.0834149773479478,0.0139841477474341,0.0597875220989552,0.115235362424425,0.0567701080938786,0.0098853345129174,0.04022816816486,0.079550352732888,0.548111169269356,0.0796870112648863,0.392329423124762,0.695003149959687,Low,Mid,Low_Mid,0,True,000
-67_17.97,-0.525957949292961,-0.34332486284669,3.0,0.456353204464402,0.06328164175796,0.0123676423416733,0.0429542047628926,0.092300980554945,0.0554626786056492,0.0087739641772361,0.0405723770554311,0.0753884018669315,0.63853916482297,0.0846515157215065,0.462616475457249,0.783786837297291,Low,Mid,Low_Mid,0,True,000
-67_18.16,2.94935754838016,1.405389063385,749.46963562753,0.822287174945565,0.982816162951253,0.0133508226097935,0.923934923050217,0.996300507622336,0.0608855814060021,0.0197499814895547,0.0318937969910665,0.113150990647115,0.0334579429437206,0.0216873916617959,0.0092132248134168,0.114152273959088,High,High,High_High,3,True,111
-67_18.21,1.94387442368186,1.20269750958418,533.5,0.779872161287405,0.906591990073495,0.0460167955530825,0.76988627305113,0.9657017812418,0.0602324671648758,0.0178619612205506,0.0333782845673685,0.106315632454377,0.0777087592252253,0.0344667116095879,0.0317851451038391,0.177799003687201,Mid,High,Mid_High,2,False,011
