Site_ID,Grid_Longitude,Grid_Latitude,mean_elevation_m,mean_NDVI_corrected,number_of_checklists,number_with_corrected_NDVI,proportion_with_corrected_NDVI,Elevation_z,NDVI_z
-65.23_18.32,-65.23,18.32,18.333333333333332,0.7907598429498188,18,12,0.6666666666666666,-0.45457102553748435,1.2547272255528992
-65.25_18.31,-65.25,18.31,9.5,0.5200046383363077,8,8,1,-0.4956961011792265,-0.03914936175817594
-65.25_18.32,-65.25,18.32,3.4,0.15530040588956354,5,3,0.6,-0.5240956817167315,-1.7819866539523768
-65.26_18.3,-65.26,18.3,2.142857142857143,0.47690501839679483,7,6,0.8571428571428571,-0.5299485226705967,-0.24511249085607736
-65.26_18.31,-65.26,18.31,21.76923076923077,0.613905594934413,26,26,1,-0.4385746245621768,0.4095816217951462
-65.26_18.32,-65.26,18.32,14.318181818181818,0.4087884065974591,22,18,0.8181818181818182,-0.47326424173827625,-0.570626045950707
-65.27_18.14,-65.27,18.14,7,0.18708773838069104,3,2,0.6666666666666666,-0.507335273530663,-1.630082333804397
-65.28_18.31,-65.28,18.31,7.568181818181818,0.6361399492492463,44,39,0.8863636363636364,-0.5046900070871547,0.5158344656620162
-65.28_18.32,-65.28,18.32,57.25,0.6944175872764968,16,16,1,-0.27338790926679013,0.794329837578816
-65.29_18.28,-65.29,18.28,10.357142857142858,0.4575527603180677,14,13,0.9285714285714286,-0.49170552780159116,-0.33759246247992536
-65.29_18.31,-65.29,18.31,7.2727272727272725,0.5459818856249152,11,10,0.9090909090909091,-0.5060655456377791,0.08498990314532909
-65.29_18.32,-65.29,18.32,65.29729729729729,0.6829804614693152,74,54,0.7297297297297297,-0.23592235718419335,0.7396744549457573
-65.31_18.12,-65.31,18.12,0,0.5792568452300965,19,17,0.8947368421052632,-0.539924956114685,0.24400324967849235
-65.31_18.14,-65.31,18.14,2.75,0.0980080802215603,12,12,1,-0.527121866528105,-2.0557734456790446
-65.31_18.31,-65.31,18.31,39.03703703703704,0.5192768503064515,27,17,0.6296296296296297,-0.358181435249292,-0.04262729265778818
-65.31_18.32,-65.31,18.32,8.136363636363637,-0.12820168314781064,44,30,0.6818181818181818,-0.5020447406436463,-3.1367776578145183
-65.31_18.33,-65.31,18.33,16.666666666666668,0.5232414664651435,12,6,0.5,-0.46233047377177533,-0.02368130773118607
-65.32_18.32,-65.32,18.32,8.181818181818182,0.5939373928331548,11,7,0.6363636363636364,-0.5018331193281657,0.31415819595041006
-65.32_18.33,-65.32,18.33,4.8,0.3195772836344327,65,44,0.676923076923077,-0.517577745199927,-0.9969453977591308
-65.33_18.13,-65.33,18.13,5,0.09526065082894085,7,6,0.8571428571428571,-0.5166466114118121,-2.06890277618065
-65.33_18.15,-65.33,18.15,3.206896551724138,0.6147928122454529,29,26,0.896551724137931,-0.5249947074431872,0.4138214284066212
-65.34_18.12,-65.34,18.12,4.095238095238095,0.27160513496725003,21,20,0.9523809523809523,-0.5208588833104272,-1.2261932162528717
-65.38_18.11,-65.38,18.11,5.174603174603175,0.2398520951414063,63,54,0.8571428571428571,-0.5158337168348864,-1.3779336596739369
-65.38_18.12,-65.38,18.12,4.7,0.5209307612069041,20,13,0.65,-0.5180433120939845,-0.03472363446348393
-65.39_18.11,-65.39,18.11,3.032258064516129,0.5434205449672713,93,73,0.7849462365591398,-0.5258077664239105,0.07274984772780148
-65.3_18.14,-65.3,18.14,1.608695652173913,0.21445369591812544,23,20,0.8695652173913043,-0.5324354017320216,-1.4993067433680884
-65.3_18.3,-65.3,18.3,11.963636363636363,0.3755204559848647,55,44,0.8,-0.48422622588017455,-0.729605898127144
-65.3_18.31,-65.3,18.31,7.7,0.3731329627800867,20,16,0.8,-0.5040763052722608,-0.7410151767204629
-65.3_18.33,-65.3,18.33,95,0.46198634585053816,7,4,0.5714285714285714,-0.0976364067600996,-0.31640538123251877
-65.41_18.11,-65.41,18.11,3.5833333333333335,0.4295241790147738,96,81,0.84375,-0.5232421424109595,-0.47153457884900507
-65.42_18.1,-65.42,18.1,3.793103448275862,0.35577481801944433,29,26,0.896551724137931,-0.5222655222021608,-0.8239657413716984
-65.42_18.11,-65.42,18.11,6.333333333333333,0.8274011387312437,63,55,0.873015873015873,-0.5104390528243794,1.42982751515952
-65.42_18.12,-65.42,18.12,19.666666666666668,0.6926406694458046,9,9,1,-0.4483634669500515,0.7858383576754467
-65.42_18.16,-65.42,18.16,3.4705882352941178,0.5554874236060092,17,15,0.8823529411764706,-0.5237670462621027,0.13041467369070003
-65.43_18.1,-65.43,18.1,18,0.6922766924878514,49,44,0.8979591836734694,-0.45612291518434256,0.7840989958600808
-65.43_18.15,-65.43,18.15,39.25,0.5820378936919589,8,4,0.5,-0.3571899501971326,0.25729323794711206
-65.43_18.16,-65.43,18.16,4.541666666666667,0.4885574226374491,24,18,0.75,-0.5187804596762421,-0.1894283423116822
-65.44_18.09,-65.44,18.09,2.142857142857143,0.11791315580807266,7,6,0.8571428571428571,-0.5299485226705967,-1.9606516868681323
-65.44_18.1,-65.44,18.1,2.5,-0.06437952890898238,18,15,0.8333333333333334,-0.5282857837632486,-2.8317863235232643
-65.44_18.11,-65.44,18.11,2.161290322580645,0.43432364854006583,31,26,0.8387096774193549,-0.5298627038882819,-0.44859902250705885
-65.44_18.12,-65.44,18.12,31.694444444444443,0.6306312987811811,36,20,0.5555555555555556,-0.3923661155259184,0.48950989739200274
-65.44_18.13,-65.44,18.13,83.76923076923077,0.6790154421375049,13,11,0.8461538461538461,-0.14992315024655262,0.720726543347942
-65.44_18.15,-65.44,18.15,12.08641975308642,0.4613463176058317,162,115,0.7098765432098766,-0.4836545870674935,-0.319463928388521
-65.44_18.16,-65.44,18.16,12.421052631578947,0.3268946469860688,19,14,0.7368421052631579,-0.48209664716860073,-0.9619774083716516
-65.45_18.09,-65.45,18.09,3.7241379310344827,0.6231855757545857,116,103,0.8879310344827587,-0.5225866028187521,0.4539285067647512
-65.45_18.1,-65.45,18.1,3.1954022988505746,0.32847199936723476,87,76,0.8735632183908046,-0.5250482208792858,-0.9544396056585208
-65.45_18.11,-65.45,18.11,17.92452830188679,0.705405193875422,106,83,0.78301886792452835,-0.4564742864251406,0.8468370717397526
-65.45_18.14,-65.45,18.14,17.571428571428573,0.5036286085686847,14,10,0.7142857142857143,-0.4581182018731602,-0.11740662569399635
-65.46_18.09,-65.46,18.09,0.375,0.6077211840434532,24,22,0.9166666666666666,-0.5381790802619696,0.38002775054252624
-65.46_18.1,-65.46,18.1,3.1772151898734178,0.2805323902189034,158,139,0.879746835443038,-0.5251328940376696,-1.1835319253072285
-65.46_18.14,-65.46,18.14,17.6,0.5810881990429377,10,10,1,-0.45798518276057243,0.25275486656763246
-65.47_18.09,-65.47,18.09,10.404109589041095,0.5051408850137127,146,125,0.8561643835616438,-0.4914868662466522,-0.11017980584927071
-65.47_18.1,-65.47,18.1,7.2485207100591715,0.5296266348543226,169,138,0.8165680473372781,-0.5061782433797509,0.0068319372370525926
-65.47_18.14,-65.47,18.14,13.631578947368421,0.5428675318142863,19,15,0.7894736842105263,-0.4764608373984315,0.07010712559751471
-65.48_18.1,-65.48,18.1,14.376811594202898,0.3863564802261994,69,57,0.8260869565217391,-0.472991280911062,-0.677823041042599
-65.48_18.11,-65.48,18.11,52.44444444444444,0.6581852261363177,9,8,0.8888888888888888,-0.2957609850089958,0.6211837521722716
-65.49_18.1,-65.49,18.1,19.858585858585858,0.5733574391425958,99,84,0.8484848484848485,-0.44746995472913326,0.2158113505548787
-65.49_18.11,-65.49,18.11,71.05882352941177,0.5759546394868269,17,17,1,-0.20909859845503226,0.2282227711321995
-65.49_18.12,-65.49,18.12,101.13333333333334,0.7226000921329545,15,15,1,-0.06908163725790879,0.9290075190571931
-65.49_18.13,-65.49,18.13,20.076923076923077,0.43113026655407316,13,9,0.6923076923076923,-0.44645344892314914,-0.4638594574520301
-65.51_18.09,-65.51,18.09,4.337142857142857,0.39624962930021357,175,150,0.8571428571428571,-0.5197326548238502,-0.6305459666095619
-65.51_18.13,-65.51,18.13,2.5303030303030303,0.47515847213412155,66,49,0.7424242424242424,-0.5281447028862615,-0.25345883205071623
-65.51_18.14,-65.51,18.14,0.734375,0.1893401274430183,64,36,0.5625,-0.5365059492364506,-1.619318686703242
-65.51_18.15,-65.51,18.15,1.9166666666666667,0.015505628159031951,48,35,0.7291666666666666,-0.5310015906452504,-2.4500336087360646
-65.52_18.09,-65.52,18.09,2.8666666666666667,0.3050850487345457,135,119,0.8814814814814815,-0.5265787051517046,-1.0662004411166262
-65.52_18.13,-65.52,18.13,2.5277777777777777,0.6600228439661948,36,24,0.6666666666666666,-0.5281564596260104,0.6299653033520444
-65.54_18.11,-65.54,18.11,85.63636363636364,0.8167862494774704,22,16,0.7272727272727273,-0.14123039774911614,1.3791014111056301
-65.55_18.1,-65.55,18.1,197.55405405405406,0.8190325058307164,74,57,0.7702702702702703,0.37982131742936687,1.3898357514065396
-65.55_18.11,-65.55,18.11,28.902439024390244,0.835413422259108,82,63,0.7682926829268293,-0.4053647684419806,1.4681163675655153
-65.55_18.12,-65.55,18.12,8.764705882352942,0.7292201169896493,17,16,0.9411764705882353,-0.4991193871649431,0.9606430888395784
-65.56_18.12,-65.56,18.12,2.25531914893617,0.6287126392640806,94,68,0.723404255319149,-0.5294249368018998,0.48034106670695087
-65.57_18.11,-65.57,18.11,4.774193548387097,0.6216737903762845,31,26,0.8387096774193549,-0.5176978914951677,0.44670403361449235
-65.57_18.34,-65.57,18.34,3.5555555555555554,0.319970500753693,9,8,0.8888888888888888,-0.5233714665481977,-0.9950663039663927
-65.57_18.35,-65.57,18.35,10.909090909090908,0.2987030115578347,11,8,0.7272727272727273,-0.48913584039932595,-1.0966987227436868
-65.57_18.38,-65.57,18.38,5.4,0.18855202247751818,5,5,1,-0.5147843438355822,-1.6230848583070707
-65.58_18.1,-65.58,18.1,2.6666666666666665,0.586741376801048,3,1,0.3333333333333333,-0.5275098389398195,0.2797700973757259
-65.61_18.22,-65.61,18.22,7,0.6936516691745636,3,3,1,-0.507335273530663,0.7906696918715385
-65.61_18.25,-65.61,18.25,1.4615384615384615,0.6204957155209896,13,12,0.9230769230769231,-0.5331205168938452,0.4410742859775384
-65.61_18.26,-65.61,18.26,1.6666666666666667,0.6378458136774878,3,2,0.6666666666666666,-0.5321655078803941,0.5239863977660697
-65.62_18.34,-65.62,18.34,7.333333333333333,0.12597103993528228,9,6,0.6666666666666666,-0.5057833838838048,-1.9221449197301026
-65.62_18.36,-65.62,18.36,4.753968253968254,0.26891586948911084,126,104,0.8253968253968254,-0.5177920537702074,-1.239044594841125
-65.62_18.37,-65.62,18.37,8.357142857142858,0.37619561792470524,14,13,0.9285714285714286,-0.5010168656827403,-0.7263794551568228
-65.62_18.38,-65.62,18.38,35.17142857142857,0.5918743113564251,35,26,0.7428571428571429,-0.37617842851904754,0.30429920607700706
-65.63_18.25,-65.63,18.25,3.388888888888889,0.6984324185212507,18,14,0.7777777777777778,-0.5241474113716268,0.8135157888036768
-65.63_18.26,-65.63,18.26,6.6,0.4646255766560736,40,32,0.8,-0.5091975411068929,-0.3037931067882768
-65.63_18.27,-65.63,18.27,4.743396226415094,0.4709055994904192,265,236,0.8905660377358491,-0.5178412736305256,-0.2737823281414267
-65.63_18.33,-65.63,18.33,4.910714285714286,0.2168219537726893,56,47,0.8392857142857143,-0.5170622961386491,-1.4879893860707107
-65.63_18.34,-65.63,18.34,17.5,0.3031315426344609,18,17,0.9444444444444444,-0.45845074965462984,-1.075535795573347
-65.63_18.35,-65.63,18.35,28.666666666666668,0.05058917490126634,15,6,0.4,-0.4064624464848803,-2.2823774419990004
-65.63_18.36,-65.63,18.36,60.5,0.3766474833436248,62,47,0.7580645161290323,-0.25825698520992274,-0.724220094685839
-65.63_18.37,-65.63,18.37,10.294520547945206,0.5839640461920476,292,237,0.8116438356164384,-0.4919970765415097,0.26649787586723217
-65.63_18.38,-65.63,18.38,6.4,0.4833770858093379,10,7,0.7,-0.5101286748950077,-0.21418397552599538
-65.64_18.27,-65.64,18.27,8.210526315789474,0.496484662157698,19,19,1,-0.5016994637604937,-0.15154589557571552
-65.64_18.28,-65.64,18.28,15.333333333333334,0.566612281668241,6,6,1,-0.4685380323592081,0.18357780089421014
-65.64_18.29,-65.64,18.29,9.84,0.34016573363285435,25,18,0.72,-0.49411317373943114,-0.8985579504706913
-65.64_18.33,-65.64,18.33,28.852272727272727,0.40954905772034467,88,76,0.8636363636363636,-0.4055983261133343,-0.5669910699197995
-65.64_18.34,-65.64,18.34,29.836734693877553,0.41344709626091747,49,43,0.8775510204081632,-0.4010149971122352,-0.5483632440529512
-65.64_18.35,-65.64,18.35,15.210526315789474,0.3757496430685635,19,16,0.8421052631578947,-0.4691097811764716,-0.7285106659888173
-65.64_18.36,-65.64,18.36,20.272727272727273,0.6239519117603542,11,7,0.6363636363636364,-0.4455418494103094,0.4575906495379357
-65.64_18.37,-65.64,18.37,14.376744186046512,0.7752553671549459,215,164,0.7627906976744186,-0.4729915947411221,1.180634916752582
-65.64_18.38,-65.64,18.38,9.444444444444445,0.6069572201271188,9,6,0.6666666666666666,-0.4959547494537029,0.3763769434368733
-65.65_18.26,-65.65,18.26,26.666666666666668,0.35207965025814275,57,41,0.7192982456140351,-0.41577378436602946,-0.8416240946408795
-65.65_18.27,-65.65,18.27,22,0.3255044834649883,3,3,1,-0.4375002394220442,-0.9686206787568971
-65.65_18.28,-65.65,18.28,46.375,0.5171673070078571,8,8,1,-0.32401830899553874,-0.0527083128467318
-65.65_18.32,-65.65,18.32,12.75,0.3578041939409469,4,3,0.75,-0.48056517712235913,-0.8142678225618525
-65.65_18.33,-65.65,18.33,14,0.3868297517230815,4,4,1,-0.47474559094664087,-0.6755613858691315
-65.66_18.29,-65.66,18.29,69,0.8052579385264992,3,3,1,-0.21868379921503878,1.3240102757311667
-65.66_18.33,-65.66,18.33,26.166666666666668,0.29087777092926237,6,6,1,-0.41810161883631675,-1.1340937403347167
-65.66_18.34,-65.66,18.34,28.666666666666668,0.31758336108946644,6,4,0.6666666666666666,-0.4064624464848803,-1.0064738930710722
-65.67_18.2,-65.67,18.2,12.1,0.6820440835516483,10,9,0.9,-0.48359136193373264,0.7351997211496929
-65.67_18.35,-65.67,18.35,34,0.5794580009753226,9,7,0.7777777777777778,-0.3816322121351492,0.24496452652457468
-65.68_18.27,-65.68,18.27,140.41935483870967,0.7293922890207194,31,13,0.41935483870967744,0.1138210728634169,0.9614658592099925
-65.69_18.36,-65.69,18.36,16.8,0.8491194575533842,5,2,0.4,-0.46170971791303206,1.5336143445940182
-65.6_18.23,-65.6,18.23,11.642857142857142,0.860752919842765,28,23,0.8214285714285714,-0.48571966773513814,1.5892079739282443
-65.6_18.24,-65.6,18.24,1.9357798165137614,0.681403369194262,218,207,0.9495412844036697,-0.5309126061471507,0.7321378952196634
-65.71_18.19,-65.71,18.19,4.681818181818182,0.19290003733839448,22,21,0.9545454545454546,-0.5181279606201767,-1.6023066995352053
-65.71_18.37,-65.71,18.37,7.394736842105263,0.395422205743315,38,28,0.7368421052631579,-0.505497509475173,-0.6345000326803837
-65.71_18.38,-65.71,18.38,3.75,0.2866793510726367,48,29,0.6041666666666666,-0.5224661975875303,-1.1541570191327886
-65.72_18.19,-65.72,18.19,18.058823529411764,0.6714551659858187,17,14,0.8235294117647058,-0.4558490523054852,0.6845977297938814
-65.72_18.33,-65.72,18.33,185.04166666666666,0.7966117218916587,24,7,0.2916666666666667,0.32156778409747017,1.2826920034246059
-65.72_18.37,-65.72,18.37,28.2,0.30817486184700815,15,13,0.8666666666666667,-0.40863509199048176,-1.0514349378972565
-65.72_18.38,-65.72,18.38,6.157894736842105,0.4200312466246841,209,143,0.6842105263157895,-0.5112558368490415,-0.516899110186443
-65.72_18.39,-65.72,18.39,1.8333333333333333,0.5907475623403168,12,10,0.8333333333333334,-0.531389563056965,0.29891473277094677
-65.73_18.19,-65.73,18.19,2.925925925925926,0.4519883065375982,27,12,0.4444444444444444,-0.5263028136589298,-0.3641837018911909
-65.73_18.32,-65.73,18.32,120.05,0.6493255540385247,20,9,0.45,0.018988100201293698,0.5788454255094438
-65.73_18.33,-65.73,18.33,119.91228070175438,0.7177485203776555,57,32,0.5614035087719298,0.018346924741933866,0.9058229781919429
-65.73_18.34,-65.73,18.34,89.57142857142857,0.7118919537321816,28,8,0.2857142857142857,-0.12291003815179022,0.8778357988672747
-65.73_18.35,-65.73,18.35,36.765957446808514,0.7670744986581681,47,22,0.46808510638297873,-0.3687548299590918,1.1415404357177257
-65.73_18.38,-65.73,18.38,2.325,0.3274252918586344,40,24,0.6,-0.5291005258278492,-0.9594415790871532
-65.73_18.39,-65.73,18.39,1.4782608695652173,0.4619217208814576,23,18,0.782608695652174,-0.5330426628981835,-0.3167142090335148
-65.74_18.16,-65.74,18.16,5.0344827586206895,0.3182707379855115,145,117,0.8068965517241379,-0.5164860711035165,-1.0031890776463022
-65.74_18.17,-65.74,18.17,7.472222222222222,0.5594517333373591,36,26,0.7222222222222222,-0.5051367631976138,0.14935919427180908
-65.74_18.18,-65.74,18.18,4.916666666666667,0.6797612675746547,24,21,0.875,-0.5170345838235266,0.7242906708509634
-65.74_18.21,-65.74,18.21,22,0.40488484554458154,12,5,0.4166666666666667,-0.4375002394220442,-0.5892802626283411
-65.74_18.35,-65.74,18.35,79,0.5498305753368758,7,4,0.5714285714285714,-0.17212710980929294,0.10338190235819428
-65.74_18.38,-65.74,18.38,5.316666666666666,0.2879164053198052,120,78,0.65,-0.5151723162472969,-1.1482454226043677
-65.75_18.16,-65.75,18.16,4,0.4801668535022904,10,8,0.8,-0.5213022803523867,-0.22952493426341847
-65.75_18.32,-65.75,18.32,150.12574850299401,0.8335805135074099,167,54,0.32335329341317365,0.15901082837121547,1.4593573199827183
-65.75_18.33,-65.75,18.33,100.20833333333333,0.7673884662736796,24,11,0.4583333333333333,-0.07338813102794034,1.1430408144360742
-65.75_18.38,-65.75,18.38,9.588235294117647,0.29729993624849077,34,26,0.7647058823529411,-0.49528530686094047,-1.103403695582845
-65.75_18.39,-65.75,18.39,8.967032967032967,0.4477751680040756,91,67,0.7362637362637363,-0.4981774192409613,-0.38431731784662365
-65.76_18.16,-65.76,18.16,3.8857142857142857,0.3648826308210151,35,25,0.7142857142857143,-0.5218343568027382,-0.7804416075978488
-65.76_18.33,-65.76,18.33,230.94565217391303,0.7695039485289299,184,71,0.3858695652173913,0.5352815436721429,1.1531502155271725
-65.76_18.34,-65.76,18.34,188.0029985007496,0.7373701239782892,667,256,0.383808095952024,0.3353547647401449,0.9995900898550357
-65.76_18.35,-65.76,18.35,48.5,0.7215234214759471,6,1,0.16666666666666666,-0.31412501249681773,0.9238623586628238
-65.76_18.36,-65.76,18.36,37.333333333333336,0.5783815459901411,18,10,0.5555555555555556,-0.36611331566656724,0.2398203967760486
-65.76_18.38,-65.76,18.38,13.068965517241379,0.6189017391959561,58,38,0.6551724137931034,-0.47908017927062413,0.4334570412762485
-65.76_18.39,-65.76,18.39,9.601626016260163,0.4835881534228477,246,189,0.7682926829268293,-0.4952229640917698,-0.21317533215070072
-65.76_18.4,-65.76,18.4,5.7272727272727275,0.3935173684089142,11,8,0.7272727272727273,-0.5132606703641215,-0.6436028103467829
-65.77_18.15,-65.77,18.15,2.7935222672064777,0.7602991480321631,494,411,0.8319838056680162,-0.5269192412604483,1.1091625999589452
-65.77_18.31,-65.77,18.31,497.24229074889865,0.7125343840880823,227,73,0.32158590308370044,1.775070532865119,0.8809058251578659
-65.77_18.32,-65.77,18.32,463.03225806451616,0.7284318009447976,155,53,0.3419354838709677,1.615799946240398,0.9568759085362812
-65.77_18.33,-65.77,18.33,407,0.7053979414960792,33,16,0.48484848484848486,1.3549323026991704,0.8468024142939341
-65.77_18.34,-65.77,18.34,207.9,0.7021577462253903,10,1,0.1,0.4279886166307709,0.831318269473727
-65.77_18.35,-65.77,18.35,31,0.6062183264875064,23,12,0.5217391304347826,-0.39559921895687294,0.37284594139326604
-65.77_18.36,-65.77,18.36,23.93103448275862,0.6345544065346576,29,15,0.5172413793103449,-0.4285099821574864,0.5082575232371551
-65.77_18.37,-65.77,18.37,14.791666666666666,0.534655169186298,48,30,0.625,-0.47105985303535264,0.03086214138371071
-65.77_18.38,-65.77,18.38,82.3,0.5711541380874354,10,6,0.6,-0.15676340230539684,0.20528228370226095
-65.77_18.39,-65.77,18.39,39.625,0.5500798469770369,8,7,0.875,-0.35544407434441716,0.10457311395298319
-65.78_18.15,-65.78,18.15,3,0.801783157529491,5,3,0.6,-0.5259579492929614,1.3074050999064581
-65.78_18.16,-65.78,18.16,12,0.8733111702505372,76,60,0.7894736842105263,-0.48405692882779006,1.6492209520846586
-65.78_18.17,-65.78,18.17,3.6,0.8395530364185194,5,4,0.8,-0.5231645479286166,1.4878986275187802
-65.78_18.24,-65.78,18.24,35,0.6065262892298354,5,4,0.8,-0.37697654319457463,0.3743176242096035
-65.78_18.3,-65.78,18.3,625.2208588957055,0.7576633238840685,163,65,0.3987730061349693,2.3708963776454155,1.0965666051437875
-65.78_18.31,-65.78,18.31,510.87735849056605,0.7913714868965604,106,37,0.3490566037735849,1.8385508942526303,1.2576501307047658
-65.78_18.35,-65.78,18.35,108.38461538461539,0.5415772727442354,13,11,0.8461538461538461,-0.03532206863240902,0.0639412755091014
-65.78_18.39,-65.78,18.39,59.125,0.5509717607769145,8,6,0.75,-0.2646585300032128,0.10883536399987884
-65.78_18.41,-65.78,18.41,7.75,0.7552675947180233,12,6,0.5,-0.5038435218252321,1.0851179687938084
-65.79_18.09,-65.79,18.09,8.793103448275861,0.19808877550411108,29,24,0.8275862068965517,-0.4989871774992879,-1.5775109182689082
-65.79_18.25,-65.79,18.25,116.8,0.5778150017002599,15,10,0.6666666666666666,0.0038571761444263016,0.2371130124677821
-65.79_18.26,-65.79,18.26,426.8,0.8265868873945683,10,5,0.5,1.4471145477225473,1.4259363960867957
-65.79_18.27,-65.79,18.27,507.1818181818182,0.6328780769245917,11,5,0.45454545454545453,1.8213456820185516,0.5002467312075927
-65.79_18.29,-65.79,18.29,761.5675675675676,0.6966920186795075,37,11,0.2972972972972973,3.005681514358575,0.8051988199350418
-65.79_18.3,-65.79,18.3,787.1453362255966,0.669413553088956,461,96,0.20824295010845986,3.1247631374689626,0.6748413333051281
-65.79_18.31,-65.79,18.31,1031.6052631578948,0.6579933756639447,38,10,0.2631578947368421,4.2628876265027955,0.6202669430759429
-65.79_18.42,-65.79,18.42,4.076086956521739,0.2991379807836657,92,57,0.6195652173913043,-0.5209480446721256,-1.094620105277009
-65.7_18.35,-65.7,18.35,36.75,0.6218746393212409,8,7,0.875,-0.3688291225485691,0.4476638443329463
-65.7_18.36,-65.7,18.36,5.058536585365854,0.8321187950647475,205,139,0.6780487804878049,-0.516374084449437,1.4523721051540637
-65.7_18.37,-65.7,18.37,0,0.03222317480008349,11,9,0.8181818181818182,-0.539924956114685,-2.3701443145412813
-65.81_18.1,-65.81,18.1,8.166666666666666,0.4877741557748098,6,5,0.8333333333333334,-0.5019036597666593,-0.1931713937393814
-65.81_18.34,-65.81,18.34,258.3010752688172,0.7438397251182998,93,65,0.6989247311827957,0.6626393373313649,1.0305068194383127
-65.81_18.35,-65.81,18.35,63.31578947368421,0.8379919991803076,38,23,0.6052631578947368,-0.2451476016140943,1.4804387911055665
-65.81_18.39,-65.81,18.39,2.6470588235294117,0.6192890968163645,17,11,0.6470588235294118,-0.5276011265661052,0.43530813387732437
-65.82_18.15,-65.82,18.15,21.08695652173913,0.4876206804902708,23,22,0.9565217391304348,-0.44175106758517757,-0.19390481667645623
-65.82_18.32,-65.82,18.32,367.5263157894737,0.7015794058543274,38,22,0.5789473684210527,1.1711558971501739,0.8285545144179999
-65.82_18.34,-65.82,18.34,162.4,0.6880581213355703,5,4,0.8,0.21615567983462736,0.7639394186743574
-65.82_18.37,-65.82,18.37,25.75,0.6199084175844118,4,3,0.75,-0.4200414808948895,0.4382677247851183
-65.82_18.38,-65.82,18.38,7.6923076923076925,0.5798299503430886,13,11,0.8461538461538461,-0.5041121181102651,0.24674198664507174
-65.82_18.39,-65.82,18.39,1.5,0.8352321692306094,6,3,0.5,-0.5329414527038232,1.467250201205802
-65.82_18.41,-65.82,18.41,8.491525423728813,0.6087016450581971,59,41,0.6949152542372882,-0.5003912249413314,0.3847131472777774
-65.83_18.04,-65.83,18.04,7.285714285714286,0.3296173457154024,7,6,0.8571428571428571,-0.5060050824047845,-0.9489662599979203
-65.83_18.05,-65.83,18.05,6.8,0.45023091429009576,35,33,0.9428571428571428,-0.5082664073187779,-0.37258187354226296
-65.83_18.34,-65.83,18.34,149.41666666666666,0.7452798325748531,12,6,0.5,0.15570957808950062,1.037388760355778
-65.83_18.36,-65.83,18.36,62.166666666666664,0.6195017676869606,18,13,0.7222222222222222,-0.25049753697563176,0.43632443884793515
-65.83_18.42,-65.83,18.42,0.7692307692307693,0.26421685956598623,13,10,0.7692307692307693,-0.5363436723142431,-1.2615000779471734
-65.84_18.02,-65.84,18.02,33.19101123595506,0.736010895051551,89,70,0.7865168539325843,-0.38539859599718707,0.9930946487512798
-65.84_18.04,-65.84,18.04,16.9,0.6496881200549771,10,7,0.7,-0.4612441510189746,0.5805780447612588
-65.84_18.05,-65.84,18.05,4.130434782608695,0.6930131003747799,23,17,0.7391304347826086,-0.52069501918622485,0.7876181190657385
-65.84_18.15,-65.84,18.15,30.235294117647058,0.39714712098291755,34,30,0.8823529411764706,-0.39915943638201823,-0.6262570611489459
-65.84_18.3,-65.84,18.3,482.3333333333333,0.7572220969353599,6,3,0.5,1.7056593628891223,1.0944580834648054
-65.84_18.35,-65.84,18.35,44.42857142857143,0.7142951302328494,14,5,0.35714285714285715,-0.3330802360405857,0.8893200243093257
-65.84_18.43,-65.84,18.43,4.653846153846154,0.3813263594137159,26,21,0.8076923076923077,-0.518258189122011,-0.7018608266131807
-65.85_18.33,-65.85,18.33,198.42857142857142,0.8050350195783758,14,10,0.7142857142857143,0.3838927808079001,1.3229449975650216
-65.86_18.43,-65.86,18.43,4.375,0.46818657566472005,8,6,0.75,-0.5195564044996712,-0.2867759149994707
-65.87_18.32,-65.87,18.32,329.64864864864865,0.7784174924310036,37,32,0.8648648648648649,0.9948100187012121,1.1957459831000445
-65.88_17.99,-65.88,17.99,8.478260869565217,0.7159962085997837,23,17,0.7391304347826086,-0.5004529803141614,0.8974490849318149
-65.88_18,-65.88,18,8.509803921568627,0.6361186881974197,51,46,0.9019607843137255,-0.5003061263066582,0.5157328640059395
-65.88_18.04,-65.88,18.04,34.689655172413794,0.5797759777573851,58,23,0.39655172413793105,-0.3784214059692357,0.24648406412388482
-65.88_18.38,-65.88,18.38,18,0.4137948627127872,47,43,0.9148936170212766,-0.45612291518434256,-0.546701348502065
-65.88_18.43,-65.88,18.43,2.3043478260869565,0.48630289351233824,46,41,0.8913043478260869,-0.5291966755124915,-0.20020221627859583
-65.88_18.44,-65.88,18.44,0.9264705882352942,0.1832173016321419,68,62,0.9117647058823529,-0.5356116157726821,-1.6485782570822693
-65.89_18,-65.89,18,16.5,0.7184407611142511,6,3,0.5,-0.4631064185952044,0.9091310367873174
-65.89_18.34,-65.89,18.34,47.75,0.7312879136085785,4,3,0.75,-0.31761676420224866,0.97052461128851
-65.89_18.38,-65.89,18.38,9.518518518518519,0.6333152425191304,27,21,0.7777777777777778,-0.4956098850877344,0.5023358446130355
-65.89_18.41,-65.89,18.41,2.6363636363636362,0.6240857975012865,11,9,0.8181818181818182,-0.5276509198168066,0.45823045857065314
-65.8_18.08,-65.8,18.08,9.346938775510203,0.406268413675031,49,40,0.8163265306122449,-0.4964087035680899,-0.5826685100916034
-65.8_18.09,-65.8,18.09,3.1382488479262673,0.6798262859871592,217,194,0.8940092165898618,-0.5253143084256008,0.7246013788272101
-65.8_18.1,-65.8,18.1,3.4166666666666665,0.5927693109784796,12,11,0.9166666666666666,-0.5240180872343886,0.3085762025553633
-65.8_18.25,-65.8,18.25,230.33333333333334,0.8128994207143345,18,14,0.7777777777777778,0.5324307898643275,1.3605271541760635
-65.8_18.26,-65.8,18.26,444.9391304347826,0.689865520100359,115,46,0.4,1.5315643338967957,0.7725765599216813
-65.8_18.27,-65.8,18.27,495.70535714285717,0.8266992533379974,112,48,0.42857142857142855,1.7679150788117464,1.4264733669776104
-65.8_18.38,-65.8,18.38,8,0.34056579076439253,4,4,1,-0.5026796045900884,-0.8966461698390947
-65.8_18.4,-65.8,18.4,3.0833333333333335,0.5655660815921285,12,11,0.9166666666666666,-0.5255699768812467,0.17857825236823727
-65.8_18.41,-65.8,18.41,3.006289308176101,0.5344402742382173,159,124,0.779874213836478,-0.5259286683562281,0.02983520806049008
-65.8_18.42,-65.8,18.42,2.090909090909091,0.44778466935434225,11,7,0.6363636363636364,-0.5301903756025745,-0.3842719130881983
-65.91_18.4,-65.91,18.4,25.833333333333332,0.5570194723585906,6,6,1,-0.419653508483175,0.13773598082647165
-65.91_18.41,-65.91,18.41,0.42857142857142855,0.7924489976395802,7,5,0.7142857142857143,-0.5379296694258674,1.2627993056761555
-65.91_18.45,-65.91,18.45,0.9333333333333333,0.37536507653717793,15,15,1,-0.5355796651034821,-0.7303484206201031
-65.92_18.21,-65.92,18.21,119.4,0.6673620099655796,10,8,0.8,0.01596191538992026,0.6650374825574209
-65.94_18.37,-65.94,18.37,20.142857142857142,0.30521997859653466,7,4,0.5714285714285714,-0.4461464817402542,-1.0655556424705364
-65.95_17.97,-65.95,17.97,8.875,0.48793333492234775,8,8,1,-0.4986058942670856,-0.19241071335843926
-65.95_18.15,-65.95,18.15,182.375,0.753271148829665,16,12,0.75,0.3091526669226046,1.0755774150066055
-65.95_18.42,-65.95,18.42,3.0714285714285716,0.69360884474321,14,14,1,-0.5256254015114917,0.7904650438051336
-65.96_18.21,-65.96,18.21,114.5813953488372,0.4302060612450214,43,34,0.7906976744186046,-0.006471912621406619,-0.468276021162994
-65.96_18.4,-65.96,18.4,6.969230769230769,0.25010834732001286,195,173,0.8871794871794871,-0.5074785248826806,-1.3289213993689135
-65.96_18.41,-65.96,18.41,3.107142857142857,0.4104358029982167,28,22,0.7857142857142857,-0.5254591276207569,-0.5627535190458097
-65.96_18.42,-65.96,18.42,2.9642857142857144,0.5663816526824792,28,21,0.75,-0.5261242231836961,0.18247567823895627
-65.96_18.44,-65.96,18.44,3.067864271457086,0.7098816911662816,501,433,0.8642714570858283,-0.5256419957121639,0.8682292183692979
-65.96_18.45,-65.96,18.45,2.3333333333333335,0.4170737512695688,24,23,0.9583333333333334,-0.5290617285866777,-0.5310322974044958
-65.97_18.39,-65.97,18.39,15.2,0.08452131025535643,5,3,0.6,-0.4691587882179514,-2.12022360434776
-65.97_18.4,-65.97,18.4,7.852941176470588,0.46735038411060625,34,31,0.9117647058823529,-0.5033642617872317,-0.2907718813038655
-65.97_18.41,-65.97,18.41,3.769230769230769,0.3790016113845901,13,13,1,-0.5223766654925193,-0.712970260504127
-65.97_18.45,-65.97,18.45,0.5037220843672456,-0.2696711952273213,403,366,0.9081885856079405,-0.537579792851815,-3.812827781243488
-65.98_17.97,-65.98,17.97,4.5,0.7200338472508943,12,11,0.9166666666666666,-0.5189744458820994,0.9167440274838942
-65.98_18.35,-65.98,18.35,92,0.8220750196784614,1889,1597,0.845420857596612,-0.11160341358182337,1.4043752223643975
-65.98_18.4,-65.98,18.4,16.666666666666668,0.2298791444109378,9,8,0.8888888888888888,-0.46233047377177533,-1.425592087791614
-65.98_18.41,-65.98,18.41,7,0.3666478096482202,5,4,0.8,-0.507335273530663,-0.7720062256808211
-65.98_18.45,-65.98,18.45,2.6,0.5580624408308745,10,10,1,-0.5278202168691911,0.142720086264142
-65.98_18.46,-65.98,18.46,1.8571428571428572,0.46022061027020167,14,14,1,-0.5312787137964751,-0.3248434237441696
-65.99_17.98,-65.99,17.98,33.22727272727273,0.5406383184095833,22,19,0.8636363636363636,-0.3852297744983205,0.059454229611332746
-65.99_18.43,-65.99,18.43,6.7894736842105265,0.56472286411026,19,18,0.9473684210526315,-0.5083154143602576,0.17454871077786047
-65.99_18.45,-65.99,18.45,0.9444444444444444,0.5298056046412111,18,16,0.8888888888888888,-0.5355279354485868,0.00768719251246491
-65.99_18.46,-65.99,18.46,3.43859649122807,0.3072425590639515,57,56,0.9824561403508771,-0.5239159892313058,-1.05589019756624
-65.9_18.45,-65.9,18.45,2.6785714285714284,0.4369221059471282,28,27,0.9642857142857143,-0.5274544143095745,-0.4361815947168073
-66.01_18.02,-66.01,18.02,91.33333333333333,0.7410930153174448,3,3,1,-0.11470719287553977,1.0173809276995476
-66.01_18.24,-66.01,18.24,57.4,0.4894512912271526,20,20,1,-0.27268955892570396,-0.1851567507757004
-66.01_18.39,-66.01,18.39,43,0.3540874240182687,8,7,0.875,-0.33973119166997795,-0.8320294075708645
-66.01_18.43,-66.01,18.43,1.9285714285714286,0.2730499025868912,14,11,0.7857142857142857,-0.5309461660150054,-1.2192890054923538
-66.01_18.44,-66.01,18.44,7.771812080536913,0.205724616693205,149,133,0.8926174496644296,-0.503741971999347,-1.5410209968541118
-66.02_17.98,-66.02,17.98,5.333333333333333,0.6411895025623771,6,6,1,-0.515094721764954,0.5399651146649233
-66.02_18.02,-66.02,18.02,69,0.585914384825441,12,11,0.9166666666666666,-0.21868379921503878,0.2758180937322155
-66.02_18.24,-66.02,18.24,59.142857142857146,0.30103592666572054,7,6,0.8571428571428571,-0.2645753930578454,-1.0855502602696725
-66.02_18.33,-66.02,18.33,168.885598923284,0.7804097664397884,743,628,0.845222072678331,0.24635048130278459,1.2052666004383326
-66.02_18.38,-66.02,18.38,77.83333333333333,0.5395954544149815,12,11,0.9166666666666666,-0.17755872357329666,0.05447062344837404
-66.02_18.43,-66.02,18.43,3.2,0.4795529079393983,5,5,1,-0.5250268155048464,-0.23245883830727052
-66.02_18.44,-66.02,18.44,5.389121338912134,0.26085067822934666,239,206,0.8619246861924686,-0.5148349912801241,-1.277586281077926
-66.02_18.45,-66.02,18.45,2.9523809523809526,0.12766659482244358,21,13,0.6190476190476191,-0.5261796478139411,-1.9140422545417066
-66.03_18.09,-66.03,18.09,608.0617283950618,0.7992842197896582,81,43,0.5308641975308642,2.2910091467263025,1.2954632536201307
-66.03_18.24,-66.03,18.24,60.53448275862069,0.43770420214191974,58,45,0.7758620689655172,-0.2580964449016271,-0.4324441376403669
-66.03_18.39,-66.03,18.39,63.300813008130085,0.6219945555734508,123,109,0.8861788617886179,-0.24521732707961424,0.44823689640555214
-66.03_18.4,-66.03,18.4,37.98,0.5956609605811337,1250,1031,0.8248,-0.3631026497516624,0.3223947281306046
-66.03_18.43,-66.03,18.43,2.5161290322580645,0.5540223284041935,31,30,0.967741935483871,-0.5282106923287232,0.12341332210997205
-66.03_18.44,-66.03,18.44,3.3714285714285714,0.4242017146083792,35,31,0.8857142857142857,-0.5242287008293194,-0.49696940693314406
-66.03_18.45,-66.03,18.45,1.3846153846153846,-0.057159743858489306,13,11,0.8461538461538461,-0.5334786452738894,-2.797284638299573
-66.04_17.96,-66.04,17.96,5.013513513513513,0.4942178438050735,74,72,0.972972972972973,-0.5165836969666692,-0.1623784969225098
-66.04_18.09,-66.04,18.09,607.4,0.8106431943711405,10,5,0.5,2.287928358390317,1.3497451695959322
-66.04_18.16,-66.04,18.16,165.26923076923077,0.6630735896819193,26,23,0.8846153846153846,0.22951386841027596,0.6445441125056858
-66.04_18.18,-66.04,18.18,122.96,0.5384489155045505,25,23,0.92,0.03253609681836572,0.048991578808159957
-66.04_18.25,-66.04,18.25,61,0.26099053251288634,7,7,1,-0.25592915073963546,-1.2769179497586243
-66.04_18.37,-66.04,18.37,54.75,0.3536022679599522,8,8,1,-0.2850270816182266,-0.8343478563184848
-66.04_18.38,-66.04,18.38,80.6470588235294,0.6515989055486917,17,12,0.7058823529411765,-0.16445894920128779,0.5897092473071898
-66.04_18.39,-66.04,18.39,35.76190476190476,0.17834091671175917,21,17,0.8095238095238095,-0.37342936685889877,-1.6718813743324303
-66.04_18.4,-66.04,18.4,23.984126984126984,0.5470724023080215,63,56,0.8888888888888888,-0.4282628010478883,0.09020123050044825
-66.04_18.42,-66.04,18.42,5.5,0.3704445027435817,6,5,0.8333333333333334,-0.5143187769415248,-0.7538627062891768
-66.04_18.43,-66.04,18.43,3.230769230769231,0.3052752710334779,13,11,0.8461538461538461,-0.5248835641528288,-1.0652914126851167
-66.04_18.45,-66.04,18.45,3.2734375,0.31018508977433945,128,120,0.9375,-0.524684914817023,-1.0418285229289992
-66.05_17.96,-66.05,17.96,0.12280701754385964,0.4065523368105908,114,113,0.9912280701754386,-0.5393532072974215,-0.5813117070036586
-66.05_18.1,-66.05,18.1,757.4807692307693,0.7244268986781863,52,24,0.46153846153846156,2.986654734275551,0.9377374056046968
-66.05_18.12,-66.05,18.12,712.8,0.8921342176412188,5,2,0.4,2.778635864726878,1.7391719480605803
-66.05_18.2,-66.05,18.2,93.5625,0.6357920661155889,96,83,0.8645833333333334,-0.10432893086217557,0.5141720125158162
-66.05_18.22,-66.05,18.22,89.5,0.45972432478198,6,6,1,-0.12324258593325982,-0.32721505746677476
-66.05_18.24,-66.05,18.24,78.13333333333334,0.40834122621245983,15,13,0.8666666666666667,-0.17616202289112423,-0.572763017726674
-66.05_18.25,-66.05,18.25,82.14285714285714,0.5494097072933404,7,6,0.8571428571428571,-0.15749500742463,0.10137067118479805
-66.05_18.29,-66.05,18.29,60.69512195121951,0.6459527408777922,82,69,0.8414634146341463,-0.25734856200200573,0.5627275304230843
-66.05_18.34,-66.05,18.34,116.8780487804878,0.7998990603678517,164,142,0.8658536585365854,0.004220545427593098,1.2984014347353892
-66.05_18.37,-66.05,18.37,47.57142857142857,0.41710094384549246,21,19,0.9047619047619048,-0.3184481336559227,-0.5309023503647462
-66.05_18.38,-66.05,18.38,39.9375,0.44843036510893985,16,16,1,-0.3539891778004876,-0.3811862822114343
-66.05_18.39,-66.05,18.39,42.926829268292686,0.4938890407391682,41,38,0.926829268292683,-0.3400718503729468,-0.16394977083178988
-66.05_18.4,-66.05,18.4,33.3903743315508,0.5703343809901508,374,319,0.8529411764705882,-0.38447042742512516,0.20136485387123426
-66.05_18.41,-66.05,18.41,33.83050847457627,0.5188321303552882,59,45,0.7627118644067796,-0.38242130856575507,-0.04475250658873277
-66.05_18.43,-66.05,18.43,8.19047619047619,0.3867217007571115,21,14,0.6666666666666666,-0.5017928105061694,-0.6760777364792869
-66.05_18.45,-66.05,18.45,2.425531914893617,0.28484052619536787,141,133,0.9432624113475178,-0.5286324825141425,-1.162944338513258
-66.06_18.23,-66.06,18.23,90,0.34112730904877553,9,7,0.7777777777777778,-0.12091475146297252,-0.8939628036502625
-66.06_18.24,-66.06,18.24,87.37062937062937,0.5872592781747886,143,121,0.8461538461538461,-0.1331562306353924,0.2822450284226684
-66.06_18.31,-66.06,18.31,308.22222222222223,0.8132358458313661,18,13,0.7222222222222222,0.8950556706801922,1.3621348521072332
-66.06_18.33,-66.06,18.33,150,0.6479946877975828,12,10,0.8333333333333334,0.1584253849715025,0.5724855231302621
-66.06_18.36,-66.06,18.36,57.357142857142854,0.4335520265704177,14,12,0.8571428571428571,-0.27288908759458574,-0.4522864256807401
-66.06_18.37,-66.06,18.37,36.56,0.34861410208494426,25,22,0.88,-0.36971369964727824,-0.85818514893308
-66.06_18.38,-66.06,18.38,24.17391304347826,0.49636705486413596,23,19,0.8260869565217391,-0.42737921998601247,-0.15210791366823617
-66.06_18.39,-66.06,18.39,27.921219822109276,0.7617963963390516,787,669,0.8500635324015248,-0.4099330002059355,1.1163176038025073
-66.06_18.4,-66.06,18.4,12.75609756097561,0.6507588805824578,41,37,0.9024390243902439,-0.4805367888971117,0.5856949620116649
-66.06_18.41,-66.06,18.41,22.950381679389313,0.40104782608186773,262,216,0.8244274809160306,-0.43307557695562027,-0.6076164924154991
-66.06_18.42,-66.06,18.42,10.037037037037036,0.3865220739617744,27,19,0.7037037037037037,-0.49319583452595495,-0.6770317068269863
-66.06_18.43,-66.06,18.43,7.7105263157894735,0.481735515910113,38,30,0.7894736842105263,-0.504027298230781,-0.22202865892579784
-66.06_18.44,-66.06,18.44,16.928571428571427,0.2630887900703459,42,38,0.9047619047619048,-0.46111113190638675,-1.2668908615199297
-66.06_18.45,-66.06,18.45,7.804597701149425,0.2526252808780476,87,86,0.9885057471264368,-0.503589333003764,-1.3168935552238403
-66.07_18.12,-66.07,18.12,769.1428571428571,0.8502297358544836,7,2,0.2857142857142857,3.040949554750109,1.5389201081572432
-66.07_18.13,-66.07,18.13,533.4666666666667,0.6015449645979103,15,9,0.6,1.9437192347171697,0.3505130243155993
-66.07_18.19,-66.07,18.19,311,0.7536546676221553,16,15,0.9375,0.9079880844040105,1.0774101627357042
-66.07_18.24,-66.07,18.24,102,0.45758696645033287,4,4,1,-0.06504672417607753,-0.3374289992743203
-66.07_18.33,-66.07,18.33,143.2,0.634013931560893,5,5,1,0.12676683617559528,0.5056747181694567
-66.07_18.34,-66.07,18.34,99.14814814814815,0.33057347196083137,27,22,0.8148148148148148,-0.07832400226586428,-0.9443971535046949
-66.07_18.36,-66.07,18.36,69.01785714285714,0.27231491691680987,168,126,0.75,-0.2186006622696714,-1.222801332252184
-66.07_18.37,-66.07,18.37,59.592592592592595,0.28632150700120496,27,23,0.8518518518518519,-0.2624815736930367,-1.1558670732999634
-66.07_18.38,-66.07,18.38,40.47222222222222,0.33637545751260656,36,28,0.7777777777777778,-0.35149968815865257,-0.9166708046203771
-66.07_18.39,-66.07,18.39,17.68,0.4503355529560093,25,22,0.88,-0.45761272924532637,-0.3720818295259484
-66.07_18.4,-66.07,18.4,15.307692307692308,0.5356982213876725,26,24,0.9230769230769231,-0.4686574084858895,0.03584664694336668
-66.07_18.41,-66.07,18.41,8.066666666666666,0.6552265370360845,60,51,0.85,-0.5023692266607168,0.6070448603220161
-66.07_18.42,-66.07,18.42,9.625,0.37520448148973856,56,49,0.875,-0.4951141425616547,-0.731115867259648
-66.07_18.43,-66.07,18.43,4.769230769230769,0.7229055193920759,13,13,1,-0.5177209965519447,0.9304670853848945
-66.07_18.44,-66.07,18.44,3.8666666666666667,0.6411239674532198,45,35,0.7777777777777778,-0.52192303621113,0.5396519375147129
-66.07_18.45,-66.07,18.45,17.620689655172413,0.31557800523675184,87,82,0.9425287356321839,-0.45788885857559497,-1.0160570255200254
-66.07_18.46,-66.07,18.46,5.580645161290323,0.1859054129943392,124,117,0.9435483870967742,-0.5139433197688978,-1.6357323937475396
-66.08_18.12,-66.08,18.12,639.2,0.8431548789685129,175,93,0.5314285714285715,2.435978630700589,1.5051110011581708
-66.08_18.33,-66.08,18.33,121.25,0.6274711651702678,16,12,0.75,0.02457490292998321,0.4744083487522561
-66.08_18.34,-66.08,18.34,110.83928571428571,0.5279178754225397,112,104,0.9285714285714286,-0.023893936219212927,-0.001333829420275045
-66.08_18.35,-66.08,18.35,102.33333333333333,0.6168416787008791,6,5,0.8333333333333334,-0.06349483452921935,0.4236124879764166
-66.08_18.37,-66.08,18.37,74.25806451612904,0.26374732286923624,31,16,0.5161290322580645,-0.19420399155975948,-1.2637438853734253
-66.08_18.38,-66.08,18.38,33.37404580152672,0.27947001667244387,131,103,0.7862595419847328,-0.3845464476552035,-1.1886087631124511
-66.08_18.4,-66.08,18.4,9.277777777777779,0.5557250151952322,18,14,0.7777777777777778,-0.496730694277132,0.13155006901976293
-66.08_18.42,-66.08,18.42,6.829268292682927,0.2800275686247512,41,38,0.926829268292683,-0.5081301438375904,-1.1859443511085164
-66.08_18.43,-66.08,18.43,6.583333333333333,0.39126106598320565,12,11,0.9166666666666666,-0.5092751355892358,-0.6543851585076789
-66.08_18.44,-66.08,18.44,0.5714285714285714,0.5558060228060908,378,337,0.8915343915343915,-0.5372645738629281,0.1319371856819655
-66.08_18.45,-66.08,18.45,12.323529411764707,0.3468002234616272,102,92,0.9019607843137255,-0.4825506829940747,-0.8668532559276771
-66.08_18.46,-66.08,18.46,3.6725,0.06269456056474129,400,355,0.8875,-0.5228270119304249,-2.224528599858738
-66.09_18.32,-66.09,18.32,158.83333333333334,0.7025192167944467,6,5,0.8333333333333334,0.1995504606132447,0.8330456538354487
-66.09_18.37,-66.09,18.37,48.54054054054054,0.38973035496920055,37,35,0.9459459459459459,-0.313936269161389,-0.6617000728997678
-66.09_18.38,-66.09,18.38,41.5,0.47476373487628853,14,13,0.9285714285714286,-0.34671469508083985,-0.25534519023459146
-66.09_18.41,-66.09,18.41,37.207692307692305,0.6969934336644326,130,102,0.7846153846153846,-0.36669825868730616,0.8066392125310622
-66.09_18.42,-66.09,18.42,6.444444444444445,0.43226189831406187,9,7,0.7777777777777778,-0.5099217562754267,-0.4584516506407185
-66.09_18.45,-66.09,18.45,6.158139534883721,0.2716928794689698,215,212,0.986046511627907,-0.5112546971504025,-1.2257739055452437
-66.09_18.46,-66.09,18.46,9.387254901960784,0.4587160975345426,408,387,0.9485294117647058,-0.4962210050303697,-0.3320331426149825
-66.09_18.47,-66.09,18.47,1.2293577981651376,0.3288526077656253,109,104,0.9541284403669725,-0.5342014731969145,-0.9526207660306198
-66.11_18.19,-66.11,18.19,415.54545454545456,0.48150629773292175,11,8,0.7272727272727273,1.3947171100095352,-0.2231240396527435
-66.11_18.36,-66.11,18.36,32.44444444444444,0.4821093561495161,9,8,0.8888888888888888,-0.38887436382048746,-0.2202421627664759
-66.11_18.4,-66.11,18.4,24.75,0.3685983698868083,4,1,0.25,-0.4246971498354641,-0.7626849488157962
-66.11_18.41,-66.11,18.41,25.90909090909091,0.427724650519453,11,5,0.45454545454545453,-0.4193008062907072,-0.48013410989631516
-66.11_18.44,-66.11,18.44,1.338235294117647,0.2622781355621415,68,50,0.7352941176470589,-0.5336945756206808,-1.2707647921801402
-66.11_18.46,-66.11,18.46,3.892857142857143,0.09259386369593971,140,107,0.7642857142857142,-0.5218011020245912,-2.081646735949246
-66.11_18.47,-66.11,18.47,20.692307692307693,0.26941916683796774,130,108,0.8307692307692308,-0.44358842188279557,-1.2366394530560532
-66.12_18.19,-66.12,18.19,406.4,0.6438682279998922,10,10,1,1.3521389013348257,0.5527661248334365
-66.12_18.29,-66.12,18.29,233.6,0.8351380606686725,5,5,1,0.5476393084035377,1.4668004781242843
-66.12_18.3,-66.12,18.3,180.44827586206895,0.5179490221853554,29,22,0.7586206896551724,0.3001824771965837,-0.048972676563932956
-66.12_18.35,-66.12,18.35,41.94285714285714,0.2745898184817192,35,33,0.9428571428571428,-0.3446528988357282,-1.2119301031008363
-66.12_18.37,-66.12,18.37,38.22222222222222,0.20703893039090768,9,5,0.5555555555555556,-0.3619749432749454,-1.5347401952559772
-66.12_18.38,-66.12,18.38,87.38461538461539,0.694065382729253,13,7,0.5384615384615384,-0.13309111638447527,0.7926467333951909
-66.12_18.39,-66.12,18.39,33.91428571428571,0.47725405325190445,35,19,0.5428571428571428,-0.38203126947291277,-0.24344453389906706
-66.12_18.4,-66.12,18.4,42.21212121212121,0.2899325898945087,33,24,0.7272727272727273,-0.34339929447164275,-1.1386105421941082
-66.12_18.41,-66.12,18.41,18.384615384615383,0.6745261393993315,13,9,0.6923076923076923,-0.45433227328412157,0.699273202443321
-66.12_18.42,-66.12,18.42,11.142857142857142,0.648498411327711,7,2,0.2857142857142857,-0.4880475022054254,0.5748927015371957
-66.12_18.44,-66.12,18.44,1.4523809523809523,0.15319449547121158,252,155,0.6150793650793651,-0.533163151224803,-1.792050313445717
-66.12_18.46,-66.12,18.46,9.051771117166213,0.29239102624637975,367,280,0.7629427792915532,-0.4977829064673042,-1.1268622426863628
-66.12_18.47,-66.12,18.47,32.39628482972136,0.17173697995522635,1292,998,0.7724458204334366,-0.3890985790429437,-1.703440062799963
-66.13_18.36,-66.13,18.36,61.49152542372882,0.6357860581110085,59,39,0.6610169491525424,-0.25364077109087846,0.5141433016495778
-66.13_18.37,-66.13,18.37,36.32035928143713,0.5563140270302028,334,205,0.6137724550898204,-0.37082938749758837,0.1343648205367485
-66.13_18.38,-66.13,18.38,39.666666666666664,0.3260175453116586,45,35,0.7777777777777778,-0.35525008813855996,-0.9661688746920521
-66.13_18.4,-66.13,18.4,44.142857142857146,0.5470930896171246,77,44,0.5714285714285714,-0.3344104271664642,0.09030009037256471
-66.13_18.44,-66.13,18.44,1.569672131147541,0.397286504680052,244,171,0.7008196721311475,-0.5326170823268159,-0.6255909786533848
-66.13_18.45,-66.13,18.45,0.2975609756097561,-0.13661979961606388,205,133,0.6487804878048781,-0.5385396107226117,-3.177005892108586
-66.13_18.46,-66.13,18.46,4.827586206896552,0.51176463670319,29,19,0.6551724137931034,-0.5174493129532904,-0.0785264263937936
-66.13_18.47,-66.13,18.47,1.1666666666666667,-0.17319479218828238,6,2,0.3333333333333333,-0.5344933423506814,-3.3517893339922677
-66.14_18.19,-66.14,18.19,415.04477611940297,0.4026789478135306,67,58,0.8656716417910447,1.392386117012151,-0.5998217383952932
-66.14_18.36,-66.14,18.36,31,0.7028432474707146,7,5,0.7142857142857143,-0.39559921895687294,0.8345941215969161
-66.14_18.37,-66.14,18.37,35.166666666666664,0.5367245328176542,18,9,0.5,-0.37620059837114556,0.040751152223102896
-66.14_18.39,-66.14,18.39,11.208219178082192,0.5840258691567263,365,214,0.5863013698630137,-0.48774319820813544,0.2667933135363626
-66.14_18.41,-66.14,18.41,23.3475935828877,0.7503089288832699,561,298,0.5311942959001783,-0.43122628983367634,1.061421650058052
-66.14_18.43,-66.14,18.43,2.6666666666666665,0.6696281468793588,9,7,0.7777777777777778,-0.5275098389398195,0.6758668274653635
-66.14_18.45,-66.14,18.45,0.8333333333333334,0.2794947602016873,36,18,0.5,-0.5360452319975396,-1.1884905195011373
-66.14_18.46,-66.14,18.46,2.574468085106383,0.43239121808317793,47,30,0.6382978723404256,-0.5279390850123548,-0.4578336613327213
-66.14_18.47,-66.14,18.47,0.47619047619047616,0.29537486399666135,84,64,0.7619047619047619,-0.5377079709048876,-1.112603171246036
-66.15_18.08,-66.15,18.08,720.2105263157895,0.7245437432060614,19,15,0.7894736842105263,2.8131368219286097,0.9382957786161732
-66.15_18.11,-66.15,18.11,436,0.46627671105789364,3,3,1,1.4899467019758335,-0.2959027168396576
-66.15_18.18,-66.15,18.18,405.9372549019608,0.31267469237310486,255,186,0.7294117647058823,1.3499845133544814,-1.0299312871257225
-66.15_18.37,-66.15,18.37,40.875,0.31719137032988914,8,5,0.625,-0.34962448816869895,-1.0083471263741342
-66.15_18.39,-66.15,18.39,12.333333333333334,0.560939825603114,9,3,0.3333333333333333,-0.48250503918093185,0.15647044350953776
-66.15_18.41,-66.15,18.41,6.331428571428572,0.3982021224821703,175,84,0.48,-0.5104479207652185,-0.6212154526546244
-66.16_17.93,-66.16,17.93,2.1666666666666665,-0.01309163461286132,6,6,1,-0.5298376734101068,-2.5866933224968873
-66.16_17.94,-66.16,17.94,4,0.5842235784542311,7,7,1,-0.5213022803523867,0.2677381206048007
-66.16_17.95,-66.16,17.95,4.944444444444445,0.5739740278546255,18,18,1,-0.5169052596862885,0.21875788559797876
-66.16_18.12,-66.16,18.12,397.44444444444446,0.627741540190476,9,3,0.3333333333333333,1.3104447994892356,0.47570040852610435
-66.16_18.4,-66.16,18.4,13.25,0.4571196158542406,4,2,0.5,-0.4782373426520718,-0.33966235983044635
-66.16_18.42,-66.16,18.42,5.071428571428571,0.29496493198599855,14,7,0.5,-0.5163140636303425,-1.1145621416441973
-66.16_18.43,-66.16,18.43,4.75,0.7350265600811242,24,11,0.4583333333333333,-0.5178105286469558,0.9883907392765763
-66.16_18.44,-66.16,18.44,3.689075630252101,0.5856390370420591,119,81,0.680672268907563,-0.5227498412834897,0.27450227027170476
-66.16_18.45,-66.16,18.45,2.272727272727273,0.4894876876666407,11,7,0.6363636363636364,-0.529343890340652,-0.1849828205977658
-66.17_17.94,-66.17,17.94,1.5186567164179106,0.5300978268719977,268,265,0.9888059701492538,-0.5328545932086632,0.009083655059681091
-66.17_18.08,-66.17,18.08,619.375,0.6536166788618273,8,6,0.75,2.343679993953698,0.5993517199314702
-66.17_18.37,-66.17,18.37,30,0.48626535121902564,7,7,1,-0.40025488789744756,-0.20038162222730316
-66.17_18.4,-66.17,18.4,33.835205992509366,0.2184263010622094,267,157,0.5880149812734082,-0.38239943847741614,-1.4803225809254905
-66.17_18.43,-66.17,18.43,4.0625,0.2889127855556709,16,5,0.3125,-0.5210113010436008,-1.1434839515881916
-66.17_18.45,-66.17,18.45,2.875,0.606220002563644,16,11,0.6875,-0.5265399079105332,0.372853950974009
-66.18_17.94,-66.18,17.94,4.785714285714286,0.3226153520395454,14,14,1,-0.517644254756221,-0.9824271705448621
-66.18_18.08,-66.18,18.08,767.015873015873,0.7460918839283093,63,43,0.6825396825396826,3.031047020813014,1.0412693662168218
-66.18_18.19,-66.18,18.19,430.25,0.8268933458865211,4,2,0.5,1.4631766055675295,1.4274008904380173
-66.18_18.35,-66.18,18.35,103.82105263157895,0.49912469930657577,95,66,0.6947368421052632,-0.05656850600008379,-0.13892976780287938
-66.18_18.4,-66.18,18.4,43.2,0.36476316310026013,15,8,0.5333333333333333,-0.338800057881863,-0.7810125162422269
-66.18_18.46,-66.18,18.46,0.875,0.2606572430319059,48,24,0.5,-0.5358512457916823,-1.2785106632093342
-66.19_18.41,-66.19,18.41,42.03846153846154,0.7195479387177656,26,4,0.15384615384615385,-0.3442077964205304,0.9144219828329434
-66.19_18.43,-66.19,18.43,15,0.5338436783129286,3,3,1,-0.4700899220060663,0.02698421392754948
-66.19_18.47,-66.19,18.47,1.0698689956331877,0.6881346632869914,229,182,0.7947598253275109,-0.5349440002612319,0.7643051949815282
-66.1_18.06,-66.1,18.06,582.625,0.8555334566544738,8,1,0.125,2.172584160387582,1.5642653648755316
-66.1_18.07,-66.1,18.07,587.3333333333334,0.7343461864749756,6,4,0.6666666666666666,2.194504601649454,0.985139390956692
-66.1_18.14,-66.1,18.14,492.94020618556704,0.659720399528801,1940,1556,0.8020618556701031,1.7550414513838906,0.6285199912404457
-66.1_18.15,-66.1,18.15,436.36842105263156,0.5775702534565154,19,16,0.8421052631578947,1.491661948427624,0.23594341713971223
-66.1_18.26,-66.1,18.26,259.5,0.39131940051341013,4,2,0.5,0.6682211339644194,-0.6541063912611873
-66.1_18.28,-66.1,18.28,386,0.5430705193298307,7,5,0.7142857142857143,1.2571632549471041,0.07107715605086964
-66.1_18.37,-66.1,18.37,37.94871794871795,0.37992015423349185,39,35,0.8974358974358975,-0.36324828862621367,-0.708580756382378
-66.1_18.38,-66.1,18.38,51.77924528301887,0.22033149754015918,530,394,0.7433962264150943,-0.2988579320841411,-1.4712180869950209
-66.1_18.39,-66.1,18.39,44.083333333333336,0.2932937695075763,12,9,0.75,-0.33468755031768876,-1.1225482411450725
-66.1_18.41,-66.1,18.41,20.954545454545453,0.3533246588345468,22,17,0.7727272727272727,-0.44236752967809945,-0.8356744862102304
-66.1_18.45,-66.1,18.45,2.6,0.3370950539594817,10,7,0.7,-0.5278202168691911,-0.9132320194038454
-66.1_18.46,-66.1,18.46,2.5555555555555554,0.089892172580056,27,25,0.9259259259259259,-0.5280271354887722,-2.0945574937903673
-66.1_18.47,-66.1,18.47,6.076923076923077,0.27193489741162574,13,13,1,-0.5116328140911933,-1.2246173576954664
-66.21_18.42,-66.21,18.42,32,0.5030770962721968,7,4,0.5714285714285714,-0.3909435500162984,-0.12004217557773199
-66.21_18.47,-66.21,18.47,0.7647058823529411,0.45102969972206236,17,13,0.7647058823529411,-0.5363647386895398,-0.3687646624560271
-66.22_17.96,-66.22,17.96,11.35068493150685,0.5164658002364862,365,340,0.9315068493150684,-0.48707992482482065,-0.05606065168214783
-66.22_18.45,-66.22,18.45,0,0.8194864782293736,49,41,0.8367346938775511,-0.539924956114685,1.3920051806470466
-66.23_18.22,-66.23,18.22,199.28571428571428,0.3565950236997653,7,2,0.2857142857142857,0.3878833541855355,-0.820046167865949
-66.23_18.34,-66.23,18.34,93.01010101010101,0.4402820290592126,99,51,0.5151515151515151,-0.10690071768225307,-0.42012529819576006
-66.23_18.45,-66.23,18.45,2.590909090909091,0.5585699445717862,22,16,0.7272727272727273,-0.5278625411322873,0.14514532942530578
-66.23_18.47,-66.23,18.47,2.293103448275862,0.5649687856678768,58,45,0.7758620689655172,-0.5292490256130227,0.1757239131019291
-66.24_18.3,-66.24,18.3,123.4,0.6865623899970263,5,2,0.4,0.03458459115221859,0.7567916640721438
-66.24_18.34,-66.24,18.34,56.642857142857146,0.7188724668343679,28,10,0.35714285714285715,-0.27621456540928185,0.9111940587139492
-66.24_18.42,-66.24,18.42,11.666666666666666,0.46024705113881664,3,2,0.6666666666666666,-0.4856088184746482,-0.3247170689400286
-66.24_18.45,-66.24,18.45,1.9217081850533808,0.6190267273480229,281,174,0.6192170818505338,-0.5309781190046841,0.4340543307868279
-66.24_18.47,-66.24,18.47,3.2,0.6307810828999789,25,20,0.8,-0.5250268155048464,0.49022568110053827
-66.25_17.95,-66.25,17.95,0.6,0.5386817451055508,65,55,0.8461538461538461,-0.5371315547503404,0.05010421769536883
-66.25_18.39,-66.25,18.39,29.6,0.33201507921273843,5,4,0.8,-0.4021171554736774,-0.9375080454116372
-66.25_18.45,-66.25,18.45,1.35,0.6463762007812656,200,134,0.67,-0.5336398030449094,0.5647511474964894
-66.25_18.46,-66.25,18.46,1.7857142857142858,0.6524306661511509,14,13,0.9285714285714286,-0.5316112615779447,0.5936840391170309
-66.25_18.47,-66.25,18.47,1.5116279069767442,0.4242264782659973,43,34,0.7906976744186046,-0.5328873170184677,-0.4968510671329766
-66.26_17.94,-66.26,17.94,1.625,0.38461061869741087,8,7,0.875,-0.5323594940862514,-0.6861661100521537
-66.26_17.95,-66.26,17.95,1.0544554455445545,0.34231641481854064,202,178,0.8811881188118812,-0.5350157606476436,-0.8882803418208333
-66.26_18.14,-66.26,18.14,612.081081081081,0.28608302882082015,74,33,0.44594594594594594,2.3097219221878174,-1.1570067054434152
-66.26_18.43,-66.26,18.43,7.1,0.7577286396365174,10,4,0.4,-0.5068697066366056,1.0968787340389523
-66.26_18.48,-66.26,18.48,3.175675675675676,0.3668980336509711,74,58,0.7837837837837838,-0.5251400615061036,-0.7708104629651797
-66.27_18.42,-66.27,18.42,9,0.41029346747755213,8,2,0.25,-0.4980239356495138,-0.5634337076242473
-66.27_18.43,-66.27,18.43,7.428571428571429,0.6705545133209148,7,4,0.5714285714285714,-0.5053399868418453,0.6802937187294147
-66.27_18.45,-66.27,18.45,4.076923076923077,0.5119714589735072,13,10,0.7692307692307693,-0.5209441519723425,-0.07753807053308191
-66.27_18.46,-66.27,18.46,13.5,0.29408848732820425,14,13,0.9285714285714286,-0.47707342541692815,-1.1187504682339398
-66.27_18.47,-66.27,18.47,3.4915254237288136,0.6692279355556537,59,43,0.7288135593220338,-0.5236695696442043,0.6739543099850148
-66.27_18.48,-66.27,18.48,2.1948051948051948,0.2635259083485075,77,53,0.6883116883116883,-0.5297066697386188,-1.2648019742285246
-66.28_17.96,-66.28,17.96,0,0.1449954818078742,25,22,0.88,-0.539924956114685,-1.8312315060406255
-66.28_17.99,-66.28,17.99,19.25,0.24237085074632755,4,3,0.75,-0.4503033290086243,-1.3658971083876255
-66.28_18.17,-66.28,18.17,436.75,0.8529710942339911,32,20,0.625,1.4934384536812644,1.5520204266893909
-66.28_18.47,-66.28,18.47,7.411042944785276,0.7785499439549916,163,133,0.8159509202453987,-0.5054215936593839,1.1963789383412424
-66.29_18.18,-66.29,18.18,578.9230769230769,0.7972033368526542,13,8,0.6153846153846154,2.1553492320979544,1.2855191946796278
-66.29_18.29,-66.29,18.29,402.8709677419355,0.836005061507594,31,15,0.4838709677419355,1.335708895460669,1.470943674884845
-66.29_18.45,-66.29,18.45,8.933333333333334,0.6604229694370632,15,11,0.7333333333333333,-0.4983343135788854,0.6318774105615161
-66.29_18.46,-66.29,18.46,10.361290322580645,0.5480932264796453,310,213,0.6870967741935484,-0.4916862185755703,0.0950795134398685
-66.29_18.47,-66.29,18.47,4.17948717948718,0.4686235362222519,39,32,0.8205128205128205,-0.5204666474656169,-0.2846877814185267
-66.2_17.93,-66.2,17.93,3.263888888888889,0.40354890138975696,72,70,0.9722222222222222,-0.5247293699891986,-0.5956644311851377
-66.2_17.94,-66.2,17.94,3.1608040201005023,0.6251448555816157,199,193,0.9698492462311558,-0.5252092990110598,0.4632914525290025
-66.2_18.22,-66.2,18.22,222.07758620689654,0.40308296861125076,116,48,0.41379310344827586,0.4939947643865377,-0.5978910163184892
-66.2_18.23,-66.2,18.23,253.5,0.789787705638724,6,3,0.5,0.6402871203209719,1.2500816058748856
-66.2_18.47,-66.2,18.47,0.6153846153846154,0.3481264710790496,13,8,0.6153846153846154,-0.5370599290743314,-0.8605154248835447
-66.31_17.97,-66.31,17.97,2.8,0.6895713778698304,5,3,0.6,-0.5268890830810762,0.771170922139155
-66.31_18.09,-66.31,18.09,160.25,0.4997983826976786,4,2,0.5,0.20614599161239197,-0.13571039047547928
-66.31_18.16,-66.31,18.16,620.4166666666666,0.7956656805805642,12,4,0.3333333333333333,2.3485296491001293,1.278171090503277
-66.31_18.35,-66.31,18.35,189,0.7010327661802932,11,6,0.5454545454545454,0.3399964736539113,0.8259422496715554
-66.31_18.47,-66.31,18.47,4.108695652173913,0.33767476259294543,46,36,0.782608695652174,-0.5207962293805851,-0.910461725738128
-66.31_18.48,-66.31,18.48,0.11538461538461539,0.4163190203760851,26,16,0.6153846153846154,-0.5393877635446188,-0.5346389820264696
-66.32_18.37,-66.32,18.37,162.8139534883721,0.7226615789686268,43,32,0.7441860465116279,0.21808291023328386,0.9293013504434366
-66.32_18.47,-66.32,18.47,5.492537313432836,0.344487854790693,67,45,0.6716417910447762,-0.5143535207395888,-0.87790353172505
-66.32_18.48,-66.32,18.48,8,0.741992034608102,20,11,0.55,-0.5026796045900884,1.0216771332457453
-66.33_18.19,-66.33,18.19,645.9285714285714,0.7083662874442312,14,9,0.6428571428571429,2.4673046317150265,0.86098745398998
-66.33_18.2,-66.33,18.2,907.3333333333334,0.8608904134847728,3,2,0.6666666666666666,3.684318662633321,1.5898650242868955
-66.33_18.47,-66.33,18.47,18.53846153846154,0.6680889610041011,13,9,0.6923076923076923,-0.4536160165240331,0.6685114136687622
-66.33_18.48,-66.33,18.48,15.181818181818182,0.6825789992687118,22,18,0.8181818181818182,-0.46924343674414365,0.7377559598136226
-66.34_18.19,-66.34,18.19,673.375,0.44140389921538786,8,1,0.125,2.5950861167447252,-0.41476413983446386
-66.34_18.42,-66.34,18.42,16.166666666666668,0.5244455964571177,6,5,0.8333333333333334,-0.4646583082420626,-0.017927048613919794
-66.34_18.48,-66.34,18.48,17.526501766784452,0.7372170457014179,283,219,0.773851590106007,-0.45832736620214115,0.9988585641259092
-66.36_17.96,-66.36,17.96,0,0.7062843510164709,9,8,0.8888888888888888,-0.539924956114685,0.8510383606604746
-66.36_18.05,-66.36,18.05,133.12,0.4075284448353651,125,44,0.352,0.07983769325460353,-0.5766471122020748
-66.36_18.08,-66.36,18.08,137,0.16038645734950707,8,2,0.25,0.0979016887440329,-1.7576815887357211
-66.37_18.04,-66.37,18.04,65.8913043478261,0.8174922719782791,46,34,0.7391304347826086,-0.2331568570085641,1.382475329569045
-66.37_18.43,-66.37,18.43,41.4,0.33554138043833825,5,1,0.2,-0.34718026197489726,-0.9206566663139655
-66.38_17.95,-66.38,17.95,2,0.15929285733552975,4,2,0.5,-0.5306136182335359,-1.7629076506169252
-66.38_18.01,-66.38,18.01,48,0.22385843714627648,6,4,0.6666666666666666,-0.316452846967105,-1.4543636572243008
-66.38_18.44,-66.38,18.44,49.57142857142857,0.5370284449536062,49,28,0.5714285714285714,-0.30913679577477354,0.04220347812712147
-66.38_18.49,-66.38,18.49,0.0189873417721519,0.06773220830976619,158,114,0.7215189873417721,-0.5398365573373324,-2.2004548448160146
-66.39_17.98,-66.39,17.98,14,0.3005420323066683,4,2,0.5,-0.47474559094664087,-1.087910467338249
-66.39_18.01,-66.39,18.01,44.483870967741936,0.5214987583342278,31,18,0.5806451612903226,-0.3328227796936415,-0.032009307380637515
-66.39_18.23,-66.39,18.23,504.6666666666667,0.8705459783381504,3,1,0.3333333333333333,1.8096359692286215,1.6360067386036423
-66.39_18.35,-66.39,18.35,118.125,0.6450814229894505,8,6,0.75,0.010025937490687638,0.5585637034804408
-66.39_18.36,-66.39,18.36,99.14285714285714,0.7440692558967519,7,4,0.5714285714285714,-0.07834863543486206,1.0316036940144835
-66.39_18.49,-66.39,18.49,2.2222222222222223,0.4461851260341297,18,12,0.6666666666666666,-0.5295790251356304,-0.39191576117365656
-66.3_17.96,-66.3,17.96,2.3823529411764706,0.2182823884714619,34,26,0.7647058823529411,-0.5288335095209633,-1.4810103059576032
-66.3_18.16,-66.3,18.16,594.5,0.7327181103433421,4,1,0.25,2.227870229056905,0.9773591911555929
-66.3_18.44,-66.3,18.44,66.07142857142857,0.6171358152602286,14,9,0.6428571428571429,-0.23231825825529293,0.42501809865768797
-66.3_18.47,-66.3,18.47,12.421875,0.6124243083435925,64,50,0.78125,-0.4820928184934851,0.4025028953060421
-66.41_18.33,-66.41,18.33,202.77397260273972,0.4527845764806654,146,56,0.3835616438356164,0.4041235300888118,-0.36037851174541025
-66.41_18.45,-66.41,18.45,9,0.36836984498295994,22,10,0.45454545454545453,-0.4980239356495138,-0.7637770165495594
-66.42_18.45,-66.42,18.45,12,0.41872944220938435,11,8,0.7272727272727273,-0.48405692882779006,-0.5231201328132061
-66.42_18.46,-66.42,18.46,9.246153846153845,0.6964421205250617,65,39,0.6,-0.49687792483337234,0.8040046143731906
-66.42_18.47,-66.42,18.47,5.5,0.7514188870715891,14,13,0.9285714285714286,-0.5143187769415248,1.0667258838762363
-66.42_18.49,-66.42,18.49,3.9411764705882355,0.6357231448998896,17,11,0.6470588235294118,-0.521576143231244,0.5138426539445206
-66.43_18.36,-66.43,18.36,141.6,0.7060147916541268,5,4,0.8,0.11931776587067597,0.849750198727169
-66.43_18.37,-66.43,18.37,151.33333333333334,0.830595527520424,3,1,0.3333333333333333,0.16463294355893532,1.4450927613843865
-66.43_18.46,-66.43,18.46,6.028776978417266,0.6018809170743511,139,84,0.60431654676259,-0.5118569663866167,0.35211846360654997
-66.44_18.44,-66.44,18.44,69.7,0.4822672397286768,10,6,0.6,-0.21542483095663656,-0.21948767360757498
-66.44_18.45,-66.44,18.45,15.088235294117647,0.5310323897156137,34,11,0.3235294117647059,-0.4696791276877803,0.013549715036078352
-66.44_18.46,-66.44,18.46,0.0375,-0.0077257838069531345,80,43,0.5375,-0.5397503685294135,-2.5610511608303024
-66.45_18.18,-66.45,18.18,979.6666666666666,0.23840954143352128,3,1,0.3333333333333333,4.021078716001549,-1.3848272906615129
-66.45_18.36,-66.45,18.36,181.46666666666667,0.5421016238670253,15,14,0.9333333333333333,0.3049237676349161,0.0664470284170708
-66.45_18.47,-66.45,18.47,5.3478260869565215,0.34199110329610344,23,16,0.6956521739130435,-0.515027248302047,-0.8898349304503107
-66.46_17.99,-66.46,17.99,4,0.4790722677790568,7,6,0.8571428571428571,-0.5213022803523867,-0.23475570662149192
-66.46_18.34,-66.46,18.34,45,0.6418552900718411,3,2,0.6666666666666666,-0.33041985378882877,0.54314675939766
-66.46_18.47,-66.46,18.47,1.2222222222222223,0.12178589237344568,18,11,0.6111111111111112,-0.5342346940762049,-1.9421447732968407
-66.47_17.99,-66.47,17.99,0.4444444444444444,0.44609816337231595,27,24,0.8888888888888888,-0.5378557699188742,-0.392331335648953
-66.47_18.21,-66.47,18.21,864.6666666666666,0.8048070176154835,24,13,0.5416666666666666,3.4856767878354713,1.321855428845305
-66.47_18.43,-66.47,18.43,57.5,0.394660216974474,10,6,0.6,-0.2722239920316465,-0.6381414010123598
-66.47_18.45,-66.47,18.45,15.72340425531915,0.6062808835696258,47,36,0.7659574468085106,-0.46672199128309744,0.37314488724008876
-66.47_18.46,-66.47,18.46,16.8,0.607964323106977,5,4,0.8,-0.46170971791303206,0.3811896559699888
-66.47_18.47,-66.47,18.47,29.75,0.836595090304245,4,3,0.75,-0.4014188051325912,1.4737632862268162
-66.48_18.21,-66.48,18.21,754.2222222222222,0.6592528203496291,9,2,0.2222222222222222,2.971484018176456,0.6262855383385769
-66.48_18.43,-66.48,18.43,42.359223300970875,0.20155350027180208,103,70,0.6796116504854369,-0.3427144358454917,-1.5609537988414486
-66.48_18.44,-66.48,18.44,42.25,0.4074099416846111,4,3,0.75,-0.3432229433754089,-0.5772134113892025
-66.48_18.46,-66.48,18.46,23.448979591836736,0.770954989015896,98,70,0.7142857142857143,-0.4307542701408035,1.1600844028718105
-66.48_18.47,-66.48,18.47,13.606060606060606,0.45619401863796194,33,29,0.8787878787878788,-0.4765796423474733,-0.34408557514456295
-66.49_18.1,-66.49,18.1,159.3846153846154,0.2792829564338174,26,20,0.7692307692307693,0.20211704733689476,-1.1895026807880913
-66.49_18.11,-66.49,18.11,178.57142857142858,0.764498704443984,14,13,0.9285714285714286,0.2914444975593478,1.1292313100917883
-66.49_18.17,-66.49,18.17,882.4615384615385,0.8323262314285382,13,1,0.07692307692307693,3.5685238197523628,1.45336339562565
-66.49_18.18,-66.49,18.18,868,0.8879979891909072,38,11,0.2894736842105263,3.5011956843040535,1.7194058676291164
-66.49_18.19,-66.49,18.19,910.1666666666666,0.6892490637538968,12,2,0.16666666666666666,3.697509724631615,0.7696306574230563
-66.49_18.45,-66.49,18.45,30.82894736842105,0.5389082426966888,76,60,0.7894736842105263,-0.3963955833809186,0.05118659736993194
-66.49_18.47,-66.49,18.47,12.512195121951219,0.2639982070663463,41,22,0.5365853658536586,-0.48167231790700793,-1.2625449677414249
-66.4_17.95,-66.4,17.95,0.6666666666666666,0.3598938819931542,12,10,0.8333333333333334,-0.5368211768209686,-0.8042816860094851
-66.4_18.49,-66.4,18.49,1.336734693877551,0.20340290546969753,98,64,0.6530612244897959,-0.5337015619186108,-1.55211591855241
-66.51_18.05,-66.51,18.05,45,0.6022649059974002,7,6,0.8571428571428571,-0.33041985378882877,0.3539534579810045
-66.51_18.31,-66.51,18.31,342.1276595744681,0.8463175591163198,94,37,0.39361702127659576,1.0529081622776406,1.5202247191095657
-66.51_18.36,-66.51,18.36,216.41666666666666,0.8861392812212805,12,5,0.4166666666666667,0.46763939710799773,1.7105235315426082
-66.51_18.43,-66.51,18.43,10.538461538461538,0.6343375954341928,65,47,0.7230769230769231,-0.49086136804862984,0.507221433064259
-66.51_18.45,-66.51,18.45,17.6,0.6936317281161315,5,4,0.8,-0.45798518276057243,0.7905743981590195
-66.51_18.46,-66.51,18.46,8.01923076923077,0.7939409468666673,52,40,0.7692307692307693,-0.5025900724950774,1.2699289864412597
-66.51_18.47,-66.51,18.47,7.512195121951219,0.8138568696744781,41,34,0.8292682926829268,-0.5049506626098809,1.3651025816174067
-66.51_18.48,-66.51,18.48,3.125,0.6586617685905386,32,23,0.71875,-0.5253759906753894,0.6234610384953779
-66.52_18.16,-66.52,18.16,929.2058823529412,0.810713177062985,34,12,0.35294117647058826,3.786150009755104,1.3500796007165592
-66.52_18.46,-66.52,18.46,3.0795454545454546,0.7107595402304585,88,66,0.75,-0.5255876119908701,0.872424256292771
-66.52_18.47,-66.52,18.47,7.916190476190476,0.6011173644773389,1050,810,0.7714285714285715,-0.5030697939870127,0.3484696221009364
-66.52_18.48,-66.52,18.48,6.47682119205298,0.49732079984002303,151,101,0.6688741721854304,-0.5097710208571887,-0.14755018671215656
-66.53_18.13,-66.53,18.13,586.6666666666666,0.7836338234315746,3,1,0.3333333333333333,2.191400822355737,1.2206736241510747
-66.53_18.15,-66.53,18.15,959.4285714285714,0.6688573117358732,7,3,0.42857142857142855,3.9268568445851586,0.6721831843521819
-66.53_18.37,-66.53,18.37,204.1,0.7907324139870882,10,8,0.8,0.41029707465658743,1.2545961488751964
-66.53_18.43,-66.53,18.43,16.6,0.7043455748667764,5,2,0.4,-0.462640851701147,0.8417733972345355
-66.53_18.47,-66.53,18.47,1.8888888888888888,0.7427362150609156,54,48,0.8888888888888888,-0.5311309147824886,1.0252333997485608
-66.53_18.48,-66.53,18.48,5.979214780600462,0.31285849499850166,433,360,0.8314087759815243,-0.512087711571619,-1.0290529368313053
-66.54_18.15,-66.54,18.15,988.625,0.6890180438402957,16,4,0.25,4.062785750260863,0.7685266666139497
-66.54_18.3,-66.54,18.3,353.8888888888889,0.792035591826774,9,2,0.2222222222222222,1.107664552299765,1.2608237347798847
-66.54_18.36,-66.54,18.36,206.37878787878788,0.862121296485834,66,46,0.696969696969697,0.420906356606018,1.5957471298555241
-66.54_18.44,-66.54,18.44,10.40625,0.3811349431794117,64,41,0.640625,-0.4914769012018308,-0.7027755605860733
-66.54_18.45,-66.54,18.45,25.390374331550802,0.4357819024970404,187,135,0.7219251336898396,-0.42171577894972184,-0.4416303636553244
-66.54_18.46,-66.54,18.46,3.243478260869565,0.601507002489214,115,86,0.7478260869565218,-0.5248243951161258,0.3503316121661366
-66.54_18.48,-66.54,18.48,4.295081967213115,0.3428085153331182,183,145,0.7923497267759563,-0.5199284764027089,-0.8859287071206822
-66.55_18.04,-66.55,18.04,53.9,0.27067721477884416,10,7,0.7,-0.288984400217715,-1.2306275325142542
-66.55_18.15,-66.55,18.15,1200.625,0.7906296711013363,24,8,0.3333333333333333,5.049787565662675,1.2541051643544119
-66.55_18.31,-66.55,18.31,363.88235294117646,0.7668390428527105,34,20,0.5882352941176471,1.1541908124967486,1.1404152468059818
-66.55_18.36,-66.55,18.36,210.94736842105263,0.5743975618518755,19,14,0.7368421052631579,0.4421761551391534,0.22078185674842934
-66.55_18.43,-66.55,18.43,54.27272727272727,0.18614235521379183,11,6,0.5454545454545454,-0.28724910543077353,-1.634600101606626
-66.55_18.45,-66.55,18.45,27.789473684210527,0.5164422275254339,19,10,0.5263157894736842,-0.4105463666081914,-0.056173300223746975
-66.55_18.46,-66.55,18.46,1.6,0.7310453454971169,15,12,0.8,-0.5324758858097658,0.9693654343090814
-66.55_18.47,-66.55,18.47,1.6226415094339623,0.7378664010662476,53,45,0.8490566037735849,-0.5323704744375263,1.001961683434723
-66.55_18.48,-66.55,18.48,9.442477876106194,0.5332818761287084,339,293,0.8643067846607669,-0.4959639051448348,0.02429949104696682
-66.56_18.01,-66.56,18.01,11.695652173913043,0.38863189284631233,23,20,0.8695652173913043,-0.4854738715488345,-0.6669493696764702
-66.56_18.06,-66.56,18.06,103.21052631578948,0.3762388925320395,76,48,0.631578947368421,-0.05941091440590826,-0.7261726558033816
-66.56_18.21,-66.56,18.21,541.3,0.6981115304562789,10,7,0.7,1.980188641418337,0.8119823388557535
-66.56_18.31,-66.56,18.31,383.6666666666667,0.6604587824759117,15,11,0.7333333333333333,1.246300027419097,0.6320485528025402
-66.56_18.35,-66.56,18.35,209.2,0.8238090817834504,70,47,0.6714285714285714,0.4340409862535178,1.412661904652892
-66.56_18.41,-66.56,18.41,137.14285714285714,0.5206799228800246,7,6,0.8571428571428571,0.0985667843069721,-0.035922332892246826
-66.56_18.43,-66.56,18.43,80.4375,0.27384809244051594,16,6,0.375,-0.16543458570721697,-1.2154746405374546
-66.56_18.45,-66.56,18.45,38.59183673469388,0.37718145939138437,49,46,0.9387755102040817,-0.3602541404692455,-0.7216683464844804
-66.56_18.47,-66.56,18.47,0,0.5521211104606523,27,24,0.8888888888888888,-0.539924956114685,0.11432784067653044
-66.56_18.48,-66.56,18.48,1.32,0.6479938980638857,25,21,0.84,-0.5337794731131267,0.5724817491753261
-66.56_18.49,-66.56,18.49,3.770408163265306,0.516021247483978,196,175,0.8928571428571429,-0.5223711839356819,-0.05818506660933687
-66.57_18.16,-66.57,18.16,1241.7894736842106,0.6439560674236235,19,5,0.2631578947368421,5.241435727249353,0.5531858891514342
-66.57_18.17,-66.57,18.17,1272.2413793103449,0.7610831564002075,29,15,0.5172413793103449,5.383209718454255,1.1129091948697118
-66.57_18.35,-66.57,18.35,191,0.34611030955360816,3,3,1,0.3493078115350604,-0.8701501951467048
-66.57_18.36,-66.57,18.36,206.63636363636363,0.6611937951938587,11,6,0.5454545454545454,0.4221055440604084,0.6355610088178733
-66.57_18.45,-66.57,18.45,21.2,0.5184119842935366,10,7,0.7,-0.4412247745745039,-0.04676028757793769
-66.58_18.04,-66.58,18.04,65.9,0.3119474886076091,10,6,0.6,-0.23311637293081997,-1.033406425960902
-66.58_18.07,-66.58,18.07,101.60215053763442,0.6036326937191369,93,50,0.5376344086021505,-0.06689897956103727,0.3604897995892583
-66.58_18.08,-66.58,18.08,231.3684210526316,0.6657700173837311,19,14,0.7368421052631579,0.5372498156098344,0.6574297177066326
-66.58_18.1,-66.58,18.1,190.95070422535213,0.6580165762688804,142,79,0.5563380281690141,0.3490783067281307,0.6203778134083551
-66.58_18.11,-66.58,18.11,260,0.6902729164128265,17,16,0.9411764705882353,0.6705489684347067,0.7745234128038302
-66.58_18.17,-66.58,18.17,1300.122807017544,0.7738793800741042,57,25,0.43859649122807015,5.513016415449538,1.1740593923009468
-66.58_18.36,-66.58,18.36,191.97826086956522,0.7960183900347221,46,33,0.717391304347826,0.3538622702812747,1.2798566075204276
-66.58_18.46,-66.58,18.46,18.7,0.4948079182579119,10,8,0.8,-0.45286394692594034,-0.15955866740016372
-66.58_18.48,-66.58,18.48,2.5,0.4188488482385306,16,14,0.875,-0.5282857837632486,-0.5225495189787772
-66.59_18.17,-66.59,18.17,1213.4285714285713,0.7695758592529419,35,10,0.2857142857142857,5.109396755491102,1.1534938602682165
-66.59_18.22,-66.59,18.22,450.125,0.520068034142011,8,3,0.375,1.5557080257614495,-0.03884640784506375
-66.59_18.36,-66.59,18.36,201.98,0.6994861814772152,50,27,0.54,0.4004270565025693,0.8185514785856863
-66.59_18.37,-66.59,18.37,215.14285714285714,0.6528619797985967,7,5,0.7142857142857143,0.46170896167178965,0.5957451874189245
-66.59_18.46,-66.59,18.46,14.5,0.570373145976784,4,2,0.5,-0.4724177564763536,0.20155010278891908
-66.59_18.48,-66.59,18.48,10.393939393939394,0.638093844494311,33,28,0.8484848484848485,-0.4915342153081068,0.5251716797527158
-66.5_18.17,-66.5,18.17,902.3333333333334,0.7756341515724617,6,1,0.16666666666666666,3.6610403179304476,1.1824450399971622
-66.5_18.46,-66.5,18.46,15.095238095238095,0.6674463911237355,21,16,0.7619047619047619,-0.4696465249641068,0.665440720622979
-66.5_18.48,-66.5,18.48,1.6,0.20892378684196658,5,4,0.8,-0.5324758858097658,-1.525732901616143
-66.61_17.96,-66.61,17.96,2.3943661971830985,0.1839003696394515,71,58,0.8169014084507042,-0.528777579778098,-1.6453140328415545
-66.61_17.97,-66.61,17.97,2.2448979591836733,0.1472519879586953,98,94,0.9591836734693877,-0.5294734544113544,-1.8204481843244704
-66.61_17.99,-66.61,17.99,9.1466666666666665,0.258043404132928,75,70,0.9333333333333333,-0.49734110420489624,-1.291001595596832
-66.61_18.01,-66.61,18.01,18.76923076923077,0.39496125638659074,78,65,0.8333333333333334,-0.4525416313839005,-0.6367028031920455
-66.61_18.02,-66.61,18.02,40,0.3858549173604689,4,4,1,-0.3536981984917017,-0.6802198941334184
-66.61_18.22,-66.61,18.22,414.5,0.3964757462582101,4,1,0.25,1.3898498197534799,-0.6294654058928683
-66.61_18.46,-66.61,18.46,24.3,0.5520883800836862,10,7,0.7,-0.42679220085872266,0.11417142976464902
-66.61_18.48,-66.61,18.48,3.25,0.6842007662400306,24,17,0.7083333333333334,-0.5247940320578176,0.7455060095947859
-66.62_17.97,-66.62,17.97,5.720430107526882,0.17298178792335908,93,83,0.8924731182795699,-0.5132925273363445,-1.6974914130299088
-66.62_17.98,-66.62,17.98,3.4,0.20666879261306043,10,8,0.8,-0.5240956817167315,-1.5365089982066704
-66.62_18,-66.62,18,10.421052631578947,0.32938924718875917,19,14,0.7368421052631579,-0.4914079850497499,-0.9500562901734995
-66.62_18.01,-66.62,18.01,15.384615384615385,0.18854023272586573,13,10,0.7692307692307693,-0.4682992801058453,-1.6231411988071733
-66.62_18.04,-66.62,18.04,66.4054054054054,0.469580710514863,37,23,0.6216216216216216,-0.23076337268247554,-0.2801136665498822
-66.62_18.48,-66.62,18.48,3.923076923076923,0.756103867276368,13,13,1,-0.5216604087324309,1.0891143221987136
-66.62_18.49,-66.62,18.49,2.789473684210526,0.45765636574427887,19,16,0.8421052631578947,-0.526938090122556,-0.3370973560775041
-66.63_18.37,-66.63,18.37,212.08333333333334,0.7262566084991879,12,9,0.75,0.44746483169884127,0.9464811662365431
-66.63_18.38,-66.63,18.38,201.625,0.5914008225812587,32,25,0.78125,0.3987742940286654,0.30203651258080294
-66.63_18.47,-66.63,18.47,2.126984126984127,0.6787254233937977,63,48,0.7619047619047619,-0.5300224221775899,0.7193406107565455
-66.63_18.48,-66.63,18.48,5.766666666666667,0.8142506942782387,30,25,0.8333333333333334,-0.5130772652240383,1.3669845784382628
-66.63_18.49,-66.63,18.49,6.732323232323233,0.734539737645699,198,183,0.9242424242424242,-0.5085814879440491,0.9860643272976318
-66.64_17.98,-66.64,17.98,5.25,0.766382250308876,12,11,0.9166666666666666,-0.5154826941766685,1.138232340743033
-66.64_18,-66.64,18,13.166666666666666,0.13517138553157468,6,6,1,-0.47862531506378636,-1.8781785931023067
-66.64_18.04,-66.64,18.04,70.5,0.6008061123072582,8,6,0.75,-0.2117002958041769,0.34698221986912337
-66.64_18.22,-66.64,18.22,343.375,0.6788060654477305,8,4,0.5,1.0587153663551125,0.7197259805066312
-66.64_18.28,-66.64,18.28,184.59615384615384,0.7119985923942592,52,31,0.5961538461538461,0.31949362389638086,0.878345400403324
-66.64_18.3,-66.64,18.3,102.4,0.7864104178241347,5,5,1,-0.06318445659984766,1.2339423274512415
-66.64_18.34,-66.64,18.34,325.4375,0.7908320697701878,32,22,0.6875,0.975204304733556,1.2550723808454254
-66.64_18.47,-66.64,18.47,2.125,0.65992717886911,8,6,0.75,-0.5300316596159641,0.6295081419485635
-66.64_18.49,-66.64,18.49,4.850746268656716,0.4770352432136196,201,165,0.8208955223880597,-0.5173414873730919,-0.24449017653411637
-66.65_17.99,-66.65,17.99,10.2,0.3365099626571216,5,4,0.8,-0.4924371329208243,-0.9160280356009993
-66.65_18.08,-66.65,18.08,194.66153846153847,0.7833620226111009,65,38,0.5846153846153846,0.3663547224251643,1.2193747508070705
-66.65_18.27,-66.65,18.27,259,0.26607431216089256,11,10,0.9090909090909091,0.6658932994941321,-1.2526237410065035
-66.65_18.31,-66.65,18.31,105.16666666666667,0.8087547158635758,6,6,1,-0.050303772530924655,1.3407205669846323
-66.65_18.33,-66.65,18.33,332,0.6299796578239084,19,14,0.7368421052631579,1.0057571321560768,0.48639585576480077
-66.65_18.45,-66.65,18.45,20.166666666666668,0.42332874329202297,6,4,0.6666666666666666,-0.44603563247976424,-0.5011411352263814
-66.65_18.48,-66.65,18.48,4.333333333333333,0.6608673421332365,3,1,0.3333333333333333,-0.5197503907055285,0.6340009650410675
-66.66_18.11,-66.66,18.11,609.1428571428571,0.8842415741071739,14,9,0.6428571428571429,2.2960425242581755,1.7014548275521486
-66.66_18.33,-66.66,18.33,156.58333333333334,0.8854309031208529,12,2,0.16666666666666666,0.18907520549695186,1.7071383562126807
-66.66_18.48,-66.66,18.48,3.1,0.6997594491244499,20,16,0.8,-0.5254923823989038,0.8198573615559924
-66.66_18.49,-66.66,18.49,12.247619047619047,0.5195143636939099,105,89,0.8476190476190476,-0.48290409651869537,-0.04149227103689636
-66.67_17.97,-66.67,17.97,3.1722054380664653,0.5103504843755137,331,290,0.8761329305135952,-0.5251562177835571,-0.08528433374513576
-66.67_17.98,-66.67,17.98,50.1875,0.36091867017772805,16,15,0.9375,-0.30626857115959816,-0.7993844599677333
-66.67_18.09,-66.67,18.09,221,0.8685816667299356,6,5,0.8333333333333334,0.48897787975229795,1.6266197471192851
-66.67_18.33,-66.67,18.33,126.4375,0.5679982667376262,16,9,0.5625,0.04872618555921386,0.19020110342388866
-66.67_18.34,-66.67,18.34,98.14117647058823,0.15547624752388362,85,49,0.5764705882352941,-0.08301212902911827,-1.7811463473955884
-66.67_18.45,-66.67,18.45,9.894736842105264,0.5409207594979492,19,12,0.631578947368421,-0.49385833712373656,0.060803950338041826
-66.67_18.47,-66.67,18.47,0,0.8361561310045164,6,5,0.8333333333333334,-0.539924956114685,1.4716656011185576
-66.67_18.48,-66.67,18.48,2.2093023255813953,0.7816669390161409,86,67,0.7790697674418605,-0.5296391758971366,1.211274337815252
-66.68_18.32,-66.68,18.32,333.7721518987342,0.8077369732509028,79,49,0.620253164556962,1.0140076847089938,1.335857010103699
-66.68_18.33,-66.68,18.33,327.1904761904762,0.7668025433853103,21,11,0.5238095238095238,0.9833655815371228,1.1402408242814512
-66.68_18.37,-66.68,18.37,28,0.5290338145737031,8,4,0.5,-0.4095662257785967,0.0039989860379367245
-66.68_18.45,-66.68,18.45,6.964285714285714,0.6557579961565928,28,24,0.8571428571428571,-0.5075015474213977,0.6095845807093684
-66.68_18.48,-66.68,18.48,3.8,0.5259024068108735,40,33,0.825,-0.5222334141405016,-0.010965288408543104
-66.69_18.26,-66.69,18.26,174.57142857142858,0.672223819847523,7,5,0.7142857142857143,0.27282182179704945,0.6882709490652344
-66.69_18.32,-66.69,18.32,342.6,0.8134703978377699,10,7,0.7,1.0551072229261673,1.3632557219720465
-66.69_18.37,-66.69,18.37,250.25806451612902,0.6831560108948136,31,13,0.41935483870967744,0.6251937419813671,0.7405133651040772
-66.69_18.38,-66.69,18.38,220.2,0.4183421004908935,10,9,0.9,0.4852533445998382,-0.5249711494226913
-66.69_18.45,-66.69,18.45,5,0.7840800939097596,11,6,0.5454545454545454,-0.5166466114118121,1.2228062476925352
-66.69_18.46,-66.69,18.46,1.8571428571428572,0.7086007921853793,35,27,0.7714285714285715,-0.5312787137964751,0.8621080979850531
-66.69_18.48,-66.69,18.48,4.218390804597701,0.37694003243451746,87,66,0.7586206896551724,-0.520285525066514,-0.7228220701496699
-66.6_17.97,-66.6,17.97,4.7846153846153845,0.37827603193227766,130,120,0.9230769230769231,-0.5176493708759359,-0.7164376371217664
-66.6_17.99,-66.6,17.99,7.2,0.5325857318567654,5,5,1,-0.506404139742548,0.020972778357755652
-66.6_18,-66.6,18,14,0.37217213671256677,11,8,0.7272727272727273,-0.47474559094664087,-0.7456067425779568
-66.6_18.01,-66.6,18.01,19.2,0.18936094582650267,5,3,0.6,-0.45053611245565306,-1.6192192004569317
-66.6_18.17,-66.6,18.17,1084.857142857143,0.7972114576199067,7,3,0.42857142857142855,4.510810748845799,1.285558001950698
-66.6_18.35,-66.6,18.35,245.375,0.80656202076771355,8,4,0.5,0.6024598101788035,1.330242183561873
-66.6_18.36,-66.6,18.36,203.51764705882354,0.722033798141429,85,56,0.6588235294117647,0.4075858321559,0.9263013308669579
-66.6_18.37,-66.6,18.37,194.3846153846154,0.5040393578058268,26,8,0.3076923076923077,0.36506546025700515,-0.11544374995924336
-66.6_18.38,-66.6,18.38,197.92857142857142,0.5730638007021505,14,7,0.5,0.38156494633761284,0.2144081202688011
-66.6_18.45,-66.6,18.45,40.20522875816994,0.7280283944707943,765,558,0.7294117647058823,-0.35274272133657725,0.9549481221706313
-66.6_18.47,-66.6,18.47,4.666666666666667,0.6281300904341964,3,1,0.3333333333333333,-0.5181985010586703,0.47755720039853206
-66.6_18.49,-66.6,18.49,7.25,0.42869204829421803,12,11,0.9166666666666666,-0.5061713562955193,-0.47551113936774486
-66.71_18.14,-66.71,18.14,757.75,0.7945204134952297,8,4,0.5,2.9879081836057058,1.2726981236214492
-66.71_18.24,-66.71,18.24,222.25,0.7519410171844426,72,57,0.7916666666666666,0.49479746592801616,1.0692210230906998
-66.71_18.26,-66.71,18.26,178.66666666666666,0.5868612882307273,12,9,0.75,0.29188789460130715,0.2803431264025713
-66.71_18.27,-66.71,18.27,138.73684210526315,0.31086993004705193,38,29,0.7631578947368421,0.10598785058818873,-1.038555829441259
-66.71_18.28,-66.71,18.28,161.1818181818182,0.5449637864529723,11,9,0.8181818181818182,0.21048422857974558,0.08012464234999866
-66.71_18.33,-66.71,18.33,330.3207547169811,0.8629043563740892,53,32,0.6037735849056604,0.9979391220483194,1.599489192200446
-66.71_18.34,-66.71,18.34,282.234375,0.8510789067138619,640,446,0.696875,0.7740648575352947,1.542978099563705
-66.71_18.42,-66.71,18.42,16,0.6973356285483009,5,3,0.6,-0.4654342530654917,0.8082744828453186
-66.71_18.43,-66.71,18.43,12.666666666666666,0.6123448482129507,3,1,0.3333333333333333,-0.48095314953407364,0.4021231736943784
-66.71_18.47,-66.71,18.47,3.5714285714285716,0.08162174735654722,70,60,0.8571428571428571,-0.5232975670412044,-2.134079945737616
-66.72_18.06,-66.72,18.06,83.75,0.36040603304329644,4,3,0.75,-0.15001268234156367,-0.801834234430884
-66.72_18.16,-66.72,18.16,502.27272727272725,0.32272167973801336,22,17,0.7727272727272727,1.7984905799466397,-0.9819190550320809
-66.72_18.25,-66.72,18.25,187.5,0.4576554357642299,16,11,0.6875,0.3330129702430494,-0.3371018002373633
-66.72_18.26,-66.72,18.26,168.92857142857142,0.5405717061331404,14,12,0.8571428571428571,0.24655054706094992,0.05913590492745464
-66.72_18.33,-66.72,18.33,358.8918918918919,0.8390103791479661,37,20,0.5405405405405406,1.130956877990447,1.4853053937587666
-66.72_18.4,-66.72,18.4,200.6,0.7408855301148857,5,4,0.8,0.3940022333645764,1.0163894038387675
-66.72_18.45,-66.72,18.45,7.9,0.48797766479837246,10,7,0.7,-0.5031451714841458,-0.19219887111965886
-66.72_18.46,-66.72,18.46,6.2,0.43965486249001695,5,4,0.8,-0.5110598086831226,-0.4231223823751198
-66.72_18.47,-66.72,18.47,6.678571428571429,0.31911179610499,28,24,0.8571428571428571,-0.5088317385472763,-0.9991698551500456
-66.73_18.14,-66.73,18.14,826,0.5295082120475554,5,2,0.4,3.305657588799921,0.006266021995281031
-66.73_18.17,-66.73,18.17,472,0.45201946560075024,12,3,0.25,1.6575507838365184,-0.3640347999251049
-66.73_18.3,-66.73,18.3,426.14285714285717,0.7076156702775144,7,6,0.8571428571428571,1.4440551081330268,0.8574004279180893
-66.73_18.41,-66.73,18.41,127,0.770374372416677,6,3,0.5,0.05134499933828707,1.1573097702474586
-66.73_18.47,-66.73,18.47,8,0.29937073756257193,23,20,0.8695652173913043,-0.5026796045900884,-1.0935078143897679
-66.74_18.04,-66.74,18.04,87,0.8466430380617083,24,17,0.7083333333333334,-0.13488175828469628,1.5217801078146582
-66.74_18.12,-66.74,18.12,877.625,0.7281670268638478,8,7,0.875,3.5460064978570838,0.9556106143575163
-66.74_18.13,-66.74,18.13,782.8571428571429,0.7691697814124132,7,4,0.5714285714285714,3.1047987287922747,1.1515533080589397
-66.74_18.14,-66.74,18.14,748.8214285714286,0.6135355239187722,28,12,0.42857142857142855,2.946339710922004,0.40781313788561785
-66.74_18.24,-66.74,18.24,306.25,0.7552204904546538,16,14,0.875,0.8858736569362812,1.0848928683986994
-66.74_18.38,-66.74,18.38,206.5,0.4882570802898129,6,5,0.8333333333333334,0.4214706801139665,-0.19086360902184293
-66.74_18.45,-66.74,18.45,70.28571428571429,0.7026692034637261,14,11,0.7857142857142857,-0.21269793914858573,0.8337624054859528
-66.74_18.47,-66.74,18.47,47.292682926829265,0.4173234512416012,41,36,0.8780487804878049,-0.3197458810958042,-0.5298390389106243
-66.75_18.04,-66.75,18.04,57.714285714285715,0.6125071096280977,7,4,0.5714285714285714,-0.27122634868723766,0.4028985835203223
-66.75_18.19,-66.75,18.19,688.6774193548387,0.6237441708419819,279,173,0.6200716845878136,2.666329115250695,0.45659790367034575
-66.75_18.31,-66.75,18.31,371.6666666666667,0.7919218368070763,3,3,1,1.190432000132202,1.2602801258144134
-66.75_18.35,-66.75,18.35,314.8813559322034,0.7996077673993627,59,42,0.711864406779661,0.9260583926648848,1.297009412918064
-66.76_17.98,-66.76,17.98,8.5,0.16768294184018273,92,76,0.8260869565217391,-0.5003517701198011,-1.7228133746024423
-66.76_18.13,-66.76,18.13,937.4285714285714,0.8739988041902885,14,7,0.5,3.8244321278925177,1.6525069958619325
-66.76_18.4,-66.76,18.4,152.4,0.8151116308309811,5,3,0.6,0.16959899042888152,1.371098795375824
-66.76_18.41,-66.76,18.41,145.65116279069767,0.6659933662470953,43,20,0.46511627906976744,0.13817863864853858,0.6584970503384169
-66.77_18.05,-66.77,18.05,84.14285714285714,0.6707668397400104,7,5,0.7142857142857143,-0.14818366954348083,0.6813083776458614
-66.77_18.13,-66.77,18.13,983,0.8640225509521995,6,4,0.6666666666666666,4.036597612470131,1.604832785823107
-66.77_18.15,-66.77,18.15,1013.9714285714285,0.6506481627436405,35,19,0.5428571428571428,4.180790330515355,0.585165867032132
-66.77_18.29,-66.77,18.29,381.55,0.7122932187397825,20,16,0.8,1.2364455281615474,0.8797533516595951
-66.77_18.48,-66.77,18.48,18.75,0.22716506636208816,8,7,0.875,-0.45263116347891164,-1.438562039924406
-66.78_18,-66.78,18,1.8,0.6817606047191139,5,4,0.8,-0.5315447520216509,0.7338450412832874
-66.78_18.29,-66.78,18.29,325.0833333333333,0.8026746523362341,24,20,0.8333333333333334,0.9735554219837691,1.311665347681938
-66.78_18.3,-66.78,18.3,331.8666666666667,0.7121653628564819,15,11,0.7333333333333333,1.0051363762973335,0.8791423579238008
-66.79_18.28,-66.79,18.28,481,0.8860867175332748,5,3,0.6,1.6994518043016897,1.7102723418181103
-66.79_18.49,-66.79,18.49,6.179611650485437,0.2898274828203982,206,164,0.7961165048543689,-0.5111547300887072,-1.1391128246250088
-66.7_18.14,-66.7,18.14,945.96875,0.8091069313649575,32,18,0.5625,3.864192372014478,1.342403723515552
-66.7_18.2,-66.7,18.2,389.25,0.8939564969912774,12,9,0.75,1.2722941790039717,1.7478802001879843
-66.7_18.27,-66.7,18.27,145.25,0.3195451176899346,8,6,0.75,0.13631095750377323,-0.9970991113786133
-66.7_18.33,-66.7,18.33,352.6,0.6920720426424098,15,11,0.7333333333333333,1.1016639123319132,0.7831210215160912
-66.7_18.38,-66.7,18.38,254,0.7771630249979351,3,3,1,0.6426149547912592,1.1897511729780805
-66.7_18.47,-66.7,18.47,3.8461538461538463,0.7361178264752768,156,123,0.7884615384615384,-0.5220185371124751,0.9936056493276274
-66.7_18.48,-66.7,18.48,1.1432432432432433,0.18237203811064243,370,293,0.7918918918918919,-0.5346023940555957,-1.6526175762234747
-66.81_18.08,-66.81,18.08,182.14285714285714,0.7811455911884707,7,7,1,0.30807188663282836,1.2087829369609973
-66.81_18.27,-66.81,18.27,467.5,0.8982166048972092,4,1,0.25,1.636600273603933,1.768238271925782
-66.81_18.49,-66.81,18.49,8.333333333333334,0.15199191040068827,6,5,0.8333333333333334,-0.5011277149432302,-1.797797189740195
-66.82_17.96,-66.82,17.96,21.2,0.7338687122075453,5,2,0.4,-0.4412247745745039,0.9828576517134763
-66.82_18.21,-66.82,18.21,683,0.8302853021714423,21,18,0.8571428571428571,2.6398969302977555,1.4436102660934433
-66.82_18.35,-66.82,18.35,305.875,0.6645825493682657,8,6,0.75,0.8841277810835657,0.6517550823267342
-66.82_18.48,-66.82,18.48,24.295454545454547,0.276893060257275,88,71,0.8068181818181818,-0.42681336299027073,-1.2009234426284647
-66.83_18.35,-66.83,18.35,308.5,0.6312896437144156,4,4,1,0.8963489120525739,0.4926559757719291
-66.83_18.49,-66.83,18.49,5.621621621621622,0.4326505157393119,37,29,0.7837837837837838,-0.5137525469352388,-0.4565945377232775
-66.84_18.14,-66.84,18.14,887.4,0.731694186675695,5,3,0.6,3.5915156617512003,0.9724660964405588
-66.84_18.19,-66.84,18.19,454.6666666666667,0.6667611965381062,3,1,0.3333333333333333,1.5768525221998924,0.6621663339556437
-66.84_18.34,-66.84,18.34,330,0.49078716437650405,3,3,1,0.9964457942749275,-0.17877292153765992
-66.84_18.43,-66.84,18.43,148.5,0.7882084154440911,16,10,0.625,0.15144188156064062,1.2425345427987675
-66.84_18.48,-66.84,18.48,7.132075471698113,0.5624923078190015,53,46,0.8679245283018868,-0.5067203738592663,0.1638893974469923
-66.84_18.49,-66.84,18.49,3.586690017513135,0.057810183624161945,571,483,0.8458844133099825,-0.5232265148006803,-2.2478699091275254
-66.85_17.95,-66.85,17.95,6.833333333333333,0.32440252006711096,180,155,0.8611111111111112,-0.5081112183540921,-0.9738867073180931
-66.85_17.96,-66.85,17.96,16.153846153846153,0.6141157898129679,26,18,0.6923076923076923,-0.4647179963054033,0.41058609457166434
-66.85_18.03,-66.85,18.03,38.6,0.2864181387439825,15,15,1,-0.36021613500850613,-1.1554052925199803
-66.85_18.47,-66.85,18.47,108.07142857142857,0.5615678021428742,14,11,0.7857142857142857,-0.03678016275116042,0.15947139835114899
-66.85_18.48,-66.85,18.48,33.2,0.2483940880329103,5,3,0.6,-0.3853567472876089,-1.337113448564528
-66.85_18.49,-66.85,18.49,7.3053097345132745,0.7301238935896064,226,193,0.8539823008849557,-0.5059138524824345,0.9649620284681382
-66.86_17.95,-66.86,17.95,5,0.14458773004595882,4,2,0.5,-0.5166466114118121,-1.8331800575335884
-66.86_17.96,-66.86,17.96,27.303571428571427,0.46417375668717065,56,46,0.8214285714285714,-0.4128085666479254,-0.3059522500641288
-66.86_18.1,-66.86,18.1,182.73333333333332,0.6917962562541563,30,25,0.8333333333333334,0.31082094829297713,0.7818031020642022
-66.86_18.49,-66.86,18.49,12.066666666666666,0.4152354484946119,75,63,0.84,-0.48374655089841845,-0.539817121778605
-66.87_17.94,-66.87,17.94,4.904761904761905,0.7897568027047313,21,20,0.9523809523809523,-0.5170900084537716,1.2499339278908943
-66.87_17.95,-66.87,17.95,5.24,0.47413687549180095,75,67,0.8933333333333333,-0.5155292508660743,-0.25834080644918095
-66.87_17.96,-66.87,17.96,63.6,0.6410392291756173,10,10,1,-0.24382441149414152,0.5392469928578025
-66.87_17.97,-66.87,17.97,160.8188976377953,0.6971496750769327,381,336,0.8818897637795275,0.20879459067504175,0.8073858541547788
-66.87_17.98,-66.87,17.98,187.33333333333334,0.7273155199142264,3,3,1,0.3322370254196203,0.9515414593153425
-66.87_18.3,-66.87,18.3,293.6666666666667,0.45659813291766116,3,3,1,0.8272898227673844,-0.34215440633897243
-66.87_18.45,-66.87,18.45,129,0.5240956968104816,862,512,0.5939675174013921,0.06065633721943624,-0.019599138209896866
-66.87_18.49,-66.87,18.49,4.025367156208278,0.551054179287109,749,619,0.8264352469959947,-0.5211841792711172,0.10922922302413648
-66.88_17.95,-66.88,17.95,9.612745098039216,0.38904593139795923,204,173,0.8480392156862745,-0.4951711973280833,-0.6649707750674217
-66.88_17.96,-66.88,17.96,44.875,0.4728504894858563,8,7,0.875,-0.3310018124064006,-0.26448814805878096
-66.88_17.98,-66.88,17.98,112.47619047619048,0.765662941744144,189,165,0.873015873015873,-0.016273049560534242,1.134794931248772
-66.88_18.02,-66.88,18.02,49.84,0.5534862394579378,25,25,1,-0.3078864161164478,0.12085147685471054
-66.88_18.14,-66.88,18.14,735.3333333333334,0.7309651318603135,9,3,0.3333333333333333,2.8835436048544922,0.9689821118655072
-66.88_18.29,-66.88,18.29,359.14285714285717,0.40973389745370636,7,4,0.5714285714285714,1.1321252891145297,-0.566107763525956
-66.88_18.47,-66.88,18.47,101.45,0.5903506480579506,20,16,0.8,-0.06760734209339353,0.29701797108964834
-66.88_18.48,-66.88,18.48,79.43103448275862,0.760798829092297,58,37,0.6379310344827587,-0.17012035595559702,1.1115504603354533
-66.88_18.49,-66.88,18.49,35.57142857142857,0.622941425325567,7,6,0.8571428571428571,-0.3743161609428177,0.4527617682551806
-66.89_18.48,-66.89,18.48,30.80351602895553,0.5659836163554045,967,808,0.8355739400206825,-0.3965139832781855,0.18057355456515142
-66.8_18.03,-66.8,18.03,24.772727272727273,0.2153495927476414,22,19,0.8636363636363636,-0.42459133917772374,-1.4950254593424994
-66.8_18.49,-66.8,18.49,6.315789473684211,0.07229237334356402,19,13,0.6842105263157895,-0.5105207312268456,-2.1786628693674612
-66.91_17.97,-66.91,17.97,4.5,0.18470203081041606,26,18,0.6923076923076923,-0.5189744458820994,-1.6414830792628485
-66.91_17.98,-66.91,17.98,11.166666666666666,0.23150912860029005,6,6,1,-0.4879366529449355,-1.4178027698233757
-66.91_18.07,-66.91,18.07,168.67592592592592,0.750471042163059,108,86,0.7962962962962963,0.24537431324130743,1.0621963519793347
-66.91_18.36,-66.91,18.36,213,0.581053249451953,3,2,0.6666666666666666,0.45173252822770127,0.25258785054452126
-66.91_18.43,-66.91,18.43,211.6,0.6965330052194492,5,3,0.6,0.44521459171089683,0.8044389313362965
-66.91_18.48,-66.91,18.48,60.392857142857146,0.6422817160348285,28,24,0.8571428571428571,-0.2587558068821271,0.545184550584421
-66.92_18.07,-66.92,18.07,218.66666666666666,0.7615815176666786,6,5,0.8333333333333334,0.4781146522242905,1.1152907482571346
-66.92_18.12,-66.92,18.12,639.8,0.8649771717798282,5,2,0.4,2.4387720320649335,1.6093946982723673
-66.92_18.15,-66.92,18.15,784.8,0.8902607880901567,5,1,0.2,3.113844028448248,1.7302192609365932
-66.92_18.16,-66.92,18.16,790.6,0.6794938631578988,5,2,0.4,3.140846908303581,0.7230128069049023
-66.92_18.37,-66.92,18.37,211.66,0.8155977683400938,100,53,0.53,0.4454939318473313,1.3734219342501162
-66.92_18.38,-66.92,18.38,198,-0.027896175075084715,26,14,0.5384615384615384,0.3818974941190825,-2.6574408020044866
-66.92_18.4,-66.92,18.4,209.26666666666668,0.649792187370764,15,7,0.4666666666666667,0.43435136418288955,0.5810753584272814
-66.92_18.48,-66.92,18.48,68.61538461538461,0.8089280574846758,13,8,0.6153846153846154,-0.2204744411152598,1.3415489265556622
-66.93_17.97,-66.93,17.97,12.763157894736842,0.4177233930484113,38,32,0.8421052631578947,-0.4805039183205094,-0.5279278093892672
-66.93_18.38,-66.93,18.38,210.89565217391305,0.7145104847337703,115,65,0.5652173913043478,0.4419353814136226,0.8903491537294282
-66.93_18.46,-66.93,18.46,138.65217391304347,0.5457683672036744,23,14,0.6086956521739131,0.10559366351541696,0.08396954792594372
-66.94_18.46,-66.94,18.46,155.95333333333335,0.6508574386219975,150,110,0.7333333333333333,0.18614213406438992,0.5861659481189635
-66.94_18.47,-66.94,18.47,118.375,0.23165517782102335,8,5,0.625,0.011189854725831283,-1.417104834330052
-66.94_18.49,-66.94,18.49,68.33333333333333,0.641789700582621,6,6,1,-0.2217875785087552,0.5428333223776894
-66.95_17.93,-66.95,17.93,12.833333333333334,0.41964835517200805,30,27,0.9,-0.48017720471064457,-0.518728860003464
-66.95_17.94,-66.95,17.94,10.215189873417721,0.2096323655257994,79,67,0.8481012658227848,-0.49236641389894215,-1.5223467677444498
-66.95_18.12,-66.95,18.12,551.1,0.7199284622265257,10,6,0.6,2.025814197035968,0.9162404167929075
-66.95_18.15,-66.95,18.15,785.7777777777778,0.6610665514918408,9,5,0.5555555555555556,3.1183962380790327,0.6349529405550352
-66.95_18.46,-66.95,18.46,140.38983050847457,0.8308056699535673,59,38,0.6440677966101694,0.11368361735615012,1.446096983536396
-66.95_18.48,-66.95,18.48,55.95,0.8347024088547296,40,37,0.925,-0.2794402788895371,1.4647185987266753
-66.95_18.49,-66.95,18.49,43.509981851179674,0.7960076081862495,551,448,0.8130671506352087,-0.337356885005184,1.279805083556829
-66.96_17.93,-66.96,17.93,13.571428571428571,0.2911025857697344,7,7,1,-0.4767408776354586,-1.1330194021369262
-66.96_17.94,-66.96,17.94,8.64516129032258,0.23518404279532995,31,30,0.967741935483871,-0.49967594720907255,-1.4002412036694523
-66.96_18.07,-66.96,18.07,104.2,0.6384002429965477,20,16,0.8,-0.05480425250681343,0.5266358874269405
-66.96_18.08,-66.96,18.08,104.28571428571429,0.26960426211861555,14,8,0.5714285714285714,-0.054405195169049875,-1.2357549254607523
-66.96_18.13,-66.96,18.13,670,0.6374552326738503,7,3,0.42857142857142855,2.579373234070286,0.5221199013610368
-66.96_18.14,-66.96,18.14,746.5384615384615,0.7579516543560996,78,45,0.5769230769230769,2.9357109722142636,1.0979444698747787
-66.96_18.42,-66.96,18.42,227,0.9077420923080746,3,2,0.6666666666666666,0.5169118933957454,1.8137583761883689
-66.96_18.49,-66.96,18.49,11.615819209039548,0.6897708229648185,177,155,0.8757062146892656,-0.48584554740383,0.7721240241828536
-66.97_17.95,-66.97,17.95,5.666666666666667,0.44625000866637776,21,19,0.9047619047619048,-0.5135428321180957,-0.39160570205989464
-66.97_18.09,-66.97,18.09,133.14285714285714,0.6996693204428974,49,32,0.6530612244897959,0.07994410854467378,0.819426657403611
-66.97_18.14,-66.97,18.14,831.8923076923077,0.6519168796706539,130,87,0.6692307692307692,3.3330902227113066,0.5912287721944952
-66.97_18.18,-66.97,18.18,440.6666666666667,0.595572726577003,3,2,0.6666666666666666,1.5116731570318482,0.3219730782040135
-66.97_18.41,-66.97,18.41,255.125,0.8700227502597024,8,4,0.5,0.6478525823494056,1.633506352465197
-66.97_18.42,-66.97,18.42,228.8102189781022,0.8610815861186013,137,84,0.6131386861313869,0.5253396736677345,1.5907785941493784
-66.97_18.49,-66.97,18.49,15.540229885057471,0.6089966193384606,87,81,0.9310344827586207,-0.46757479050943407,0.38612276123381073
-66.98_18.14,-66.98,18.14,884.5362903225806,0.7510686502417123,248,132,0.532258064516129,3.578183177551216,1.0650521829594304
-66.98_18.17,-66.98,18.17,491.55555555555554,0.857388652923072,9,6,0.6666666666666666,1.748594976452199,1.5731309193539118
-66.98_18.18,-66.98,18.18,440.46153846153845,0.6525720894344714,26,25,0.9615384615384616,1.5107181480183969,0.5943598683238983
-66.98_18.36,-66.98,18.36,124.625,0.8313018604490354,24,21,0.875,0.04028778560442243,1.448468163310572
-66.98_18.45,-66.98,18.45,148.07142857142858,0.6923028046039492,14,12,0.8571428571428571,0.149446594871823,0.7842237796318733
-66.99_17.97,-66.99,17.97,9.428571428571429,0.33645458685668367,7,7,1,-0.4960286489606961,-0.9162926637613056
-66.99_18.12,-66.99,18.12,317.75,0.761975292805511,16,8,0.5,0.9394138497528889,1.1171725086965238
-66.99_18.13,-66.99,18.13,356.6666666666667,0.8921663077199036,6,2,0.3333333333333333,1.1205969660235833,1.7393252991348633
-66.99_18.15,-66.99,18.15,805.1987767584097,0.8327446560399663,654,384,0.5871559633027523,3.2088139798280912,1.4553629502013572
-66.99_18.16,-66.99,18.16,663.25,0.8601979326006246,8,4,0.5,2.5479474687214076,1.5865558180818335
-66.99_18.17,-66.99,18.17,550.2330827067669,0.7966707057242576,133,86,0.6466165413533834,2.021778117119816,1.2829738735372727
-66.99_18.18,-66.99,18.18,515.1287878787879,0.5698697249508647,264,196,0.7424242424242424,1.8583441420084208,0.19914436997973134
-66.99_18.2,-66.99,18.2,593.8333333333334,0.8129775102998872,6,4,0.6666666666666666,2.2247664497631887,1.3609003262692967
-66.99_18.34,-66.99,18.34,83.75,0.35341043200218936,8,7,0.875,-0.15001268234156367,-0.8352645960528439
-66.9_17.95,-66.9,17.95,16.21794871794872,0.44349535178169097,78,66,0.8461538461538461,-0.46441955598869983,-0.4047695710767772
-66.9_17.96,-66.9,17.96,119.09302325581395,0.598552066135147,43,37,0.8604651162790697,0.014532733296534513,0.3362106538230488
-66.9_17.97,-66.9,17.97,35.61904761904762,0.7291711107243689,21,21,1,-0.37409446242183797,0.9604088992166371
-66.9_17.98,-66.9,17.98,18.454545454545453,0.2548789383733241,11,10,0.9090909090909091,-0.4540067020295359,-1.3061238465745872
-66.9_18.02,-66.9,18.02,44.05,0.3508440152146594,20,17,0.85,-0.3348427392823747,-0.8475289091226781
-66.9_18.46,-66.9,18.46,111.77777777777777,0.43982158854733416,9,8,0.8888888888888888,-0.01952462786823718,-0.42232563705543014
-66.9_18.48,-66.9,18.48,16.77777777777778,0.6228492626995711,54,42,0.7777777777777778,-0.4618131772228226,0.4523213443520782
-66_18.22,-66,18.22,65.72727272727273,0.7622658643631306,33,26,0.7878787878787878,-0.23392053392964648,1.1185610830579258
-66_18.39,-66,18.39,66.20930232558139,0.3689240576841376,43,39,0.9069767441860465,-0.23167636370036324,-0.7611285620555163
-66_18.4,-66,18.4,15,0.5736787402783944,18,14,0.7777777777777778,-0.4700899220060663,0.21734677447287729
-66_18.43,-66,18.43,2.4,0.27414583263517783,10,10,1,-0.528751350657306,-1.2140518089153465
-66_18.44,-66,18.44,8.244897959183673,0.14005325520490333,98,89,0.9081632653061225,-0.5015394407679068,-1.8548492654846147
-66_18.45,-66,18.45,3.5517241379310347,0.18574246262552324,29,24,0.8275862068965517,-0.5233893043602305,-1.6365110959239413
-67.01_17.98,-67.01,17.98,7.413461538461538,0.3651739298004953,104,88,0.8461538461538461,-0.5054103334879254,-0.7790495570553853
-67.01_18.18,-67.01,18.18,409.76363636363635,0.8627419538317621,55,42,0.7636363636363637,1.3677988786803947,1.5987131079603043
-67.01_18.21,-67.01,18.21,472.95454545454544,0.8565055639726286,22,14,0.6363636363636364,1.6619948314616122,1.568910841224212
-67.01_18.5,-67.01,18.5,20.147058823529413,0.7353905782832724,34,32,0.9411764705882353,-0.44612692010605004,0.9901302981884239
-67.01_18.51,-67.01,18.51,0.2926829268292683,0.0901711829047242,41,37,0.9024390243902439,-0.5385623213028096,-2.093224167890976
-67.02_18.02,-67.02,18.02,11,0.5184695768590836,17,15,0.8823529411764706,-0.4887125977683646,-0.04648506600917512
-67.02_18.47,-67.02,18.47,113.92307692307692,0.5846187137247281,13,9,0.6923076923076923,-0.009536825269226733,0.26962638079926904
-67.02_18.49,-67.02,18.49,87.4,0.2629312048969752,5,5,1,-0.13301949070846641,-1.2676439246664823
-67.02_18.51,-67.02,18.51,5,0.21441795740729258,133,115,0.8646616541353384,-0.5166466114118121,-1.4994775294569396
-67.03_17.97,-67.03,17.97,9.67379679144385,0.4203810891569972,187,164,0.8770053475935828,-0.49488696085532985,-0.5152272935266242
-67.03_18.09,-67.03,18.09,58.142857142857146,0.27523486918091633,7,5,0.7142857142857143,-0.26923106199841995,-1.2088475547948447
-67.03_18.51,-67.03,18.51,23.82857142857143,0.3372934053923311,35,31,0.8857142857142857,-0.42898701621642216,-0.9122841437189078
-67.04_17.96,-67.04,17.96,1.6923076923076923,0.05282886066975713,13,12,0.9230769230769231,-0.5320461317537126,-2.2716745010050476
-67.04_17.97,-67.04,17.97,7.495412844036697,0.381585683644631,109,102,0.9357798165137615,-0.5050287953399196,-0.7006215760089958
-67.04_18,-67.04,18,25.88888888888889,0.41852628520529517,9,7,0.7777777777777778,-0.41939486020869865,-0.5240909732131699
-67.04_18.03,-67.04,18.03,19.138364779874212,0.5621014691392493,159,138,0.8679245283018868,-0.4508230656356382,0.1620216696673221
-67.04_18.08,-67.04,18.08,61.75,0.3636543659479097,20,16,0.8,-0.25243739903420453,-0.7863112017376779
-67.04_18.09,-67.04,18.09,44,0.622054515581085,6,5,0.8333333333333334,-0.3350755227294034,0.4485234314332485
-67.04_18.51,-67.04,18.51,2.0833333333333335,0.3975564025982054,132,122,0.9242424242424242,-0.5302256458218214,-0.6243011988400615
-67.05_17.97,-67.05,17.97,9.368253968253969,0.12304339438743848,315,286,0.9079365079365079,-0.4963094670872705,-1.9361354616135273
-67.05_17.98,-67.05,17.98,17.52322738386308,0.410327987196432,409,378,0.9242053789731052,-0.45834261064500764,-0.5632687458606388
-67.05_18,-67.05,18,34.888888888888886,0.4826917069631412,9,8,0.8888888888888888,-0.37749383974352735,-0.21745924273202413
-67.05_18.01,-67.05,18.01,18.125,0.5678821570148915,8,8,1,-0.45554095656677074,0.18964624187646234
-67.05_18.02,-67.05,18.02,19.2,0.5510419311990208,10,9,0.9,-0.45053611245565306,0.10917069224006803
-67.05_18.03,-67.05,18.03,21.821428571428573,0.530910490688686,56,50,0.8928571428571429,-0.43833160887571826,0.01296718774105214
-67.05_18.04,-67.05,18.04,43.55555555555556,0.6775271845441253,9,8,0.8888888888888888,-0.3371447089252143,0.71361450404768
-67.05_18.05,-67.05,18.05,52.25,0.583852511495327,28,26,0.9285714285714286,-0.29666625396966306,0.26596487731244706
-67.05_18.08,-67.05,18.08,65.75,0.41525610949319236,12,8,0.6666666666666666,-0.23381472327190617,-0.5397183876383993
-67.05_18.51,-67.05,18.51,5.9772727272727275,0.3910022852814945,44,40,0.9090909090909091,-0.5120967531289778,-0.6556218117113354
-67.06_17.97,-67.06,17.97,6.7407407407407405,0.42256790715699677,81,73,0.9012345679012346,-0.5085422988115527,-0.504776995387577
-67.06_17.98,-67.06,17.98,23.33177570093458,0.5159469014148602,214,190,0.8878504672897196,-0.4312999326553912,-0.05854034930215704
-67.06_17.99,-67.06,17.99,71.20689655172414,0.5634771258811241,29,19,0.6551724137931034,-0.20840921948411553,0.16859561550533167
-67.06_18.02,-67.06,18.02,21.4,0.6774999699525652,20,19,0.95,-0.44029364078638894,0.713484451800289
-67.06_18.44,-67.06,18.44,192.8,0.5465700159517974,5,3,0.6,0.3576880156280947,0.08780044213875948
-67.06_18.51,-67.06,18.51,5.739130434782608,0.5813641881975427,69,63,0.9130434782608695,-0.5132054648035613,0.2540737549930824
-67.07_17.97,-67.07,17.97,6.04,0.5601776521974288,25,23,0.92,-0.5118047157136145,0.15282819284072827
-67.07_18.02,-67.07,18.02,18.81294964028777,0.6333147658387456,139,118,0.8489208633093526,-0.4523380907938035,0.5023335666675739
-67.07_18.24,-67.07,18.24,275.5,0.8912666678866195,6,6,1,0.7427118370136128,1.7350261281587769
-67.07_18.51,-67.07,18.51,10.090909090909092,0.4062574610264902,66,53,0.803030303030303,-0.49294502407797786,-0.5827208502692789
-67.09_18.01,-67.09,18.01,26.77777777777778,0.7279631652677421,9,6,0.6666666666666666,-0.4152564878170768,0.9546364068750429
-67.09_18.44,-67.09,18.44,173.9,0.4155486943485255,20,16,0.8,0.26969587265123507,-0.5383201921922297
-67.09_18.52,-67.09,18.52,1.6666666666666667,0.07108095386643348,12,7,0.5833333333333334,-0.5321655078803941,-2.1844519632506585
-67.11_18.01,-67.11,18.01,19.573082489146167,0.7880558553051209,691,593,0.8581765557163531,-0.448799163898663,1.2418054931309974
-67.11_18.02,-67.11,18.02,19.38888888888889,0.7364030568532414,54,42,0.7777777777777778,-0.44965670832243343,0.9949686994250948
-67.11_18.03,-67.11,18.03,24.708333333333332,0.6023763702556997,24,19,0.7916666666666666,-0.4248911360413214,0.35448611992684415
-67.11_18.23,-67.11,18.23,195.02173913043478,0.7028055344739803,46,31,0.6739130434782609,0.36803169749171905,0.8344138998959836
-67.11_18.47,-67.11,18.47,107.61538461538461,0.7208055821850903,13,13,1,-0.03890335243285103,0.9204319704890587
-67.11_18.51,-67.11,18.51,26.37735849056604,0.8181514486025117,53,44,0.8301886792452831,-0.41712070745575547,1.3856253824081575
-67.12_18.19,-67.12,18.19,216.11111111111111,0.25245102844054784,9,7,0.7777777777777778,0.46621683159837773,-1.3177262673760763
-67.12_18.23,-67.12,18.23,41.81578947368421,0.5989165246164736,38,31,0.8157894736842105,-0.3452444838364478,0.3379523167274003
-67.12_18.51,-67.12,18.51,10.615384615384615,0.7431574397968881,52,42,0.8076923076923077,-0.4905032396685856,1.0272463354727295
-67.13_17.95,-67.13,17.95,8.740963855421686,0.6966491727090854,166,147,0.8855421686746988,-0.49922992218231327,0.8049940689384033
-67.13_17.96,-67.13,17.96,22.904761904761905,0.6380900694432216,21,21,1,-0.43328796752342913,0.5251536396554721
-67.13_17.99,-67.13,17.99,161.6883116883117,0.6194051457699583,77,72,0.935064935064935,0.21284229466653015,0.43586270502306235
-67.13_18,-67.13,18,136.71428571428572,0.6199338023556663,28,26,0.9285714285714286,0.09657149761815449,0.43838903274389707
-67.13_18.11,-67.13,18.11,13.333333333333334,0.7747800666787872,3,3,1,-0.4778493702403573,1.1783635655557787
-67.13_18.17,-67.13,18.17,40.81818181818182,0.67794686855806,11,10,0.9090909090909091,-0.3498890148130498,0.7156200770170859
-67.13_18.21,-67.13,18.21,26.833333333333332,0.7366142154141962,6,6,1,-0.4149978395426004,0.9959777774172236
-67.13_18.22,-67.13,18.22,35,0.6870533284166535,5,3,0.6,-0.37697654319457463,0.7591377453889324
-67.13_18.26,-67.13,18.26,12,0.6620000657487963,6,6,1,-0.48405692882779006,0.6394139895779708
-67.13_18.27,-67.13,18.27,12.25,0.6143006515426122,4,4,1,-0.4828930115926464,0.41146950608066185
-67.13_18.29,-67.13,18.29,19.1,0.3572318123797196,10,6,0.6,-0.4510016793497105,-0.8170031018416644
-67.13_18.46,-67.13,18.46,120,0.6932280820810609,137,101,0.7372262773722628,0.01875531675426498,0.7886454669863601
-67.13_18.5,-67.13,18.5,64.56,0.32535426589894784,25,24,0.96,-0.23935496931118994,-0.9693385338096929
-67.14_17.95,-67.14,17.95,2.7857142857142856,0.22651997933200477,14,14,1,-0.5269555926373701,-1.4416447618473118
-67.14_17.98,-67.14,17.98,78.41666666666667,0.5366615357348816,12,11,0.9166666666666666,-0.17484291669129476,0.040450103714784524
-67.14_18.08,-67.14,18.08,47.63636363636363,0.735681495242853,22,20,0.9090909090909091,-0.3181458174909504,0.9915205231460212
-67.14_18.19,-67.14,18.19,26.11111111111111,0.46230037524816486,9,7,0.7777777777777778,-0.4183602671107931,-0.3149047072717113
-67.14_18.2,-67.14,18.2,17.9375,0.27910607575082264,16,13,0.8125,-0.45641389449312847,-1.19034795271851
-67.14_18.21,-67.14,18.21,15.59375,0.3991721997815083,96,83,0.8645833333333334,-0.46732561857260013,-0.6165796772970017
-67.14_18.26,-67.14,18.26,12,0.7001143957071613,4,4,1,-0.48405692882779006,0.8215535692937973
-67.14_18.4,-67.14,18.4,30,0.2681528234573881,5,5,1,-0.40025488789744756,-1.24269101558822
-67.14_18.5,-67.14,18.5,66.22222222222223,0.45713658964394954,117,112,0.9572649572649573,-0.23161621293885704,-0.3395812460098138
-67.14_18.51,-67.14,18.51,15.444444444444445,0.5342181023403765,54,42,0.7777777777777778,-0.4680207358102554,0.028773499875101693
-67.15_17.98,-67.15,17.98,47.125,0.38692544985893224,8,7,0.875,-0.3205265572901078,-0.6751040665810191
-67.15_18.01,-67.15,18.01,6.172131147540983,0.7026097068414024,122,101,0.8278688524590164,-0.5111895568339255,0.8334780848696289
-67.15_18.02,-67.15,18.02,6.7102272727272725,0.5648956196832748,176,159,0.9034090909090909,-0.5086843594168522,0.1753742697604497
-67.15_18.03,-67.15,18.03,26,0.542392086674917,4,3,0.75,-0.4188775636597459,0.06783508308864086
-67.15_18.08,-67.15,18.08,27.702830188679247,0.5164952642251491,212,154,0.7264150943396226,-0.41094975003923917,-0.05591985008553912
-67.15_18.19,-67.15,18.19,4.142857142857143,0.6035854803286134,14,12,0.8571428571428571,-0.5206371847894475,0.36026417770068514
-67.15_18.2,-67.15,18.2,3.742857142857143,0.22761431119575545,35,30,0.8571428571428571,-0.5224994523656773,-1.4364152026250736
-67.15_18.21,-67.15,18.21,4,0.26158447513432515,19,16,0.8421052631578947,-0.5213022803523867,-1.2740796351519565
-67.15_18.23,-67.15,18.23,48.21383647798742,0.5926156797007782,159,140,0.8805031446540881,-0.3154572951181771,0.30784203416299466
-67.15_18.25,-67.15,18.25,11,0.6873456165815134,7,6,0.8571428571428571,-0.4887125977683646,0.7605345230198564
-67.15_18.41,-67.15,18.41,41.25,0.71768615036427,4,2,0.5,-0.3478786123159835,0.905524926303393
-67.15_18.42,-67.15,18.42,109.83333333333333,0.4575509635437724,12,6,0.5,-0.028577317474909974,-0.3376010488492869
-67.15_18.43,-67.15,18.43,23.5,0.3772300505203845,14,11,0.7857142857142857,-0.43051673601118234,-0.7214361407019396
-67.15_18.47,-67.15,18.47,70.4,0.21637761568357003,5,2,0.4,-0.21216586269823434,-1.490112775171144
-67.15_18.49,-67.15,18.49,69.46969696969697,0.6168954596594994,66,60,0.9090909090909091,-0.2164970456217386,0.42386949475603247
-67.16_17.96,-67.16,17.96,8,0.4642821595853706,20,18,0.9,-0.5026796045900884,-0.30543421765113116
-67.16_17.99,-67.16,17.99,44.857142857142854,0.47407403322398595,7,5,0.7142857142857143,-0.331084949351768,-0.2586411151325742
-67.16_18,-67.16,18,16,0.6371635967497564,101,96,0.9504950495049505,-0.4654342530654917,0.5207262406380878
-67.16_18.01,-67.16,18.01,5.057333333333333,0.8174094400625427,750,620,0.8266666666666667,-0.5163796863925525,1.3820794949751858
-67.16_18.02,-67.16,18.02,6.4375,0.703837190352456,16,14,0.875,-0.5099540873097361,0.8393439450606809
-67.16_18.03,-67.16,18.03,11.11111111111111,0.3881297859882356,9,6,0.6666666666666666,-0.4881953012194119,-0.669348822381068
-67.16_18.08,-67.16,18.08,29,0.32645476856891403,6,4,0.6666666666666666,-0.40491055683802213,-0.9640794857298041
-67.16_18.19,-67.16,18.19,4.066666666666666,0.38409906440031855,15,13,0.8666666666666667,-0.5209919024230151,-0.6886107098857596
-67.16_18.21,-67.16,18.21,1.162162162162162,0.266165976297451,296,269,0.9087837837837838,-0.5345143138323957,-1.2521856992692881
-67.16_18.22,-67.16,18.22,3.2857142857142856,0.10682950017167651,7,5,0.7142857142857143,-0.5246277581670828,-2.0136179171949777
-67.16_18.24,-67.16,18.24,22.833333333333332,0.35583383851055683,12,12,1,-0.43362051530489876,-0.8236836960764617
-67.16_18.27,-67.16,18.27,8.6,0.5494352512052907,5,5,1,-0.4998862032257437,0.10149273964020603
-67.16_18.28,-67.16,18.28,4.294117647058823,0.5844667681029154,17,17,1,-0.5199329659581,0.26890026776706183
-67.16_18.38,-67.16,18.38,8.481481481481481,0.7054859019196792,27,23,0.8518518518518519,-0.5004379862112932,0.8472227568423571
-67.16_18.41,-67.16,18.41,8.264957264957266,0.33201753193854294,234,198,0.8461538461538461,-0.5014460512810472,-0.9374963244015164
-67.16_18.42,-67.16,18.42,8,0.3590891225964344,21,15,0.7142857142857143,-0.5026796045900884,-0.8081274452934875
-67.16_18.43,-67.16,18.43,1.900763358778626,0.023553479427939162,131,113,0.8625954198473282,-0.5310756311818372,-2.4115747863106023
-67.16_18.45,-67.16,18.45,35,0.2928543313270642,5,4,0.8,-0.37697654319457463,-1.12464821471399
-67.16_18.46,-67.16,18.46,13.992592592592592,0.5048639083447285,135,111,0.8222222222222222,-0.47478007738323774,-0.11150341337785583
-67.16_18.47,-67.16,18.47,49.25,0.5916977085856385,4,3,0.75,-0.3106332607913868,0.3034552622248429
-67.16_18.49,-67.16,18.49,13.728110599078342,0.7346902325602688,217,189,0.8709677419354839,-0.4760114179857832,0.9867835077349909
-67.17_17.97,-67.17,17.97,3.3125,0.3173483111618564,64,55,0.859375,-0.5245030527490318,-1.007597142386327
-67.17_17.98,-67.17,17.98,18.194805194805195,0.6543609294106972,308,274,0.8896103896103896,-0.4552159666894254,0.60290832140714945
-67.17_18,-67.17,18,13.2,0.5960538828437988,10,9,0.9,-0.47847012609910056,0.3242724128717764
-67.17_18.01,-67.17,18.01,8.242424242424242,0.4618806779916435,33,26,0.7878787878787878,-0.5015509575741914,-0.3169103435243803
-67.17_18.02,-67.17,18.02,8.043956043956044,0.22386230420060124,91,75,0.8241758241758241,-0.5024749598014917,-1.454345177464845
-67.17_18.03,-67.17,18.03,12.659574468085106,0.382835918648583,47,37,0.7872340425531915,-0.4809861684627302,-0.6946469916882276
-67.17_18.11,-67.17,18.11,50.285714285714285,0.5489845604936849,7,6,0.8571428571428571,-0.30581131796007743,0.09933899282415627
-67.17_18.17,-67.17,18.17,2.9166666666666665,0.5598273285321564,12,12,1,-0.5263459217046759,0.15115407695762315
-67.17_18.18,-67.17,18.18,3.806451612903226,0.6704604497938362,31,27,0.8709677419354839,-0.5222033775666914,0.6798442108590839
-67.17_18.25,-67.17,18.25,4.5,0.5392399984913634,4,2,0.5,-0.5189744458820994,0.052771981688017236
-67.17_18.39,-67.17,18.39,24.428571428571427,0.6233122167924336,7,6,0.8571428571428571,-0.42619361485207735,0.454533695034717
-67.17_18.47,-67.17,18.47,13.5,0.3404352603025912,48,44,0.9166666666666666,-0.47707342541692815,-0.8972699447678048
-67.17_18.48,-67.17,18.48,7.083333333333333,0.5008631647685255,12,9,0.75,-0.5069473011189485,-0.13062204288849927
-67.18_17.97,-67.18,17.97,3.681184668989547,0.2258850298000446,574,516,0.8989547038327527,-0.5227865789867511,-1.444679039008115
-67.18_17.98,-67.18,17.98,14.152173913043478,0.5918940003796899,92,88,0.9565217391304348,-0.47403711958611866,0.3043932953716733
-67.18_18,-67.18,18,20.875,0.7813807984720199,40,32,0.8,-0.44273786698019063,1.2099069382439414
-67.18_18.03,-67.18,18.03,11.872413793103448,0.579184014606465,290,245,0.8448275862068966,-0.484650927968484,0.2436552089496333
-67.18_18.1,-67.18,18.1,18.142857142857142,0.6257369425857445,7,7,1,-0.45545781962140336,0.46612089956913233
-67.18_18.12,-67.18,18.12,5.071428571428571,0.2583078899920585,28,23,0.8214285714285714,-0.5163140636303425,-1.2897376787635717
-67.18_18.13,-67.18,18.13,4.448275862068965,0.6636466456817487,29,27,0.9310344827586207,-0.5192152563445429,0.6472826147718039
-67.18_18.16,-67.18,18.16,14.285714285714286,0.6623862870475142,35,35,1,-0.4734153998207624,0.6412596519601411
-67.18_18.17,-67.18,18.17,3.3076923076923075,0.32354407061411383,13,10,0.7692307692307693,-0.5245254357727845,-0.9779890389804096
-67.18_18.25,-67.18,18.25,6.961538461538462,0.442559319940136,26,22,0.8461538461538461,-0.507514337720685,-0.4092426510550346
-67.18_18.41,-67.18,18.41,3.722772277227723,0.22508593936880703,101,80,0.7920792079207921,-0.5225929608507639,-1.448497707615422
-67.19_17.93,-67.19,17.93,25.619791666666668,0.28157211190073317,192,167,0.8697916666666666,-0.4206476877881935,-1.1785633355312368
-67.19_17.94,-67.19,17.94,6.721884498480243,0.2093402314346497,658,590,0.8966565349544073,-0.5086300872329808,-1.5237428090926985
-67.19_17.95,-67.19,17.95,3.4761904761904763,0.17028793090749353,84,71,0.8452380952380952,-0.5237409640831638,-1.7103647335164622
-67.19_17.97,-67.19,17.97,12.11111111111111,0.37793362352692095,9,8,0.8888888888888888,-0.4835396322788373,-0.7180739278058993
-67.19_17.98,-67.19,17.98,16.425076452599388,0.49762395694959055,327,300,0.9174311926605505,-0.46345523782775516,-0.1461014689048434
-67.19_18.06,-67.19,18.06,21.88888888888889,0.6784109098172899,9,6,0.6666666666666666,-0.43801753597099696,0.7178376230166946
-67.19_18.09,-67.19,18.09,11.421052631578947,0.6058985844751412,19,15,0.7894736842105263,-0.48675231610917535,0.37131796816604934
-67.19_18.1,-67.19,18.1,11.85,0.38922813195198885,20,15,0.75,-0.4847552791688763,-0.6641000807020427
-67.19_18.27,-67.19,18.27,1.9878542510121457,0.6563586962006712,247,219,0.8866396761133604,-0.5306701648198586,0.6124551874780887
-67.19_18.28,-67.19,18.28,7.083333333333333,0.49543884580490727,36,35,0.9722222222222222,-0.5069473011189485,-0.15654361037656128
-67.19_18.29,-67.19,18.29,7,0.33004886549400747,5,5,1,-0.507335273530663,-0.9469041266428265
-67.1_17.99,-67.1,17.99,64,0.39630002098626155,14,12,0.8571428571428571,-0.2419621439179117,-0.6303051563807588
-67.1_18.01,-67.1,18.01,18.4859693877551,0.6943149414921729,784,651,0.8303571428571429,-0.45386040259970106,0.7938393170833281
-67.1_18.02,-67.1,18.02,16.714285714285715,0.7609442369351855,14,10,0.7142857142857143,-0.4621087752507955,1.112245330832194
-67.1_18.03,-67.1,18.03,27.77777777777778,0.5259276636815076,9,8,0.8888888888888888,-0.4106008188765022,-0.010844591657288497
-67.1_18.51,-67.1,18.51,7.28125,0.5198038805956217,96,82,0.8541666666666666,-0.5060258666411264,-0.04010873663248705
-67.21_17.95,-67.21,17.95,1.875,0.2835192509516656,8,7,0.875,-0.5311955768511077,-1.1692584077318366
-67.21_17.96,-67.21,17.96,1.0909090909090908,-0.5001511070519372,22,20,0.9090909090909091,-0.5348460445431491,-4.914238046582891
-67.21_17.97,-67.21,17.97,1.3111111111111111,0.2426927208296422,225,200,0.8888888888888888,-0.5338208568370428,-1.3643589656008557
-67.21_17.98,-67.21,17.98,8.025,0.2691283840087905,120,104,0.8666666666666667,-0.502563212866574,-1.2380290370354323
-67.21_17.99,-67.21,17.99,23.470588235294116,0.341099499857072,17,16,0.9411764705882353,-0.430653667450611,-0.8940956973544061
-67.21_18.3,-67.21,18.3,15.88888888888889,0.508096318235956,9,9,1,-0.46595154961444446,-0.09605647308792822
-67.22_18.3,-67.22,18.3,18.933333333333334,0.2945625582294664,15,12,0.8,-0.4517776241731396,-1.1164849928915759
-67.24_18.31,-67.24,18.31,7.0777777777777775,0.4759816570036009,90,77,0.8555555555555555,-0.5069731659463961,-0.24952502168807358
-67.25_18.32,-67.25,18.32,6.615384615384615,0.2588456734245143,13,8,0.6153846153846154,-0.5091259154308839,-1.2871677359501303
-67.25_18.33,-67.25,18.33,8,0.33992236010731136,32,27,0.84375,-0.5026796045900884,-0.8997209763379905
-67.25_18.34,-67.25,18.34,14.764705882352942,0.15597166238128424,102,85,0.8333333333333334,-0.4711853735214956,-1.77877887421659
-67.25_18.35,-67.25,18.35,67.11111111111111,0.6487242270825563,9,6,0.6666666666666666,-0.22747784054723522,0.5759718228735975
-67.25_18.37,-67.25,18.37,5.774193548387097,0.4870629916056973,31,26,0.8387096774193549,-0.5130422225545931,-0.19656988304806397
-67.26_18.34,-67.26,18.34,6.96875,0.3948665500587548,32,26,0.8125,-0.507480763185056,-0.6371553828587302
-67.26_18.35,-67.26,18.35,10.238461538461538,0.6172310169343257,130,111,0.8538461538461538,-0.4922580687308022,0.42547304546974585
-67.26_18.36,-67.26,18.36,65.8125,0.60748491558407,16,14,0.875,-0.23352374396312026,0.3788986781453683
-67.27_18.35,-67.27,18.35,7.5,0.4676133814818093,16,14,0.875,-0.5050074390603757,-0.2895150776106189
-67.27_18.36,-67.27,18.36,13.991360691144708,0.5287167131058266,463,407,0.8790496760259179,-0.47478581270854653,0.002483631362952286
-67.2_17.94,-67.2,17.94,3.75,0.39437619227927423,4,4,1,-0.5224661975875303,-0.6394986894303673
-67.2_17.95,-67.2,17.95,6.888268156424581,0.39319702247379645,358,300,0.8379888268156425,-0.5078554600044701,-0.6451336695813479
-67.2_17.96,-67.2,17.96,6.366906474820144,0.1753834850165793,556,505,0.908273381294964,-0.5102827473923217,-1.686014257334355
-67.2_18,-67.2,18,8,0.2806978376009976,5,5,1,-0.5026796045900884,-1.1827412904810979
-67.2_18.04,-67.2,18.04,7.012345679012346,0.7956502222773785,324,281,0.8672839506172839,-0.507277796136335,1.2780972188427113
-67.2_18.05,-67.2,18.05,8.036363636363637,0.4891052839653515,55,51,0.9272727272727272,-0.5025103075377039,-0.18681023956356346
-67.2_18.06,-67.2,18.06,7.444444444444445,0.5082075105104202,18,18,1,-0.505266087334852,-0.09552511089001785
-67.2_18.29,-67.2,18.29,12.071428571428571,0.18255476015810346,14,12,0.8571428571428571,-0.48372438104632043,-1.6517443897614346
-67.89_18.09,-67.89,18.09,60.57142857142857,0.7242736481375817,7,7,1,-0.2579244374284531,0.9370050566669758
-67.93_18.07,-67.93,18.07,5.090909090909091,0.5279698810959352,11,10,0.9090909090909091,-0.5162233687808508,-0.0010853063187156755
-67.93_18.08,-67.93,18.08,8.533333333333333,0.7055741828839948,15,12,0.8,-0.5001965811551152,0.8476446311808253
-67.94_18.08,-67.94,18.08,7.5,0.5821966684420407,12,7,0.5833333333333334,-0.5050074390603757,0.2580519858060136
-67.94_18.09,-67.94,18.09,8.75,0.5475550233902636,32,19,0.59375,-0.49918785288465745,0.09250756518290523
-67_17.97,-67,17.97,3,0.4563532044644021,105,81,0.7714285714285715,-0.5259579492929614,-0.3433248628466898
-67_18.16,-67,18.16,749.4696356275304,0.8222871749455646,494,314,0.6356275303643725,2.949357548380158,1.4053890633850026
-67_18.21,-67,18.21,533.5,0.7798721612874049,22,19,0.8636363636363636,1.9438744236818553,1.2026975095841796
