Site_ID,Grid_Longitude,Grid_Latitude,mean_elevation_m,mean_NDVI_corrected,Elevation_z,NDVI_z,Predicted,SE,lower,upper,predicted_percent,lower_percent,upper_percent
-65.23_18.32,-65.23,18.32,18.333333333333332,0.7907598429498188,-0.45457102553748435,1.2547272255528992,0.2986922407195996,0.10315886115089155,0.13958470072563342,0.5278903802195143,29.86922407195996,13.958470072563342,52.78903802195143
-65.25_18.31,-65.25,18.31,9.5,0.5200046383363077,-0.4956961011792265,-0.03914936175817594,0.5664770514928963,0.08356366496591999,0.40145069128566335,0.7179686904214272,56.64770514928963,40.145069128566334,71.79686904214272
-65.25_18.32,-65.25,18.32,3.4,0.15530040588956354,-0.5240956817167315,-1.7819866539523768,0.8525944707750284,0.0919575870791088,0.5795671459559745,0.96042568523152,85.25944707750284,57.95671459559745,96.042568523152
-65.26_18.3,-65.26,18.3,2.142857142857143,0.47690501839679483,-0.5299485226705967,-0.24511249085607736,0.6151311679958735,0.0859875361839702,0.4395617059927991,0.7650928609401052,61.51311679958735,43.95617059927991,76.50928609401052
-65.26_18.31,-65.26,18.31,21.76923076923077,0.613905594934413,-0.4385746245621768,0.4095816217951462,0.46086508922332675,0.08344902490441763,0.3068002241455787,0.6227883886662022,46.086508922332676,30.68002241455787,62.27883886662022
-65.26_18.32,-65.26,18.32,14.318181818181818,0.4087884065974591,-0.47326424173827625,-0.570626045950707,0.6671520706940232,0.09158988972476655,0.4717637877852012,0.818130094131155,66.71520706940231,47.176378778520125,81.8130094131155
-65.27_18.14,-65.27,18.14,7,0.18708773838069104,-0.507335273530663,-1.630082333804397,0.8339082386352125,0.09517394448506356,0.5663054710877035,0.9507514484458977,83.39082386352125,56.630547108770344,95.07514484458977
-65.28_18.31,-65.28,18.31,7.568181818181818,0.6361399492492463,-0.5046900070871547,0.5158344656620162,0.4523333489263794,0.08856216200967892,0.29071168347535165,0.6246740881844016,45.23333489263794,29.071168347535163,62.46740881844016
-65.28_18.32,-65.28,18.32,57.25,0.6944175872764968,-0.27338790926679013,0.794329837578816,0.350430386274805,0.0821799708602128,0.21002977180166263,0.52259711967902,35.0430386274805,21.002977180166262,52.259711967902
-65.29_18.28,-65.29,18.28,10.357142857142858,0.4575527603180677,-0.49170552780159116,-0.33759246247992536,0.6259500723658066,0.08718100953098133,0.4464775007891177,0.7763768985468191,62.595007236580656,44.64775007891177,77.63768985468191
-65.29_18.31,-65.29,18.31,7.2727272727272725,0.5459818856249152,-0.5060655456377791,0.08498990314532909,0.5428487972940216,0.08345767151543339,0.38052505199377074,0.696556504988204,54.28487972940216,38.05250519937707,69.65565049882039
-65.29_18.32,-65.29,18.32,65.29729729729729,0.6829804614693152,-0.23592235718419335,0.7396744549457573,0.35381122786643027,0.07916621611766952,0.2173808120354262,0.5190755357065122,35.381122786643026,21.73808120354262,51.907553570651224
-65.31_18.12,-65.31,18.12,0,0.5792568452300965,-0.539924956114685,0.24400324967849235,0.5165789931869403,0.08554782019514469,0.3531822200486925,0.6765060708029192,51.657899318694035,35.31822200486925,67.65060708029192
-65.31_18.14,-65.31,18.14,2.75,0.0980080802215603,-0.527121866528105,-2.0557734456790446,0.8794886934876275,0.08633160923851041,0.596554790882453,0.9729872987965984,87.94886934876274,59.6554790882453,97.29872987965985
-65.31_18.31,-65.31,18.31,39.03703703703704,0.5192768503064515,-0.358181435249292,-0.04262729265778818,0.5389933938793409,0.08104055092626514,0.38155739979376907,0.689016415608473,53.899339387934084,38.155739979376904,68.90164156084731
-65.31_18.32,-65.31,18.32,8.136363636363637,-0.12820168314781064,-0.5020447406436463,-3.1367776578145183,0.9465896964678809,0.058527780236012746,0.6470096333254949,0.994198403753835,94.6589696467881,64.70096333254949,99.4198403753835
-65.31_18.33,-65.31,18.33,16.666666666666668,0.5232414664651435,-0.46233047377177533,-0.02368130773118607,0.5564602471847613,0.08276995289497406,0.3940123678327848,0.707669855277917,55.64602471847613,39.401236783278485,70.7669855277917
-65.32_18.32,-65.32,18.32,8.181818181818182,0.5939373928331548,-0.5018331193281657,0.31415819595041006,0.4939492614593251,0.08487390838728229,0.33409963295529976,0.6550455821339489,49.39492614593251,33.40996329552998,65.50455821339489
-65.32_18.33,-65.32,18.33,4.8,0.3195772836344327,-0.517577745199927,-0.9969453977591308,0.7484248266558768,0.09635807747257823,0.5217822806345034,0.8902476812846765,74.84248266558768,52.17822806345034,89.02476812846764
-65.33_18.13,-65.33,18.13,5,0.09526065082894085,-0.5166466114118121,-2.06890277618065,0.8797360304279502,0.08665241407156508,0.5950036792395984,0.973277830463479,87.97360304279502,59.50036792395984,97.3277830463479
-65.33_18.15,-65.33,18.15,3.206896551724138,0.6147928122454529,-0.5249947074431872,0.4138214284066212,0.47783887196759467,0.08747800883452037,0.315211212019341,0.6453044190198605,47.783887196759466,31.5211212019341,64.53044190198605
-65.34_18.12,-65.34,18.12,4.095238095238095,0.27160513496725003,-0.5208588833104272,-1.2261932162528717,0.7833891290084375,0.09708843415144447,0.540941659906266,0.9173534616997601,78.33891290084375,54.0941659906266,91.73534616997601
-65.38_18.11,-65.38,18.11,5.174603174603175,0.2398520951414063,-0.5158337168348864,-1.3779336596739369,0.8035802707895939,0.09695363341725449,0.5510472089334744,0.9316772546277408,80.3580270789594,55.104720893347434,93.16772546277407
-65.38_18.12,-65.38,18.12,4.7,0.5209307612069041,-0.5180433120939845,-0.03472363446348393,0.5701148832896474,0.08400155136367266,0.403849680279021,0.7219369445568558,57.011488328964745,40.384968027902104,72.19369445568557
-65.39_18.11,-65.39,18.11,3.032258064516129,0.5434205449672713,-0.5258077664239105,0.07274984772780148,0.5494583814379121,0.084004145671013,0.38542001522887925,0.7034061037313665,54.945838143791214,38.54200152288792,70.34061037313664
-65.3_18.14,-65.3,18.14,1.608695652173913,0.21445369591812544,-0.5324354017320216,-1.4993067433680884,0.8212086776232836,0.09521946275524024,0.5630316546989913,0.942439803403034,82.12086776232836,56.30316546989913,94.2439803403034
-65.3_18.3,-65.3,18.3,11.963636363636363,0.3755204559848647,-0.48422622588017455,-0.729605898127144,0.6980390741725652,0.09418541603329884,0.4905473416322415,0.847324638300942,69.80390741725651,49.054734163224154,84.73246383009419
-65.3_18.31,-65.3,18.31,7.7,0.3731329627800867,-0.5040763052722608,-0.7410151767204629,0.7035029996712011,0.09386911126348599,0.4955007806632852,0.8514561045417397,70.35029996712011,49.55007806632852,85.14561045417398
-65.3_18.33,-65.3,18.33,95,0.46198634585053816,-0.0976364067600996,-0.31640538123251877,0.5424099335077998,0.08824671397361816,0.37126198983333586,0.7041009315577178,54.24099335077997,37.12619898333359,70.41009315577178
-65.41_18.11,-65.41,18.11,3.5833333333333335,0.4295241790147738,-0.5232421424109595,-0.47153457884900507,0.6578142267491712,0.08925489992817477,0.4691394546716579,0.8070160982333175,65.78142267491712,46.91394546716579,80.70160982333175
-65.42_18.1,-65.42,18.1,3.793103448275862,0.35577481801944433,-0.5222655222021608,-0.8239657413716984,0.7208760235093913,0.0944921556022866,0.5070972651919835,0.8663693061689072,72.08760235093912,50.70972651919835,86.63693061689072
-65.42_18.11,-65.42,18.11,6.333333333333333,0.8274011387312437,-0.5104390528243794,1.42982751515952,0.2780292848523521,0.10996842739207231,0.11629275646527724,0.5298392011196685,27.802928485235213,11.629275646527724,52.98392011196685
-65.42_18.12,-65.42,18.12,19.666666666666668,0.6926406694458046,-0.4483634669500515,0.7858383576754467,0.38584683999689534,0.09196029835409752,0.2269867188879689,0.573414748430725,38.58468399968953,22.69867188879689,57.341474843072504
-65.42_18.16,-65.42,18.16,3.4705882352941178,0.5554874236060092,-0.5237670462621027,0.13041467369070003,0.5370193327800593,0.08410083068926899,0.37411021839270947,0.6923910209689621,53.70193327800593,37.411021839270944,69.2391020968962
-65.43_18.1,-65.43,18.1,18,0.6922766924878514,-0.45612291518434256,0.7840989958600808,0.3877207247756415,0.09237726171004192,0.22800911277508407,0.5758550516096731,38.77207247756415,22.800911277508405,57.58550516096731
-65.43_18.15,-65.43,18.15,39.25,0.5820378936919589,-0.3571899501971326,0.25729323794711206,0.4759001370146782,0.07889572948273205,0.3281761463587966,0.6279651809506686,47.59001370146782,32.81761463587966,62.79651809506686
-65.43_18.16,-65.43,18.16,4.541666666666667,0.4885574226374491,-0.5187804596762421,-0.1894283423116822,0.6017802311854933,0.0852498455418567,0.4293877431719462,0.7521526261307925,60.178023118549326,42.93877431719462,75.21526261307925
-65.44_18.09,-65.44,18.09,2.142857142857143,0.11791315580807266,-0.5299485226705967,-1.9606516868681323,0.8710233939475704,0.08823049034419965,0.5916348885080143,0.969211677069677,87.10233939475704,59.16348885080143,96.92116770696771
-65.44_18.1,-65.44,18.1,2.5,-0.06437952890898238,-0.5282857837632486,-2.8317863235232643,0.9334191506839263,0.06575345204790299,0.6380158606489044,0.9911118809477315,93.34191506839264,63.80158606489044,99.11118809477315
-65.44_18.11,-65.44,18.11,2.161290322580645,0.43432364854006583,-0.5298627038882819,-0.44859902250705885,0.6547074738445768,0.08884555957794182,0.46742502986073386,0.8037782219417655,65.47074738445768,46.74250298607339,80.37782219417655
-65.44_18.12,-65.44,18.12,31.694444444444443,0.6306312987811811,-0.3923661155259184,0.48950989739200274,0.4347859233716651,0.08254690095406843,0.2848140223539909,0.5977273571607713,43.47859233716651,28.481402235399088,59.77273571607713
-65.44_18.13,-65.44,18.13,83.76923076923077,0.6790154421375049,-0.14992315024655262,0.720726543347942,0.3412381460505346,0.07464676619024865,0.21271790309724165,0.49826419953294204,34.12381460505346,21.271790309724164,49.826419953294206
-65.44_18.15,-65.44,18.15,12.08641975308642,0.4613463176058317,-0.4836545870674935,-0.319463928388521,0.6208061655350788,0.08687260857902239,0.44267304364058957,0.7714053079330829,62.08061655350788,44.26730436405896,77.14053079330829
-65.44_18.16,-65.44,18.16,12.421052631578947,0.3268946469860688,-0.48209664716860073,-0.9619774083716516,0.7371890144726184,0.09736698481479814,0.5115995401239124,0.8825094908194937,73.71890144726184,51.15995401239124,88.25094908194937
-65.45_18.09,-65.45,18.09,3.7241379310344827,0.6231855757545857,-0.5225866028187521,0.4539285067647512,0.4689419735535154,0.0881461783842468,0.3061623916165485,0.6386103561148616,46.894197355351544,30.61623916165485,63.86103561148616
-65.45_18.1,-65.45,18.1,3.1954022988505746,0.32847199936723476,-0.5250482208792858,-0.9544396056585208,0.7428285852455978,0.09574544309280697,0.5195895003810691,0.8852431489019591,74.282858524559785,51.95895003810691,88.52431489019591
-65.45_18.11,-65.45,18.11,17.92452830188679,0.705405193875422,-0.4564742864251406,0.8468370717397526,0.3753544724292364,0.09400345861897608,0.21498713070836953,0.5686867068672521,37.535447242923645,21.498713070836953,56.86867068672521
-65.45_18.14,-65.45,18.14,17.571428571428573,0.5036286085686847,-0.4581182018731602,-0.11740662569399635,0.5749422774616545,0.08364720927790421,0.40882899337043727,0.7256966959242162,57.49422774616545,40.882899337043725,72.56966959242162
-65.46_18.09,-65.46,18.09,0.375,0.6077211840434532,-0.5381790802619696,0.38002775054252624,0.48765918297988703,0.087465524214729,0.3239871157128961,0.6540210937495422,48.765918297988705,32.39871157128961,65.40210937495422
-65.46_18.1,-65.46,18.1,3.1772151898734178,0.2805323902189034,-0.5251328940376696,-1.1835319253072285,0.7778597360274565,0.09686802511727886,0.5385444993610174,0.9130922681126451,77.78597360274566,53.854449936101744,91.30922681126451
-65.46_18.14,-65.46,18.14,17.6,0.5810881990429377,-0.45798518276057243,0.25275486656763246,0.4977468708374282,0.08252425121500985,0.34163783770791434,0.6542964230823712,49.77468708374282,34.16378377079143,65.42964230823712
-65.47_18.09,-65.47,18.09,10.404109589041095,0.5051408850137127,-0.4914868662466522,-0.11017980584927071,0.5802175079797973,0.08406487346658081,0.41270309950444667,0.7310850673197392,58.021750797979735,41.27030995044467,73.10850673197392
-65.47_18.1,-65.47,18.1,7.2485207100591715,0.5296266348543226,-0.5061782433797509,0.0068319372370525926,0.559113547017849,0.08356889922894394,0.3948691085424907,0.7113646145943234,55.9113547017849,39.48691085424907,71.13646145943234
-65.47_18.14,-65.47,18.14,13.631578947368421,0.5428675318142863,-0.4764608373984315,0.07010712559751471,0.5398527499695943,0.08264559476836313,0.3793466507537882,0.6924976296900776,53.98527499695943,37.934665075378824,69.24976296900776
-65.48_18.1,-65.48,18.1,14.376811594202898,0.3863564802261994,-0.472991280911062,-0.677823041042599,0.6867899592708708,0.09357017458332761,0.483154526303931,0.837223965466601,68.67899592708709,48.315452630393104,83.72239654666011
-65.48_18.11,-65.48,18.11,52.44444444444444,0.6581852261363177,-0.2957609850089958,0.6211837521722716,0.38861619138780096,0.08007398730892595,0.24718522855653643,0.5516688422676241,38.86161913878009,24.718522855653642,55.16688422676241
-65.49_18.1,-65.49,18.1,19.858585858585858,0.5733574391425958,-0.44746995472913326,0.2158113505548787,0.5033235959186221,0.08192476601699261,0.34773456028446625,0.6582715956455768,50.33235959186221,34.773456028446624,65.82715956455768
-65.49_18.11,-65.49,18.11,71.05882352941177,0.5759546394868269,-0.20909859845503226,0.2282227711321995,0.4514152537005498,0.07433613287910189,0.31361044414859457,0.597097424392014,45.14152537005498,31.361044414859457,59.7097424392014
-65.49_18.12,-65.49,18.12,101.13333333333334,0.7226000921329545,-0.06908163725790879,0.9290075190571931,0.28908469023818,0.07392130238752392,0.16731038492071898,0.4514393156331578,28.908469023818,16.7310384920719,45.14393156331578
-65.49_18.13,-65.49,18.13,20.076923076923077,0.43113026655407316,-0.44645344892314914,-0.4638594574520301,0.6418482300484398,0.08978309586690675,0.45460002058134985,0.793948351749286,64.18482300484398,45.46000205813498,79.3948351749286
-65.51_18.09,-65.51,18.09,4.337142857142857,0.39624962930021357,-0.5197326548238502,-0.6305459666095619,0.6865911997505136,0.09184185708864735,0.4869291978941995,0.8348994245846633,68.65911997505137,48.692919789419946,83.48994245846633
-65.51_18.13,-65.51,18.13,2.5303030303030303,0.47515847213412155,-0.5281447028862615,-0.25345883205071623,0.6164357951080475,0.08607644399845378,0.4405147080221099,0.7663773922097328,61.64357951080475,44.05147080221099,76.63773922097327
-65.51_18.14,-65.51,18.14,0.734375,0.1893401274430183,-0.5365059492364506,-1.619318686703242,0.8359982891687183,0.09367387017048767,0.5719105412768708,0.9511003352153861,83.59982891687183,57.19105412768708,95.11003352153861
-65.51_18.15,-65.51,18.15,1.9166666666666667,0.015505628159031951,-0.5310015906452504,-2.4500336087360646,0.910683352040298,0.07620292926649852,0.619118295397238,0.9846051428913077,91.06833520402981,61.9118295397238,98.46051428913077
-65.52_18.09,-65.52,18.09,2.8666666666666667,0.3050850487345457,-0.5265787051517046,-1.0662004411166262,0.760582389160118,0.0964405291853464,0.5294299558610178,0.8996998596320913,76.0582389160118,52.94299558610178,89.96998596320913
-65.52_18.13,-65.52,18.13,2.5277777777777777,0.6600228439661948,-0.5281564596260104,0.6299653033520444,0.43348506313377877,0.09254830228689814,0.2677078867813187,0.6156182549760617,43.348506313377875,26.77078867813187,61.56182549760617
-65.54_18.11,-65.54,18.11,85.63636363636364,0.8167862494774704,-0.14123039774911614,1.3791014111056301,0.22827973364637824,0.08373841793003702,0.10436067237259716,0.4288815593071468,22.827973364637824,10.436067237259717,42.888155930714674
-65.55_18.1,-65.55,18.1,197.55405405405406,0.8190325058307164,0.37982131742936687,1.3898357514065396,0.1598311798513798,0.05771248885825323,0.07573003316050095,0.30637108456688394,15.983117985137978,7.5730033160500945,30.637108456688395
-65.55_18.11,-65.55,18.11,28.902439024390244,0.835413422259108,-0.4053647684419806,1.4681163675655153,0.2547148259043079,0.1024618355126922,0.10607312138805386,0.49606273655674094,25.47148259043079,10.607312138805385,49.606273655674094
-65.55_18.12,-65.55,18.12,8.764705882352942,0.7292201169896493,-0.4991193871649431,0.9606430888395784,0.3613468695675208,0.09966260370761304,0.19529681195090942,0.5687877084175351,36.134686956752084,19.52968119509094,56.878770841753514
-65.56_18.12,-65.56,18.12,2.25531914893617,0.6287126392640806,-0.5294249368018998,0.48034106670695087,0.46483203640249016,0.08903462888414958,0.3010309142494633,0.6365877738933907,46.483203640249016,30.10309142494633,63.65877738933907
-65.57_18.11,-65.57,18.11,4.774193548387097,0.6216737903762845,-0.5176978914951677,0.44670403361449235,0.4694429813889628,0.08776574211293753,0.30724500791709053,0.6383638250483835,46.94429813889628,30.724500791709055,63.836382504838355
-65.57_18.34,-65.57,18.34,3.5555555555555554,0.319970500753693,-0.5233714665481977,-0.9950663039663927,0.7490324380053693,0.09612703461749943,0.5227867265324265,0.8904852312783766,74.90324380053693,52.27867265324265,89.04852312783767
-65.57_18.35,-65.57,18.35,10.909090909090908,0.2987030115578347,-0.48913584039932595,-1.0966987227436868,0.7595878051063388,0.09815092020565053,0.5242273621453144,0.900595299943946,75.95878051063389,52.42273621453144,90.05952999439461
-65.57_18.38,-65.57,18.38,5.4,0.18855202247751818,-0.5147843438355822,-1.6230848583070707,0.8339503178600296,0.09484126406579309,0.5674690619733002,0.9505576382268272,83.39503178600296,56.74690619733001,95.05576382268272
-65.58_18.1,-65.58,18.1,2.6666666666666665,0.586741376801048,-0.5275098389398195,0.2797700973757259,0.5064975938634669,0.08548511880494891,0.34427237271086975,0.6673660483626624,50.649759386346695,34.42723727108697,66.73660483626624
-65.61_18.22,-65.61,18.22,7,0.6936516691745636,-0.507335273530663,0.7906696918715385,0.3965354112631145,0.0956298123894081,0.23090909955746505,0.5898489577323436,39.653541126311445,23.090909955746504,58.984895773234356
-65.61_18.25,-65.61,18.25,1.4615384615384615,0.6204957155209896,-0.5331205168938452,0.4410742859775384,0.473810914310728,0.0883936482550981,0.31007852676246866,0.643376069037281,47.381091431072804,31.007852676246866,64.3376069037281
-65.61_18.26,-65.61,18.26,1.6666666666666667,0.6378458136774878,-0.5321655078803941,0.5239863977660697,0.4562884881293919,0.09015159786668739,0.29162344450432104,0.6310968834299587,45.62884881293919,29.162344450432105,63.109688342995874
-65.62_18.34,-65.62,18.34,7.333333333333333,0.12597103993528228,-0.5057833838838048,-1.9221449197301026,0.8650212209299485,0.09044417481747799,0.5840473024243039,0.9669416030009106,86.50212209299485,58.40473024243039,96.69416030009106
-65.62_18.36,-65.62,18.36,4.753968253968254,0.26891586948911084,-0.5177920537702074,-1.239044594841125,0.7847858718407206,0.09722899842949359,0.5412769166737935,0.918494886131461,78.47858718407205,54.12769166737935,91.84948861314611
-65.62_18.37,-65.62,18.37,8.357142857142858,0.37619561792470524,-0.5010168656827403,-0.7263794551568228,0.7003996293279261,0.09372426043174806,0.493448091283572,0.848721976221444,70.0399629327926,49.3448091283572,84.8721976221444
-65.62_18.38,-65.62,18.38,35.17142857142857,0.5918743113564251,-0.37617842851904754,0.30429920607700706,0.4699855705104852,0.07977355996640097,0.32128401094466946,0.6242138493579152,46.998557051048515,32.128401094466945,62.42138493579152
-65.63_18.25,-65.63,18.25,3.388888888888889,0.6984324185212507,-0.5241474113716268,0.8135157888036768,0.39528239368469664,0.09728607786996187,0.22743362013650315,0.592071915886869,39.52823936846966,22.743362013650316,59.207191588686904
-65.63_18.26,-65.63,18.26,6.6,0.4646255766560736,-0.5091975411068929,-0.3037931067882768,0.6226955618251355,0.0866730055816166,0.4447174652257671,0.7727752384208557,62.269556182513554,44.47174652257671,77.27752384208557
-65.63_18.27,-65.63,18.27,4.743396226415094,0.4709055994904192,-0.5178412736305256,-0.2737823281414267,0.618448657702612,0.08628045628061261,0.44184540091004226,0.7684560104510313,61.8448657702612,44.18454009100422,76.84560104510312
-65.63_18.33,-65.63,18.33,4.910714285714286,0.2168219537726893,-0.5170622961386491,-1.4879893860707107,0.8179162151133439,0.09614473311845435,0.5589724873625599,0.9408992771494804,81.79162151133438,55.89724873625599,94.08992771494805
-65.63_18.34,-65.63,18.34,17.5,0.3031315426344609,-0.45845074965462984,-1.075535795573347,0.7516026577507231,0.09931398263365793,0.5161356224754354,0.8956492820908923,75.1602657750723,51.61356224754354,89.56492820908923
-65.63_18.35,-65.63,18.35,28.666666666666668,0.05058917490126634,-0.4064624464848803,-2.2823774419990004,0.8887283323477198,0.088126086617938,0.5820500673086081,0.9786357185953453,88.87283323477197,58.20500673086081,97.86357185953453
-65.63_18.36,-65.63,18.36,60.5,0.3766474833436248,-0.25825698520992274,-0.724220094685839,0.6560911148654545,0.1001429590720651,0.44424278490519553,0.819920084524528,65.60911148654544,44.424278490519555,81.99200845245281
-65.63_18.37,-65.63,18.37,10.294520547945206,0.5839640461920476,-0.4919970765415097,0.26649787586723217,0.5019172686758773,0.08393692077204572,0.3429007715025363,0.6605468596070532,50.191726867587725,34.29007715025363,66.05468596070531
-65.63_18.38,-65.63,18.38,6.4,0.4833770858093379,-0.5101286748950077,-0.21418397552599538,0.6050384768285202,0.08545472380493219,0.43183196253321404,0.7553565575482124,60.50384768285202,43.183196253321405,75.53565575482124
-65.64_18.27,-65.64,18.27,8.210526315789474,0.496484662157698,-0.5016994637604937,-0.15154589557571552,0.5907073948984213,0.0846364715500582,0.42086381700977626,0.7413523487950902,59.070739489842126,42.086381700977626,74.13523487950901
-65.64_18.28,-65.64,18.28,15.333333333333334,0.566612281668241,-0.4685380323592081,0.18357780089421014,0.5144599636426834,0.0825125311735496,0.35673309691370325,0.6693582222827191,51.44599636426834,35.67330969137033,66.93582222827192
-65.64_18.29,-65.64,18.29,9.84,0.34016573363285435,-0.49411317373943114,-0.8985579504706913,0.7287139371490728,0.09625429121544037,0.5084517550466067,0.8746160726717104,72.87139371490728,50.845175504660666,87.46160726717103
-65.64_18.33,-65.64,18.33,28.852272727272727,0.40954905772034467,-0.4055983261133343,-0.5669910699197995,0.6538766098174985,0.09259985714152312,0.45864524068315093,0.8081516425739265,65.38766098174985,45.86452406831509,80.81516425739265
-65.64_18.34,-65.64,18.34,29.836734693877553,0.41344709626091747,-0.4010149971122352,-0.5483632440529512,0.6494612059358724,0.09223758594441255,0.4557627777715199,0.8038851916175945,64.94612059358724,45.576277777151994,80.38851916175945
-65.64_18.35,-65.64,18.35,15.210526315789474,0.3757496430685635,-0.4691097811764716,-0.7285106659888173,0.6951933562724314,0.09454247638046692,0.4875131418278161,0.8454018117322967,69.51933562724314,48.751314182781606,84.54018117322967
-65.64_18.36,-65.64,18.36,20.272727272727273,0.6239519117603542,-0.4455418494103094,0.4575906495379357,0.45229369403828945,0.08452851990696952,0.2973002419469067,0.6171271730635391,45.22936940382895,29.730024194690667,61.712717306353916
-65.64_18.37,-65.64,18.37,14.376744186046512,0.7752553671549459,-0.4729915947411221,1.180634916752582,0.315181281729396,0.1030511412105315,0.15293466738344352,0.5398539326599798,31.5181281729396,15.293466738344353,53.985393265997985
-65.64_18.38,-65.64,18.38,9.444444444444445,0.6069572201271188,-0.4959547494537029,0.3763769434368733,0.4796741614039322,0.0855105933205064,0.32020091963524033,0.6434000762613687,47.96741614039322,32.02009196352403,64.34000762613688
-65.65_18.26,-65.65,18.26,26.666666666666668,0.35207965025814275,-0.41577378436602946,-0.8416240946408795,0.7058406607466365,0.09801203392607062,0.48751821533503686,0.8582065483776302,70.58406607466365,48.75182153350369,85.82065483776302
-65.65_18.27,-65.65,18.27,22,0.3255044834649883,-0.4375002394220442,-0.9686206787568971,0.7310545552362968,0.09910874483732453,0.5030010233331711,0.879526600948235,73.10545552362969,50.300102333317106,87.9526600948235
-65.65_18.28,-65.65,18.28,46.375,0.5171673070078571,-0.32401830899553874,-0.0527083128467318,0.5340491111384391,0.08067244077802509,0.3777758502378048,0.6839132742096633,53.40491111384391,37.77758502378048,68.39132742096633
-65.65_18.32,-65.65,18.32,12.75,0.3578041939409469,-0.48056517712235913,-0.8142678225618525,0.7121927810311605,0.09558350078168969,0.4980220376416327,0.8605694154051597,71.21927810311604,49.802203764163274,86.05694154051598
-65.65_18.33,-65.65,18.33,14,0.3868297517230815,-0.47474559094664087,-0.6755613858691315,0.6866944493711143,0.09349181682068321,0.4832572161333403,0.8370468381660011,68.66944493711144,48.325721613334025,83.70468381660011
-65.66_18.29,-65.66,18.29,69,0.8052579385264992,-0.21868379921503878,1.3240102757311667,0.2483383615101597,0.08807703950021904,0.1158544290223937,0.45445139123316686,24.83383615101597,11.58544290223937,45.445139123316686
-65.66_18.33,-65.66,18.33,26.166666666666668,0.29087777092926237,-0.41810161883631675,-1.1340937403347167,0.7545231169684714,0.10151462656714454,0.512163181062983,0.899989142863035,75.45231169684715,51.216318106298296,89.9989142863035
-65.66_18.34,-65.66,18.34,28.666666666666668,0.31758336108946644,-0.4064624464848803,-1.0064738930710722,0.73224040426244,0.10078780651812032,0.4996227016582481,0.882212194349245,73.224040426244,49.96227016582481,88.2212194349245
-65.67_18.2,-65.67,18.2,12.1,0.6820440835516483,-0.48359136193373264,0.7351997211496929,0.4029879905560813,0.09273956020130975,0.24075649385570502,0.5896395724366441,40.29879905560813,24.075649385570504,58.96395724366441
-65.67_18.35,-65.67,18.35,34,0.5794580009753226,-0.3816322121351492,0.24496452652457468,0.48354762797428547,0.07972098969071002,0.33369685799586296,0.6364167346918262,48.35476279742855,33.36968579958629,63.64167346918263
-65.68_18.27,-65.68,18.27,140.41935483870967,0.7293922890207194,0.1138210728634169,0.9614658592099925,0.25371626563585736,0.06604685273805903,0.14646981914118917,0.40246202998705805,25.371626563585735,14.646981914118918,40.246202998705805
-65.69_18.36,-65.69,18.36,16.8,0.8491194575533842,-0.46170971791303206,1.5336143445940182,0.25314996628405073,0.10725112988221,0.1003164762552646,0.5074865471061354,25.314996628405073,10.03164762552646,50.748654710613536
-65.6_18.23,-65.6,18.23,11.642857142857142,0.860752919842765,-0.48571966773513814,1.5892079739282443,0.24812135323907836,0.10947564397152602,0.09459267130882885,0.5103712524216527,24.812135323907835,9.459267130882886,51.037125242165274
-65.6_18.24,-65.6,18.24,1.9357798165137614,0.681403369194262,-0.5309126061471507,0.7321378952196634,0.4130946376416858,0.09544449476560662,0.24549829394199796,0.6035774789127999,41.309463764168584,24.549829394199797,60.35774789127999
-65.71_18.19,-65.71,18.19,4.681818181818182,0.19290003733839448,-0.5181279606201767,-1.6023066995352053,0.831907573340227,0.09490900315734688,0.5668376641674892,0.9492834104164702,83.1907573340227,56.68376641674892,94.92834104164703
-65.71_18.37,-65.71,18.37,7.394736842105263,0.395422205743315,-0.505497509475173,-0.6345000326803837,0.6847609461598441,0.09216854520242132,0.48472486481834204,0.8337715841452392,68.47609461598441,48.4724864818342,83.37715841452392
-65.71_18.38,-65.71,18.38,3.75,0.2866793510726367,-0.5224661975875303,-1.1541570191327886,0.7731788084821467,0.09693475890473241,0.5356917250893984,0.9096761022809419,77.31788084821467,53.56917250893984,90.96761022809419
-65.72_18.19,-65.72,18.19,18.058823529411764,0.6714551659858187,-0.4558490523054852,0.6845977297938814,0.4076843618412031,0.08987350663001609,0.24917667898288778,0.5880512947275233,40.76843618412031,24.91766789828878,58.80512947275233
-65.72_18.33,-65.72,18.33,185.04166666666666,0.7966117218916587,0.32156778409747017,1.2826920034246059,0.17929422158968952,0.059803207141854,0.08966786586836874,0.32638611460547823,17.92942215896895,8.966786586836873,32.63861146054782
-65.72_18.37,-65.72,18.37,28.2,0.30817486184700815,-0.40863509199048176,-1.0514349378972565,0.7399273587161121,0.10120831798983708,0.5036940517194134,0.8885886882154789,73.99273587161122,50.36940517194134,88.85886882154789
-65.72_18.38,-65.72,18.38,6.157894736842105,0.4200312466246841,-0.5112558368490415,-0.516899110186443,0.6641244836387132,0.09011676107108442,0.4725053060896252,0.8135960407286248,66.41244836387132,47.25053060896252,81.35960407286248
-65.72_18.39,-65.72,18.39,1.8333333333333333,0.5907475623403168,-0.531389563056965,0.29891473277094677,0.5032823332161903,0.0858921841010962,0.34067630100046686,0.665196989612607,50.32823332161903,34.067630100046685,66.5196989612607
-65.73_18.19,-65.73,18.19,2.925925925925926,0.4519883065375982,-0.5263028136589298,-0.3641837018911909,0.637823703677806,0.0875806155723051,0.45582823106492404,0.7873475353647649,63.78237036778061,45.582823106492405,78.73475353647649
-65.73_18.32,-65.73,18.32,120.05,0.6493255540385247,0.018988100201293698,0.5788454255094438,0.33653469281999754,0.0665593681992416,0.2204511117999531,0.4763897731741483,33.653469281999755,22.04511117999531,47.638977317414835
-65.73_18.33,-65.73,18.33,119.91228070175438,0.7177485203776555,0.018346924741933866,0.9058229781919429,0.27829911939190005,0.06951261296148273,0.1636596371196013,0.43178263293247277,27.829911939190005,16.36596371196013,43.17826329324728
-65.73_18.34,-65.73,18.34,89.57142857142857,0.7118919537321816,-0.12291003815179022,0.8778357988672747,0.3074269953684805,0.0758070803963664,0.18093774412618308,0.47144487110641337,30.74269953684805,18.09377441261831,47.144487110641336
-65.73_18.35,-65.73,18.35,36.765957446808514,0.7670744986581681,-0.3687548299590918,1.1415404357177257,0.30371463889875694,0.09513152282118055,0.15298631420593004,0.5130036606031265,30.371463889875695,15.298631420593004,51.300366060312655
-65.73_18.38,-65.73,18.38,2.325,0.3274252918586344,-0.5291005258278492,-0.9594415790871532,0.7442710625661273,0.09564278978801398,0.5208363376906734,0.886268632740334,74.42710625661273,52.08363376906734,88.6268632740334
-65.73_18.39,-65.73,18.39,1.4782608695652173,0.4619217208814576,-0.5330426628981835,-0.3167142090335148,0.6298674841320672,0.08691387670032052,0.4504042155401291,0.7794276928518398,62.98674841320672,45.04042155401291,77.94276928518397
-65.74_18.16,-65.74,18.16,5.0344827586206895,0.3182707379855115,-0.5164860711035165,-1.0031890776463022,0.7492408973687117,0.09644579353793747,0.5220955780938591,0.8909707832488002,74.92408973687117,52.209557809385906,89.09707832488002
-65.74_18.17,-65.74,18.17,7.472222222222222,0.5594517333373591,-0.5051367631976138,0.14935919427180908,0.5292101223176755,0.08358437715095383,0.368057344027604,0.684495099927346,52.92101223176755,36.8057344027604,68.4495099927346
-65.74_18.18,-65.74,18.18,4.916666666666667,0.6797612675746547,-0.5170345838235266,0.7242906708509634,0.4119010080092788,0.09441188542834637,0.24601065713466588,0.6005551812298773,41.19010080092788,24.60106571346659,60.05551812298773
-65.74_18.21,-65.74,18.21,22,0.40488484554458154,-0.4375002394220442,-0.5892802626283411,0.6640337136968278,0.09255014213633003,0.46710526581137035,0.816739787507308,66.40337136968279,46.71052658113703,81.6739787507308
-65.74_18.35,-65.74,18.35,79,0.5498305753368758,-0.17212710980929294,0.10338190235819428,0.4698450432138864,0.07515219899307349,0.32913506004423415,0.6155179184910023,46.98450432138864,32.91350600442342,61.55179184910023
-65.74_18.38,-65.74,18.38,5.316666666666666,0.2879164053198052,-0.5151723162472969,-1.1482454226043677,0.7712405440074225,0.09723975724370551,0.5337193222733194,0.908510000611751,77.12405440074225,53.37193222733194,90.8510000611751
-65.75_18.16,-65.75,18.16,4,0.4801668535022904,-0.5213022803523867,-0.22952493426341847,0.6103214151627231,0.08573570107167537,0.4358826186110476,0.7604624071608642,61.03214151627231,43.58826186110476,76.04624071608642
-65.75_18.32,-65.75,18.32,150.12574850299401,0.8335805135074099,0.15901082837121547,1.4593573199827183,0.1773164177017405,0.06749892513208378,0.08005914416989944,0.3480258887364966,17.73164177017405,8.005914416989944,34.80258887364966
-65.75_18.33,-65.75,18.33,100.20833333333333,0.7673884662736796,-0.07338813102794034,1.1430408144360742,0.2542534610708816,0.07719654283356167,0.1330765161899418,0.43092410535032794,25.42534610708816,13.307651618994178,43.09241053503279
-65.75_18.38,-65.75,18.38,9.588235294117647,0.29729993624849077,-0.49528530686094047,-1.103403695582845,0.7615428433560462,0.09792479141017843,0.5260393086701416,0.9018597991508156,76.15428433560461,52.60393086701416,90.18597991508156
-65.75_18.39,-65.75,18.39,8.967032967032967,0.4477751680040756,-0.4981774192409613,-0.38431731784662365,0.6363374429766648,0.08795652130506293,0.4537693101070173,0.7865842419499507,63.63374429766648,45.37693101070173,78.65842419499506
-65.76_18.16,-65.76,18.16,3.8857142857142857,0.3648826308210151,-0.5218343568027382,-0.7804416075978488,0.7133871106450658,0.09395848651913341,0.5028067319997658,0.8596705532747975,71.33871106450658,50.280673199976576,85.96705532747974
-65.76_18.33,-65.76,18.33,230.94565217391303,0.7695039485289299,0.5352815436721429,1.1531502155271725,0.16942933709805885,0.05254985492188982,0.08935128838540835,0.29780493027452964,16.942933709805885,8.935128838540834,29.780493027452966
-65.76_18.34,-65.76,18.34,188.0029985007496,0.7373701239782892,0.3353547647401449,0.9995900898550357,0.21504753484633526,0.05826771630098361,0.12224808677215232,0.3501871629975522,21.504753484633525,12.224808677215233,35.01871629975522
-65.76_18.35,-65.76,18.35,48.5,0.7215234214759471,-0.31412501249681773,0.9238623586628238,0.3335545797343689,0.08719568733321575,0.1883222827411448,0.5191519059767066,33.35545797343689,18.832228274114478,51.91519059767066
-65.76_18.36,-65.76,18.36,37.333333333333336,0.5783815459901411,-0.36611331566656724,0.2398203967760486,0.48141080845415707,0.0791737770190164,0.33270828607818925,0.6334808747705377,48.14108084541571,33.27082860781893,63.348087477053774
-65.76_18.38,-65.76,18.38,13.068965517241379,0.6189017391959561,-0.47908017927062413,0.4334570412762485,0.46423586043215836,0.08568771764688067,0.3060746546366903,0.6299337882012466,46.423586043215835,30.60746546366903,62.993378820124654
-65.76_18.39,-65.76,18.39,9.601626016260163,0.4835881534228477,-0.4952229640917698,-0.21317533215070072,0.6018756016546781,0.08531225738048216,0.42934633159129426,0.7523324761368324,60.187560165467815,42.934633159129426,75.23324761368325
-65.76_18.4,-65.76,18.4,5.7272727272727275,0.3935173684089142,-0.5132606703641215,-0.6436028103467829,0.68779434256678,0.09216805029396438,0.4871453095703726,0.8363182983499499,68.779434256678,48.71453095703726,83.63182983499499
-65.77_18.15,-65.77,18.15,2.7935222672064777,0.7602991480321631,-0.5269192412604483,1.1091625999589452,0.3382252606627055,0.10526660958230073,0.1689646300081981,0.5623135322914327,33.82252606627055,16.89646300081981,56.23135322914327
-65.77_18.31,-65.77,18.31,497.24229074889865,0.7125343840880823,1.775070532865119,0.8809058251578659,0.08394798413815231,0.04049547585650027,0.03161550610580034,0.2046029676584882,8.39479841381523,3.161550610580034,20.46029676584882
-65.77_18.32,-65.77,18.32,463.03225806451616,0.7284318009447976,1.615799946240398,0.9568759085362812,0.08935667156809389,0.03996683588101918,0.03611810199052377,0.2044262626334265,8.935667156809389,3.6118101990523765,20.44262626334265
-65.77_18.33,-65.77,18.33,407,0.7053979414960792,1.3549323026991704,0.8468024142939341,0.11789069550202089,0.04520001434710921,0.053939143169297446,0.23854634214474957,11.789069550202088,5.393914316929744,23.854634214474956
-65.77_18.34,-65.77,18.34,207.9,0.7021577462253903,0.4279886166307709,0.831318269473727,0.22613122734061453,0.05567125792132606,0.13542640348875354,0.35279736633858766,22.613122734061452,13.542640348875354,35.27973663385877
-65.77_18.35,-65.77,18.35,31,0.6062183264875064,-0.39559921895687294,0.37284594139326604,0.4596711999310321,0.08111876568436552,0.309642697388512,0.6173835616123455,45.96711999310321,30.9642697388512,61.738356161234556
-65.77_18.36,-65.77,18.36,23.93103448275862,0.6345544065346576,-0.4285099821574864,0.5082575232371551,0.438290271901178,0.084607939185572,0.28461611636791967,0.6047915184518189,43.8290271901178,28.461611636791968,60.47915184518189
-65.77_18.37,-65.77,18.37,14.791666666666666,0.534655169186298,-0.47105985303535264,0.03086214138371071,0.546920192362113,0.0826325749313187,0.3857178181833448,0.6988478752627689,54.692019236211294,38.57178181833448,69.8847875262769
-65.77_18.38,-65.77,18.38,82.3,0.5711541380874354,-0.15676340230539684,0.20528228370226095,0.445439115742446,0.07322778442613437,0.3099977615244157,0.5894997379621089,44.543911574244596,30.999776152441573,58.949973796210884
-65.77_18.39,-65.77,18.39,39.625,0.5500798469770369,-0.35544407434441716,0.10457311395298319,0.5075910236987868,0.07926289997960653,0.356362650142767,0.6574428668178313,50.75910236987868,35.6362650142767,65.74428668178312
-65.78_18.15,-65.78,18.15,3,0.801783157529491,-0.5259579492929614,1.3074050999064581,0.301842245886915,0.10931392248217513,0.1352595460908371,0.5444207682784924,30.1842245886915,13.52595460908371,54.44207682784924
-65.78_18.16,-65.78,18.16,12,0.8733111702505372,-0.48405692882779006,1.6492209520846586,0.23858560074621524,0.10959845698075155,0.0876308431390717,0.5055028943069362,23.858560074621522,8.76308431390717,50.55028943069362
-65.78_18.17,-65.78,18.17,3.6,0.8395530364185194,-0.5231645479286166,1.4878986275187802,0.2704227423577429,0.11161434067871023,0.10897249664996216,0.529047786048897,27.04227423577429,10.897249664996215,52.9047786048897
-65.78_18.24,-65.78,18.24,35,0.6065262892298354,-0.37697654319457463,0.3743176242096035,0.45552845955381516,0.08035606087838346,0.3071747816393205,0.6122181875256353,45.552845955381514,30.71747816393205,61.22181875256353
-65.78_18.3,-65.78,18.3,625.2208588957055,0.7576633238840685,2.3708963776454155,1.0965666051437875,0.044552605097246206,0.028495794989743604,0.012400323770547537,0.14761090549494307,4.455260509724621,1.2400323770547537,14.761090549494307
-65.78_18.31,-65.78,18.31,510.87735849056605,0.7913714868965604,1.8385508942526303,1.2576501307047658,0.05957844960191451,0.030884865506521225,0.021053132890691578,0.15727555618181413,5.957844960191451,2.1053132890691577,15.727555618181412
-65.78_18.35,-65.78,18.35,108.38461538461539,0.5415772727442354,-0.03532206863240902,0.0639412755091014,0.4498767666407741,0.07414221660075211,0.31252660141130745,0.5953185208190903,44.987676664077405,31.252660141130743,59.53185208190903
-65.78_18.39,-65.78,18.39,59.125,0.5509717607769145,-0.2646585300032128,0.10883536399987884,0.4878633140121942,0.07699520100229722,0.34241660966178034,0.6353946738507046,48.78633140121942,34.24166096617803,63.53946738507046
-65.78_18.41,-65.78,18.41,7.75,0.7552675947180233,-0.5038435218252321,1.0851179687938084,0.33845983712082883,0.1030892442454116,0.1718512957276148,0.5577986338098947,33.845983712082884,17.18512957276148,55.77986338098947
-65.79_18.09,-65.79,18.09,8.793103448275861,0.19808877550411108,-0.4989871774992879,-1.5775109182689082,0.8267108412158757,0.09626554488963424,0.5610608549700208,0.9468246064191188,82.67108412158757,56.10608549700208,94.68246064191189
-65.79_18.25,-65.79,18.25,116.8,0.5778150017002599,0.0038571761444263016,0.2371130124677821,0.4063312709829189,0.06940641439195885,0.2802785743372023,0.5460627206679565,40.63312709829189,28.027857433720232,54.60627206679565
-65.79_18.26,-65.79,18.26,426.8,0.8265868873945683,1.4471145477225473,1.4259363960867957,0.07072868241595347,0.032758284255014564,0.02785731790771119,0.16816447152838349,7.072868241595347,2.785731790771119,16.81644715283835
-65.79_18.27,-65.79,18.27,507.1818181818182,0.6328780769245917,1.8213456820185516,0.5002467312075927,0.10827205136807509,0.05379235514420226,0.039146641466214424,0.2657056386004236,10.827205136807509,3.9146641466214422,26.570563860042363
-65.79_18.29,-65.79,18.29,761.5675675675676,0.6966920186795075,3.005681514358575,0.8051988199350418,0.03397531738097237,0.027873619106609862,0.006613034052934716,0.1566943408070129,3.397531738097237,0.6613034052934716,15.669434080701288
-65.79_18.3,-65.79,18.3,787.1453362255966,0.669413553088956,3.1247631374689626,0.6748413333051281,0.03432756990473045,0.029598120412589767,0.0061393323447897835,0.16982462428815479,3.4327569904730453,0.6139332344789783,16.982462428815477
-65.79_18.31,-65.79,18.31,1031.6052631578948,0.6579933756639447,4.2628876265027955,0.6202669430759429,0.01426535529140894,0.017178472197195406,0.0013185326028813751,0.1369105921246457,1.426535529140894,0.1318532602881375,13.691059212464571
-65.79_18.42,-65.79,18.42,4.076086956521739,0.2991379807836657,-0.5209480446721256,-1.094620105277009,0.7640612323389016,0.096803287104083785,0.5306124634729003,0.9026962019247444,76.40612323389016,53.06124634729002,90.26962019247445
-65.7_18.35,-65.7,18.35,36.75,0.6218746393212409,-0.3688291225485691,0.4476638443329463,0.43862802518103,0.08085127030283087,0.29104993965732395,0.5979248816991211,43.862802518103,29.104993965732394,59.792488169912104
-65.7_18.36,-65.7,18.36,5.058536585365854,0.8321187950647475,-0.516374084449437,1.4523721051540637,0.27522529768849163,0.11069693092615301,0.11345469201419917,0.5298113533335891,27.522529768849164,11.345469201419917,52.98113533335891
-65.7_18.37,-65.7,18.37,0,0.03222317480008349,-0.539924956114685,-2.3701443145412813,0.9057065278453581,0.07783156997943504,0.6168227804713854,0.9828510827943567,90.57065278453581,61.68227804713854,98.28510827943568
-65.81_18.1,-65.81,18.1,8.166666666666666,0.4877741557748098,-0.5019036597666593,-0.1931713937393814,0.5991744788891082,0.08511850298774203,0.4273627761843804,0.7496360918394764,59.91744788891082,42.73627761843804,74.96360918394764
-65.81_18.34,-65.81,18.34,258.3010752688172,0.7438397251182998,0.6626393373313649,1.0305068194383127,0.16905405320046035,0.04996975908366372,0.09199249802702454,0.29004883656719016,16.905405320046036,9.199249802702454,29.004883656719016
-65.81_18.35,-65.81,18.35,63.31578947368421,0.8379919991803076,-0.2451476016140943,1.4804387911055665,0.22847599093027343,0.09122058094659248,0.09698345991159849,0.449504505251813,22.847599093027345,9.698345991159849,44.9504505251813
-65.81_18.39,-65.81,18.39,2.6470588235294117,0.6192890968163645,-0.5276011265661052,0.43530813387732437,0.47387654389208006,0.08801438223927512,0.3107751566183552,0.6427499352836428,47.38765438920801,31.07751566183552,64.27499352836428
-65.82_18.15,-65.82,18.15,21.08695652173913,0.4876206804902708,-0.44175106758517757,-0.19390481667645623,0.5872776211430489,0.08456143248726995,0.41798235851253396,0.7381753754436691,58.727762114304895,41.798235851253395,73.8175375443669
-65.82_18.32,-65.82,18.32,367.5263157894737,0.7015794058543274,1.1711558971501739,0.8285545144179999,0.13649466533428303,0.04704286512013984,0.06742129656546995,0.25684411572853555,13.649466533428303,6.742129656546996,25.684411572853556
-65.82_18.34,-65.82,18.34,162.4,0.6880581213355703,0.21615567983462736,0.7639394186743574,0.2693568920774034,0.06104217218749037,0.16717178827504328,0.40372444499040755,26.93568920774034,16.717178827504327,40.37244449904075
-65.82_18.37,-65.82,18.37,25.75,0.6199084175844118,-0.4200414808948895,0.4382677247851183,0.45107252145006843,0.08303437982892233,0.2986762215201594,0.6132355173794541,45.107252145006846,29.867622152015937,61.323551737945415
-65.82_18.38,-65.82,18.38,7.6923076923076925,0.5798299503430886,-0.5041121181102651,0.24674198664507174,0.5085788694630391,0.08421093126346835,0.3484005664931746,0.6670149416936649,50.85788694630391,34.84005664931746,66.7014941693665
-65.82_18.39,-65.82,18.39,1.5,0.8352321692306094,-0.5329414527038232,1.467250201205802,0.2754749312011893,0.11215611834753822,0.11220676252594315,0.5335386000669475,27.547493120118933,11.220676252594314,53.35386000669475
-65.82_18.41,-65.82,18.41,8.491525423728813,0.6087016450581971,-0.5003912249413314,0.3847131472777774,0.4788453742291234,0.08584187523919404,0.3188929893172785,0.6432563220864566,47.88453742291234,31.88929893172785,64.32563220864566
-65.83_18.04,-65.83,18.04,7.285714285714286,0.3296173457154024,-0.5060050824047845,-0.9489662599979203,0.738911923417564,0.09637342517369639,0.5153012281839954,0.8828207964090812,73.8911923417564,51.53012281839954,88.28207964090812
-65.83_18.05,-65.83,18.05,6.8,0.45023091429009576,-0.5082664073187779,-0.37258187354226296,0.6359936460336247,0.08773792461323704,0.45393454163814806,0.7859730139137353,63.599364603362474,45.39345416381481,78.59730139137353
-65.83_18.34,-65.83,18.34,149.41666666666666,0.7452798325748531,0.15570957808950062,1.037388760355778,0.23551463891811453,0.06502852217152012,0.1317791884840943,0.3847248311053691,23.55146389181145,13.177918848409432,38.472483110536906
-65.83_18.36,-65.83,18.36,62.166666666666664,0.6195017676869606,-0.25049753697563176,0.43632443884793515,0.41692508437595616,0.07571455770389951,0.2797197632956929,0.5683282866024679,41.69250843759561,27.971976329569294,56.83282866024679
-65.83_18.42,-65.83,18.42,0.7692307692307693,0.26421685956598623,-0.5363436723142431,-1.2615000779471734,0.7905156754603467,0.09633146851073388,0.5468389821573661,0.9218798059069354,79.05156754603468,54.68389821573661,92.18798059069354
-65.84_18.02,-65.84,18.02,33.19101123595506,0.736010895051551,-0.38539859599718707,0.9930946487512798,0.33377518512230003,0.09309784686349755,0.1806833932347965,0.5323062510211598,33.377518512230004,18.068339323479652,53.23062510211598
-65.84_18.04,-65.84,18.04,16.9,0.6496881200549771,-0.4612441510189746,0.5805780447612588,0.4300396521173723,0.08773938794365188,0.27223959838418527,0.6034618501271652,43.003965211737224,27.223959838418526,60.346185012716525
-65.84_18.05,-65.84,18.05,4.130434782608695,0.6930131003747799,-0.52069501918622485,0.7876181190657385,0.3998064954208606,0.09635905752644691,0.23266633895655695,0.5940596331276837,39.98064954208606,23.266633895655694,59.40596331276837
-65.84_18.15,-65.84,18.15,30.235294117647058,0.39714712098291755,-0.39915943638201823,-0.6262570611489459,0.6638647811580778,0.09408676329693286,0.46360919366669245,0.8186089069098273,66.38647811580778,46.36091936666924,81.86089069098273
-65.84_18.3,-65.84,18.3,482.3333333333333,0.7572220969353599,1.7056593628891223,1.0944580834648054,0.07504464332253334,0.03572640077011962,0.02873612132807832,0.18199618005646173,7.504464332253334,2.8736121328078323,18.199618005646172
-65.84_18.35,-65.84,18.35,44.42857142857143,0.7142951302328494,-0.3330802360405857,0.8893200243093257,0.3435747054722201,0.08756857996947506,0.19648440596321856,0.5283707132997167,34.35747054722201,19.648440596321855,52.83707132997167
-65.84_18.43,-65.84,18.43,4.653846153846154,0.3813263594137159,-0.518258189122011,-0.7018608266131807,0.6990785085451349,0.09295450129638971,0.49421796732344797,0.8467008826144811,69.90785085451348,49.421796732344795,84.6700882614481
-65.85_18.33,-65.85,18.33,198.42857142857142,0.8050350195783758,0.3838927808079001,1.3229449975650216,0.16705098939441831,0.057502907781414515,0.08191212190647973,0.3107317455214629,16.705098939441832,8.191212190647972,31.073174552146288
-65.86_18.43,-65.86,18.43,4.375,0.46818657566472005,-0.5195564044996712,-0.2867759149994707,0.6213558588661339,0.08646497998565285,0.4439865273338438,0.7712905237548009,62.135585886613384,44.39865273338438,77.12905237548009
-65.87_18.32,-65.87,18.32,329.64864864864865,0.7784174924310036,0.9948100187012121,1.1957459831000445,0.11848890351544407,0.042580844955726824,0.05700957468139069,0.23009060882199292,11.848890351544407,5.700957468139069,23.009060882199293
-65.88_17.99,-65.88,17.99,8.478260869565217,0.7159962085997837,-0.5004529803141614,0.8974490849318149,0.3739445303677369,0.0980832888285154,0.20808907792776093,0.5758645600617134,37.39445303677369,20.808907792776093,57.58645600617134
-65.88_18,-65.88,18,8.509803921568627,0.6361186881974197,-0.5003061263066582,0.5157328640059395,0.4514533703221195,0.08833746997595465,0.2902965668987883,0.6234795819601985,45.145337032211955,29.02965668987883,62.347958196019846
-65.88_18.04,-65.88,18.04,34.689655172413794,0.5797759777573851,-0.3784214059692357,0.24648406412388482,0.48256348902276053,0.07961265082236647,0.3329914559611043,0.6353266715639863,48.25634890227605,33.29914559611043,63.532667156398624
-65.88_18.38,-65.88,18.38,18,0.4137948627127872,-0.45612291518434256,-0.546701348502065,0.659487090163049,0.0913768516276486,0.4659239508944261,0.8113084330455217,65.94870901630489,46.59239508944261,81.13084330455217
-65.88_18.43,-65.88,18.43,2.3043478260869565,0.48630289351233824,-0.5291966755124915,-0.20020221627859583,0.6060128756960943,0.08547403834668842,0.43264599888087274,0.7562501323593774,60.60128756960943,43.264599888087275,75.62501323593774
-65.88_18.44,-65.88,18.44,0.9264705882352942,0.1832173016321419,-0.5356116157726821,-1.6485782570822693,0.839240307578445,0.09333791236939525,0.5736208244528456,0.9529581474825686,83.9240307578445,57.36208244528456,95.29581474825686
-65.89_18,-65.89,18,16.5,0.7184407611142511,-0.4631064185952044,0.9091310367873174,0.36444144109252896,0.096012160350356,0.20284972077818056,0.5637268050808545,36.444144109252896,20.284972077818058,56.37268050808545
-65.89_18.34,-65.89,18.34,47.75,0.7312879136085785,-0.31761676420224866,0.97052461128851,0.325534591675989,0.08839632534390457,0.17982409211848657,0.5151544595016476,32.5534591675989,17.98240921184866,51.51544595016476
-65.89_18.38,-65.89,18.38,9.518518518518519,0.6333152425191304,-0.4956098850877344,0.5023358446130355,0.45327580626154845,0.08781559136125155,0.2927696540448459,0.6241223975923881,45.32758062615485,29.27696540448459,62.41223975923881
-65.89_18.41,-65.89,18.41,2.6363636363636362,0.6240857975012865,-0.5276509198168066,0.45823045857065314,0.469088675932392,0.0884801431357184,0.3057347550713172,0.6393467090003574,46.9088675932392,30.573475507131718,63.93467090003574
-65.8_18.08,-65.8,18.08,9.346938775510203,0.406268413675031,-0.4964087035680899,-0.5826685100916034,0.6736314214375956,0.09144747099267621,0.47736771005066186,0.8234505624708873,67.36314214375956,47.73677100506619,82.34505624708873
-65.8_18.09,-65.8,18.09,3.1382488479262673,0.6798262859871592,-0.5253143084256008,0.7246013788272101,0.413503200389001,0.09490739865553982,0.2466579952381141,0.6028878977259151,41.3503200389001,24.665799523811412,60.288789772591514
-65.8_18.1,-65.8,18.1,3.4166666666666665,0.5927693109784796,-0.5240180872343886,0.3085762025553633,0.49972401452551,0.08571984785036425,0.33779512708254666,0.6617108155342142,49.972401452551004,33.779512708254664,66.17108155342142
-65.8_18.25,-65.8,18.25,230.33333333333334,0.8128994207143345,0.5324307898643275,1.3605271541760635,0.1466008052278107,0.05234282516711795,0.07033730869233107,0.2805956662855159,14.660080522781069,7.033730869233107,28.05956662855159
-65.8_18.26,-65.8,18.26,444.9391304347826,0.689865520100359,1.5315643338967957,0.7725765599216813,0.1094090307255716,0.04601604121456639,0.04642423584707796,0.23664060327831543,10.940903072557159,4.642423584707796,23.664060327831542
-65.8_18.27,-65.8,18.27,495.70535714285717,0.8266992533379974,1.7679150788117464,1.4264733669776104,0.05508431109637217,0.02871484830986026,0.019388438695923806,0.146669890080101,5.508431109637217,1.9388438695923806,14.6669890080101
-65.8_18.38,-65.8,18.38,8,0.34056579076439253,-0.5026796045900884,-0.8966461698390947,0.7298005074015359,0.09594719856084084,0.5099873644205034,0.8751482832161229,72.98005074015359,50.998736442050344,87.5148283216123
-65.8_18.4,-65.8,18.4,3.0833333333333335,0.5655660815921285,-0.5255699768812467,0.17857825236823727,0.5273193083540818,0.0844293036041027,0.3648188317730494,0.6842303698955577,52.73193083540818,36.481883177304944,68.42303698955577
-65.8_18.41,-65.8,18.41,3.006289308176101,0.5344402742382173,-0.5259286683562281,0.02983520806049008,0.5583904943506995,0.08400147289380103,0.3934024510437454,0.7114213972023503,55.83904943506995,39.34024510437454,71.14213972023504
-65.8_18.42,-65.8,18.42,2.090909090909091,0.44778466935434225,-0.5301903756025745,-0.3842719130881983,0.6424541358149054,0.08787051543045661,0.4591612367784768,0.7917956584619205,64.24541358149054,45.91612367784768,79.17956584619205
-65.91_18.4,-65.91,18.4,25.833333333333332,0.5570194723585906,-0.419653508483175,0.13773598082647165,0.5139452769355508,0.08090494822998502,0.359167020349804,0.66609426994672,51.394527693555084,35.9167020349804,66.609426994672
-65.91_18.41,-65.91,18.41,0.42857142857142855,0.7924489976395802,-0.5379296694258674,1.2627993056761555,0.31192499227726067,0.10938603574564917,0.14306785425711122,0.5517563246797267,31.192499227726067,14.306785425711121,55.17563246797267
-65.91_18.45,-65.91,18.45,0.9333333333333333,0.37536507653717793,-0.5355796651034821,-0.7303484206201031,0.7070747765505236,0.09295218993600368,0.5004045716601285,0.8533123087393168,70.70747765505236,50.04045716601285,85.33123087393169
-65.92_18.21,-65.92,18.21,119.4,0.6673620099655796,0.01596191538992026,0.6650374825574209,0.3211116391058767,0.06711504401811855,0.20553063678231698,0.46374962086362537,32.11116391058767,20.553063678231698,46.37496208636254
-65.94_18.37,-65.94,18.37,20.142857142857142,0.30521997859653466,-0.4461464817402542,-1.0655556424705364,0.7481148531867099,0.09975454693456141,0.5127550062823354,0.8934175792304179,74.81148531867099,51.27550062823354,89.34175792304178
-65.95_17.97,-65.95,17.97,8.875,0.48793333492234775,-0.4986058942670856,-0.19241071335843926,0.5983634641636054,0.08507591221131118,0.4267350860374294,0.7488495968372963,59.83634641636054,42.67350860374294,74.88495968372963
-65.95_18.15,-65.95,18.15,182.375,0.753271148829665,0.3091526669226046,1.0755774150066055,0.20802842358093826,0.05945031091833474,0.11465032032884838,0.34759995421380546,20.802842358093827,11.465032032884839,34.759995421380545
-65.95_18.42,-65.95,18.42,3.0714285714285716,0.69360884474321,-0.5256254015114917,0.7904650438051336,0.4002145438494581,0.09673835134325272,0.23246479745260892,0.595151489816263,40.02145438494581,23.246479745260892,59.5151489816263
-65.96_18.21,-65.96,18.21,114.5813953488372,0.4302060612450214,-0.006471912621406619,-0.468276021162994,0.5552651471759908,0.09644748005830431,0.3673694048321733,0.728584692590855,55.526514717599085,36.73694048321733,72.8584692590855
-65.96_18.4,-65.96,18.4,6.969230769230769,0.25010834732001286,-0.5074785248826806,-1.3289213993689135,0.7958762918187398,0.09757413477218731,0.5457554017922222,0.9267564084158589,79.58762918187398,54.575540179222216,92.67564084158589
-65.96_18.41,-65.96,18.41,3.107142857142857,0.4104358029982167,-0.5254591276207569,-0.5627535190458097,0.6752517475545804,0.09068391076419728,0.4803879342420279,0.8238364416407007,67.52517475545804,48.038793424202794,82.38364416407006
-65.96_18.42,-65.96,18.42,2.9642857142857144,0.5663816526824792,-0.5261242231836961,0.18247567823895627,0.5266178574610229,0.08447599494261154,0.3641053374928673,0.68367966762146,52.66178574610228,36.41053374928673,68.36796676214601
-65.96_18.44,-65.96,18.44,3.067864271457086,0.7098816911662816,-0.5256419957121639,0.8682292183692979,0.3846442335557738,0.09889404237607802,0.2160584942440681,0.5863803336907535,38.46442335557738,21.60584942440681,58.63803336907535
-65.96_18.45,-65.96,18.45,2.3333333333333335,0.4170737512695688,-0.5290617285866777,-0.5310322974044958,0.6700427229874815,0.09013841016450619,0.47733665495190614,0.8186862739455806,67.00427229874815,47.733665495190614,81.86862739455806
-65.97_18.39,-65.97,18.39,15.2,0.08452131025535643,-0.4691587882179514,-2.12022360434776,0.8801270730979966,0.08831391868059384,0.587345766142477,0.9742758557830875,88.01270730979967,58.7345766142477,97.42758557830875
-65.97_18.4,-65.97,18.4,7.852941176470588,0.46735038411060625,-0.5033642617872317,-0.2907718813038655,0.6189811859304951,0.08646174241101551,0.44193581273015575,0.7691932719699541,61.89811859304951,44.193581273015575,76.91932719699541
-65.97_18.41,-65.97,18.41,3.769230769230769,0.3790016113845901,-0.5223766654925193,-0.712970260504127,0.7017539029031276,0.09302186373691995,0.4961382653083607,0.8489994231630732,70.17539029031276,49.61382653083607,84.89994231630732
-65.97_18.45,-65.97,18.45,0.5037220843672456,-0.2696711952273213,-0.537579792851815,-3.812827781243488,0.9698879438079239,0.040150034311319256,0.6852042740853515,0.9979062795531873,96.98879438079238,68.52042740853514,99.79062795531874
-65.98_17.97,-65.98,17.97,4.5,0.7200338472508943,-0.5189744458820994,0.9167440274838942,0.37374848381943093,0.09979313506162081,0.20557436813533414,0.5791959371114345,37.374848381943096,20.557436813533414,57.91959371114345
-65.98_18.35,-65.98,18.35,92,0.8220750196784614,-0.11160341358182337,1.4043752223643975,0.22030869606317435,0.082121315890857,0.09967058850623957,0.41900808505508774,22.030869606317435,9.967058850623957,41.90080850550878
-65.98_18.4,-65.98,18.4,16.666666666666668,0.2298791444109378,-0.46233047377177533,-1.425592087791614,0.8028900031932864,0.09952443771840895,0.5428648838226601,0.9332070855963105,80.28900031932864,54.28648838226601,93.32070855963104
-65.98_18.41,-65.98,18.41,7,0.3666478096482202,-0.507335273530663,-0.7720062256808211,0.7094621017404275,0.09423154720615275,0.49919098857522115,0.8567779002501252,70.94621017404275,49.919098857522116,85.67779002501253
-65.98_18.45,-65.98,18.45,2.6,0.5580624408308745,-0.5278202168691911,0.142720086264142,0.5352851432144045,0.08428792092094353,0.37221246136100544,0.6911472184728554,53.52851432144045,37.22124613610055,69.11472184728554
-65.98_18.46,-65.98,18.46,1.8571428571428572,0.46022061027020167,-0.5312787137964751,-0.3248434237441696,0.6311173526361454,0.08702100156177267,0.4512557109837685,0.7806785320070332,63.11173526361454,45.12557109837685,78.06785320070333
-65.99_17.98,-65.99,17.98,33.22727272727273,0.5406383184095833,-0.3852297744983205,0.059454229611332746,0.5232299146710365,0.08036569155678679,0.36855246809555564,0.6735762834611542,52.322991467103655,36.85524680955557,67.35762834611542
-65.99_18.43,-65.99,18.43,6.7894736842105265,0.56472286411026,-0.5083154143602576,0.17454871077786047,0.5245930559456994,0.08381412887690412,0.36349365050081744,0.6807315844436341,52.45930559456994,36.349365050081744,68.07315844436341
-65.99_18.45,-65.99,18.45,0.9444444444444444,0.5298056046412111,-0.5355279354485868,0.00768719251246491,0.564932208225907,0.08426575638098056,0.3987298945582631,0.7177175174990473,56.49322082259069,39.87298945582631,71.77175174990474
-65.99_18.46,-65.99,18.46,3.43859649122807,0.3072425590639515,-0.5239159892313058,-1.05589019756624,0.7585972680954752,0.09649385727575559,0.5280347019709187,0.8982337905294717,75.85972680954752,52.803470197091876,89.82337905294717
-65.9_18.45,-65.9,18.45,2.6785714285714284,0.4369221059471282,-0.5274544143095745,-0.4361815947168073,0.6518921828781622,0.08866866609892726,0.46544103699657496,0.8011010971293925,65.18921828781622,46.5441036996575,80.11010971293925
-66.01_18.02,-66.01,18.02,91.33333333333333,0.7410930153174448,-0.11470719287553977,1.0173809276995476,0.28166742549008494,0.07762433977104734,0.1560197189591662,0.4540637703873127,28.166742549008493,15.60197189591662,45.40637703873127
-66.01_18.24,-66.01,18.24,57.4,0.4894512912271526,-0.27268955892570396,-0.1851567507757004,0.5510888063214481,0.08322433629867362,0.3883437088494704,0.7035836017416969,55.10888063214481,38.83437088494704,70.35836017416969
-66.01_18.39,-66.01,18.39,43,0.3540874240182687,-0.33973119166997795,-0.8320294075708645,0.6908510156057368,0.10031789584825758,0.47090636794214036,0.8487342501974737,69.08510156057368,47.090636794214035,84.87342501974737
-66.01_18.43,-66.01,18.43,1.9285714285714286,0.2730499025868912,-0.5309461660150054,-1.2192890054923538,0.7838251906631856,0.09662285555528102,0.542510675071449,0.9172641943387378,78.38251906631855,54.2510675071449,91.72641943387379
-66.01_18.44,-66.01,18.44,7.771812080536913,0.205724616693205,-0.503741971999347,-1.5410209968541118,0.8228513976794648,0.09638165764218275,0.5596770085231841,0.9443661453694455,82.28513976794648,55.967700852318416,94.43661453694455
-66.02_17.98,-66.02,17.98,5.333333333333333,0.6411895025623771,-0.515094721764954,0.5399651146649233,0.44945249795065517,0.08963766713106217,0.2864096687748221,0.6241310217587038,44.945249795065514,28.64096687748221,62.413102175870385
-66.02_18.02,-66.02,18.02,69,0.585914384825441,-0.21868379921503878,0.2758180937322155,0.4434971447301896,0.07432110159868606,0.3063615876840698,0.589820374549954,44.349714473018956,30.63615876840698,58.98203745499539
-66.02_18.24,-66.02,18.24,59.142857142857146,0.30103592666572054,-0.2645753930578454,-1.0855502602696725,0.7220583591219704,0.10810844639729032,0.47474512311328415,0.881894604501231,72.20583591219703,47.47451231132842,88.18946045012311
-66.02_18.33,-66.02,18.33,168.885598923284,0.7804097664397884,0.24635048130278459,1.2052666004383326,0.19882178768952816,0.06249826524468375,0.1031533177256662,0.34871768802639064,19.882178768952816,10.315331772566621,34.87176880263906
-66.02_18.38,-66.02,18.38,77.83333333333333,0.5395954544149815,-0.17755872357329666,0.05447062344837404,0.4812159003611194,0.07623055993645954,0.33767934204866085,0.6279213140750586,48.12159003611194,33.76793420486609,62.792131407505856
-66.02_18.43,-66.02,18.43,3.2,0.4795529079393983,-0.5250268155048464,-0.23245883830727052,0.611641870586658,0.08580021043794257,0.4369036837917719,0.7617278681447385,61.164187058665796,43.690368379177194,76.17278681447385
-66.02_18.44,-66.02,18.44,5.389121338912134,0.26085067822934666,-0.5148349912801241,-1.277586281077926,0.7897965593716216,0.09733218508748322,0.5435447999690406,0.9222112541298387,78.97965593716216,54.35447999690406,92.22112541298387
-66.02_18.45,-66.02,18.45,2.9523809523809526,0.12766659482244358,-0.5261796478139411,-1.9140422545417066,0.8661984953822142,0.08940106139115121,0.5880461321991981,0.9670614828832846,86.61984953822142,58.80461321991981,96.70614828832846
-66.03_18.09,-66.03,18.09,608.0617283950618,0.7992842197896582,2.2910091467263025,1.2954632536201307,0.04045416700668423,0.02534777012709629,0.011587882282201764,0.13165079234822474,4.045416700668423,1.1587882282201765,13.165079234822475
-66.03_18.24,-66.03,18.24,60.53448275862069,0.43770420214191974,-0.2580964449016271,-0.4324441376403669,0.5988532014583433,0.09089986416999797,0.41558079136052445,0.7581052688929965,59.88532014583433,41.55807913605244,75.81052688929965
-66.03_18.39,-66.03,18.39,63.300813008130085,0.6219945555734508,-0.24521732707961424,0.44823689640555214,0.41343141593380167,0.07559177706489546,0.27672995703264147,0.5649176360489586,41.34314159338017,27.672995703264146,56.49176360489586
-66.03_18.4,-66.03,18.4,37.98,0.5956609605811337,-0.3631026497516624,0.3223947281306046,0.46350140613837154,0.0793825950038077,0.31606032234930775,0.6176126992644502,46.350140613837155,31.606032234930776,61.76126992644502
-66.03_18.43,-66.03,18.43,2.5161290322580645,0.5540223284041935,-0.5282106923287232,0.12341332210997205,0.539397632889666,0.08421110698132389,0.37603556195639365,0.6947127786685461,53.9397632889666,37.603556195639364,69.4712778668546
-66.03_18.44,-66.03,18.44,3.3714285714285714,0.4242017146083792,-0.5242287008293194,-0.49696940693314406,0.6627902731636695,0.08965227017955639,0.4724163630311839,0.8118313156319159,66.27902731636695,47.24163630311839,81.1831315631916
-66.03_18.45,-66.03,18.45,1.3846153846153846,-0.057159743858489306,-0.5334786452738894,-2.797284638299573,0.9318692855358844,0.06645344912280148,0.6374428665624818,0.9906893883279592,93.18692855358844,63.744286656248185,99.06893883279592
-66.04_17.96,-66.04,17.96,5.013513513513513,0.4942178438050735,-0.5165836969666692,-0.1623784969225098,0.5958836290687212,0.08493851403905026,0.4248275442893493,0.7464318379411968,59.58836290687211,42.48275442893493,74.64318379411968
-66.04_18.09,-66.04,18.09,607.4,0.8106431943711405,2.287928358390317,1.3497451695959322,0.038816043653321516,0.02441515751478793,0.011075001564914845,0.12711226544863455,3.8816043653321515,1.1075001564914846,12.711226544863456
-66.04_18.16,-66.04,18.16,165.26923076923077,0.6630735896819193,0.22951386841027596,0.6445441125056858,0.287270419905295,0.06062293928614224,0.18407178720430384,0.41864078348255923,28.7270419905295,18.407178720430384,41.86407834825592
-66.04_18.18,-66.04,18.18,122.96,0.5384489155045505,0.03253609681836572,0.048991578808159957,0.4390729124415944,0.07408095422038843,0.3027021850928576,0.585310464712752,43.90729124415944,30.270218509285762,58.531046471275204
-66.04_18.25,-66.04,18.25,61,0.26099053251288634,-0.25592915073963546,-1.2769179497586243,0.7518071905145332,0.11071750250344221,0.4863292795902305,0.9064673553208861,75.18071905145331,48.63292795902305,90.64673553208861
-66.04_18.37,-66.04,18.37,54.75,0.3536022679599522,-0.2850270816182266,-0.8343478563184848,0.6814948153081525,0.10222877866534331,0.4594800089616824,0.843398601311276,68.14948153081525,45.94800089616824,84.3398601311276
-66.04_18.38,-66.04,18.38,80.6470588235294,0.6515989055486917,-0.16445894920128779,0.5897092473071898,0.36919779212838566,0.07357785347763124,0.23959942851660226,0.5208771586238728,36.91977921283856,23.959942851660227,52.087715862387284
-66.04_18.39,-66.04,18.39,35.76190476190476,0.17834091671175917,-0.37342936685889877,-1.6718813743324303,0.8231108819172286,0.10259351942560135,0.5390504378567643,0.948759016220724,82.31108819172286,53.90504378567643,94.8759016220724
-66.04_18.4,-66.04,18.4,23.984126984126984,0.5470724023080215,-0.4282628010478883,0.09020123050044825,0.5256950940514302,0.08128098607012492,0.36910749509811736,0.6773870626508001,52.56950940514302,36.91074950981174,67.73870626508001
-66.04_18.42,-66.04,18.42,5.5,0.3704445027435817,-0.5143187769415248,-0.7538627062891768,0.7075112877766491,0.093795811026169,0.49874185161884604,0.8546674177311674,70.7511287776649,49.874185161884604,85.46674177311674
-66.04_18.43,-66.04,18.43,3.230769230769231,0.3052752710334779,-0.5248835641528288,-1.0652914126851167,0.7601869432568369,0.09650434779521504,0.5290104099565237,0.8994598498458389,76.01869432568368,52.90104099565237,89.94598498458389
-66.04_18.45,-66.04,18.45,3.2734375,0.31018508977433945,-0.524684914817023,-1.0418285229289992,0.7565450738128204,0.09638427611601778,0.5270177153704021,0.8965517347179444,75.65450738128204,52.70177153704021,89.65517347179444
-66.05_17.96,-66.05,17.96,0.12280701754385964,0.4065523368105908,-0.5393532072974215,-0.5813117070036586,0.681170322158784,0.09076685215034792,0.48500702499591714,0.8289637034661665,68.11703221587841,48.50070249959171,82.89637034661665
-66.05_18.1,-66.05,18.1,757.4807692307693,0.7244268986781863,2.986654734275551,0.9377374056046968,0.030975260202113965,0.025084097912201845,0.006175095795172182,0.14122337542004296,3.0975260202113963,0.6175095795172182,14.122337542004296
-66.05_18.12,-66.05,18.12,712.8,0.8921342176412188,2.778635864726878,1.7391719480605803,0.019008133963014102,0.014695586846084768,0.004117646625535122,0.0832453951930958,1.9008133963014102,0.4117646625535122,8.32453951930958
-66.05_18.2,-66.05,18.2,93.5625,0.6357920661155889,-0.10432893086217557,0.5141720125158162,0.37235950287723296,0.07057759908841639,0.2471261910167931,0.5174386796875802,37.2359502877233,24.71261910167931,51.74386796875802
-66.05_18.22,-66.05,18.22,89.5,0.45972432478198,-0.12324258593325982,-0.32721505746677476,0.5499278447632325,0.08844838967112867,0.3775342452409863,0.7111109293871481,54.99278447632325,37.75342452409863,71.11109293871482
-66.05_18.24,-66.05,18.24,78.13333333333334,0.40834122621245983,-0.17616202289112423,-0.572763017726674,0.6107734058369638,0.09724113004856359,0.41310545492615264,0.7776927280459017,61.07734058369638,41.31054549261526,77.76927280459017
-66.05_18.25,-66.05,18.25,82.14285714285714,0.5494097072933404,-0.15749500742463,0.10137067118479805,0.4672419969429271,0.07492349743258774,0.3271416555587133,0.6127061143014999,46.724199694292714,32.714165555871325,61.27061143014999
-66.05_18.29,-66.05,18.29,60.69512195121951,0.6459527408777922,-0.25734856200200573,0.5627275304230843,0.39271693507720584,0.0773477682158973,0.2551053472926167,0.5497731950022642,39.271693507720585,25.510534729261668,54.977319500226415
-66.05_18.34,-66.05,18.34,116.8780487804878,0.7998990603678517,0.004220545427593098,1.2984014347353892,0.21909147890539363,0.07464372826966828,0.1065889993160707,0.3975052274152454,21.909147890539362,10.65889993160707,39.75052274152454
-66.05_18.37,-66.05,18.37,47.57142857142857,0.41710094384549246,-0.3184481336559227,-0.5309023503647462,0.6302949546409949,0.09309921738694789,0.4379275199995581,0.7886058351020966,63.0294954640995,43.79275199995581,78.86058351020966
-66.05_18.38,-66.05,18.38,39.9375,0.44843036510893985,-0.3539891778004876,-0.3811862822114343,0.6075944142150885,0.08852243803905184,0.4278842535376893,0.7622240742585706,60.75944142150885,42.78842535376893,76.22240742585706
-66.05_18.39,-66.05,18.39,42.926829268292686,0.4938890407391682,-0.3400718503729468,-0.16394977083178988,0.5604962930170472,0.08312292217099605,0.39695307295733157,0.7118795083986222,56.04962930170472,39.69530729573316,71.18795083986222
-66.05_18.4,-66.05,18.4,33.3903743315508,0.5703343809901508,-0.38447042742512516,0.20136485387123426,0.4932872046377387,0.07975705447223012,0.34248283341754404,0.6453230680342417,49.32872046377387,34.2482833417544,64.53230680342416
-66.05_18.41,-66.05,18.41,33.83050847457627,0.5188321303552882,-0.38242130856575507,-0.04475250658873277,0.5444306682108342,0.08148290408711528,0.38563308215864484,0.6946800969780166,54.44306682108342,38.56330821586448,69.46800969780166
-66.05_18.43,-66.05,18.43,8.19047619047619,0.3867217007571115,-0.5017928105061694,-0.6760777364792869,0.6915958312872298,0.09291808384406045,0.4884400790877489,0.8404297440616123,69.15958312872299,48.84400790877489,84.04297440616124
-66.05_18.45,-66.05,18.45,2.425531914893617,0.28484052619536787,-0.5286324825141425,-1.162944338513258,0.7753633074719786,0.09668149088732675,0.5376550542161713,0.9110714972311602,77.53633074719785,53.765505421617135,91.10714972311602
-66.06_18.23,-66.06,18.23,90,0.34112730904877553,-0.12091475146297252,-0.8939628036502625,0.6625173334398894,0.11008014011995365,0.42789975258689344,0.8374655881660032,66.25173334398895,42.789975258689346,83.74655881660033
-66.06_18.24,-66.06,18.24,87.37062937062937,0.5872592781747886,-0.1331562306353924,0.2822450284226684,0.4247366781765908,0.0718200048534562,0.2932874772952459,0.5677688106385669,42.47366781765908,29.32874772952459,56.776881063856685
-66.06_18.31,-66.06,18.31,308.22222222222223,0.8132358458313661,0.8950556706801922,1.3621348521072332,0.11266492524232777,0.04281257742659699,0.051997844946559464,0.2271534837622083,11.266492524232778,5.199784494655947,22.71534837622083
-66.06_18.33,-66.06,18.33,150,0.6479946877975828,0.1584253849715025,0.5724855231302621,0.31235102900108114,0.06254782886036572,0.20425542051453138,0.4456173067151711,31.235102900108114,20.42554205145314,44.56173067151711
-66.06_18.36,-66.06,18.36,57.357142857142854,0.4335520265704177,-0.27288908759458574,-0.4522864256807401,0.6057861452540859,0.09136313791597882,0.4206257254324269,0.7648528968225645,60.57861452540859,42.06257254324269,76.48528968225645
-66.06_18.37,-66.06,18.37,36.56,0.34861410208494426,-0.36971369964727824,-0.85818514893308,0.7007673892576332,0.09983736965142438,0.47945902398555834,0.8562048225092974,70.07673892576332,47.94590239855584,85.62048225092974
-66.06_18.38,-66.06,18.38,24.17391304347826,0.49636705486413596,-0.42737921998601247,-0.15210791366823617,0.5758316063316425,0.08374387854370646,0.4094323991886515,0.7266479876378762,57.583160633164255,40.943239918865146,72.66479876378762
-66.06_18.39,-66.06,18.39,27.921219822109276,0.7617963963390516,-0.4099330002059355,1.1163176038025073,0.3155475943818504,0.09738025580828333,0.1600277209133958,0.5273234181611348,31.554759438185044,16.00277209133958,52.73234181611348
-66.06_18.4,-66.06,18.4,12.75609756097561,0.6507588805824578,-0.4805367888971117,0.5856949620116649,0.43291276257089495,0.08887446477890518,0.27298831592719125,0.6081541170622788,43.29127625708949,27.298831592719125,60.815411706227884
-66.06_18.41,-66.06,18.41,22.950381679389313,0.40104782608186773,-0.43307557695562027,-0.6076164924154991,0.6666457588218754,0.09301573210078015,0.46821669837666646,0.8195661745937229,66.66457588218753,46.82166983766665,81.9566174593723
-66.06_18.42,-66.06,18.42,10.037037037037036,0.3865220739617744,-0.49319583452595495,-0.6770317068269863,0.6902433785324402,0.09311759989376234,0.48691604532098504,0.8395471475340234,69.02433785324402,48.6916045320985,83.95471475340234
-66.06_18.43,-66.06,18.43,7.7105263157894735,0.481735515910113,-0.504027298230781,-0.22202865892579784,0.6054031490812549,0.0855026376993484,0.43205476150552624,0.7557526373479276,60.540314908125495,43.20547615055263,75.57526373479277
-66.06_18.44,-66.06,18.44,16.928571428571427,0.2630887900703459,-0.46111113190638675,-1.2668908615199297,0.7807650066122214,0.09996175423377128,0.5313426741394262,0.9179432710947625,78.07650066122214,53.13426741394262,91.79432710947624
-66.06_18.45,-66.06,18.45,7.804597701149425,0.2526252808780476,-0.503589333003764,-1.3168935552238403,0.7937019708326392,0.09780234025598815,0.5440575355127918,0.9253998893808417,79.37019708326392,54.405753551279176,92.53998893808418
-66.07_18.12,-66.07,18.12,769.1428571428571,0.8502297358544836,3.040949554750109,1.5389201081572432,0.018107210908949012,0.014954327198941117,0.0035342582835883444,0.08749336095934263,1.8107210908949012,0.35342582835883446,8.749336095934263
-66.07_18.13,-66.07,18.13,533.4666666666667,0.6015449645979103,1.9437192347171697,0.3505130243155993,0.11063313791934033,0.05947049575763863,0.0366528658452227,0.2891207606110759,11.063313791934034,3.6652865845222697,28.912076061107587
-66.07_18.19,-66.07,18.19,311,0.7536546676221553,0.9079880844040105,1.0774101627357042,0.13760101922487927,0.045323805925098735,0.07017849951468054,0.2522272361940026,13.760101922487927,7.017849951468054,25.222723619400263
-66.07_18.24,-66.07,18.24,102,0.45758696645033287,-0.06504672417607753,-0.3374289992743203,0.5400795349988997,0.08949114890789335,0.36691554710594604,0.7040789527567656,54.00795349988997,36.6915547105946,70.40789527567655
-66.07_18.33,-66.07,18.33,143.2,0.634013931560893,0.12676683617559528,0.5056747181694567,0.33031636541928266,0.06360531770459868,0.21920306274739706,0.4642629207632904,33.031636541928265,21.920306274739705,46.42629207632904
-66.07_18.34,-66.07,18.34,99.14814814814815,0.33057347196083137,-0.07832400226586428,-0.9443971535046949,0.6640852639670063,0.11343807044034039,0.4218648007079955,0.8426699101915615,66.40852639670062,42.18648007079955,84.26699101915615
-66.07_18.36,-66.07,18.36,69.01785714285714,0.27231491691680987,-0.2186006622696714,-1.222801332252184,0.7372716383871342,0.11226055578387574,0.4740069361112042,0.8973146903429826,73.72716383871342,47.40069361112042,89.73146903429826
-66.07_18.37,-66.07,18.37,59.592592592592595,0.28632150700120496,-0.2624815736930367,-1.1558670732999634,0.7334163369085134,0.1091881557222843,0.47937809527739283,0.8915415841828063,73.34163369085134,47.93780952773928,89.15415841828063
-66.07_18.38,-66.07,18.38,40.47222222222222,0.33637545751260656,-0.35149968815865257,-0.9166708046203771,0.7078508217230669,0.1015733932590371,0.48058214378927827,0.8638507301216689,70.78508217230669,48.05821437892783,86.38507301216688
-66.07_18.39,-66.07,18.39,17.68,0.4503355529560093,-0.45761272924532637,-0.3720818295259484,0.6261089757450087,0.08785367600091695,0.44522289056817066,0.777492211180761,62.61089757450087,44.522289056817066,77.7492211180761
-66.07_18.4,-66.07,18.4,15.307692307692308,0.5356982213876725,-0.4686574084858895,0.03584664694336668,0.5453881333400425,0.08255184719055515,0.38449357615916735,0.6973321196720054,54.53881333400425,38.44935761591673,69.73321196720053
-66.07_18.41,-66.07,18.41,8.066666666666666,0.6552265370360845,-0.5023692266607168,0.6070448603220161,0.43295794168513946,0.090554140375003,0.2703748635814912,0.6113845242939465,43.29579416851394,27.03748635814912,61.138452429394654
-66.07_18.42,-66.07,18.42,9.625,0.37520448148973856,-0.4951141425616547,-0.731115867259648,0.7002065620967628,0.09394104227659719,0.49279286257142485,0.8488223024876411,70.02065620967628,49.27928625714249,84.88223024876412
-66.07_18.43,-66.07,18.43,4.769230769230769,0.7229055193920759,-0.5177209965519447,0.9304670853848945,0.37081150660808365,0.10008166863751596,0.20270218245557534,0.5773773712164896,37.08115066080836,20.270218245557533,57.737737121648955
-66.07_18.44,-66.07,18.44,3.8666666666666667,0.6411239674532198,-0.52192303621113,0.5396519375147129,0.4509202447502189,0.0899853900482762,0.2871452944855009,0.6260674869047584,45.092024475021894,28.714529448550092,62.60674869047585
-66.07_18.45,-66.07,18.45,17.620689655172413,0.31557800523675184,-0.45788885857559497,-1.0160570255200254,0.7420685699307042,0.09882914578959077,0.5111825894275572,0.8878293257370912,74.20685699307043,51.11825894275572,88.78293257370912
-66.07_18.46,-66.07,18.46,5.580645161290323,0.1859054129943392,-0.5139433197688978,-1.6357323937475396,0.8353203384799043,0.09472763580025856,0.568106575595806,0.9513623051409325,83.53203384799043,56.810657559580605,95.13623051409324
-66.08_18.12,-66.08,18.12,639.2,0.8431548789685129,2.435978630700589,1.5051110011581708,0.030392070855223663,0.02050877756529551,0.007948722463118705,0.10922746953204612,3.0392070855223663,0.7948722463118705,10.922746953204612
-66.08_18.33,-66.08,18.33,121.25,0.6274711651702678,0.02457490292998321,0.4744083487522561,0.3553323268194403,0.066371877266403,0.23801956362732055,0.49305171746037846,35.533232681944035,23.801956362732053,49.30517174603784
-66.08_18.34,-66.08,18.34,110.83928571428571,0.5279178754225397,-0.023893936219212927,-0.001333829420275045,0.46112370614035747,0.0761152792217485,0.31947577367605406,0.6093409096077962,46.11237061403575,31.947577367605405,60.93409096077962
-66.08_18.35,-66.08,18.35,102.33333333333333,0.6168416787008791,-0.06349483452921935,0.4236124879764166,0.38227032127503363,0.0690729705275495,0.25860536306309734,0.5233290404178746,38.227032127503364,25.860536306309733,52.332904041787465
-66.08_18.37,-66.08,18.37,74.25806451612904,0.26374732286923624,-0.19420399155975948,-1.2637438853734253,0.740002606268869,0.11403508697188837,0.4711091917999968,0.9009349457362184,74.0002606268869,47.11091917999968,90.09349457362184
-66.08_18.38,-66.08,18.38,33.37404580152672,0.27947001667244387,-0.3845464476552035,-1.1886087631124511,0.7578320326409955,0.10345649481521142,0.508985893713053,0.9042801018344363,75.78320326409955,50.898589371305306,90.42801018344363
-66.08_18.4,-66.08,18.4,9.277777777777779,0.5557250151952322,-0.496730694277132,0.13155006901976293,0.5311988522474492,0.08325659740291651,0.37044382832553135,0.6857294150367447,53.11988522474492,37.04438283255313,68.57294150367447
-66.08_18.42,-66.08,18.42,6.829268292682927,0.2800275686247512,-0.5081301438375904,-1.1859443511085164,0.7757646928898579,0.09763912182977472,0.5352013200081827,0.9122376480594775,77.57646928898579,53.520132000818265,91.22376480594775
-66.08_18.43,-66.08,18.43,6.583333333333333,0.39126106598320565,-0.5092751355892358,-0.6543851585076789,0.6890277090018041,0.0924170304243629,0.48755697586773816,0.837662493387857,68.90277090018041,48.75569758677381,83.7662493387857
-66.08_18.44,-66.08,18.44,0.5714285714285714,0.5558060228060908,-0.5372645738629281,0.1319371856819655,0.5394854455057032,0.08453588288670502,0.37551312100030926,0.6953347172239588,53.94854455057032,37.55131210003093,69.53347172239587
-66.08_18.45,-66.08,18.45,12.323529411764707,0.3468002234616272,-0.4825506829940747,-0.8668532559276771,0.7214928770047098,0.09624471896964637,0.5032785527404179,0.8688288665804583,72.14928770047098,50.32785527404179,86.88288665804583
-66.08_18.46,-66.08,18.46,3.6725,0.06269456056474129,-0.5228270119304249,-2.224528599858738,0.8933848945735077,0.08256201177224505,0.6051283470093942,0.9786412742483732,89.33848945735076,60.51283470093942,97.86412742483732
-66.09_18.32,-66.09,18.32,158.83333333333334,0.7025192167944467,0.1995504606132447,0.8330456538354487,0.26073369518530365,0.06185702088007465,0.15827200463653687,0.3981509430011764,26.073369518530363,15.827200463653687,39.81509430011764
-66.09_18.37,-66.09,18.37,48.54054054054054,0.38973035496920055,-0.313936269161389,-0.6617000728997678,0.6546657609053271,0.09688619650706162,0.45008365268388506,0.8145056331513982,65.46657609053271,45.00836526838851,81.45056331513982
-66.09_18.38,-66.09,18.38,41.5,0.47476373487628853,-0.34671469508083985,-0.25534519023459146,0.5806553505703387,0.08530290370844279,0.41067755493453956,0.7334296707161769,58.06553505703387,41.06775549345396,73.3429670716177
-66.09_18.41,-66.09,18.41,37.207692307692305,0.6969934336644326,-0.36669825868730616,0.8066392125310622,0.36585267521853637,0.08767376222721425,0.2157318577470475,0.5475096356693668,36.58526752185364,21.57318577470475,54.75096356693668
-66.09_18.42,-66.09,18.42,6.444444444444445,0.43226189831406187,-0.5099217562754267,-0.4584516506407185,0.6528349949161796,0.08914645117225914,0.46520584379527025,0.8025724394441253,65.28349949161796,46.52058437952702,80.25724394441252
-66.09_18.45,-66.09,18.45,6.158139534883721,0.2716928794689698,-0.5112546971504025,-1.2257739055452437,0.781973517654514,0.09753581213387345,0.5389043359038803,0.9167110282685794,78.1973517654514,53.89043359038803,91.67110282685795
-66.09_18.46,-66.09,18.46,9.387254901960784,0.4587160975345426,-0.4962210050303697,-0.3320331426149825,0.6257340249404226,0.08709087087148033,0.44647779533916665,0.7760561603859251,62.57340249404226,44.64777953391666,77.6056160385925
-66.09_18.47,-66.09,18.47,1.2293577981651376,0.3288526077656253,-0.5342014731969145,-0.9526207660306198,0.7439861369154733,0.09540693358180023,0.521248079074072,0.8857998161252365,74.39861369154734,52.1248079074072,88.57998161252365
-66.11_18.19,-66.11,18.19,415.54545454545456,0.48150629773292175,1.3947171100095352,-0.2231240396527435,0.2410732161946,0.10242935845227237,0.09585957018167132,0.48762531297803036,24.107321619460002,9.585957018167132,48.76253129780304
-66.11_18.36,-66.11,18.36,32.44444444444444,0.4821093561495161,-0.38887436382048746,-0.2202421627664759,0.5819940740139634,0.08466953846629548,0.41309714088342786,0.733627530612948,58.19940740139634,41.30971408834279,73.36275306129481
-66.11_18.4,-66.11,18.4,24.75,0.3685983698868083,-0.4246971498354641,-0.7626849488157962,0.6934635687195344,0.09632467650403903,0.4820640039604775,0.8461214134990517,69.34635687195345,48.20640039604775,84.61214134990517
-66.11_18.41,-66.11,18.41,25.90909090909091,0.427724650519453,-0.4193008062907072,-0.48013410989631516,0.6398083553382798,0.09041134176387464,0.4515527969289926,0.7930589549164673,63.980835533827985,45.155279692899256,79.30589549164672
-66.11_18.44,-66.11,18.44,1.338235294117647,0.2622781355621415,-0.5336945756206808,-1.2707647921801402,0.7914389180094995,0.09644006532631072,0.5469835839483191,0.9226387002735491,79.14389180094994,54.698358394831914,92.26387002735491
-66.11_18.46,-66.11,18.46,3.892857142857143,0.09259386369593971,-0.5218011020245912,-2.081646735949246,0.881312241269247,0.08605619679257219,0.5968687800234701,0.9738497033792309,88.1312241269247,59.68687800234701,97.3849703379231
-66.11_18.47,-66.11,18.47,20.692307692307693,0.26941916683796774,-0.44358842188279557,-1.2366394530560532,0.7738493697815029,0.10078097741079917,0.5253511982287653,0.9136359034352525,77.3849369781503,52.53511982287653,91.36359034352525
-66.12_18.19,-66.12,18.19,406.4,0.6438682279998922,1.3521389013348257,0.5527661248334365,0.14638495650667718,0.055009688492315516,0.06747885736212217,0.2889675918883303,14.638495650667718,6.747885736212217,28.89675918883303
-66.12_18.29,-66.12,18.29,233.6,0.8351380606686725,0.5476393084035377,1.4668004781242843,0.13430626989978853,0.05158278729529436,0.061056597129199905,0.27014976857086925,13.430626989978853,6.105659712919991,27.014976857086925
-66.12_18.3,-66.12,18.3,180.44827586206895,0.5179490221853554,0.3001824771965837,-0.048972676563932956,0.4049816787762941,0.0789185881635779,0.26373564887014095,0.5639334105710299,40.49816787762941,26.373564887014094,56.39334105710299
-66.12_18.35,-66.12,18.35,41.94285714285714,0.2745898184817192,-0.3446528988357282,-1.2119301031008363,0.7553427662246575,0.10558282354575821,0.5018791517003087,0.9044009812897688,75.53427662246574,50.18791517003087,90.44009812897687
-66.12_18.37,-66.12,18.37,38.22222222222222,0.20703893039090768,-0.3619749432749454,-1.5347401952559772,0.8042165147150545,0.10457498569845093,0.5277492867228659,0.9378830858460414,80.42165147150546,52.77492867228659,93.78830858460414
-66.12_18.38,-66.12,18.38,87.38461538461539,0.694065382729253,-0.13309111638447527,0.7926467333951909,0.3247197232206037,0.07494630532911982,0.19748964043570835,0.4844369828453345,32.471972322060374,19.748964043570837,48.44369828453345
-66.12_18.39,-66.12,18.39,33.91428571428571,0.47725405325190445,-0.38203126947291277,-0.24344453389906706,0.5853502781071629,0.08513278425642357,0.41515761495518216,0.7373493101354539,58.53502781071629,41.51576149551822,73.73493101354539
-66.12_18.4,-66.12,18.4,42.21212121212121,0.2899325898945087,-0.34339929447164275,-1.1386105421941082,0.743584349895549,0.10503657939346248,0.496238976221043,0.8951451879368757,74.3584349895549,49.6238976221043,89.51451879368757
-66.12_18.41,-66.12,18.41,18.384615384615383,0.6745261393993315,-0.45433227328412157,0.699273202443321,0.40440765814101926,0.09014650968690728,0.2458849853042488,0.5857479495781138,40.44076581410192,24.58849853042488,58.574794957811385
-66.12_18.42,-66.12,18.42,11.142857142857142,0.648498411327711,-0.4880475022054254,0.5748927015371957,0.4366744871416879,0.08902397670190126,0.276081546412564,0.6117426449150244,43.667448714168785,27.608154641256398,61.17426449150244
-66.12_18.44,-66.12,18.44,1.4523809523809523,0.15319449547121158,-0.533163151224803,-1.792050313445717,0.8545913487204111,0.09126173293464111,0.5821616628620371,0.9612273962625932,85.4591348720411,58.21616628620371,96.12273962625932
-66.12_18.46,-66.12,18.46,9.051771117166213,0.29239102624637975,-0.4977829064673042,-1.1268622426863628,0.7654751868868469,0.09792499290898703,0.528426076930193,0.9048266799656174,76.54751868868469,52.842607693019296,90.48266799656174
-66.12_18.47,-66.12,18.47,32.39628482972136,0.17173697995522635,-0.3890985790429437,-1.703440062799963,0.8287908409876522,0.10123029918331157,0.5445877204738695,0.9514474529520429,82.87908409876522,54.45877204738695,95.14474529520429
-66.13_18.36,-66.13,18.36,61.49152542372882,0.6357860581110085,-0.25364077109087846,0.5141433016495778,0.40175190924982046,0.07657466639684657,0.2645182642259265,0.5563283336974287,40.17519092498205,26.45182642259265,55.632833369742876
-66.13_18.37,-66.13,18.37,36.32035928143713,0.5563140270302028,-0.37082938749758837,0.1343648205367485,0.5045270405410872,0.07949698482062417,0.35315780919444306,0.6550709171002385,50.45270405410872,35.31578091944431,65.50709171002384
-66.13_18.38,-66.13,18.38,39.666666666666664,0.3260175453116586,-0.35525008813855996,-0.9661688746920521,0.7170065288773564,0.10227273669980204,0.4854469752702086,0.8718650652814157,71.70065288773564,48.54469752702086,87.18650652814158
-66.13_18.4,-66.13,18.4,44.142857142857146,0.5470930896171246,-0.3344104271664642,0.09030009037256471,0.5062248090141673,0.07885622577974916,0.3558512749926555,0.6554804876949603,50.622480901416736,35.58512749926555,65.54804876949602
-66.13_18.44,-66.13,18.44,1.569672131147541,0.397286504680052,-0.5326170823268159,-0.6255909786533848,0.6879947110651535,0.09153461028107188,0.4887498471262446,0.8356937604863556,68.79947110651536,48.87498471262446,83.56937604863556
-66.13_18.45,-66.13,18.45,0.2975609756097561,-0.13661979961606388,-0.5385396107226117,-3.177005892108586,0.949738238459602,0.055764402242819984,0.6568574996923363,0.994667362258504,94.9738238459602,65.68574996923363,99.46673622585041
-66.13_18.46,-66.13,18.46,4.827586206896552,0.51176463670319,-0.5174493129532904,-0.0785264263937936,0.5789885332849479,0.08423967728598335,0.41127228309174657,0.730262248478464,57.898853328494795,41.127228309174654,73.0262248478464
-66.13_18.47,-66.13,18.47,1.1666666666666667,-0.17319479218828238,-0.5344933423506814,-3.3517893339922677,0.9561611996440201,0.0513466966002492,0.664079022307633,0.9958615597009491,95.61611996440202,66.4079022307633,99.58615597009491
-66.14_18.19,-66.14,18.19,415.04477611940297,0.4026789478135306,1.392386117012151,-0.5998217383952932,0.3039765744873123,0.1364691221501065,0.10981417417123539,0.6072519029995523,30.39765744873123,10.981417417123538,60.72519029995524
-66.14_18.36,-66.14,18.36,31,0.7028432474707146,-0.39559921895687294,0.8345941215969161,0.3659690880281371,0.09002078947067658,0.21249717375720212,0.552515748576117,36.59690880281371,21.249717375720213,55.25157485761169
-66.14_18.37,-66.14,18.37,35.166666666666664,0.5367245328176542,-0.37620059837114556,0.040751152223102896,0.5252795524228935,0.08032595924262714,0.37048112515238196,0.6753673089249588,52.52795524228935,37.048112515238195,67.53673089249588
-66.14_18.39,-66.14,18.39,11.208219178082192,0.5840258691567263,-0.48774319820813544,0.2667933135363626,0.5009726667007938,0.08377498943986617,0.3423373034587125,0.659412451974204,50.09726667007938,34.23373034587125,65.9412451974204
-66.14_18.41,-66.14,18.41,23.3475935828877,0.7503089288832699,-0.43122628983367634,1.061421650058052,0.32948302794269363,0.09761742858957341,0.17128413575620474,0.5387981519979939,32.94830279426936,17.128413575620474,53.87981519979939
-66.14_18.43,-66.14,18.43,2.6666666666666665,0.6696281468793588,-0.5275098389398195,0.6758668274653635,0.42391032394513706,0.09371930611881092,0.2575185148564983,0.6095505825913614,42.39103239451371,25.75185148564983,60.95505825913614
-66.14_18.45,-66.14,18.45,0.8333333333333334,0.2794947602016873,-0.5360452319975396,-1.1884905195011373,0.7801359263088825,0.09638343425726482,0.5411832820153699,0.9143395000999498,78.01359263088825,54.11832820153699,91.43395000999497
-66.14_18.46,-66.14,18.46,2.574468085106383,0.43239121808317793,-0.5279390850123548,-0.4578336613327213,0.6560989284011092,0.08900217435780106,0.46825262582210087,0.8051934691265291,65.60989284011092,46.82526258221009,80.5193469126529
-66.14_18.47,-66.14,18.47,0.47619047619047616,0.29537486399666135,-0.5377079709048876,-1.112603171246036,0.7692517298870768,0.09616908444840855,0.5354921971936757,0.9060195251636869,76.92517298870769,53.54921971936757,90.60195251636868
-66.15_18.08,-66.15,18.08,720.2105263157895,0.7245437432060614,2.8131368219286097,0.9382957786161732,0.035585976060695315,0.027071160773921223,0.007801710095124682,0.14759898025901869,3.5585976060695317,0.7801710095124682,14.759898025901869
-66.15_18.11,-66.15,18.11,436,0.46627671105789364,1.4899467019758335,-0.2959027168396576,0.23781455497477794,0.1083583098653839,0.08815409275791303,0.5017468106547567,23.781455497477793,8.815409275791303,50.17468106547567
-66.15_18.18,-66.15,18.18,405.9372549019608,0.31267469237310486,1.3499845133544814,-1.0299312871257225,0.39366344926885316,0.17856969535606448,0.1303101626089953,0.7377567163608707,39.36634492688532,13.03101626089953,73.77567163608707
-66.15_18.37,-66.15,18.37,40.875,0.31719137032988914,-0.34962448816869895,-1.0083471263741342,0.723206585075045,0.10315240554504494,0.48761540862886427,0.8776535833610012,72.3206585075045,48.76154086288643,87.76535833610012
-66.15_18.39,-66.15,18.39,12.333333333333334,0.560939825603114,-0.48250503918093185,0.15647044350953776,0.5230382030691213,0.08287748947075464,0.36379927637053805,0.6777275504543244,52.30382030691213,36.379927637053804,67.77275504543245
-66.15_18.41,-66.15,18.41,6.331428571428572,0.3982021224821703,-0.5104479207652185,-0.6212154526546244,0.6832368845089118,0.09186102087529668,0.48420099895464797,0.8321010891025995,68.32368845089118,48.420099895464794,83.21010891025995
-66.16_17.93,-66.16,17.93,2.1666666666666665,-0.01309163461286132,-0.5298376734101068,-2.5866933224968873,0.9195197511170013,0.07252369122836812,0.6259918481272659,0.9873406581396801,91.95197511170014,62.59918481272659,98.734065813968
-66.16_17.94,-66.16,17.94,4,0.5842235784542311,-0.5213022803523867,0.2677381206048007,0.5077362459831936,0.08509473383314613,0.34607373331320884,0.6677969220608022,50.77362459831936,34.607373331320886,66.77969220608023
-66.16_17.95,-66.16,17.95,4.944444444444445,0.5739740278546255,-0.5169052596862885,0.21875788559797876,0.5171041427080468,0.08443460849999762,0.3556517264064371,0.6750628405519388,51.710414270804684,35.56517264064371,67.50628405519387
-66.16_18.12,-66.16,18.12,397.44444444444446,0.627741540190476,1.3104447994892356,0.47570040852610435,0.1592389881503206,0.058382407189166936,0.07456516309671156,0.3080583745172286,15.923898815032059,7.456516309671156,30.805837451722862
-66.16_18.4,-66.16,18.4,13.25,0.4571196158542406,-0.4782373426520718,-0.33966235983044635,0.623737589456044,0.08721847149133155,0.44449303145560465,0.7744886781034379,62.37375894560439,44.449303145560464,77.44886781034378
-66.16_18.42,-66.16,18.42,5.071428571428571,0.29496493198599855,-0.5163140636303425,-1.1145621416441973,0.7663799211675942,0.09707938115718844,0.531273384736547,0.9047114678424363,76.63799211675942,53.127338473654696,90.47114678424363
-66.16_18.43,-66.16,18.43,4.75,0.7350265600811242,-0.5178105286469558,0.9883907392765763,0.35954941649623984,0.10162239817556835,0.19119330724249953,0.5714168644649136,35.95494164962398,19.119330724249952,57.141686446491356
-66.16_18.44,-66.16,18.44,3.689075630252101,0.5856390370420591,-0.5227498412834897,0.27450227027170476,0.5066162847760874,0.08523110852995032,0.34482847520007515,0.6670301538137684,50.661628477608744,34.48284752000752,66.70301538137684
-66.16_18.45,-66.16,18.45,2.272727272727273,0.4894876876666407,-0.529343890340652,-0.1849828205977658,0.6029855184376709,0.08531794829512367,0.43030820014760013,0.75332678419007,60.298551843767086,43.03082001476001,75.33267841900701
-66.17_17.94,-66.17,17.94,1.5186567164179106,0.5300978268719977,-0.5328545932086632,0.009083655059681091,0.5640984105563566,0.08419920136580669,0.3981145944409773,0.7168625427900586,56.40984105563566,39.81145944409773,71.68625427900585
-66.17_18.08,-66.17,18.08,619.375,0.6536166788618273,2.343679993953698,0.5993517199314702,0.06753114586441812,0.04314971003550837,0.018555077565032187,0.21717405395726533,6.7531145864418125,1.8555077565032188,21.717405395726534
-66.17_18.37,-66.17,18.37,30,0.48626535121902564,-0.40025488789744756,-0.20038162222730316,0.5802319933675739,0.08434393300615493,0.41217176295808494,0.7315392717252033,58.02319933675739,41.21717629580849,73.15392717252033
-66.17_18.4,-66.17,18.4,33.835205992509366,0.2184263010622094,-0.38239943847741614,-1.4803225809254905,0.7996481666212686,0.10370267904444035,0.5288268054441685,0.9341808037453995,79.96481666212686,52.88268054441685,93.41808037453994
-66.17_18.43,-66.17,18.43,4.0625,0.2889127855556709,-0.5210113010436008,-1.1434839515881916,0.7713897600422862,0.09697170773942984,0.5345477235780909,0.9083738249497508,77.13897600422862,53.45477235780909,90.83738249497509
-66.17_18.45,-66.17,18.45,2.875,0.606220002563644,-0.5265399079105332,0.372853950974009,0.48675151315142273,0.08681695273587174,0.3242919403232643,0.6520594820869675,48.67515131514227,32.42919403232643,65.20594820869675
-66.18_17.94,-66.18,17.94,4.785714285714286,0.3226153520395454,-0.517644254756221,-0.9824271705448621,0.7461320542015009,0.09624319128110433,0.520547662358004,0.8883443403078924,74.61320542015008,52.0547662358004,88.83443403078924
-66.18_18.08,-66.18,18.08,767.015873015873,0.7460918839283093,3.031047020813014,1.0412693662168218,0.027467175745310515,0.02251193764404884,0.00538544156983352,0.12840133160677272,2.7467175745310515,0.538544156983352,12.840133160677272
-66.18_18.19,-66.18,18.19,430.25,0.8268933458865211,1.4631766055675295,1.4274008904380173,0.06977767006570847,0.032517857747012914,0.02733136496221527,0.1668371921056441,6.977767006570847,2.733136496221527,16.68371921056441
-66.18_18.35,-66.18,18.35,103.82105263157895,0.49912469930657577,-0.05656850600008379,-0.13892976780287938,0.49672041370694237,0.08123868250641039,0.34297928337814815,0.6510842217003835,49.67204137069424,34.29792833781482,65.10842217003835
-66.18_18.4,-66.18,18.4,43.2,0.36476316310026013,-0.338800057881863,-0.7810125162422269,0.6814562899842239,0.0992133256092079,0.46621963865217847,0.8397369839030236,68.1456289984224,46.62196386521785,83.97369839030236
-66.18_18.46,-66.18,18.46,0.875,0.2606572430319059,-0.5358512457916823,-1.2785106632093342,0.7928050668727977,0.09632094631090087,0.5480126322565266,0.9235219311936618,79.28050668727977,54.80126322565266,92.35219311936618
-66.19_18.41,-66.19,18.41,42.03846153846154,0.7195479387177656,-0.3442077964205304,0.9144219828329434,0.340906751055036,0.08878710401465785,0.19251576091559913,0.5287765206164527,34.0906751055036,19.25157609155991,52.87765206164528
-66.19_18.43,-66.19,18.43,15,0.5338436783129286,-0.4700899220060663,0.02698421392754948,0.5475278819917083,0.08262673088609139,0.3862741718667626,0.699385919146407,54.75278819917083,38.62741718667626,69.9385919146407
-66.19_18.47,-66.19,18.47,1.0698689956331877,0.6881346632869914,-0.5349440002612319,0.7643051949815282,0.40736653432620584,0.09657703514656932,0.23886270764258896,0.6008958727967726,40.736653432620585,23.886270764258896,60.08958727967726
-66.1_18.06,-66.1,18.06,582.625,0.8555334566544738,2.172584160387582,1.5642653648755316,0.035784076050851946,0.02220759944965176,0.010401930506713924,0.11585137307386771,3.5784076050851947,1.0401930506713923,11.585137307386772
-66.1_18.07,-66.1,18.07,587.3333333333334,0.7343461864749756,2.194504601649454,0.985139390956692,0.05596057308158843,0.03310359863732546,0.017062383510755494,0.16834928075686498,5.596057308158843,1.7062383510755494,16.8349280756865
-66.1_18.14,-66.1,18.14,492.94020618556704,0.659720399528801,1.7550414513838906,0.6285199912404457,0.1032853597967403,0.049160021450006385,0.039106966437883216,0.24584037386776678,10.328535979674031,3.9106966437883215,24.58403738677668
-66.1_18.15,-66.1,18.15,436.36842105263156,0.5775702534565154,1.491661948427624,0.23594341713971223,0.16618789681373952,0.06986133138966166,0.06907238692608719,0.348701554596871,16.61878968137395,6.907238692608719,34.870155459687105
-66.1_18.26,-66.1,18.26,259.5,0.39131940051341013,0.6682211339644194,-0.6541063912611873,0.4546617645171244,0.12749969364013394,0.2333092713543707,0.6955113842357245,45.46617645171244,23.330927135437072,69.55113842357244
-66.1_18.28,-66.1,18.28,386,0.5430705193298307,1.2571632549471041,0.07107715605086964,0.21758639068051708,0.08050913722967783,0.09915302700324666,0.412678369864994,21.758639068051707,9.915302700324666,41.267836986499404
-66.1_18.37,-66.1,18.37,37.94871794871795,0.37992015423349185,-0.36324828862621367,-0.708580756382378,0.672588729558474,0.09683474268658966,0.4645740156571057,0.829455850661501,67.25887295584741,46.45740156571057,82.9455850661501
-66.1_18.38,-66.1,18.38,51.77924528301887,0.22033149754015918,-0.2988579320841411,-1.4712180869950209,0.7870305414249481,0.10865331782887556,0.5091480644213942,0.9294086056295,78.7030541424948,50.914806442139415,92.94086056295001
-66.1_18.39,-66.1,18.39,44.083333333333336,0.2932937695075763,-0.33468755031768876,-1.1225482411450725,0.7396133317911158,0.10528347894435071,0.4931199104083319,0.8923949978472766,73.96133317911158,49.31199104083319,89.23949978472766
-66.1_18.41,-66.1,18.41,20.954545454545453,0.3533246588345468,-0.44236752967809945,-0.8356744862102304,0.7093728387455602,0.09706893785236309,0.49238027370370674,0.8599845134960643,70.93728387455602,49.23802737037067,85.99845134960643
-66.1_18.45,-66.1,18.45,2.6,0.3370950539594817,-0.5278202168691911,-0.9132320194038454,0.7366070024400075,0.09528039213877763,0.5164648759233198,0.8798416284469182,73.66070024400075,51.64648759233198,87.98416284469181
-66.1_18.46,-66.1,18.46,2.5555555555555554,0.089892172580056,-0.5280271354887722,-2.0945574937903673,0.8829769508835918,0.08539178220493972,0.5989748156210671,0.9744356838130113,88.29769508835919,59.89748156210671,97.44356838130113
-66.1_18.47,-66.1,18.47,6.076923076923077,0.27193489741162574,-0.5116328140911933,-1.2246173576954664,0.7818613583905132,0.09751781227417274,0.5388956051539125,0.9166132195675532,78.18613583905132,53.88956051539125,91.66132195675532
-66.21_18.42,-66.21,18.42,32,0.5030770962721968,-0.3909435500162984,-0.12004217557773199,0.5618099333248255,0.08278452542400118,0.39877304222850907,0.712509152533505,56.18099333248255,39.87730422285091,71.2509152533505
-66.21_18.47,-66.21,18.47,0.7647058823529411,0.45102969972206236,-0.5363647386895398,-0.3687646624560271,0.640636841560647,0.08763506937960765,0.45811280257117276,0.7898797912378511,64.06368415606471,45.811280257117275,78.98797912378511
-66.22_17.96,-66.22,17.96,11.35068493150685,0.5164658002364862,-0.48707992482482065,-0.05606065168214783,0.5682089250630766,0.0835129993316688,0.40309203785653736,0.7194414427472771,56.820892506307665,40.309203785653736,71.9441442747277
-66.22_18.45,-66.22,18.45,0,0.8194864782293736,-0.539924956114685,1.3920051806470466,0.2894583648302248,0.11172659573998919,0.12317293825548042,0.5415758434903338,28.94583648302248,12.317293825548042,54.157584349033385
-66.23_18.22,-66.23,18.22,199.28571428571428,0.3565950236997653,0.3878833541855355,-0.820046167865949,0.5474052752095603,0.12838851028718604,0.3046005814014014,0.7695673323706453,54.74052752095603,30.460058140140138,76.95673323706454
-66.23_18.34,-66.23,18.34,93.01010101010101,0.4402820290592126,-0.10690071768225307,-0.42012529819576006,0.5658317338827861,0.09248188451388811,0.3839133724495048,0.7315890599899038,56.58317338827861,38.39133724495048,73.15890599899038
-66.23_18.45,-66.23,18.45,2.590909090909091,0.5585699445717862,-0.5278625411322873,0.14514532942530578,0.5347870626940634,0.0843019022282796,0.37174077188304117,0.6907232971124562,53.47870626940634,37.17407718830412,69.07232971124562
-66.23_18.47,-66.23,18.47,2.293103448275862,0.5649687856678768,-0.5292490256130227,0.1757239131019291,0.5286777714803345,0.0845358395305213,0.3658414185119515,0.6856312610367042,52.86777714803345,36.58414185119515,68.56312610367043
-66.24_18.3,-66.24,18.3,123.4,0.6865623899970263,0.03458459115221859,0.7567916640721438,0.3012823276720145,0.06718128949398931,0.18744624935149148,0.44628113262874286,30.128232767201453,18.744624935149147,44.62811326287429
-66.24_18.34,-66.24,18.34,56.642857142857146,0.7188724668343679,-0.27621456540928185,0.9111940587139492,0.32894255859034277,0.08471310657908253,0.18768141728399307,0.5097996137262684,32.894255859034274,18.768141728399307,50.97996137262684
-66.24_18.42,-66.24,18.42,11.666666666666666,0.46024705113881664,-0.4856088184746482,-0.3247170689400286,0.6222257066451312,0.08696293552416183,0.44371439685665026,0.7727865002474947,62.22257066451312,44.371439685665024,77.27865002474947
-66.24_18.45,-66.24,18.45,1.9217081850533808,0.6190267273480229,-0.5309781190046841,0.4340543307868279,0.47483795198576895,0.0881504922074269,0.3114015469012285,0.6438487885085699,47.48379519857689,31.140154690122852,64.38487885085699
-66.24_18.47,-66.24,18.47,3.2,0.6307810828999789,-0.5250268155048464,0.49022568110053827,0.4618597686109081,0.08902960443561206,0.29840132437816047,0.6339514770406235,46.18597686109081,29.840132437816045,63.395147704062346
-66.25_17.95,-66.25,17.95,0.6,0.5386817451055508,-0.5371315547503404,0.05010421769536883,0.5564836501391123,0.08429182136611954,0.3911513952889135,0.7101846895530367,55.648365013911224,39.115139528891355,71.01846895530367
-66.25_18.39,-66.25,18.39,29.6,0.33201507921273843,-0.4021171554736774,-0.9375080454116372,0.7200036689092915,0.10002381317776102,0.4930094932184696,0.8717949671105863,72.00036689092914,49.30094932184696,87.17949671105863
-66.25_18.45,-66.25,18.45,1.35,0.6463762007812656,-0.5336398030449094,0.5647511474964894,0.44810909942767363,0.09120174868180847,0.28270014353437506,0.6258560746522023,44.81090994276736,28.270014353437507,62.58560746522023
-66.25_18.46,-66.25,18.46,1.7857142857142858,0.6524306661511509,-0.5316112615779447,0.5936840391170309,0.4416910982169692,0.09181153344696993,0.27607510246487155,0.6213804009839555,44.16910982169692,27.607510246487156,62.13804009839555
-66.25_18.47,-66.25,18.47,1.5116279069767442,0.4242264782659973,-0.5328873170184677,-0.4968510671329766,0.6643722285379167,0.0895656538785292,0.47391773274657323,0.81307312681935,66.43722285379167,47.391773274657325,81.307312681935
-66.26_17.94,-66.26,17.94,1.625,0.38461061869741087,-0.5323594940862514,-0.6861661100521537,0.6987667647969025,0.09241951947896469,0.4952204134854517,0.8457935874181507,69.87667647969025,49.52204134854517,84.57935874181507
-66.26_17.95,-66.26,17.95,1.0544554455445545,0.34231641481854064,-0.5350157606476436,-0.8882803418208333,0.7336886559552064,0.09480407321294013,0.5156033773132813,0.8770087295444293,73.36886559552063,51.56033773132813,87.70087295444293
-66.26_18.14,-66.26,18.14,612.081081081081,0.28608302882082015,2.3097219221878174,-1.1570067054434152,0.24570145546894637,0.18625688822651706,0.043462834862465674,0.7001624126187214,24.570145546894636,4.346283486246567,70.01624126187214
-66.26_18.43,-66.26,18.43,7.1,0.7577286396365174,-0.5068697066366056,1.0968787340389523,0.3368120778387781,0.10357688513984023,0.16989499172740674,0.557569842699519,33.68120778387781,16.989499172740675,55.7569842699519
-66.26_18.48,-66.26,18.48,3.175675675675676,0.3668980336509711,-0.5251400615061036,-0.7708104629651797,0.7122925703408395,0.09374533696605569,0.5024915397198537,0.8585286769013948,71.22925703408394,50.24915397198537,85.85286769013948
-66.27_18.42,-66.27,18.42,9,0.41029346747755213,-0.4980239356495138,-0.5634337076242473,0.6703654534894505,0.09108698060378863,0.4755030954668184,0.8202058788348424,67.03654534894505,47.55030954668184,82.02058788348424
-66.27_18.43,-66.27,18.43,7.428571428571429,0.6705545133209148,-0.5053399868418453,0.6802937187294147,0.4185183371471919,0.09256883165913317,0.25457026590432424,0.6026853030336936,41.85183371471919,25.457026590432424,60.26853030336936
-66.27_18.45,-66.27,18.45,4.076923076923077,0.5119714589735072,-0.5209441519723425,-0.07753807053308191,0.5794930583330982,0.08429670222584772,0.4116086838558901,0.7308037959338312,57.949305833309815,41.16086838558901,73.08037959338311
-66.27_18.46,-66.27,18.46,13.5,0.29408848732820425,-0.47707342541692815,-1.1187504682339398,0.7611390749503975,0.09878855958854971,0.5234688429351694,0.9023774893772111,76.11390749503974,52.346884293516936,90.23774893772111
-66.27_18.47,-66.27,18.47,3.4915254237288136,0.6692279355556537,-0.5236695696442043,0.6739543099850148,0.4235244105695464,0.09344878720361302,0.2575968791220208,0.6087004317775349,42.35244105695464,25.75968791220208,60.87004317775349
-66.27_18.48,-66.27,18.48,2.1948051948051948,0.2635259083485075,-0.5297066697386188,-1.2648019742285246,0.7900625123771949,0.0966402935704315,0.5457050014042977,0.9218154332997414,79.0062512377195,54.570500140429765,92.18154332997413
-66.28_17.96,-66.28,17.96,0,0.1449954818078742,-0.539924956114685,-1.8312315060406255,0.8593135598759126,0.09017779652854506,0.5860384508369819,0.963441156084838,85.93135598759126,58.60384508369819,96.3441156084838
-66.28_17.99,-66.28,17.99,19.25,0.24237085074632755,-0.4503033290086243,-1.3658971083876255,0.7932009354373206,0.10040348609337986,0.5360995400376803,0.9271699382872918,79.32009354373206,53.60995400376803,92.71699382872917
-66.28_18.17,-66.28,18.17,436.75,0.8529710942339911,1.4934384536812644,1.5520204266893909,0.06180880934775213,0.03037082041000772,0.023057940372038684,0.1553294190307255,6.180880934775213,2.3057940372038686,15.532941903072551
-66.28_18.47,-66.28,18.47,7.411042944785276,0.7785499439549916,-0.5054215936593839,1.1963789383412424,0.31814316903042095,0.10568309126452352,0.15223552409306793,0.5479862536276167,31.814316903042094,15.223552409306793,54.79862536276167
-66.29_18.18,-66.29,18.18,578.9230769230769,0.7972033368526542,2.1553492320979544,1.2855191946796278,0.04541848329462615,0.026943517386382915,0.01387929795612936,0.13855696274516371,4.541848329462615,1.387929795612936,13.855696274516372
-66.29_18.29,-66.29,18.29,402.8709677419355,0.836005061507594,1.335708895460669,1.470943674884845,0.07440578244858449,0.033747894476206755,0.02984796576713033,0.173579440509844,7.440578244858449,2.9847965767130327,17.3579440509844
-66.29_18.45,-66.29,18.45,8.933333333333334,0.6604229694370632,-0.4983343135788854,0.6318774105615161,0.42702451044612655,0.09094445465226897,0.2645384910401699,0.6069497141551038,42.70245104461266,26.453849104016992,60.69497141551038
-66.29_18.46,-66.29,18.46,10.361290322580645,0.5480932264796453,-0.4916862185755703,0.0950795134398685,0.537779791167022,0.083050483140569,0.3767338330310002,0.6913098758351492,53.7779791167022,37.673383303100024,69.13098758351492
-66.29_18.47,-66.29,18.47,4.17948717948718,0.4686235362222519,-0.5204666474656169,-0.2846877814185267,0.6211208655949737,0.0864401879732132,0.4438340206941785,0.7710470725665833,62.11208655949737,44.38340206941785,77.10470725665833
-66.2_17.93,-66.2,17.93,3.263888888888889,0.40354890138975696,-0.5247293699891986,-0.5956644311851377,0.6811530567520702,0.09121161539777776,0.4839905905109656,0.8295174543045489,68.11530567520701,48.39905905109656,82.95174543045489
-66.2_17.94,-66.2,17.94,3.1608040201005023,0.6251448555816157,-0.5252092990110598,0.4632914525290025,0.4675255647160244,0.0884658885978584,0.30436896014596354,0.6379360158164475,46.75255647160244,30.436896014596353,63.79360158164475
-66.2_18.22,-66.2,18.22,222.07758620689654,0.40308296861125076,0.4939947643865377,-0.5978910163184892,0.47889110055287465,0.11790818741879028,0.26687819051350464,0.698791120751167,47.88911005528747,26.687819051350463,69.8791120751167
-66.2_18.23,-66.2,18.23,253.5,0.789787705638724,0.6402871203209719,1.2500816058748856,0.1470101822646754,0.04949188013628456,0.07365873159899894,0.2719618796303012,14.701018226467541,7.365873159899894,27.196187963030123
-66.2_18.47,-66.2,18.47,0.6153846153846154,0.3481264710790496,-0.5370599290743314,-0.8605154248835447,0.7294416800499047,0.09445971983387476,0.5134228747100575,0.8732360358485255,72.94416800499047,51.342287471005754,87.32360358485255
-66.31_17.97,-66.31,17.97,2.8,0.6895713778698304,-0.5268890830810762,0.771170922139155,0.4043638533894721,0.09628101887145313,0.23670889573080853,0.5977691846594614,40.43638533894721,23.670889573080853,59.77691846594614
-66.31_18.09,-66.31,18.09,160.25,0.4997983826976786,0.20614599161239197,-0.13571039047547928,0.44180300643496156,0.08254924105527782,0.2911283925622695,0.6040130053077981,44.18030064349615,29.112839256226952,60.401300530779814
-66.31_18.16,-66.31,18.16,620.4166666666666,0.7956656805805642,2.3485296491001293,1.278171090503277,0.03918452979191288,0.025073764768600845,0.010934816266840447,0.13076720277336992,3.918452979191288,1.0934816266840448,13.076720277336992
-66.31_18.35,-66.31,18.35,189,0.7010327661802932,0.3399964736539113,0.8259422496715554,0.23998773630546705,0.057752886979751415,0.1451265564594563,0.3700164558447975,23.998773630546705,14.51265564594563,37.001645584479746
-66.31_18.47,-66.31,18.47,4.108695652173913,0.33767476259294543,-0.5207962293805851,-0.910461725738128,0.735021491737295,0.09548870454109604,0.5148272048109668,0.8788064495469494,73.5021491737295,51.48272048109668,87.88064495469494
-66.31_18.48,-66.31,18.48,0.11538461538461539,0.4163190203760851,-0.5393877635446188,-0.5346389820264696,0.6726020672952332,0.09007000845440419,0.47958890733645176,0.8207805599327053,67.26020672952332,47.95889073364518,82.07805599327052
-66.32_18.37,-66.32,18.37,162.8139534883721,0.7226615789686268,0.21808291023328386,0.9293013504434366,0.24261492348599684,0.061812920824476536,0.14212986807443806,0.38246913791649534,24.261492348599685,14.212986807443805,38.24691379164953
-66.32_18.47,-66.32,18.47,5.492537313432836,0.344487854790693,-0.5143535207395888,-0.87790353172505,0.7286045980366503,0.09535817316131025,0.5105935914551941,0.8735510688212121,72.86045980366504,51.05935914551941,87.35510688212122
-66.32_18.48,-66.32,18.48,8,0.741992034608102,-0.5026796045900884,1.0216771332457453,0.350273104377784,0.10145905419610589,0.18367910598539186,0.5636378341592586,35.0273104377784,18.367910598539186,56.36378341592586
-66.33_18.19,-66.33,18.19,645.9285714285714,0.7083662874442312,2.4673046317150265,0.86098745398998,0.0498489281515431,0.03318112367364712,0.013116413207113244,0.1715672596214241,4.98489281515431,1.3116413207113244,17.15672596214241
-66.33_18.2,-66.33,18.2,907.3333333333334,0.8608904134847728,3.684318662633321,1.5898650242868955,0.010252840904269827,0.010208856119874762,0.0014400064067443383,0.06925933781240162,1.0252840904269827,0.14400064067443383,6.925933781240162
-66.33_18.47,-66.33,18.47,18.53846153846154,0.6680889610041011,-0.4536160165240331,0.6685114136687622,0.4105029497088497,0.08936001124301894,0.2524393120121885,0.5894933752875128,41.05029497088497,25.24393120121885,58.94933752875128
-66.33_18.48,-66.33,18.48,15.181818181818182,0.6825789992687118,-0.46924343674414365,0.7377559598136226,0.3996112820080394,0.09196748469022459,0.23896125175031097,0.585213498962108,39.96112820080394,23.896125175031095,58.52134989621079
-66.34_18.19,-66.34,18.19,673.375,0.44140389921538786,2.5950861167447252,-0.41476413983446386,0.12110590330849397,0.09658722400035509,0.02274175368361944,0.4493122959653091,12.110590330849396,2.2741753683619437,44.93122959653091
-66.34_18.42,-66.34,18.42,16.166666666666668,0.5244455964571177,-0.4646583082420626,-0.017927048613919794,0.5557439063210612,0.08277495545348382,0.39336128935510417,0.7070330725879342,55.574390632106116,39.336128935510416,70.70330725879343
-66.34_18.48,-66.34,18.48,17.526501766784452,0.7372170457014179,-0.45832736620214115,0.9988585641259092,0.3462693919924424,0.09794472004380178,0.18489663178577212,0.5529411746082762,34.62693919924424,18.489663178577214,55.29411746082762
-66.36_17.96,-66.36,17.96,0,0.7062843510164709,-0.539924956114685,0.8510383606604746,0.3908864549725105,0.09931979266199648,0.22077142552367227,0.5924254985104962,39.08864549725105,22.077142552367228,59.24254985104962
-66.36_18.05,-66.36,18.05,133.12,0.4075284448353651,0.07983769325460353,-0.5766471122020748,0.5600524019992844,0.10390636233229421,0.3577463582942666,0.7441989721134512,56.005240199928444,35.77463582942666,74.41989721134512
-66.36_18.08,-66.36,18.08,137,0.16038645734950707,0.0979016887440329,-1.7576815887357211,0.7717974006317149,0.13498065337555437,0.4295711822269325,0.9382300071699295,77.1797400631715,42.95711822269325,93.82300071699295
-66.37_18.04,-66.37,18.04,65.8913043478261,0.8174922719782791,-0.2331568570085641,1.382475329569045,0.241477635445428,0.08962787857709718,0.10874201409151242,0.45374881422174534,24.147763544542798,10.874201409151242,45.37488142217453
-66.37_18.43,-66.37,18.43,41.4,0.33554138043833825,-0.34718026197489726,-0.9206566663139655,0.7078019287005036,0.10180759084887411,0.4799927484835655,0.8640726792992138,70.78019287005036,47.99927484835655,86.40726792992139
-66.38_17.95,-66.38,17.95,2,0.15929285733552975,-0.5306136182335359,-1.7629076506169252,0.8512550604628205,0.09189993031843365,0.5797991643666038,0.9595736999329311,85.12550604628206,57.97991643666038,95.95736999329311
-66.38_18.01,-66.38,18.01,48,0.22385843714627648,-0.316452846967105,-1.4543636572243008,0.7871048963769433,0.1076508087639959,0.5121081361885824,0.9286862561561502,78.71048963769432,51.21081361885824,92.86862561561502
-66.38_18.44,-66.38,18.44,49.57142857142857,0.5370284449536062,-0.30913679577477354,0.04220347812712147,0.5110803661131769,0.07886156357314121,0.3602594234139758,0.6599105886589737,51.10803661131769,36.02594234139758,65.99105886589737
-66.38_18.49,-66.38,18.49,0.0189873417721519,0.06773220830976619,-0.5398365573373324,-2.2004548448160146,0.8928018543044001,0.08216986762236284,0.6075298121532826,0.9781706931053868,89.28018543044001,60.75298121532826,97.81706931053868
-66.39_17.98,-66.39,17.98,14,0.3005420323066683,-0.47474559094664087,-1.087910467338249,0.7560411472073715,0.09870946168919675,0.520531000584967,0.8984411022510267,75.60411472073714,52.0531000584967,89.84411022510267
-66.39_18.01,-66.39,18.01,44.483870967741936,0.5214987583342278,-0.3328227796936415,-0.032009307380637515,0.5315397028396524,0.0804480374974315,0.37592190851375984,0.6812554087403979,53.153970283965236,37.59219085137598,68.12554087403979
-66.39_18.23,-66.39,18.23,504.6666666666667,0.8705459783381504,1.8096359692286215,1.6360067386036423,0.04509377138919471,0.025156691705376457,0.014804357126768801,0.12922603789118725,4.509377138919471,1.4804357126768801,12.922603789118725
-66.39_18.35,-66.39,18.35,118.125,0.6450814229894505,0.010025937490687638,0.5585637034804408,0.34202110171904226,0.06679398030065664,0.22512791682454356,0.4818650463496487,34.20211017190422,22.512791682454356,48.18650463496487
-66.39_18.36,-66.39,18.36,99.14285714285714,0.7440692558967519,-0.07834863543486206,1.0316036940144835,0.2732238908718044,0.07591400439399631,0.1508924954274991,0.4429900943653397,27.322389087180436,15.089249542749911,44.29900943653397
-66.39_18.49,-66.39,18.49,2.2222222222222223,0.4461851260341297,-0.5295790251356304,-0.39191576117365656,0.6438114075633028,0.08798560468426252,0.4600701993744626,0.7931389366051635,64.38114075633028,46.00701993744626,79.31389366051636
-66.3_17.96,-66.3,17.96,2.3823529411764706,0.2182823884714619,-0.5288335095209633,-1.4810103059576032,0.8184972417903866,0.09557448613877613,0.5610127190997475,0.9408732626212032,81.84972417903866,56.10127190997475,94.08732626212031
-66.3_18.16,-66.3,18.16,594.5,0.7327181103433421,2.227870229056905,0.9773591911555929,0.054853453754456556,0.032924605887900166,0.016441357607727896,0.16770612788609884,5.485345375445656,1.6441357607727896,16.770612788609885
-66.3_18.44,-66.3,18.44,66.07142857142857,0.6171358152602286,-0.23231825825529293,0.42501809865768797,0.41556699476141834,0.07492630857011497,0.27976009632442206,0.5655346294463214,41.55669947614184,27.976009632442207,56.55346294463214
-66.3_18.47,-66.3,18.47,12.421875,0.6124243083435925,-0.4820928184934851,0.4025028953060421,0.47133180348533343,0.0853045633921816,0.3130755008263693,0.6355688125153852,47.133180348533344,31.307550082636933,63.55688125153852
-66.41_18.33,-66.41,18.33,202.77397260273972,0.4527845764806654,0.4041235300888118,-0.36037851174541025,0.4478355084906973,0.09928359578602917,0.26965877307075015,0.6404952943997414,44.783550849069734,26.965877307075015,64.04952943997414
-66.41_18.45,-66.41,18.45,9,0.36836984498295994,-0.4980239356495138,-0.7637770165495594,0.7064351532137793,0.09436003601259513,0.49658718371914623,0.8544473719300977,70.64351532137792,49.658718371914624,85.44473719300977
-66.42_18.45,-66.42,18.45,12,0.41872944220938435,-0.48405692882779006,-0.5231201328132061,0.6602442053037046,0.09054842782023605,0.46835112775469967,0.8108480939015671,66.02442053037046,46.835112775469966,81.0848093901567
-66.42_18.46,-66.42,18.46,9.246153846153845,0.6964421205250617,-0.49687792483337234,0.8040046143731906,0.3917880937094957,0.09535299491691718,0.22721722189509908,0.5852800659238716,39.178809370949566,22.721722189509908,58.52800659238716
-66.42_18.47,-66.42,18.47,5.5,0.7514188870715891,-0.5143187769415248,1.0667258838762363,0.3438865269931023,0.10336781370656341,0.17596245521968476,0.5626444497212687,34.38865269931023,17.596245521968477,56.26444497212687
-66.42_18.49,-66.42,18.49,3.9411764705882355,0.6357231448998896,-0.521576143231244,0.5138426539445206,0.4562222520053594,0.08937730516471365,0.2928300109460334,0.6296131884718998,45.62222520053594,29.28300109460334,62.961318847189986
-66.43_18.36,-66.43,18.36,141.6,0.7060147916541268,0.11931776587067597,0.849750198727169,0.27098982373450226,0.06479067161466481,0.1635013504150292,0.414156398142857,27.098982373450227,16.35013504150292,41.4156398142857
-66.43_18.37,-66.43,18.37,151.33333333333334,0.830595527520424,0.16463294355893532,1.4450927613843865,0.1783862949656083,0.0671892288902953,0.08122486480299405,0.3477786243333721,17.838629496560827,8.122486480299406,34.77786243333721
-66.43_18.46,-66.43,18.46,6.028776978417266,0.6018809170743511,-0.5118569663866167,0.35211846360654997,0.48805897380483626,0.08583458092677912,0.32715345076497443,0.6514778445005144,48.80589738048363,32.71534507649744,65.14778445005143
-66.44_18.44,-66.44,18.44,69.7,0.4822672397286768,-0.21542483095663656,-0.21948767360757498,0.5464621463013195,0.08410815998488129,0.3825466337094864,0.7008870714436073,54.64621463013195,38.25466337094864,70.08870714436073
-66.44_18.45,-66.44,18.45,15.088235294117647,0.5310323897156137,-0.4696791276877803,0.013549715036078352,0.5502378404380672,0.08268498374713189,0.3885960284081856,0.7019249135972618,55.02378404380672,38.85960284081856,70.19249135972618
-66.44_18.46,-66.44,18.46,0.0375,-0.0077257838069531345,-0.5397503685294135,-2.5610511608303024,0.9185289746539914,0.07269025114327615,0.6268427462976969,0.9869567599942901,91.85289746539914,62.68427462976969,98.69567599942901
-66.45_18.18,-66.45,18.18,979.6666666666666,0.23840954143352128,4.021078716001549,-1.3848272906615129,0.08702302448929504,0.1197318324525196,0.004945990190578398,0.6463752679675435,8.702302448929505,0.49459901905783976,64.63752679675436
-66.45_18.36,-66.45,18.36,181.46666666666667,0.5421016238670253,0.3049237676349161,0.0664470284170708,0.38092093092943097,0.07330789178984959,0.2506924737215156,0.5308707190612859,38.092093092943095,25.06924737215156,53.08707190612859
-66.45_18.47,-66.45,18.47,5.3478260869565215,0.34199110329610344,-0.515027248302047,-0.8898349304503107,0.7306919849585786,0.09546658712138385,0.5118172509588667,0.8753369813524218,73.06919849585786,51.18172509588666,87.53369813524218
-66.46_17.99,-66.46,17.99,4,0.4790722677790568,-0.5213022803523867,-0.23475570662149192,0.6113659302798805,0.08579923903669798,0.4366650218326639,0.7614822322018339,61.13659302798805,43.666502183266395,76.14822322018338
-66.46_18.34,-66.46,18.34,45,0.6418552900718411,-0.33041985378882877,0.54314675939766,0.4112461764699481,0.08046499681553934,0.2669458546062022,0.5726182081553359,41.12461764699481,26.694585460620218,57.261820815533596
-66.46_18.47,-66.46,18.47,1.2222222222222223,0.12178589237344568,-0.5342346940762049,-1.9421447732968407,0.8696704939710219,0.08836183398999534,0.5914775196652122,0.9685079101275812,86.96704939710219,59.14775196652122,96.85079101275812
-66.47_17.99,-66.47,17.99,0.4444444444444444,0.44609816337231595,-0.5378557699188742,-0.392331335648953,0.6454648822848276,0.08796818465000171,0.461510113213351,0.7945529921157654,64.54648822848276,46.1510113213351,79.45529921157653
-66.47_18.21,-66.47,18.21,864.6666666666666,0.8048070176154835,3.4856767878354713,1.321855428845305,0.015069369979788633,0.014190079320364174,0.002343541874130963,0.09062162147920222,1.5069369979788634,0.23435418741309633,9.062162147920223
-66.47_18.43,-66.47,18.43,57.5,0.394660216974474,-0.2722239920316465,-0.6381414010123598,0.642264272060529,0.09721595514639574,0.43927852373666687,0.8044749478490748,64.2264272060529,43.92785237366669,80.44749478490748
-66.47_18.45,-66.47,18.45,15.72340425531915,0.6062808835696258,-0.46672199128309744,0.37314488724008876,0.4742993648238547,0.08417380190343408,0.3176588238587853,0.6361668342877043,47.42993648238547,31.76588238587853,63.61668342877043
-66.47_18.46,-66.47,18.46,16.8,0.607964323106977,-0.46170971791303206,0.3811896559699888,0.471577991695912,0.08406802297619849,0.3153923532238299,0.6335337911988493,47.1577991695912,31.539235322382993,63.353379119884934
-66.47_18.47,-66.47,18.47,29.75,0.836595090304245,-0.4014188051325912,1.4737632862268162,0.25319566452879055,0.10222168666326294,0.10515578649356004,0.4944815763970777,25.319566452879055,10.515578649356003,49.448157639707766
-66.48_18.21,-66.48,18.21,754.2222222222222,0.6592528203496291,2.971484018176456,0.6262855383385769,0.04035367842610314,0.03309516021393113,0.007814760553825443,0.18334172217085234,4.035367842610314,0.7814760553825443,18.334172217085236
-66.48_18.43,-66.48,18.43,42.359223300970875,0.20155350027180208,-0.3427144358454917,-1.5609537988414486,0.8051651613860757,0.10554905079747434,0.5250242133693986,0.9392097753643412,80.51651613860757,52.50242133693986,93.92097753643412
-66.48_18.44,-66.48,18.44,42.25,0.4074099416846111,-0.3432229433754089,-0.5772134113892025,0.6440406975610038,0.09395772891261721,0.4476093905625203,0.8015842481146012,64.40406975610038,44.76093905625203,80.15842481146012
-66.48_18.46,-66.48,18.46,23.448979591836736,0.770954989015896,-0.4307542701408035,1.1600844028718105,0.3113542630933507,0.09969076584307343,0.15380338731292917,0.5293376284806323,31.135426309335067,15.380338731292916,52.933762848063225
-66.48_18.47,-66.48,18.47,13.606060606060606,0.45619401863796194,-0.4765796423474733,-0.34408557514456295,0.6242865839471837,0.08729755121126785,0.4448032495152666,0.775086063650859,62.428658394718376,44.48032495152666,77.5086063650859
-66.49_18.1,-66.49,18.1,159.3846153846154,0.2792829564338174,0.20211704733689476,-1.1895026807880913,0.6580717780730301,0.1357267626588001,0.37109407985084636,0.8625878750103153,65.807177807303,37.10940798508464,86.25878750103153
-66.49_18.11,-66.49,18.11,178.57142857142858,0.764498704443984,0.2914444975593478,1.1292313100917883,0.20306843157763024,0.06034377954637615,0.1092858027760958,0.3460620296710886,20.306843157763023,10.92858027760958,34.606202967108864
-66.49_18.17,-66.49,18.17,882.4615384615385,0.8323262314285382,3.5685238197523628,1.45336339562565,0.012627980592082914,0.01217008881055353,0.0018845397024209072,0.07972580541006902,1.2627980592082915,0.1884539702420907,7.972580541006902
-66.49_18.18,-66.49,18.18,868,0.8879979891909072,3.5011956843040535,1.7194058676291164,0.010700142361192379,0.010169457979212048,0.0016429044011953577,0.06636997361118471,1.070014236119238,0.16429044011953578,6.636997361118471
-66.49_18.19,-66.49,18.19,910.1666666666666,0.6892490637538968,3.697509724631615,0.7696306574230563,0.02000000264735617,0.02049299252361655,0.002622290182059599,0.13674894490271772,2.000000264735617,0.2622290182059599,13.674894490271772
-66.49_18.45,-66.49,18.45,30.82894736842105,0.5389082426966888,-0.3963955833809186,0.05118659736993194,0.5272724276553612,0.0807008973344654,0.37159664693745853,0.6778195781101386,52.72724276553612,37.15966469374585,67.78195781101385
-66.49_18.47,-66.49,18.47,12.512195121951219,0.2639982070663463,-0.48167231790700793,-1.2625449677414249,0.7830522589379985,0.0989524404099475,0.5354166219045464,0.918727491305995,78.30522589379984,53.541662190454645,91.8727491305995
-66.4_17.95,-66.4,17.95,0.6666666666666666,0.3598938819931542,-0.5368211768209686,-0.8042816860094851,0.7199786205651513,0.09384457339274273,0.5080085897417316,0.8649088075085686,71.99786205651513,50.80085897417316,86.49088075085686
-66.4_18.49,-66.4,18.49,1.336734693877551,0.20340290546969753,-0.5337015619186108,-1.55211591855241,0.8277793323662149,0.09462204221247028,0.5668670445848462,0.9463869980874978,82.7779332366215,56.68670445848461,94.63869980874978
-66.51_18.05,-66.51,18.05,45,0.6022649059974002,-0.33041985378882877,0.3539534579810045,0.45019371594729835,0.07831401872322406,0.30576112514065645,0.6035396901916896,45.01937159472983,30.576112514065645,60.353969019168964
-66.51_18.31,-66.51,18.31,342.1276595744681,0.8463175591163198,1.0529081622776406,1.5202247191095657,0.08886234686695992,0.03810763296863037,0.037323714214770834,0.19700448257487896,8.88623468669599,3.7323714214770836,19.700448257487896
-66.51_18.36,-66.51,18.36,216.41666666666666,0.8861392812212805,0.46763939710799773,1.7105235315426082,0.11901912006226525,0.053470783070190986,0.04736949785467199,0.2684983026126825,11.901912006226526,4.736949785467199,26.84983026126825
-66.51_18.43,-66.51,18.43,10.538461538461538,0.6343375954341928,-0.49086136804862984,0.507221433064259,0.4512829282747821,0.08767983773002158,0.29121837363094105,0.6221060813890332,45.12829282747821,29.121837363094105,62.210608138903325
-66.51_18.45,-66.51,18.45,17.6,0.6936317281161315,-0.45798518276057243,0.7905743981590195,0.3867967080666924,0.09265352174443638,0.2268061649130649,0.5756251432874504,38.67967080666924,22.68061649130649,57.56251432874504
-66.51_18.46,-66.51,18.46,8.01923076923077,0.7939409468666673,-0.5025900724950774,1.2699289864412597,0.30439572671598175,0.10691359770829605,0.1399025992378645,0.5407083188005943,30.439572671598174,13.99025992378645,54.07083188005943
-66.51_18.47,-66.51,18.47,7.512195121951219,0.8138568696744781,-0.5049506626098809,1.3651025816174067,0.2881385207429121,0.10866769422133593,0.1253393596959851,0.5334318022988572,28.81385207429121,12.53393596959851,53.343180229885725
-66.51_18.48,-66.51,18.48,3.125,0.6586617685905386,-0.5253759906753894,0.6234610384953779,0.43426033297027034,0.09222654719489934,0.2688919482833698,0.6156847780008666,43.42603329702703,26.889194828336983,61.56847780008666
-66.52_18.16,-66.52,18.16,929.2058823529412,0.810713177062985,3.786150009755104,1.3500796007165592,0.011509835075561166,0.011791235099620824,0.00152499382000602,0.08153174902724306,1.1509835075561166,0.152499382000602,8.153174902724306
-66.52_18.46,-66.52,18.46,3.0795454545454546,0.7107595402304585,-0.5255876119908701,0.872424256292771,0.38379980297446786,0.09900636321794647,0.2151829166461813,0.5859045920594813,38.379980297446785,21.51829166461813,58.59045920594813
-66.52_18.47,-66.52,18.47,7.916190476190476,0.6011173644773389,-0.5030697939870127,0.3484696221009364,0.4870028124853833,0.08539901642659327,0.32695950938565566,0.649756312013298,48.70028124853833,32.695950938565566,64.9756312013298
-66.52_18.48,-66.52,18.48,6.47682119205298,0.49732079984002303,-0.5097710208571887,-0.14755018671215656,0.5915151549171087,0.08470066862404203,0.42144970361425954,0.742172324396702,59.15151549171087,42.144970361425955,74.2172324396702
-66.53_18.13,-66.53,18.13,586.6666666666666,0.7836338234315746,2.191400822355737,1.2206736241510747,0.04649496756792334,0.02781676653063955,0.014055642406459488,0.14294707323624806,4.649496756792334,1.4055642406459488,14.294707323624806
-66.53_18.15,-66.53,18.15,959.4285714285714,0.6688573117358732,3.9268568445851586,0.6721831843521819,0.017981001733617493,0.019775551741631835,0.0020347664700657614,0.14121289047231506,1.7981001733617492,0.20347664700657614,14.121289047231505
-66.53_18.37,-66.53,18.37,204.1,0.7907324139870882,0.41029707465658743,1.2545961488751964,0.17204952407126997,0.056461049773833594,0.0872229148409691,0.31124240607615566,17.204952407126996,8.72229148409691,31.124240607615565
-66.53_18.43,-66.53,18.43,16.6,0.7043455748667764,-0.462640851701147,0.8417733972345355,0.3775542370129544,0.0942518823328272,0.21652975778303402,0.5710461187831635,37.755423701295435,21.6529757783034,57.10461187831635
-66.53_18.47,-66.53,18.47,1.8888888888888888,0.7427362150609156,-0.5311309147824886,1.0252333997485608,0.3549811634525087,0.1034761122512126,0.1849802292841021,0.5716371536267243,35.49811634525087,18.49802292841021,57.16371536267243
-66.53_18.48,-66.53,18.48,5.979214780600462,0.31285849499850166,-0.512087711571619,-1.0290529368313053,0.7526217221038957,0.09679813284849981,0.5233924203535616,0.8939415591084706,75.26217221038956,52.33924203535616,89.39415591084706
-66.54_18.15,-66.54,18.15,988.625,0.6890180438402957,4.062785750260863,0.7685266666139497,0.014861140687757313,0.016829001061283547,0.0015827456394426416,0.1255319534956195,1.4861140687757313,0.15827456394426417,12.55319534956195
-66.54_18.3,-66.54,18.3,353.8888888888889,0.792035591826774,1.107664552299765,1.2608237347798847,0.10385162976377983,0.039996544649174653,0.04754061048615326,0.21201494979312072,10.385162976377984,4.754061048615326,21.20149497931207
-66.54_18.36,-66.54,18.36,206.37878787878788,0.862121296485834,0.420906356606018,1.5957471298555241,0.13394110872007967,0.05580706525396207,0.05681430112001288,0.28421877850412913,13.394110872007966,5.681430112001288,28.421877850412912
-66.54_18.44,-66.54,18.44,10.40625,0.3811349431794117,-0.4914769012018308,-0.7027755605860733,0.6945454157595364,0.09357790698187483,0.4892362341795839,0.8436940479703038,69.45454157595364,48.92362341795839,84.36940479703038
-66.54_18.45,-66.54,18.45,25.390374331550802,0.4357819024970404,-0.42171577894972184,-0.4416303636553244,0.6327871152359681,0.08951809702795184,0.4474767215706732,0.7857096856313155,63.27871152359681,44.74767215706732,78.57096856313154
-66.54_18.46,-66.54,18.46,3.243478260869565,0.601507002489214,-0.5248243951161258,0.3503316121661366,0.4911232826236529,0.08637173347526976,0.3289658596663982,0.6551703698073229,49.11232826236529,32.89658596663982,65.51703698073229
-66.54_18.48,-66.54,18.48,4.295081967213115,0.3428085153331182,-0.5199284764027089,-0.8859287071206822,0.7308466562950683,0.0952659199660294,0.51242701041943,0.875242213446784,73.08466562950683,51.24270104194299,87.5242213446784
-66.55_18.04,-66.55,18.04,53.9,0.27067721477884416,-0.288984400217715,-1.2306275325142542,0.7496639761358052,0.10858746776148254,0.49069016011826,0.9029889643762034,74.96639761358051,49.069016011826,90.29889643762033
-66.55_18.15,-66.55,18.15,1200.625,0.7906296711013363,5.049787565662675,1.2541051643544119,0.004403074774018345,0.0061076956094524475,2.8812900902688035e-4,0.06355026459834093,0.4403074774018345,0.028812900902688034,6.355026459834093
-66.55_18.31,-66.55,18.31,363.88235294117646,0.7668390428527105,1.1541908124967486,1.1404152468059818,0.10981738352364835,0.04102890523236359,0.05140696932424603,0.2192556307491204,10.981738352364836,5.140696932424603,21.92556307491204
-66.55_18.36,-66.55,18.36,210.94736842105263,0.5743975618518755,0.4421761551391534,0.22078185674842934,0.3253720832379948,0.06720712388330624,0.20927761909534512,0.4677701085285026,32.53720832379948,20.92776190953451,46.77701085285026
-66.55_18.43,-66.55,18.43,54.27272727272727,0.18614235521379183,-0.28724910543077353,-1.634600101606626,0.8076372410480229,0.10840909567909002,0.5167625376505266,0.9428045577927165,80.7637241048023,51.67625376505266,94.28045577927165
-66.55_18.45,-66.55,18.45,27.789473684210527,0.5164422275254339,-0.4105463666081914,-0.056173300223746975,0.5525866311689392,0.08212183795333292,0.39176543067785025,0.7031100564581132,55.25866311689393,39.176543067785026,70.31100564581132
-66.55_18.46,-66.55,18.46,1.6,0.7310453454971169,-0.5324758858097658,0.9693654343090814,0.36605750058356684,0.10209737163043706,0.19600105215701505,0.5776520690080684,36.60575005835668,19.600105215701504,57.765206900806845
-66.55_18.47,-66.55,18.47,1.6226415094339623,0.7378664010662476,-0.5323704744375263,1.001961683434723,0.3597067530917967,0.10295475138629115,0.18957655437008913,0.5743177576073105,35.970675309179676,18.957655437008913,57.43177576073105
-66.55_18.48,-66.55,18.48,9.442477876106194,0.5332818761287084,-0.4959639051448348,0.02429949104696682,0.5533993578410022,0.08326618710256845,0.3903332954558485,0.7057313890269026,55.33993578410023,39.03332954558485,70.57313890269026
-66.56_18.01,-66.56,18.01,11.695652173913043,0.38863189284631233,-0.4854738715488345,-0.6669493696764702,0.6870534085269732,0.0931120705757823,0.4844058043488466,0.8368747350688387,68.70534085269732,48.44058043488466,83.68747350688388
-66.56_18.06,-66.56,18.06,103.21052631578948,0.3762388925320395,-0.05941091440590826,-0.7261726558033816,0.6183479893130486,0.10644374711127484,0.4009545641784176,0.7968260122442933,61.83479893130486,40.09545641784176,79.68260122442933
-66.56_18.21,-66.56,18.21,541.3,0.6981115304562789,1.980188641418337,0.8119823388557535,0.07570381207330586,0.040421296284706504,0.025720236734004913,0.20262183106185436,7.570381207330586,2.572023673400491,20.262183106185436
-66.56_18.31,-66.56,18.31,383.6666666666667,0.6604587824759117,1.246300027419097,0.6320485528025402,0.14905841869149342,0.052484765464976005,0.07222432323944224,0.2827224365500577,14.905841869149342,7.222432323944224,28.27224365500577
-66.56_18.35,-66.56,18.35,209.2,0.8238090817834504,0.4340409862535178,1.412661904652892,0.1514008596410712,0.05566478439643173,0.07090751489573734,0.2943229764865507,15.140085964107119,7.090751489573734,29.43229764865507
-66.56_18.41,-66.56,18.41,137.14285714285714,0.5206799228800246,0.0985667843069721,-0.035922332892246826,0.44314851877536415,0.07718464549499932,0.30123248967223226,0.5949937831588675,44.31485187753641,30.123248967223226,59.49937831588675
-66.56_18.43,-66.56,18.43,80.4375,0.27384809244051594,-0.16543458570721697,-1.2154746405374546,0.7274174355963322,0.1150636979327264,0.46112398269832994,0.8927301243497372,72.74174355963322,46.112398269832994,89.27301243497372
-66.56_18.45,-66.56,18.45,38.59183673469388,0.37718145939138437,-0.3602541404692455,-0.7216683464844804,0.6744597968146094,0.09722024589668289,0.465200658120345,0.831497118960687,67.44597968146094,46.5200658120345,83.1497118960687
-66.56_18.47,-66.56,18.47,0,0.5521211104606523,-0.539924956114685,0.11432784067653044,0.5437060595532602,0.08453609536579867,0.37928544731859737,0.6991230443827593,54.37060595532602,37.92854473185974,69.91230443827592
-66.56_18.48,-66.56,18.48,1.32,0.6479938980638857,-0.5337794731131267,0.5724817491753261,0.4465322934873945,0.09139940837425423,0.2809935456920924,0.6248428724299756,44.65322934873945,28.09935456920924,62.48428724299756
-66.56_18.49,-66.56,18.49,3.770408163265306,0.516021247483978,-0.5223711839356819,-0.05818506660933687,0.5758157629672855,0.08420839250068478,0.4085173462901509,0.7273735691889495,57.58157629672856,40.85173462901509,72.73735691889495
-66.57_18.16,-66.57,18.16,1241.7894736842106,0.6439560674236235,5.241435727249353,0.5531858891514342,0.0067509819270831955,0.010140940731913411,3.5062214718962613e-4,0.11638311173784534,0.6750981927083195,0.03506221471896261,11.638311173784533
-66.57_18.17,-66.57,18.17,1272.2413793103449,0.7610831564002075,5.383209718454255,1.1129091948697118,0.0037616261595191823,0.005616289007623909,2.0009761640521148e-4,0.0664983681307386,0.37616261595191824,0.020009761640521147,6.64983681307386
-66.57_18.35,-66.57,18.35,191,0.34611030955360816,0.3493078115350604,-0.8701501951467048,0.5656917613231611,0.12957409460632446,0.31661096819565915,0.7854948506710221,56.569176132316116,31.661096819565916,78.54948506710221
-66.57_18.36,-66.57,18.36,206.63636363636363,0.6611937951938587,0.4221055440604084,0.6355610088178733,0.2571255651140656,0.057029607366724085,0.16163129090911438,0.383247989627738,25.71255651140656,16.163129090911436,38.3247989627738
-66.57_18.45,-66.57,18.45,21.2,0.5184119842935366,-0.4412247745745039,-0.04676028757793769,0.556922124349563,0.08256403733634295,0.3948167298895166,0.7077475333818725,55.6922124349563,39.48167298895166,70.77475333818725
-66.58_18.04,-66.58,18.04,65.9,0.3119474886076091,-0.23311637293081997,-1.033406425960902,0.7078127625120828,0.10866904317797463,0.4637969654595269,0.8715390336918201,70.78127625120828,46.37969654595269,87.153903369182
-66.58_18.07,-66.58,18.07,101.60215053763442,0.6036326937191369,-0.06689897956103727,0.3604897995892583,0.39554255336715205,0.06943942152019687,0.2702582589917204,0.5362281213367788,39.55425533671521,27.02582589917204,53.622812133677876
-66.58_18.08,-66.58,18.08,231.3684210526316,0.6657700173837311,0.5372498156098344,0.6574297177066326,0.23597217855181507,0.055316993373501086,0.14476639691118953,0.36042331256467786,23.59721785518151,14.476639691118953,36.04233125646778
-66.58_18.1,-66.58,18.1,190.95070422535213,0.6580165762688804,0.3490783067281307,0.6203778134083551,0.2713857211336104,0.05831607050502072,0.17283953782193973,0.39901484129788295,27.138572113361043,17.283953782193972,39.901484129788294
-66.58_18.11,-66.58,18.11,260,0.6902729164128265,0.6705489684347067,0.7745234128038302,0.20038712561823507,0.05222800205115193,0.11683689391859316,0.32190691523238407,20.03871256182351,11.683689391859316,32.19069152323841
-66.58_18.17,-66.58,18.17,1300.122807017544,0.7738793800741042,5.513016415449538,1.1740593923009468,0.0032101288909943786,0.004899739716909475,1.6011959377891573e-4,0.06082343338544533,0.32101288909943787,0.01601195937789157,6.082343338544534
-66.58_18.36,-66.58,18.36,191.97826086956522,0.7960183900347221,0.3538622702812747,1.2798566075204276,0.1757290941499923,0.05855427374836656,0.08803542442095792,0.3201136670833737,17.57290941499923,8.803542442095793,32.01136670833737
-66.58_18.46,-66.58,18.46,18.7,0.4948079182579119,-0.45286394692594034,-0.15955866740016372,0.5825118073574692,0.08414450059200766,0.41458197240020384,0.7332631084318145,58.25118073574692,41.45819724002038,73.32631084318145
-66.58_18.48,-66.58,18.48,2.5,0.4188488482385306,-0.5282857837632486,-0.5225495189787772,0.6683226820998652,0.09001443175620888,0.47619525959553105,0.8170530949571116,66.83226820998652,47.61952595955311,81.70530949571116
-66.59_18.17,-66.59,18.17,1213.4285714285713,0.7695758592529419,5.109396755491102,1.1534938602682165,0.004559410591240354,0.006431828085091874,2.847767395376649e-4,0.06859567870584904,0.45594105912403543,0.02847767395376649,6.859567870584904
-66.59_18.22,-66.59,18.22,450.125,0.520068034142011,1.5557080257614495,-0.03884640784506375,0.19228841369542582,0.08747145394169543,0.07316585391077095,0.41790695457750343,19.228841369542582,7.316585391077095,41.790695457750346
-66.59_18.36,-66.59,18.36,201.98,0.6994861814772152,0.4004270565025693,0.8185514785856863,0.23206471391679512,0.05631141669093065,0.1399141642344508,0.3595367563287945,23.20647139167951,13.99141642344508,35.95367563287945
-66.59_18.37,-66.59,18.37,215.14285714285714,0.6528619797985967,0.46170896167178965,0.5957451874189245,0.25723634756454444,0.05703314042849968,0.16172731037130503,0.38335468347955604,25.723634756454445,16.172731037130504,38.335468347955604
-66.59_18.46,-66.59,18.46,14.5,0.570373145976784,-0.4724177564763536,0.20155010278891908,0.5114925919768837,0.08272711474004141,0.353672950299804,0.667053838418221,51.149259197688366,35.3672950299804,66.7053838418221
-66.59_18.48,-66.59,18.48,10.393939393939394,0.638093844494311,-0.4915342153081068,0.5251716797527158,0.44768990519209784,0.08809549621578044,0.2873461997368189,0.6197035913622931,44.76899051920979,28.73461997368189,61.97035913622931
-66.5_18.17,-66.5,18.17,902.3333333333334,0.7756341515724617,3.6610403179304476,1.1824450399971622,0.014653256110154776,0.014556821014697888,0.002057197472456536,0.09688626710891257,1.4653256110154775,0.2057197472456536,9.688626710891256
-66.5_18.46,-66.5,18.46,15.095238095238095,0.6674463911237355,-0.4696465249641068,0.665440720622979,0.41435189154471397,0.09017896010112884,0.25457378158158556,0.5944417988623444,41.435189154471395,25.457378158158555,59.44417988623444
-66.5_18.48,-66.5,18.48,1.6,0.20892378684196658,-0.5324758858097658,-1.525732901616143,0.8244496669130444,0.09496333176960572,0.564832546957586,0.9444218174634772,82.44496669130444,56.4832546957586,94.44218174634771
-66.61_17.96,-66.61,17.96,2.3943661971830985,0.1839003696394515,-0.528777579778098,-1.6453140328415545,0.8381019403527371,0.0937653669142198,0.5719366212844891,0.9525103333097266,83.81019403527371,57.193662128448906,95.25103333097266
-66.61_17.97,-66.61,17.97,2.2448979591836733,0.1472519879586953,-0.5294734544113544,-1.8204481843244704,0.8571561894734334,0.0909771147934996,0.5831070947708984,0.9626082058769222,85.71561894734334,58.31070947708984,96.26082058769222
-66.61_17.99,-66.61,17.99,9.1466666666666665,0.258043404132928,-0.49734110420489624,-1.291001595596832,0.7892566949686538,0.09816421686740368,0.5408408412235168,0.9225260184221359,78.92566949686538,54.08408412235168,92.2526018422136
-66.61_18.01,-66.61,18.01,18.76923076923077,0.39496125638659074,-0.4525416313839005,-0.6367028031920455,0.6756038043424332,0.09323206666495452,0.47498903395192293,0.8274140519193061,67.56038043424331,47.49890339519229,82.74140519193061
-66.61_18.02,-66.61,18.02,40,0.3858549173604689,-0.3536981984917017,-0.6802198941334184,0.6655591359007458,0.09639401414465534,0.4599343898925932,0.8230196868849435,66.55591359007458,45.993438989259325,82.30196868849436
-66.61_18.22,-66.61,18.22,414.5,0.3964757462582101,1.3898498197534799,-0.6294654058928683,0.3097205143741339,0.1393419281360797,0.11116955441825853,0.6168022873068264,30.972051437413388,11.116955441825853,61.68022873068264
-66.61_18.46,-66.61,18.46,24.3,0.5520883800836862,-0.42679220085872266,0.11417142976464902,0.520367439689871,0.08116292784160377,0.3645086046677836,0.6723599243811301,52.036743968987096,36.45086046677836,67.23599243811302
-66.61_18.48,-66.61,18.48,3.25,0.6842007662400306,-0.5247940320578176,0.7455060095947859,0.40914663675143764,0.09544817380632689,0.2420735647197654,0.6002138325631997,40.914663675143764,24.207356471976542,60.02138325631997
-66.62_17.97,-66.62,17.97,5.720430107526882,0.17298178792335908,-0.5132925273363445,-1.6974914130299088,0.8422615755347013,0.09391422564986698,0.5719200750731109,0.9552386293595033,84.22615755347013,57.1920075073111,95.52386293595033
-66.62_17.98,-66.62,17.98,3.4,0.20666879261306043,-0.5240956817167315,-1.5365089982066704,0.8247530473252322,0.09530964854606101,0.5637627787980724,0.9448686997310174,82.47530473252323,56.37627787980723,94.48686997310173
-66.62_18,-66.62,18,10.421052631578947,0.32938924718875917,-0.4914079850497499,-0.9500562901734995,0.7367457486324912,0.09690687378230589,0.512456505112224,0.8816771216557582,73.67457486324912,51.245650511222394,88.16771216557582
-66.62_18.01,-66.62,18.01,15.384615384615385,0.18854023272586573,-0.4682992801058453,-1.6231411988071733,0.8285458785330166,0.09749443495946124,0.5573043704355456,0.9488497905594705,82.85458785330167,55.73043704355456,94.88497905594706
-66.62_18.04,-66.62,18.04,66.4054054054054,0.469580710514863,-0.23076337268247554,-0.2801136665498822,0.5621871637130647,0.08606029050350693,0.392871503617504,0.7181583109600399,56.21871637130646,39.2871503617504,71.81583109600399
-66.62_18.48,-66.62,18.48,3.923076923076923,0.756103867276368,-0.5216604087324309,1.0891143221987136,0.34102356193386685,0.10441940851607144,0.17229686611717548,0.5626596484129966,34.10235619338668,17.229686611717547,56.26596484129966
-66.62_18.49,-66.62,18.49,2.789473684210526,0.45765636574427887,-0.526938090122556,-0.3370973560775041,0.6326737991387241,0.08718740236624106,0.4522448499412866,0.7822818914071401,63.26737991387241,45.22448499412866,78.22818914071401
-66.63_18.37,-66.63,18.37,212.08333333333334,0.7262566084991879,0.44746483169884127,0.9464811662365431,0.20698590012166146,0.055028657196454486,0.11917500515974454,0.3348979264790489,20.698590012166147,11.917500515974453,33.48979264790489
-66.63_18.38,-66.63,18.38,201.625,0.5914008225812587,0.3987742940286654,0.30203651258080294,0.3183360142178472,0.06422255674766265,0.20726378113790256,0.4547837422761254,31.833601421784717,20.726378113790254,45.47837422761254
-66.63_18.47,-66.63,18.47,2.126984126984127,0.6787254233937977,-0.5300224221775899,0.7193406107565455,0.4155239570272058,0.09504082814336355,0.24821113261292327,0.6048762187877659,41.55239570272058,24.821113261292325,60.48762187877659
-66.63_18.48,-66.63,18.48,5.766666666666667,0.8142506942782387,-0.5130772652240383,1.3669845784382628,0.28919874216566577,0.10930951591846583,0.12548275265590236,0.5356758334724274,28.919874216566576,12.548275265590236,53.567583347242746
-66.63_18.49,-66.63,18.49,6.732323232323233,0.734539737645699,-0.5085814879440491,0.9860643272976318,0.3582367929296213,0.10094679740159732,0.19098634128464753,0.5689487798361562,35.823679292962126,19.098634128464752,56.89487798361562
-66.64_17.98,-66.64,17.98,5.25,0.766382250308876,-0.5154826941766685,1.138232340743033,0.3306772241645965,0.10513629810100171,0.16298992857333125,0.5562361410584631,33.06772241645965,16.298992857333126,55.62361410584631
-66.64_18,-66.64,18,13.166666666666666,0.13517138553157468,-0.47862531506378636,-1.8781785931023067,0.8579254305563354,0.09292488904185214,0.5754068979385268,0.9641666151630426,85.79254305563354,57.540689793852685,96.41666151630426
-66.64_18.04,-66.64,18.04,70.5,0.6008061123072582,-0.2117002958041769,0.34698221986912337,0.4273781045265273,0.07394535563913551,0.29219015713216195,0.5743588179467881,42.73781045265273,29.219015713216194,57.435881794678814
-66.64_18.22,-66.64,18.22,343.375,0.6788060654477305,1.0587153663551125,0.7197259805066312,0.1597644578421776,0.05057358957490409,0.08329632013307982,0.28463536972463754,15.976445784217761,8.329632013307982,28.463536972463753
-66.64_18.28,-66.64,18.28,184.59615384615384,0.7119985923942592,0.31949362389638086,0.878345400403324,0.23509682496678683,0.05837516188307782,0.13991516861687012,0.3673717035400631,23.509682496678682,13.991516861687012,36.73717035400631
-66.64_18.3,-66.64,18.3,102.4,0.7864104178241347,-0.06318445659984766,1.2339423274512415,0.23850703717284796,0.07772448155613988,0.11924027514305222,0.4201591873321123,23.850703717284798,11.924027514305221,42.01591873321123
-66.64_18.34,-66.64,18.34,325.4375,0.7908320697701878,0.975204304733556,1.2550723808454254,0.1150276772867214,0.042255619560057266,0.054476769701699894,0.22674144630598578,11.50276772867214,5.447676970169989,22.674144630598576
-66.64_18.47,-66.64,18.47,2.125,0.65992717886911,-0.5300316596159641,0.6295081419485635,0.43396160158773966,0.09264074022747491,0.2679809850263633,0.6162067957582482,43.39616015877397,26.798098502636332,61.62067957582482
-66.64_18.49,-66.64,18.49,4.850746268656716,0.4770352432136196,-0.5173414873730919,-0.24449017653411637,0.612527198993841,0.08589230290651277,0.43748835593513535,0.7626488711323246,61.252719899384104,43.74883559351353,76.26488711323246
-66.65_17.99,-66.65,17.99,10.2,0.3365099626571216,-0.4924371329208243,-0.9160280356009993,0.7313321487778887,0.09650885466739716,0.5096751323442625,0.8769736491640833,73.13321487778886,50.96751323442626,87.69736491640833
-66.65_18.08,-66.65,18.08,194.66153846153847,0.7833620226111009,0.3663547224251643,1.2193747508070705,0.18166365819242358,0.05794614766458982,0.09371630005561926,0.3227521298299387,18.16636581924236,9.371630005561926,32.27521298299387
-66.65_18.27,-66.65,18.27,259,0.26607431216089256,0.6658932994941321,-1.2526237410065035,0.5800191713891468,0.16667670844513913,0.2653748298519402,0.8407636893965985,58.001917138914685,26.53748298519402,84.07636893965986
-66.65_18.31,-66.65,18.31,105.16666666666667,0.8087547158635758,-0.050303772530924655,1.3407205669846323,0.22075557706538462,0.07801842920932803,0.10431412501090144,0.4079722550035722,22.07555770653846,10.431412501090144,40.79722550035722
-66.65_18.33,-66.65,18.33,332,0.6299796578239084,1.0057571321560768,0.48639585576480077,0.1946572519519827,0.058302625793655416,0.1044288192931192,0.33378858627332,19.465725195198267,10.44288192931192,33.378858627332
-66.65_18.45,-66.65,18.45,20.166666666666668,0.42332874329202297,-0.44603563247976424,-0.5011411352263814,0.648936108943103,0.09056922313556227,0.45888826272504485,0.8011585540297127,64.8936108943103,45.88882627250449,80.11585540297126
-66.65_18.48,-66.65,18.48,4.333333333333333,0.6608673421332365,-0.5197503907055285,0.6340009650410675,0.4309411485566574,0.09218476507159061,0.26604493197807955,0.612719486512224,43.09411485566574,26.604493197807955,61.271948651222395
-66.66_18.11,-66.66,18.11,609.1428571428571,0.8842415741071739,2.2960425242581755,1.7014548275521486,0.02898642581274832,0.019185367959704994,0.007786957943232676,0.10196878997299892,2.898642581274832,0.7786957943232675,10.196878997299892
-66.66_18.33,-66.66,18.33,156.58333333333334,0.8854309031208529,0.18907520549695186,1.7071383562126807,0.14582489786733063,0.06581789254450178,0.05714175992852379,0.32473877409763047,14.582489786733063,5.714175992852379,32.47387740976305
-66.66_18.48,-66.66,18.48,3.1,0.6997594491244499,-0.5254923823989038,0.8198573615559924,0.39427628221312505,0.09754506931789207,0.2261983803547829,0.5917389955497343,39.4276282213125,22.61983803547829,59.17389955497343
-66.66_18.49,-66.66,18.49,12.247619047619047,0.5195143636939099,-0.48290409651869537,-0.04149227103689636,0.5643520896141386,0.0833221503573344,0.400017396882679,0.7156693700288524,56.43520896141386,40.001739688267904,71.56693700288524
-66.67_17.97,-66.67,17.97,3.1722054380664653,0.5103504843755137,-0.5251562177835571,-0.08528433374513576,0.5819285580966885,0.08442266940822647,0.4135213988964361,0.7331801303218549,58.192855809668856,41.35213988964361,73.31801303218549
-66.67_17.98,-66.67,17.98,50.1875,0.36091867017772805,-0.30626857115959816,-0.7993844599677333,0.6789406552824505,0.10067015982145813,0.46101292204929434,0.8394418479788287,67.89406552824505,46.101292204929436,83.94418479788287
-66.67_18.09,-66.67,18.09,221,0.8685816667299356,0.48897787975229795,1.6266197471192851,0.12466476220817146,0.05307134038254189,0.052045318198117474,0.269774775918367,12.466476220817146,5.204531819811748,26.977477591836703
-66.67_18.33,-66.67,18.33,126.4375,0.5679982667376262,0.04872618555921386,0.19020110342388866,0.40685506607041017,0.06976772478213404,0.2801706953155608,0.5472712850365433,40.68550660704101,28.017069531556082,54.727128503654335
-66.67_18.34,-66.67,18.34,98.14117647058823,0.15547624752388362,-0.08301212902911827,-1.7811463473955884,0.8003268580948987,0.12098231144576085,0.47614628490833694,0.9464531400231857,80.03268580948986,47.614628490833695,94.64531400231857
-66.67_18.45,-66.67,18.45,9.894736842105264,0.5409207594979492,-0.49385833712373656,0.060803950338041826,0.5453755342153571,0.08312888482345625,0.3834033380276122,0.6982826539698619,54.53755342153571,38.340333802761215,69.82826539698618
-66.67_18.47,-66.67,18.47,0,0.8361561310045164,-0.539924956114685,1.4716656011185576,0.27589156587886793,0.11275289630571707,0.11193431047734548,0.5352581460178052,27.589156587886794,11.193431047734547,53.52581460178052
-66.67_18.48,-66.67,18.48,2.2093023255813953,0.7816669390161409,-0.5296391758971366,1.211274337815252,0.31979092405536563,0.10774262430928071,0.1511606461457068,0.5538061473187181,31.979092405536562,15.116064614570679,55.380614731871816
-66.68_18.32,-66.68,18.32,333.7721518987342,0.8077369732509028,1.0140076847089938,1.335857010103699,0.10522722085944047,0.04071331703202848,0.04797297421348945,0.2153556064884519,10.522722085944046,4.797297421348945,21.53556064884519
-66.68_18.33,-66.68,18.33,327.1904761904762,0.7668025433853103,0.9833655815371228,1.1402408242814512,0.12447763856375016,0.043424559709780465,0.06113152765436621,0.23690170487404977,12.447763856375015,6.113152765436621,23.690170487404977
-66.68_18.37,-66.68,18.37,28,0.5290338145737031,-0.4095662257785967,0.0039989860379367245,0.5398570887144813,0.08142062467291489,0.381628752455435,0.6904396256355227,53.98570887144813,38.162875245543496,69.04396256355227
-66.68_18.45,-66.68,18.45,6.964285714285714,0.6557579961565928,-0.5075015474213977,0.6095845807093684,0.43347991983498096,0.09089579735750232,0.2702968027213438,0.6124881447862714,43.3479919834981,27.02968027213438,61.248814478627146
-66.68_18.48,-66.68,18.48,3.8,0.5259024068108735,-0.5222334141405016,-0.010965288408543104,0.566071223165813,0.08399901781675917,0.4002546329369529,0.7183078113494367,56.607122316581304,40.02546329369529,71.83078113494366
-66.69_18.26,-66.69,18.26,174.57142857142858,0.672223819847523,0.27282182179704945,0.6882709490652344,0.2726238156058503,0.0594997238200114,0.17229680850530688,0.40293136955234543,27.26238156058503,17.229680850530688,40.293136955234544
-66.69_18.32,-66.69,18.32,342.6,0.8134703978377699,1.0551072229261673,1.3632557219720465,0.09996875830752763,0.03967726570193089,0.044707402612312645,0.20861982080216107,9.996875830752764,4.470740261231264,20.86198208021611
-66.69_18.37,-66.69,18.37,250.25806451612902,0.6831560108948136,0.6251937419813671,0.7405133651040772,0.21120668511902252,0.05319898472041643,0.1252603462060413,0.3336322659466206,21.120668511902252,12.526034620604129,33.36322659466206
-66.69_18.38,-66.69,18.38,220.2,0.4183421004908935,0.4852533445998382,-0.5249711494226913,0.4654336594623726,0.11256967986850286,0.2640051527329248,0.6788042319510694,46.54336594623726,26.40051527329248,67.88042319510694
-66.69_18.45,-66.69,18.45,5,0.7840800939097596,-0.5166466114118121,1.2228062476925352,0.3153548012939292,0.10703433183785777,0.14844568354751017,0.5489525313148165,31.53548012939292,14.844568354751017,54.895253131481645
-66.69_18.46,-66.69,18.46,1.8571428571428572,0.7086007921853793,-0.5312787137964751,0.8621080979850531,0.3869711289539897,0.09908202667288395,0.21777430689755276,0.5886918502199632,38.69711289539897,21.777430689755274,58.869185021996316
-66.69_18.48,-66.69,18.48,4.218390804597701,0.37694003243451746,-0.520285525066514,-0.7228220701496699,0.7031209685489809,0.09321113611362912,0.4967515941877709,0.8503567960213441,70.31209685489809,49.675159418777085,85.03567960213441
-66.6_17.97,-66.6,17.97,4.7846153846153845,0.37827603193227766,-0.5176493708759359,-0.7164376371217664,0.7015423778096997,0.09318128606034586,0.4956013397244327,0.84901569786495,70.15423778096998,49.56013397244327,84.901569786495
-66.6_17.99,-66.6,17.99,7.2,0.5325857318567654,-0.506404139742548,0.020972778357755652,0.5562296246601278,0.08353132654504199,0.3923635447699666,0.7087118084005376,55.62296246601278,39.23635447699666,70.87118084005375
-66.6_18,-66.6,18,14,0.37217213671256677,-0.47474559094664087,-0.7456067425779568,0.6992125150199827,0.09468482638412304,0.49029194047242014,0.8488921844299243,69.92125150199827,49.029194047242015,84.88921844299243
-66.6_18.01,-66.6,18.01,19.2,0.18936094582650267,-0.45053611245565306,-1.6192192004569317,0.825968506747161,0.09857235494653904,0.5531191198624348,0.9479135970262483,82.59685067471611,55.31191198624348,94.79135970262483
-66.6_18.17,-66.6,18.17,1084.857142857143,0.7972114576199067,4.510810748845799,1.285558001950698,0.006691736783654554,0.008237232739035765,5.933988359827387e-4,0.07100949162235662,0.6691736783654554,0.05933988359827387,7.100949162235662
-66.6_18.35,-66.6,18.35,245.375,0.80656202076771355,0.6024598101788035,1.330242183561873,0.1425597301958678,0.05027417210155447,0.06911932903585949,0.2712906461759412,14.25597301958678,6.911932903585949,27.129064617594118
-66.6_18.36,-66.6,18.36,203.51764705882354,0.722033798141429,0.4075858321559,0.9263013308669579,0.21532124146398277,0.0560474029149177,0.12528464835393588,0.34457400461599547,21.532124146398278,12.528464835393589,34.45740046159955
-66.6_18.37,-66.6,18.37,194.3846153846154,0.5040393578058268,0.36506546025700515,-0.11544374995924336,0.40546173121250784,0.08329442068148861,0.25731219225292934,0.5730897404928643,40.54617312125078,25.731219225292932,57.308974049286434
-66.6_18.38,-66.6,18.38,197.92857142857142,0.5730638007021505,0.38156494633761284,0.2144081202688011,0.3377053106025082,0.06732253586422077,0.22037323890680238,0.479116839881751,33.77053106025082,22.037323890680238,47.9116839881751
-66.6_18.45,-66.6,18.45,40.20522875816994,0.7280283944707943,-0.35274272133657725,0.9549481221706313,0.33487533711323453,0.09020531135341753,0.18542970310921314,0.5268622549750266,33.48753371132345,18.542970310921312,52.68622549750266
-66.6_18.47,-66.6,18.47,4.666666666666667,0.6281300904341964,-0.5181985010586703,0.47755720039853206,0.46309654768369657,0.08841932089056541,0.300509194266637,0.6339288108907329,46.309654768369654,30.050919426663704,63.39288108907329
-66.6_18.49,-66.6,18.49,7.25,0.42869204829421803,-0.5061713562955193,-0.47551113936774486,0.6553730933519841,0.08946621702761436,0.4666424112544967,0.8051993890147414,65.53730933519842,46.66424112544967,80.51993890147415
-66.71_18.14,-66.71,18.14,757.75,0.7945204134952297,2.9879081836057058,1.2726981236214492,0.02353342693003352,0.01896852629427842,0.004756989437607613,0.10835401153945302,2.353342693003352,0.4756989437607613,10.835401153945302
-66.71_18.24,-66.71,18.24,222.25,0.7519410171844426,0.49479746592801616,1.0692210230906998,0.1845865923747635,0.05372997769891808,0.10108415168702937,0.31304603609047366,18.45865923747635,10.108415168702937,31.304603609047366
-66.71_18.26,-66.71,18.26,178.66666666666666,0.5868612882307273,0.29188789460130715,0.2803431264025713,0.34197574153519555,0.06522444967389979,0.2274796718722108,0.4784117936208857,34.197574153519554,22.74796718722108,47.84117936208857
-66.71_18.27,-66.71,18.27,138.73684210526315,0.31086993004705193,0.10598785058818873,-1.038555829441259,0.647413725557693,0.12538954177625503,0.3848697771901251,0.8434743176836922,64.7413725557693,38.48697771901251,84.34743176836922
-66.71_18.28,-66.71,18.28,161.1818181818182,0.5449637864529723,0.21048422857974558,0.08012464234999866,0.3968144494196732,0.07246357449829181,0.2665629523372089,0.5435442084403024,39.68144494196732,26.65629523372089,54.35442084403024
-66.71_18.33,-66.71,18.33,330.3207547169811,0.8629043563740892,0.9979391220483194,1.599489192200446,0.0871793753152264,0.03851073817510412,0.035672282629204945,0.197802461476702,8.71793753152264,3.5672282629204943,19.780246147670198
-66.71_18.34,-66.71,18.34,282.234375,0.8510789067138619,0.7740648575352947,1.542978099563705,0.10761775808341666,0.04441301487686115,0.046454385767802475,0.22989549339144727,10.761775808341666,4.645438576780247,22.989549339144727
-66.71_18.42,-66.71,18.42,16,0.6973356285483009,-0.4654342530654917,0.8082744828453186,0.38473839585977193,0.09355632161574012,0.2237202197847155,0.5757007154895245,38.473839585977196,22.37202197847155,57.57007154895245
-66.71_18.43,-66.71,18.43,12.666666666666666,0.6123448482129507,-0.48095314953407364,0.4021231736943784,0.47117561504266026,0.0852466757778911,0.31303342323309247,0.6353237249567788,47.11756150426603,31.303342323309245,63.53237249567788
-66.71_18.47,-66.71,18.47,3.5714285714285716,0.08162174735654722,-0.5232975670412044,-2.134079945737616,0.8859681494051174,0.08474191382951436,0.6001768892346258,0.9757361399848324,88.59681494051173,60.01768892346257,97.57361399848324
-66.72_18.06,-66.72,18.06,83.75,0.36040603304329644,-0.15001268234156367,-0.801834234430884,0.6505118716049785,0.10605374456398606,0.4272682908157648,0.8228220209613087,65.05118716049785,42.726829081576476,82.28220209613087
-66.72_18.16,-66.72,18.16,502.27272727272725,0.32272167973801336,1.7984905799466397,-0.9819190550320809,0.3005915310276611,0.17578961782275865,0.0770363970551311,0.6887638543998711,30.05915310276611,7.70363970551311,68.8763854399871
-66.72_18.25,-66.72,18.25,187.5,0.4576554357642299,0.3330129702430494,-0.3371018002373633,0.4576122401996023,0.09623506627790784,0.2829471181545149,0.6433586319560489,45.76122401996023,28.29471181545149,64.33586319560489
-66.72_18.26,-66.72,18.26,168.92857142857142,0.5405717061331404,0.24655054706094992,0.05913590492745464,0.3938741766910443,0.0734107331018204,0.2623602727745893,0.5428011715676873,39.38741766910443,26.23602727745893,54.280117156768725
-66.72_18.33,-66.72,18.33,358.8918918918919,0.8390103791479661,1.130956877990447,1.4853053937587666,0.0860345135022706,0.03697826212958728,0.03609809025856528,0.19133808624962673,8.60345135022706,3.609809025856528,19.133808624962672
-66.72_18.4,-66.72,18.4,200.6,0.7408855301148857,0.3940022333645764,1.0163894038387675,0.20463924813896098,0.05652670636210923,0.11524647082820778,0.33696288031743,20.4639248138961,11.524647082820778,33.696288031743
-66.72_18.45,-66.72,18.45,7.9,0.48797766479837246,-0.5031451714841458,-0.19219887111965886,0.5992257225255271,0.08511921347763991,0.4274063786283762,0.7496827427584589,59.92257225255271,42.74063786283762,74.96827427584589
-66.72_18.46,-66.72,18.46,6.2,0.43965486249001695,-0.5110598086831226,-0.4231223823751198,0.6462945901959215,0.08855144509975972,0.4609706234936616,0.7960874498794708,64.62945901959215,46.097062349366155,79.60874498794708
-66.72_18.47,-66.72,18.47,6.678571428571429,0.31911179610499,-0.5088317385472763,-0.9991698551500456,0.7474086799304609,0.09670508068167737,0.5202062596009068,0.8898107526915101,74.7408679930461,52.02062596009068,88.981075269151
-66.73_18.14,-66.73,18.14,826,0.5295082120475554,3.305657588799921,0.006266021995281031,0.050913327124336376,0.049704059621443406,0.007093684443100553,0.28713913516484163,5.091332712433638,0.7093684443100553,28.713913516484162
-66.73_18.17,-66.73,18.17,472,0.45201946560075024,1.6575507838365184,-0.3640347999251049,0.22329633450797715,0.11328948634241837,0.07399879430883675,0.508426310768291,22.329633450797715,7.399879430883676,50.8426310768291
-66.73_18.3,-66.73,18.3,426.14285714285717,0.7076156702775144,1.4440551081330268,0.8574004279180893,0.10954246446562498,0.04419386525636564,0.04818027334828226,0.23015781868206958,10.954246446562497,4.818027334828226,23.015781868206957
-66.73_18.41,-66.73,18.41,127,0.770374372416677,0.05134499933828707,1.1573097702474586,0.23298082528967579,0.07089691801145571,0.12248099426852671,0.3979609211481104,23.29808252896758,12.24809942685267,39.79609211481104
-66.73_18.47,-66.73,18.47,8,0.29937073756257193,-0.5026796045900884,-1.0935078143897679,0.7611474009406921,0.09756204697915134,0.5267712392010777,0.9012127990691654,76.1147400940692,52.677123920107775,90.12127990691654
-66.74_18.04,-66.74,18.04,87,0.8466430380617083,-0.13488175828469628,1.5217801078146582,0.20698866671288346,0.08422107647506401,0.08716006051194963,0.4164089634566448,20.698866671288346,8.716006051194963,41.64089634566448
-66.74_18.12,-66.74,18.12,877.625,0.7281670268638478,3.5460064978570838,0.9556106143575163,0.01941092409904552,0.018818729169919765,0.0028428526038426576,0.12083627901867579,1.9410924099045521,0.28428526038426577,12.08362790186758
-66.74_18.13,-66.74,18.13,782.8571428571429,0.7691697814124132,3.1047987287922747,1.1515533080589397,0.023643027411146156,0.019819455703487504,0.004480442534747461,0.11527287729291831,2.3643027411146154,0.4480442534747461,11.527287729291832
-66.74_18.14,-66.74,18.14,748.8214285714286,0.6135355239187722,2.946339710922004,0.40781313788561785,0.04905604380972165,0.04062663486117999,0.009272328367045831,0.22139105735201145,4.905604380972165,0.9272328367045831,22.139105735201145
-66.74_18.24,-66.74,18.24,306.25,0.7552204904546538,0.8858736569362812,1.0848928683986994,0.13903923490258852,0.045578849463559015,0.07112378134729266,0.2540681278090153,13.903923490258851,7.1123781347292665,25.40681278090153
-66.74_18.38,-66.74,18.38,206.5,0.4882570802898129,0.4214706801139665,-0.19086360902184293,0.40945618648771404,0.0886748048600752,0.2525643802197116,0.5872368129427579,40.9456186487714,25.25643802197116,58.723681294275785
-66.74_18.45,-66.74,18.45,70.28571428571429,0.7026692034637261,-0.21269793914858573,0.8337624054859528,0.33167064152312387,0.07968403425029764,0.19699146839820755,0.5009818929669774,33.167064152312385,19.699146839820756,50.09818929669774
-66.74_18.47,-66.74,18.47,47.292682926829265,0.4173234512416012,-0.3197458810958042,-0.5298390389106243,0.6303377781006114,0.09304730152368686,0.43807101805498244,0.7885699241763292,63.03377781006114,43.80710180549824,78.85699241763292
-66.75_18.04,-66.75,18.04,57.714285714285715,0.6125071096280977,-0.27122634868723766,0.4028985835203223,0.4279726043325255,0.07630752177023394,0.2888357338359015,0.5795167465743635,42.797260433252546,28.88357338359015,57.95167465743635
-66.75_18.19,-66.75,18.19,688.6774193548387,0.6237441708419819,2.666329115250695,0.45659790367034575,0.05879558555082829,0.0435697586789863,0.013174229679237766,0.2261890802408566,5.879558555082829,1.3174229679237766,22.61890802408566
-66.75_18.31,-66.75,18.31,371.6666666666667,0.7919218368070763,1.190432000132202,1.2602801258144134,0.09767102492185444,0.0387618063926202,0.043713424459481724,0.20402161723061532,9.767102492185444,4.371342445948172,20.402161723061532
-66.75_18.35,-66.75,18.35,314.8813559322034,0.7996077673993627,0.9260583926648848,1.297009412918064,0.11559461911573936,0.04275174818833639,0.05445190431336761,0.22878132593710582,11.559461911573935,5.445190431336761,22.878132593710582
-66.76_17.98,-66.76,17.98,8.5,0.16768294184018273,-0.5003517701198011,-1.7228133746024423,0.8436557566523175,0.09428517959152567,0.5706893451055433,0.9563409683122912,84.365575665231745,57.06893451055433,95.63409683122912
-66.76_18.13,-66.76,18.13,937.4285714285714,0.8739988041902885,3.8244321278925177,1.6525069958619325,0.00867329808940021,0.008966530266106174,0.0011318712714275519,0.06327855032506044,0.8673298089400211,0.1131871271427552,6.327855032506044
-66.76_18.4,-66.76,18.4,152.4,0.8151116308309811,0.16959899042888152,1.371098795375824,0.18705160965517492,0.0667056525974515,0.08874456901237336,0.3521720971481653,18.705160965517493,8.874456901237336,35.217209714816526
-66.76_18.41,-66.76,18.41,145.65116279069767,0.6659933662470953,0.13817863864853858,0.6584970503384169,0.3005667520719419,0.06305983351526927,0.19270722065680332,0.4361783806439029,30.05667520719419,19.27072206568033,43.61783806439029
-66.77_18.05,-66.77,18.05,84.14285714285714,0.6707668397400104,-0.14818366954348083,0.6813083776458614,0.34839251205992505,0.07400420176421844,0.2201079871741328,0.5032029453092768,34.839251205992504,22.01079871741328,50.320294530927676
-66.77_18.13,-66.77,18.13,983,0.8640225509521995,4.036597612470131,1.604832785823107,0.007578580618973738,0.008266490026769217,8.850172646934321e-4,0.06176718898229058,0.7578580618973738,0.0885017264693432,6.176718898229058
-66.77_18.15,-66.77,18.15,1013.9714285714285,0.6506481627436405,4.180790330515355,0.585165867032132,0.01570517238824602,0.018578450397448636,0.0015110007759971207,0.14400706155594956,1.5705172388246018,0.15110007759971206,14.400706155594955
-66.77_18.29,-66.77,18.29,381.55,0.7122932187397825,1.2364455281615474,0.8797533516595951,0.1254385540721506,0.04528270120232041,0.06003436672297855,0.2436287244596423,12.54385540721506,6.003436672297855,24.36287244596423
-66.77_18.48,-66.77,18.48,18.75,0.22716506636208816,-0.45263116347891164,-1.438562039924406,0.8033399786762285,0.09998197120458424,0.5416340693931674,0.9338678742606518,80.33399786762286,54.16340693931674,93.38678742606518
-66.78_18,-66.78,18,1.8,0.6817606047191139,-0.5315447520216509,0.7338450412832874,0.4128741634461403,0.09552897118037548,0.24518084068928883,0.6035525249098312,41.28741634461403,24.518084068928882,60.355252490983126
-66.78_18.29,-66.78,18.29,325.0833333333333,0.8026746523362341,0.9735554219837691,1.311665347681938,0.1104104876551316,0.041707362863322404,0.05123109949925066,0.22195813930816397,11.04104876551316,5.123109949925066,22.195813930816396
-66.78_18.3,-66.78,18.3,331.8666666666667,0.7121653628564819,1.0051363762973335,0.8791423579238008,0.1481189270268041,0.0472232157417683,0.07706176498380689,0.2658252840278851,14.81189270268041,7.706176498380689,26.58252840278851
-66.79_18.28,-66.79,18.28,481,0.8860867175332748,1.6994518043016897,1.7102723418181103,0.04636158826414994,0.025557107403750477,0.015416481395745946,0.13114814994555196,4.636158826414994,1.5416481395745945,13.114814994555196
-66.79_18.49,-66.79,18.49,6.179611650485437,0.2898274828203982,-0.5111547300887072,-1.1391128246250088,0.7692930078071253,0.09738810762922091,0.5321669077065582,0.9071903194616321,76.92930078071252,53.216690770655816,90.71903194616321
-66.7_18.14,-66.7,18.14,945.96875,0.8091069313649575,3.864192372014478,1.342403723515552,0.010864877133620422,0.011368405965590628,0.0013795466242090596,0.08032263786873735,1.0864877133620423,0.13795466242090595,8.032263786873735
-66.7_18.2,-66.7,18.2,389.25,0.8939564969912774,1.2722941790039717,1.7478802001879843,0.06291968624556046,0.031564657896976836,0.02297340972818338,0.16088696551536102,6.291968624556047,2.297340972818338,16.088696551536103
-66.7_18.27,-66.7,18.27,145.25,0.3195451176899346,0.13631095750377323,-0.9970991113786133,0.6336018941087879,0.1254105010468311,0.3749367099060863,0.8329243898109301,63.36018941087879,37.49367099060863,83.29243898109301
-66.7_18.33,-66.7,18.33,352.6,0.6920720426424098,1.1016639123319132,0.7831210215160912,0.14818875574676502,0.04865870492137403,0.07554993780530743,0.2702506864609402,14.818875574676502,7.554993780530743,27.02506864609402
-66.7_18.38,-66.7,18.38,254,0.7771630249979351,0.6426149547912592,1.1897511729780805,0.15322880989103232,0.049657536631748406,0.07873852538547423,0.27700132408471145,15.322880989103233,7.873852538547423,27.700132408471145
-66.7_18.47,-66.7,18.47,3.8461538461538463,0.7361178264752768,-0.5220185371124751,0.9936056493276274,0.35934484728257304,0.10203998245373173,0.19047377829605933,0.5721226931374552,35.9344847282573,19.04737782960593,57.21226931374552
-66.7_18.48,-66.7,18.48,1.1432432432432433,0.18237203811064243,-0.5346023940555957,-1.6526175762234747,0.8395848006679693,0.09333943054457555,0.5736646430992396,0.953178752542993,83.95848006679692,57.366464309923956,95.3178752542993
-66.81_18.08,-66.81,18.08,182.14285714285714,0.7811455911884707,0.30807188663282836,1.2087829369609973,0.19033259370667321,0.06007180587619406,0.09869046879541428,0.3354046442866476,19.03325937066732,9.869046879541427,33.54046442866476
-66.81_18.27,-66.81,18.27,467.5,0.8982166048972092,1.636600273603933,1.768238271925782,0.046515109321975945,0.02568094457276468,0.01544005415668748,0.13176263663183635,4.651510932197595,1.5440054156687482,13.176263663183635
-66.81_18.49,-66.81,18.49,8.333333333333334,0.15199191040068827,-0.5011277149432302,-1.797797189740195,0.8518666225548936,0.09303013095604545,0.5755142640495163,0.9606172518617709,85.18666225548937,57.551426404951634,96.0617251861771
-66.82_17.96,-66.82,17.96,21.2,0.7338687122075453,-0.4412247745745039,0.9828576517134763,0.3460991677174867,0.09644139998997307,0.1867227724199332,0.5495830784397113,34.60991677174867,18.67227724199332,54.958307843971134
-66.82_18.21,-66.82,18.21,683,0.8302853021714423,2.6398969302977555,1.4436102660934433,0.027112384846032078,0.019532728517945207,0.006485651750499914,0.1063194924749321,2.7112384846032076,0.6485651750499914,10.631949247493209
-66.82_18.35,-66.82,18.35,305.875,0.6645825493682657,0.8841277810835657,0.6517550823267342,0.18877417091533286,0.05315807876614171,0.10542527471882127,0.31482787186325734,18.877417091533285,10.542527471882126,31.482787186325734
-66.82_18.48,-66.82,18.48,24.295454545454547,0.276893060257275,-0.42681336299027073,-1.2009234426284647,0.7660700539297619,0.10147943652104886,0.5190863820131021,0.9085552891495885,76.60700539297619,51.90863820131021,90.85552891495885
-66.83_18.35,-66.83,18.35,308.5,0.6312896437144156,0.8963489120525739,0.4926559757719291,0.2084177681379474,0.058032882126324285,0.11671413611827165,0.344104253935658,20.84177681379474,11.671413611827166,34.4104253935658
-66.83_18.49,-66.83,18.49,5.621621621621622,0.4326505157393119,-0.5137525469352388,-0.4565945377232775,0.6532018627421867,0.08908664910324317,0.4656423554029624,0.8028074410357083,65.32018627421867,46.56423554029624,80.28074410357084
-66.84_18.14,-66.84,18.14,887.4,0.731694186675695,3.5915156617512003,0.9724660964405588,0.018446817465738362,0.018111375327287436,0.0026389478397010426,0.11776616619878441,1.844681746573836,0.26389478397010424,11.77661661987844
-66.84_18.19,-66.84,18.19,454.6666666666667,0.6667611965381062,1.5768525221998924,0.6621663339556437,0.114901038271371,0.04943342347609355,0.04768307892848579,0.2518188414371578,11.490103827137101,4.768307892848579,25.181884143715784
-66.84_18.34,-66.84,18.34,330,0.49078716437650405,0.9964457942749275,-0.17877292153765992,0.29869114324157336,0.09677705139467867,0.14691073312664624,0.5129876843815826,29.869114324157337,14.691073312664624,51.29876843815826
-66.84_18.43,-66.84,18.43,148.5,0.7882084154440911,0.15144188156064062,1.2425345427987675,0.20648957694355233,0.06685506868177109,0.10471261745669684,0.3666748807377011,20.648957694355232,10.471261745669684,36.66748807377011
-66.84_18.48,-66.84,18.48,7.132075471698113,0.5624923078190015,-0.5067203738592663,0.1638893974469923,0.5264956828559929,0.08370314746124267,0.3654036653825449,0.6822542017425044,52.649568285599294,36.54036653825449,68.22542017425044
-66.84_18.49,-66.84,18.49,3.586690017513135,0.057810183624161945,-0.5232265148006803,-2.2478699091275254,0.8952692038945324,0.08195201276746977,0.6065046821290994,0.9793428285213797,89.52692038945324,60.650468212909935,97.93428285213797
-66.85_17.95,-66.85,17.95,6.833333333333333,0.32440252006711096,-0.5081112183540921,-0.9738867073180931,0.7432639505898384,0.096523370505811,0.5178920488110587,0.8863921317145367,74.32639505898383,51.78920488110587,88.63921317145366
-66.85_17.96,-66.85,17.96,16.153846153846153,0.6141157898129679,-0.4647179963054033,0.41058609457166434,0.46605030007409715,0.08464457290943161,0.3094519092177978,0.6296386135345662,46.60503000740972,30.94519092177978,62.96386135345662
-66.85_18.03,-66.85,18.03,38.6,0.2864181387439825,-0.36021613500850613,-1.1554052925199803,0.7488985949950142,0.10438700491010729,0.5011907663738328,0.8985056968891302,74.88985949950143,50.11907663738327,89.85056968891301
-66.85_18.47,-66.85,18.47,108.07142857142857,0.5615678021428742,-0.03678016275116042,0.15947139835114899,0.4304030885588492,0.07168364025242611,0.2987411081019635,0.5727025976748673,43.040308855884916,29.874110810196353,57.27025976748673
-66.85_18.48,-66.85,18.48,33.2,0.2483940880329103,-0.3853567472876089,-1.337113448564528,0.7801003219000648,0.10389397829516084,0.51979374760753,0.9208014033206058,78.01003219000648,51.979374760753004,92.08014033206058
-66.85_18.49,-66.85,18.49,7.3053097345132745,0.7301238935896064,-0.5059138524824345,0.9649620284681382,0.36181100473910605,0.10022184077047297,0.19494105617653507,0.5703289289268427,36.181100473910604,19.494105617653506,57.03289289268427
-66.86_17.95,-66.86,17.95,5,0.14458773004595882,-0.5166466114118121,-1.8331800575335884,0.8571623420928702,0.09149640802239226,0.5810843957007723,0.9629099330345767,85.71623420928702,58.10843957007723,96.29099330345767
-66.86_17.96,-66.86,17.96,27.303571428571427,0.46417375668717065,-0.4128085666479254,-0.3059522500641288,0.6041594206779743,0.08655628403305482,0.4288494933468617,0.7562446427105145,60.41594206779743,42.88494933468617,75.62446427105145
-66.86_18.1,-66.86,18.1,182.73333333333332,0.6917962562541563,0.31082094829297713,0.7818031020642022,0.2513442105937912,0.0584853763707516,0.15438246672878492,0.38171439407226065,25.134421059379118,15.438246672878492,38.17143940722607
-66.86_18.49,-66.86,18.49,12.066666666666666,0.4152354484946119,-0.48374655089841845,-0.539817121778605,0.6633259086574912,0.09086142533507,0.4702162979124167,0.813903755637298,66.33259086574913,47.02162979124167,81.3903755637298
-66.87_17.94,-66.87,17.94,4.904761904761905,0.7897568027047313,-0.5170900084537716,1.2499339278908943,0.31053432130440223,0.10760159498638949,0.14397728881752325,0.546712468475173,31.05343213044022,14.397728881752325,54.671246847517295
-66.87_17.95,-66.87,17.95,5.24,0.47413687549180095,-0.5155292508660743,-0.25834080644918095,0.6149289046572265,0.08606117092895307,0.43923560225293257,0.7650237182714008,61.49289046572265,43.92356022529326,76.50237182714008
-66.87_17.96,-66.87,17.96,63.6,0.6410392291756173,-0.24382441149414152,0.5392469928578025,0.39474612357205635,0.07643913690703073,0.25836877816432413,0.549748316057266,39.474612357205636,25.836877816432413,54.97483160572661
-66.87_17.97,-66.87,17.97,160.8188976377953,0.6971496750769327,0.20879459067504175,0.8073858541547788,0.2634186130058069,0.06143154705542759,0.16126863629014448,0.3994561603310056,26.34186130058069,16.126863629014448,39.94561603310056
-66.87_17.98,-66.87,17.98,187.33333333333334,0.7273155199142264,0.3322370254196203,0.9515414593153425,0.22238622038995676,0.058203775749569,0.1288140641850579,0.3561432290059269,22.238622038995675,12.881406418505788,35.61432290059269
-66.87_18.3,-66.87,18.3,293.6666666666667,0.45659813291766116,0.8272898227673844,-0.34215440633897243,0.3598738861575067,0.10698665494267941,0.18449819831015682,0.5828151891483556,35.98738861575067,18.44981983101568,58.28151891483556
-66.87_18.45,-66.87,18.45,129,0.5240956968104816,0.06065633721943624,-0.019599138209896866,0.4475328690322528,0.07650625962382071,0.30637533770966036,0.5976858734902608,44.75328690322528,30.637533770966037,59.76858734902608
-66.87_18.49,-66.87,18.49,4.025367156208278,0.551054179287109,-0.5211841792711172,0.10922922302413648,0.5409087774608609,0.08394536535265351,0.37788076217870653,0.6956263281906464,54.090877746086086,37.78807621787065,69.56263281906465
-66.88_17.95,-66.88,17.95,9.612745098039216,0.38904593139795923,-0.4951711973280833,-0.6649707750674217,0.6884247539418706,0.09287583756194834,0.486031059335443,0.8377281477582978,68.84247539418706,48.6031059335443,83.77281477582979
-66.88_17.96,-66.88,17.96,44.875,0.4728504894858563,-0.3310018124064006,-0.26448814805878096,0.5793497427166348,0.08550852145592,0.40912352918274514,0.7325891954070284,57.93497427166348,40.912352918274514,73.25891954070283
-66.88_17.98,-66.88,17.98,112.47619047619048,0.765662941744144,-0.016273049560534242,1.134794931248772,0.24665610369064556,0.07405713192457068,0.1303725839426224,0.4169309441727192,24.665610369064556,13.037258394262242,41.69309441727192
-66.88_18.02,-66.88,18.02,49.84,0.5534862394579378,-0.3078864161164478,0.12085147685471054,0.4943063314258506,0.07790534335394797,0.34668981947813193,0.6429222419707032,49.43063314258506,34.668981947813194,64.29222419707033
-66.88_18.14,-66.88,18.14,735.3333333333334,0.7309651318603135,2.8835436048544922,0.9689821118655072,0.03280635107389327,0.025582295282373442,0.006936537759976494,0.1414180897374034,3.280635107389327,0.6936537759976493,14.141808973740341
-66.88_18.29,-66.88,18.29,359.14285714285717,0.40973389745370636,1.1321252891145297,-0.566107763525956,0.3450736786003537,0.1309755787578416,0.1447173837524659,0.6213117406072112,34.50736786003537,14.47173837524659,62.131174060721115
-66.88_18.47,-66.88,18.47,101.45,0.5903506480579506,-0.06760734209339353,0.29701797108964834,0.4085007232711701,0.07000037019679534,0.28130964348154247,0.5492500517237283,40.85007232711701,28.130964348154247,54.925005172372835
-66.88_18.48,-66.88,18.48,79.43103448275862,0.760798829092297,-0.17012035595559702,1.1115504603354533,0.2750152868980201,0.08220197089066773,0.14462623543448286,0.45977164892576994,27.501528689802008,14.462623543448286,45.977164892576994
-66.88_18.49,-66.88,18.49,35.57142857142857,0.622941425325567,-0.3743161609428177,0.4527617682551806,0.4386948157810094,0.08116607892244374,0.29059350743831774,0.5985871672128258,43.86948157810094,29.059350743831775,59.858716721282576
-66.89_18.48,-66.89,18.48,30.80351602895553,0.5659836163554045,-0.3965139832781855,0.18057355456515142,0.5001518472258208,0.08014777024635954,0.34802324373001736,0.6522523421747257,50.015184722582084,34.80232437300174,65.22523421747258
-66.8_18.03,-66.8,18.03,24.772727272727273,0.2153495927476414,-0.42459133917772374,-1.4950254593424994,0.807129084609302,0.10120061642431089,0.5392465212655702,0.9373571761673493,80.7129084609302,53.924652126557014,93.73571761673493
-66.8_18.49,-66.8,18.49,6.315789473684211,0.07229237334356402,-0.5105207312268456,-2.1786628693674612,0.8886525465193096,0.08442007026385222,0.5998587467020972,0.9770052255974194,88.86525465193095,59.98587467020972,97.70052255974194
-66.91_17.97,-66.91,17.97,4.5,0.18470203081041606,-0.5189744458820994,-1.6414830792628485,0.836555474312454,0.0943684197646189,0.5695692156876799,0.9519167915735345,83.65554743124541,56.956921568767996,95.19167915735345
-66.91_17.98,-66.91,17.98,11.166666666666666,0.23150912860029005,-0.4879366529449355,-1.4178027698233757,0.8052071546245796,0.0981970549526394,0.5478784891664906,0.933777832463618,80.52071546245796,54.78784891664906,93.3777832463618
-66.91_18.07,-66.91,18.07,168.67592592592592,0.750471042163059,0.24537431324130743,1.0621963519793347,0.21879864237359986,0.06168698038915225,0.12131558949201847,0.3623147140513041,21.879864237359985,12.131558949201846,36.231471405130414
-66.91_18.36,-66.91,18.36,213,0.581053249451953,0.45173252822770127,0.25258785054452126,0.3178129965066444,0.06598734850035759,0.20417975612267616,0.4582701053047896,31.78129965066444,20.417975612267618,45.827010530478965
-66.91_18.43,-66.91,18.43,211.6,0.6965330052194492,0.44521459171089683,0.8044389313362965,0.22758413583684006,0.055406339723693784,0.13708022287867236,0.35337178625296883,22.758413583684007,13.708022287867236,35.337178625296886
-66.91_18.48,-66.91,18.48,60.392857142857146,0.6422817160348285,-0.2587558068821271,0.545184550584421,0.3965164068665576,0.0771784225053067,0.25881295753260164,0.5528381108186898,39.65164068665576,25.881295753260165,55.28381108186898
-66.92_18.07,-66.92,18.07,218.66666666666666,0.7615815176666786,0.4781146522242905,1.1152907482571346,0.18087484520735628,0.054180598001145004,0.09733660983424228,0.3113772101857235,18.08748452073563,9.733660983424228,31.13772101857235
-66.92_18.12,-66.92,18.12,639.8,0.8649771717798282,2.4387720320649335,1.6093946982723673,0.027851283762939223,0.019047464448777682,0.007164341627554964,0.10212709283296567,2.7851283762939225,0.7164341627554964,10.212709283296567
-66.92_18.15,-66.92,18.15,784.8,0.8902607880901567,3.113844028448248,1.7302192609365932,0.014566409641824228,0.012426570332887224,0.002701831393862284,0.07463303196589292,1.4566409641824227,0.2701831393862284,7.463303196589292
-66.92_18.16,-66.92,18.16,790.6,0.6794938631578988,3.140846908303581,0.7230128069049023,0.032587721885349565,0.028157327901419595,0.005816420729933391,0.16244580565815872,3.2587721885349565,0.581642072993339,16.244580565815873
-66.92_18.37,-66.92,18.37,211.66,0.8155977683400938,0.4454939318473313,1.3734219342501162,0.1544394254894477,0.05527375738343462,0.07379605805114167,0.29512810064932593,15.44394254894477,7.379605805114167,29.512810064932594
-66.92_18.38,-66.92,18.38,198,-0.027896175075084715,0.3818974941190825,-2.6574408020044866,0.8505125957762022,0.13823794318967864,0.40313846189762803,0.9795609914802703,85.05125957762021,40.313846189762806,97.95609914802704
-66.92_18.4,-66.92,18.4,209.26666666666668,0.649792187370764,0.43435136418288955,0.5810753584272814,0.26398550576887825,0.05755611944530125,0.16715160395935058,0.3906071510518107,26.398550576887825,16.715160395935058,39.06071510518107
-66.92_18.48,-66.92,18.48,68.61538461538461,0.8089280574846758,-0.2204744411152598,1.3415489265556622,0.24587385170614848,0.08838488783158473,0.11354759270940655,0.45351544084185064,24.587385170614848,11.354759270940654,45.351544084185065
-66.93_17.97,-66.93,17.97,12.763157894736842,0.4177233930484113,-0.4805039183205094,-0.5279278093892672,0.6604886677673805,0.09068231002198707,0.4682622793097411,0.8112368615247049,66.04886677673805,46.82622793097411,81.12368615247048
-66.93_18.38,-66.93,18.38,210.89565217391305,0.7145104847337703,0.4419353814136226,0.8903491537294282,0.21560767304328296,0.055227749418837166,0.12658574905677497,0.3426723746278641,21.560767304328294,12.658574905677497,34.26723746278641
-66.93_18.46,-66.93,18.46,138.65217391304347,0.5457683672036744,0.10559366351541696,0.08396954792594372,0.4170396287455237,0.07250171270036694,0.2850736666256538,0.562067204729449,41.70396287455237,28.50736666256538,56.2067204729449
-66.94_18.46,-66.94,18.46,155.95333333333335,0.6508574386219975,0.18614213406438992,0.5861659481189635,0.3049905286282632,0.06182910205388676,0.19855675617949378,0.4373435149582489,30.49905286282632,19.855675617949377,43.73435149582489
-66.94_18.47,-66.94,18.47,118.375,0.23165517782102335,0.011189854725831283,-1.417104834330052,0.7319139650443128,0.1281476103054576,0.4315113712082556,0.9075765754247722,73.19139650443128,43.15113712082556,90.75765754247722
-66.94_18.49,-66.94,18.49,68.33333333333333,0.641789700582621,-0.2217875785087552,0.5428333223776894,0.3896684685208827,0.07551762878718168,0.25520213026605076,0.543302486160602,38.966846852088274,25.520213026605077,54.330248616060196
-66.95_17.93,-66.95,17.93,12.833333333333334,0.41964835517200805,-0.48017720471064457,-0.518728860003464,0.6586927537804336,0.09051380873510073,0.4671398270145033,0.8094713244404854,65.86927537804335,46.71398270145033,80.94713244404855
-66.95_17.94,-66.95,17.94,10.215189873417721,0.2096323655257994,-0.49236641389894215,-1.5223467677444498,0.8191588896389685,0.09718789780197883,0.5559634016342772,0.9424876470604575,81.91588896389686,55.59634016342771,94.24876470604575
-66.95_18.12,-66.95,18.12,551.1,0.7199284622265257,2.025814197035968,0.9162404167929075,0.06738007959029149,0.03683236800976801,0.022391220062625315,0.18560027575355947,6.738007959029149,2.2391220062625314,18.560027575355946
-66.95_18.15,-66.95,18.15,785.7777777777778,0.6610665514918408,3.1183962380790327,0.6349529405550352,0.03563695874738041,0.030750988484958965,0.006356960499299903,0.17590504326478615,3.563695874738041,0.6356960499299903,17.590504326478616
-66.95_18.46,-66.95,18.46,140.38983050847457,0.8308056699535673,0.11368361735615012,1.446096983536396,0.1845409177820085,0.06973521180457441,0.08362141427594857,0.3594780858468403,18.45409177820085,8.362141427594857,35.94780858468403
-66.95_18.48,-66.95,18.48,55.95,0.8347024088547296,-0.2794402788895371,1.4647185987266753,0.23590337371134493,0.09344866432818077,0.10052748194789816,0.4602921502357767,23.590337371134492,10.052748194789816,46.02921502357767
-66.95_18.49,-66.95,18.49,43.509981851179674,0.7960076081862495,-0.337356885005184,1.279805083556829,0.27450704623783173,0.09536584424928132,0.12893394427553193,0.4916679562472114,27.450704623783174,12.893394427553192,49.16679562472114
-66.96_17.93,-66.96,17.93,13.571428571428571,0.2911025857697344,-0.4767408776354586,-1.1330194021369262,0.763261577719948,0.09887435118936,0.5245213169880798,0.9040559399773491,76.3261577719948,52.45213169880798,90.40559399773491
-66.96_17.94,-66.96,17.94,8.64516129032258,0.23518404279532995,-0.49967594720907255,-1.4002412036694523,0.8044201589385729,0.09767470807086265,0.5491759828356387,0.9328279895902732,80.44201589385729,54.917598283563876,93.28279895902732
-66.96_18.07,-66.96,18.07,104.2,0.6384002429965477,-0.05480425250681343,0.5266358874269405,0.36038858626630593,0.06886870688413266,0.23880298729721347,0.5029743097366848,36.03885862663059,23.880298729721346,50.297430973668476
-66.96_18.08,-66.96,18.08,104.28571428571429,0.26960426211861555,-0.054405195169049875,-1.2357549254607523,0.7122736823634946,0.12164511364642122,0.43612264569589715,0.8879348754945787,71.22736823634946,43.61226456958971,88.79348754945788
-66.96_18.13,-66.96,18.13,670,0.6374552326738503,2.579373234070286,0.5221199013610368,0.059750373861862445,0.042496141091501634,0.014223486233449116,0.21867496488668078,5.975037386186244,1.4223486233449116,21.867496488668078
-66.96_18.14,-66.96,18.14,746.5384615384615,0.7579516543560996,2.9357109722142636,1.0979444698747787,0.028321542109451037,0.022433573137520067,0.005863395411401464,0.12590530049570212,2.8321542109451037,0.5863395411401464,12.590530049570212
-66.96_18.42,-66.96,18.42,227,0.9077420923080746,0.5169118933957454,1.8137583761883689,0.10627547316909042,0.05093822595240485,0.03990655418230425,0.25383996579609097,10.627547316909041,3.9906554182304252,25.383996579609097
-66.96_18.49,-66.96,18.49,11.615819209039548,0.6897708229648185,-0.48584554740383,0.7721240241828536,0.39599586672417,0.0938391507134828,0.23305627948186994,0.5858362581957441,39.599586672417,23.305627948186995,58.583625819574415
-66.97_17.95,-66.97,17.95,5.666666666666667,0.44625000866637776,-0.5135428321180957,-0.39160570205989464,0.6406938016911276,0.08802937209003985,0.4573280547744819,0.7904860070712435,64.06938016911276,45.73280547744819,79.04860070712435
-66.97_18.09,-66.97,18.09,133.14285714285714,0.6996693204428974,0.07994410854467378,0.819426657403611,0.2826290510366512,0.06601590502146032,0.17226951984590466,0.42719904213196636,28.26290510366512,17.226951984590468,42.719904213196635
-66.97_18.14,-66.97,18.14,831.8923076923077,0.6519168796706539,3.3330902227113066,0.5912287721944952,0.031082696826733917,0.028894902447968093,0.004868993298683616,0.1737803152951098,3.1082696826733915,0.48689932986836165,17.378031529510977
-66.97_18.18,-66.97,18.18,440.6666666666667,0.595572726577003,1.5116731570318482,0.3219730782040135,0.1542350552857693,0.06499712146696854,0.06426318517304656,0.326253316552914,15.42350552857693,6.426318517304656,32.625331655291404
-66.97_18.41,-66.97,18.41,255.125,0.8700227502597024,0.6478525823494056,1.633506352465197,0.11040482367759563,0.047556630568467435,0.04584150185975385,0.24276396249052595,11.040482367759562,4.5841501859753855,24.276396249052596
-66.97_18.42,-66.97,18.42,228.8102189781022,0.8610815861186013,0.5253396736677345,1.5907785941493784,0.12465726058261625,0.05190057897250533,0.053086721195928936,0.26564841569074327,12.465726058261625,5.308672119592893,26.564841569074325
-66.97_18.49,-66.97,18.49,15.540229885057471,0.6089966193384606,-0.46757479050943407,0.38612276123381073,0.47175826729377596,0.08439878331534656,0.314992847007881,0.6342990842053591,47.1758267293776,31.4992847007881,63.42990842053591
-66.98_18.14,-66.98,18.14,884.5362903225806,0.7510686502417123,3.578183177551216,1.0650521829594304,0.017276936107933683,0.01682675142926204,0.0025138876572193746,0.10924250142370782,1.7276936107933683,0.25138876572193747,10.924250142370783
-66.98_18.17,-66.98,18.17,491.55555555555554,0.857388652923072,1.748594976452199,1.5731309193539118,0.0497651639614018,0.026749371881047344,0.016988710341275737,0.13696660144435463,4.97651639614018,1.6988710341275737,13.696660144435462
-66.98_18.18,-66.98,18.18,440.46153846153845,0.6525720894344714,1.5107181480183969,0.5943598683238983,0.12677445689237526,0.05248288096667379,0.054218940273176426,0.26882587006730807,12.677445689237526,5.421894027317642,26.88258700673081
-66.98_18.36,-66.98,18.36,124.625,0.8313018604490354,0.04028778560442243,1.448468163310572,0.193572605542061,0.07361602642598804,0.08696585772311678,0.3769146512835963,19.3572605542061,8.696585772311678,37.69146512835963
-66.98_18.45,-66.98,18.45,148.07142857142858,0.6923028046039492,0.149446594871823,0.7842237796318733,0.2769651069917104,0.06323674166687189,0.171010268927116,0.4156521412824514,27.69651069917104,17.101026892711598,41.565214128245145
-66.99_17.97,-66.99,17.97,9.428571428571429,0.33645458685668367,-0.4960286489606961,-0.9162926637613056,0.7319609995814874,0.09638853624382798,0.5104186522407447,0.877343285900254,73.19609995814874,51.04186522407447,87.7343285900254
-66.99_18.12,-66.99,18.12,317.75,0.761975292805511,0.9394138497528889,1.1171725086965238,0.13069345417053913,0.044376068319424304,0.06535179930903896,0.24429079806336335,13.069345417053913,6.5351799309038965,24.429079806336336
-66.99_18.13,-66.99,18.13,356.6666666666667,0.8921663077199036,1.1205969660235833,1.7393252991348633,0.0712376736916354,0.034561666065869225,0.026813703304574422,0.17595459205488584,7.123767369163541,2.681370330457442,17.595459205488584
-66.99_18.15,-66.99,18.15,805.1987767584097,0.8327446560399663,3.2088139798280912,1.4553629502013572,0.01691839153283223,0.014673383308768311,0.0030443190410751296,0.08841424049480502,1.691839153283223,0.304431904107513,8.841424049480501
-66.99_18.16,-66.99,18.16,663.25,0.8601979326006246,2.5479474687214076,1.5865558180818335,0.02598143003271774,0.018374884532337543,0.006386440651243608,0.09966742150027781,2.5981430032717743,0.6386440651243608,9.96674215002778
-66.99_18.17,-66.99,18.17,550.2330827067669,0.7966707057242576,2.021778117119816,1.2829738735372727,0.05057659136017648,0.028410072816440854,0.016431721927041513,0.14519959306367153,5.057659136017648,1.6431721927041514,14.519959306367152
-66.99_18.18,-66.99,18.18,515.1287878787879,0.5698697249508647,1.8583441420084208,0.19914436997973134,0.1316687795402245,0.0688144767656671,0.044533781262419685,0.33034700230581815,13.16687795402245,4.453378126241969,33.03470023058181
-66.99_18.2,-66.99,18.2,593.8333333333334,0.8129775102998872,2.2247664497631887,1.3609003262692967,0.0404543700672873,0.024866831414356506,0.011869470770384846,0.128899400367921,4.045437006728729,1.1869470770384847,12.8899400367921
-66.99_18.34,-66.99,18.34,83.75,0.35341043200218936,-0.15001268234156367,-0.8352645960528439,0.6568690362169801,0.10712139788313657,0.42993080871918266,0.8293288841897238,65.68690362169801,42.993080871918266,82.93288841897238
-66.9_17.95,-66.9,17.95,16.21794871794872,0.44349535178169097,-0.46441955598869983,-0.4047695710767772,0.6338264304049747,0.08846192822723163,0.4505675122910526,0.7851126653638029,63.38264304049746,45.05675122910526,78.51126653638029
-66.9_17.96,-66.9,17.96,119.09302325581395,0.598552066135147,0.014532733296534513,0.3362106538230488,0.38431870267521473,0.06765568731179848,0.26276123145481073,0.5222731184623172,38.431870267521475,26.276123145481073,52.227311846231714
-66.9_17.97,-66.9,17.97,35.61904761904762,0.7291711107243689,-0.37409446242183797,0.9604088992166371,0.3378066911723862,0.09164878945013405,0.18601793309547482,0.5324363410301409,33.780669117238624,18.60179330954748,53.243634103014095
-66.9_17.98,-66.9,17.98,18.454545454545453,0.2548789383733241,-0.4540067020295359,-1.3061238465745872,0.7853618552443382,0.10031442450273699,0.5326597408717995,0.92154719702252,78.53618552443382,53.26597408717995,92.154719702252
-66.9_18.02,-66.9,18.02,44.05,0.3508440152146594,-0.3348427392823747,-0.8475289091226781,0.6927620481597129,0.10081347747507105,0.4712125222307609,0.8508654997964267,69.27620481597128,47.12125222307609,85.08654997964267
-66.9_18.46,-66.9,18.46,111.77777777777777,0.43982158854733416,-0.01952462786823718,-0.42232563705543014,0.5483980194050779,0.0940241778626184,0.3658858026556573,0.718757759949305,54.83980194050779,36.58858026556573,71.8757759949305
-66.9_18.48,-66.9,18.48,16.77777777777778,0.6228492626995711,-0.4618131772228226,0.4523213443520782,0.4567390303352151,0.08520582371365364,0.3001639173796873,0.6223564308185057,45.67390303352151,30.01639173796873,62.23564308185057
-66_18.22,-66,18.22,65.72727272727273,0.7622658643631306,-0.23392053392964648,1.1185610830579258,0.2844964680493202,0.0861173811933911,0.14786460310486368,0.4767460444709576,28.449646804932023,14.786460310486369,47.67460444709576
-66_18.39,-66,18.39,66.20930232558139,0.3689240576841376,-0.23167636370036324,-0.7611285620555163,0.6581066328018617,0.10203369252309435,0.4417819144635764,0.8239975325950344,65.81066328018616,44.17819144635764,82.39975325950344
-66_18.4,-66,18.4,15,0.5736787402783944,-0.4700899220060663,0.21734677447287729,0.507693625261958,0.0827327633328411,0.350238818365555,0.6636367999047399,50.769362526195806,35.023881836555496,66.36367999047398
-66_18.43,-66,18.43,2.4,0.27414583263517783,-0.528751350657306,-1.2140518089153465,0.7827692458946081,0.09672382999852906,0.5416537150741751,0.916579416784345,78.2769245894608,54.16537150741752,91.6579416784345
-66_18.44,-66,18.44,8.244897959183673,0.14005325520490333,-0.5015394407679068,-1.8548492654846147,0.8578545898014476,0.09199092553663915,0.5790800778246137,0.9636021907118728,85.78545898014475,57.90800778246137,96.36021907118729
-66_18.45,-66,18.45,3.5517241379310347,0.18574246262552324,-0.5233893043602305,-1.6365110959239413,0.8364853528467228,0.09418480817405071,0.5702028578151587,0.9517512608561747,83.64853528467228,57.02028578151587,95.17512608561746
-67.01_17.98,-67.01,17.98,7.413461538461538,0.3651739298004953,-0.5054103334879254,-0.7790495570553853,0.7103515764037133,0.09438158239504936,0.49950692916226735,0.8576804392684713,71.03515764037132,49.950692916226735,85.76804392684713
-67.01_18.18,-67.01,18.18,409.76363636363635,0.8627419538317621,1.3677988786803947,1.5987131079603043,0.06568986919554533,0.03164993851140609,0.024950722790334782,0.1619022194647298,6.568986919554533,2.495072279033478,16.19022194647298
-67.01_18.21,-67.01,18.21,472.95454545454544,0.8565055639726286,1.6619948314616122,1.568910841224212,0.05345491173756384,0.02788513139566665,0.018814208753560116,0.14260615619658287,5.3454911737563835,1.8814208753560115,14.260615619658287
-67.01_18.5,-67.01,18.5,20.147058823529413,0.7353905782832724,-0.44612692010605004,0.9901302981884239,0.34563740795959397,0.09693530229504728,0.1856852800125732,0.5502673686043053,34.5637407959594,18.56852800125732,55.026736860430525
-67.01_18.51,-67.01,18.51,0.2926829268292683,0.0901711829047242,-0.5385623213028096,-2.093224167890976,0.8837623329989783,0.08480598600598234,0.6012077987197136,0.9745832688820831,88.37623329989783,60.120779871971365,97.45832688820832
-67.02_18.02,-67.02,18.02,11,0.5184695768590836,-0.4887125977683646,-0.04648506600917512,0.5665670921782952,0.08347339262171087,0.40170412820786,0.7179036246644864,56.656709217829516,40.170412820786,71.79036246644864
-67.02_18.47,-67.02,18.47,113.92307692307692,0.5846187137247281,-0.009536825269226733,0.26962638079926904,0.40243022479943447,0.06908777718842665,0.2771927810287359,0.5418346324215338,40.24302247994345,27.71927810287359,54.18346324215339
-67.02_18.49,-67.02,18.49,87.4,0.2629312048969752,-0.13301949070846641,-1.2676439246664823,0.7307599504190077,0.11755850621783272,0.4569564228116646,0.8974829374691125,73.07599504190077,45.69564228116646,89.74829374691124
-67.02_18.51,-67.02,18.51,5,0.21441795740729258,-0.5166466114118121,-1.4994775294569396,0.8192979661042102,0.09606705686292125,0.559664801128845,0.9417718964662974,81.92979661042102,55.9664801128845,94.17718964662974
-67.03_17.97,-67.03,17.97,9.67379679144385,0.4203810891569972,-0.49488696085532985,-0.5152272935266242,0.6607728538998181,0.09027566347792454,0.46938300924201204,0.81093573067814,66.07728538998181,46.9383009242012,81.09357306781399
-67.03_18.09,-67.03,18.09,58.142857142857146,0.27523486918091633,-0.26923106199841995,-1.2088475547948447,0.7430977557722396,0.10942852961480197,0.48466814775999073,0.8989498728037885,74.30977557722396,48.466814775999076,89.89498728037884
-67.03_18.51,-67.03,18.51,23.82857142857143,0.3372934053923311,-0.42898701621642216,-0.9122841437189078,0.7202274427397447,0.09867733101284361,0.49644207523598655,0.8705028425314157,72.02274427397447,49.64420752359865,87.05028425314157
-67.04_17.96,-67.04,17.96,1.6923076923076923,0.05282886066975713,-0.5320461317537126,-2.2716745010050476,0.8978028917226515,0.08083622796308916,0.6097537054472427,0.9801561406482138,89.78028917226514,60.97537054472427,98.01561406482138
-67.04_17.97,-67.04,17.97,7.495412844036697,0.381585683644631,-0.5050287953399196,-0.7006215760089958,0.6965438556664744,0.0932342210895362,0.49159222005509595,0.8449358236018775,69.65438556664743,49.1592220055096,84.49358236018774
-67.04_18,-67.04,18,25.88888888888889,0.41852628520529517,-0.41939486020869865,-0.5240909732131699,0.648291013794148,0.09140708569354176,0.4565606687897222,0.8017499534357503,64.8291013794148,45.65606687897222,80.17499534357503
-67.04_18.03,-67.04,18.03,19.138364779874212,0.5621014691392493,-0.4508230656356382,0.1620216696673221,0.5153107774925958,0.08187007358363481,0.3586588819019589,0.6690107562729214,51.53107774925958,35.86588819019589,66.90107562729214
-67.04_18.08,-67.04,18.08,61.75,0.3636543659479097,-0.25243739903420453,-0.7863112017376779,0.6666898918368978,0.1020817126983111,0.44840336860472046,0.8311258166067448,66.66898918368977,44.84033686047205,83.11258166067448
-67.04_18.09,-67.04,18.09,44,0.622054515581085,-0.3350755227294034,0.4485234314332485,0.43156570307135095,0.07937050061510022,0.28708200962055,0.5887176012862968,43.1565703071351,28.708200962055002,58.87176012862968
-67.04_18.51,-67.04,18.51,2.0833333333333335,0.3975564025982054,-0.5302256458218214,-0.6243011988400615,0.687335741345944,0.09155767727438528,0.48817100820125114,0.8351686208553435,68.7335741345944,48.81710082012511,83.51686208553434
-67.05_17.97,-67.05,17.97,9.368253968253969,0.12304339438743848,-0.4963094670872705,-1.9361354616135273,0.8654747872611421,0.09072795302607839,0.5827816521050043,0.9673542573799532,86.5474787261142,58.27816521050043,96.73542573799531
-67.05_17.98,-67.05,17.98,17.52322738386308,0.410327987196432,-0.45834261064500764,-0.5632687458606388,0.6630170973421196,0.09167651574165007,0.46818079431072046,0.8147214977849936,66.30170973421195,46.81807943107204,81.47214977849936
-67.05_18,-67.05,18,34.888888888888886,0.4826917069631412,-0.37749383974352735,-0.21745924273202413,0.579124959826259,0.08454702603510206,0.4107949622480539,0.7308706986248931,57.9124959826259,41.07949622480539,73.0870698624893
-67.05_18.01,-67.05,18.01,18.125,0.5678821570148915,-0.45554095656677074,0.18964624187646234,0.5104914925733933,0.08209677170453658,0.3539003810492818,0.665050342989546,51.04914925733933,35.39003810492818,66.5050342989546
-67.05_18.02,-67.05,18.02,19.2,0.5510419311990208,-0.45053611245565306,0.10917069224006803,0.5263307547502986,0.08185495415782544,0.3686308158495844,0.6789468608114236,52.633075475029855,36.863081584958444,67.89468608114237
-67.05_18.03,-67.05,18.03,21.821428571428573,0.530910490688686,-0.43833160887571826,0.01296718774105214,0.5439130593972846,0.08197142946552143,0.38425328900296446,0.6950308663151916,54.39130593972846,38.42532890029645,69.50308663151917
-67.05_18.04,-67.05,18.04,43.55555555555556,0.6775271845441253,-0.3371447089252143,0.71361450404768,0.3783792243521093,0.0839793080159608,0.23214779743492064,0.5506646380811676,37.83792243521093,23.214779743492066,55.06646380811676
-67.05_18.05,-67.05,18.05,52.25,0.583852511495327,-0.29666625396966306,0.26596487731244706,0.4615791789443504,0.07683767274815477,0.3186546932403864,0.611111676388058,46.157917894435045,31.865469324038642,61.111167638805796
-67.05_18.08,-67.05,18.08,65.75,0.41525610949319236,-0.23381472327190617,-0.5397183876383993,0.6155379317182571,0.09487504636764475,0.4218674701832395,0.7784083178861494,61.55379317182571,42.18674701832395,77.84083178861493
-67.05_18.51,-67.05,18.51,5.9772727272727275,0.3910022852814945,-0.5120967531289778,-0.6556218117113354,0.6897515734108944,0.09238051785973245,0.48821452654982905,0.8382232141537458,68.97515734108944,48.821452654982906,83.82232141537457
-67.06_17.97,-67.06,17.97,6.7407407407407405,0.42256790715699677,-0.5085422988115527,-0.504776995387577,0.6613450813509388,0.08994187415402938,0.47058498236730484,0.8109790428237937,66.13450813509388,47.058498236730486,81.09790428237937
-67.06_17.98,-67.06,17.98,23.33177570093458,0.5159469014148602,-0.4312999326553912,-0.05854034930215704,0.5573314728662384,0.08251275184721886,0.39528087752461305,0.7080320531907864,55.73314728662384,39.5280877524613,70.80320531907864
-67.06_17.99,-67.06,17.99,71.20689655172414,0.5634771258811241,-0.20840921948411553,0.16859561550533167,0.4637045513179458,0.07492172971003307,0.3238959382275373,0.6094615632349825,46.37045513179458,32.38959382275373,60.94615632349824
-67.06_18.02,-67.06,18.02,21.4,0.6774999699525652,-0.44029364078638894,0.713484451800289,0.3987391407764041,0.08969640709832408,0.24158598256532343,0.5799482761857405,39.87391407764041,24.158598256532343,57.99482761857405
-67.06_18.44,-67.06,18.44,192.8,0.5465700159517974,0.3576880156280947,0.08780044213875948,0.36647541380314247,0.07259744228973483,0.23862601964747646,0.5163672419810001,36.647541380314244,23.862601964747647,51.63672419810001
-67.06_18.51,-67.06,18.51,5.739130434782608,0.5813641881975427,-0.5132054648035613,0.2540737549930824,0.5089256625939046,0.08463070583198816,0.3479647143302734,0.6680570567376138,50.892566259390456,34.796471433027335,66.80570567376138
-67.07_17.97,-67.07,17.97,6.04,0.5601776521974288,-0.5118047157136145,0.15282819284072827,0.5298627427488214,0.08381677812834609,0.3682176954139552,0.6854768768625968,52.98627427488214,36.82176954139552,68.54768768625968
-67.07_18.02,-67.07,18.02,18.81294964028777,0.6333147658387456,-0.4523380907938035,0.5023335666675739,0.4443927979332188,0.08566635409103343,0.2883573136122461,0.612223937693883,44.43927979332188,28.83573136122461,61.2223937693883
-67.07_18.24,-67.07,18.24,275.5,0.8912666678866195,0.7427118370136128,1.7350261281587769,0.09529639544803878,0.04395367809801682,0.03733285214392825,0.22245844465815098,9.529639544803878,3.7332852143928252,22.245844465815097
-67.07_18.51,-67.07,18.51,10.090909090909092,0.4062574610264902,-0.49294502407797786,-0.5827208502692789,0.6730088208633392,0.09150316150801509,0.4767372904773776,0.822994475928154,67.30088208633393,47.67372904773776,82.2994475928154
-67.09_18.01,-67.09,18.01,26.77777777777778,0.7279631652677421,-0.4152564878170768,0.9546364068750429,0.3465872182263285,0.09410122632734645,0.19023487163610317,0.5449621254917829,34.65872182263285,19.023487163610316,54.49621254917829
-67.09_18.44,-67.09,18.44,173.9,0.4155486943485255,0.26969587265123507,-0.5383201921922297,0.5129013798312835,0.10718940807937481,0.3123206242913491,0.7094112486368651,51.290137983128346,31.23206242913491,70.94112486368651
-67.09_18.52,-67.09,18.52,1.6666666666666667,0.07108095386643348,-0.5321655078803941,-2.1844519632506585,0.8908911904569328,0.08300784709780194,0.6049555851589281,0.9775464369275874,89.08911904569328,60.49555851589281,97.75464369275873
-67.11_18.01,-67.11,18.01,19.573082489146167,0.7880558553051209,-0.448799163898663,1.2418054931309974,0.29996417677446685,0.10251545409883489,0.14132514899637327,0.5273203038414997,29.996417677446686,14.132514899637327,52.73203038414997
-67.11_18.02,-67.11,18.02,19.38888888888889,0.7364030568532414,-0.44965670832243343,0.9949686994250948,0.34538073466926217,0.09728238268775385,0.1850150870767014,0.5508039274657633,34.538073466926214,18.50150870767014,55.08039274657634
-67.11_18.03,-67.11,18.03,24.708333333333332,0.6023763702556997,-0.4248911360413214,0.35448611992684415,0.4695541060169691,0.08214749340734871,0.3168348978855133,0.6281963519587106,46.95541060169691,31.683489788551327,62.81963519587106
-67.11_18.23,-67.11,18.23,195.02173913043478,0.7028055344739803,0.36803169749171905,0.8344138998959836,0.2344899837478653,0.05705116702438919,0.14111536694756244,0.3635007212582267,23.44899837478653,14.111536694756243,36.35007212582267
-67.11_18.47,-67.11,18.47,107.61538461538461,0.7208055821850903,-0.03890335243285103,0.9204319704890587,0.2854319381465895,0.07233652087419179,0.16620102935726178,0.44458976164037545,28.543193814658952,16.620102935726177,44.458976164037544
-67.11_18.51,-67.11,18.51,26.37735849056604,0.8181514486025117,-0.41712070745575547,1.3856253824081575,0.27001011761214183,0.10243195523759954,0.11783109085278053,0.5059969355078621,27.001011761214183,11.783109085278053,50.599693550786206
-67.12_18.19,-67.12,18.19,216.11111111111111,0.25245102844054784,0.46621683159837773,-1.3177262673760763,0.6325681948322294,0.15672537762614608,0.3146735140128109,0.8658624503924176,63.256819483222934,31.46735140128109,86.58624503924176
-67.12_18.23,-67.12,18.23,41.81578947368421,0.5989165246164736,-0.3452444838364478,0.3379523167274003,0.4565737562778431,0.07878952121314188,0.31076673967296675,0.6102230027300322,45.657375627784305,31.076673967296674,61.02230027300322
-67.12_18.51,-67.12,18.51,10.615384615384615,0.7431574397968881,-0.4905032396685856,1.0272463354727295,0.3469161671825783,0.10077820610631581,0.181765566027625,0.5595131511372451,34.691616718257826,18.1765566027625,55.95131511372451
-67.13_17.95,-67.13,17.95,8.740963855421686,0.6966491727090854,-0.49922992218231327,0.8049940689384033,0.39205518608715645,0.09552307623360587,0.22720178960404008,0.5858453525189524,39.20551860871564,22.72017896040401,58.58453525189524
-67.13_17.96,-67.13,17.96,22.904761904761905,0.6380900694432216,-0.43328796752342913,0.5251536396554721,0.4357738233118145,0.0851612398386478,0.28146935678167423,0.6036079357043453,43.577382331181454,28.146935678167424,60.36079357043454
-67.13_17.99,-67.13,17.99,161.6883116883117,0.6194051457699583,0.21284229466653015,0.43586270502306235,0.3274934591678394,0.0626145028481318,0.21810222278977956,0.45950703689227207,32.74934591678394,21.810222278977957,45.950703689227204
-67.13_18,-67.13,18,136.71428571428572,0.6199338023556663,0.09657149761815449,0.43838903274389707,0.34860570827161164,0.06478182488527792,0.23427695924315048,0.48349831848537894,34.86057082716116,23.42769592431505,48.349831848537896
-67.13_18.11,-67.13,18.11,13.333333333333334,0.7747800666787872,-0.4778493702403573,1.1783635655557787,0.31646466713304366,0.10334728065164492,0.15362268469503185,0.5414874590976096,31.646466713304367,15.362268469503185,54.14874590976096
-67.13_18.17,-67.13,18.17,40.81818181818182,0.67794686855806,-0.3498890148130498,0.7156200770170859,0.3804728696984879,0.08471181559538973,0.23291512993933722,0.5539985996762049,38.04728696984879,23.291512993933722,55.39985996762049
-67.13_18.21,-67.13,18.21,26.833333333333332,0.7366142154141962,-0.4149978395426004,0.9959777774172236,0.33871693774784445,0.09505691668816157,0.18230692988404393,0.5406006403459372,33.87169377478445,18.230692988404392,54.06006403459372
-67.13_18.22,-67.13,18.22,35,0.6870533284166535,-0.37697654319457463,0.7591377453889324,0.3771605015241847,0.08717645017889906,0.22636166257629062,0.5561951902532605,37.71605015241847,22.63616625762906,55.61951902532605
-67.13_18.26,-67.13,18.26,12,0.6620000657487963,-0.48405692882779006,0.6394139895779708,0.4225824261508074,0.09034210086883093,0.2615655717133114,0.6019232059881567,42.25824261508074,26.15655717133114,60.19232059881568
-67.13_18.27,-67.13,18.27,12.25,0.6143006515426122,-0.4828930115926464,0.41146950608066185,0.4696207543660205,0.0854886470455029,0.311231360000896,0.6343757261627317,46.96207543660205,31.123136000089602,63.43757261627317
-67.13_18.29,-67.13,18.29,19.1,0.3572318123797196,-0.4510016793497105,-0.8170031018416644,0.7076133862561576,0.09650576396682675,0.49240234416138456,0.8579095478662702,70.76133862561575,49.240234416138456,85.79095478662701
-67.13_18.46,-67.13,18.46,120,0.6932280820810609,0.01875531675426498,0.7886454669863601,0.2984226218014366,0.0681304568854671,0.18352926443298875,0.4459559275606926,29.84226218014366,18.352926443298877,44.59559275606926
-67.13_18.5,-67.13,18.5,64.56,0.32535426589894784,-0.23935496931118994,-0.9693385338096929,0.6976523032791369,0.10709307617313121,0.46034593117323463,0.8619089566077215,69.76523032791368,46.03459311732346,86.19089566077214
-67.14_17.95,-67.14,17.95,2.7857142857142856,0.22651997933200477,-0.5269555926373701,-1.4416447618473118,0.8132962742462914,0.09598618088333884,0.5578938932822791,0.9376449116883688,81.32962742462914,55.78938932822791,93.76449116883688
-67.14_17.98,-67.14,17.98,78.41666666666667,0.5366615357348816,-0.17484291669129476,0.040450103714784524,0.48359390532394153,0.07649749558971751,0.3393877766450092,0.6305851168498475,48.35939053239415,33.93877766450092,63.05851168498475
-67.14_18.08,-67.14,18.08,47.63636363636363,0.735681495242853,-0.3181458174909504,0.9915205231460212,0.321769924501693,0.08886885023438694,0.17598606781840556,0.51311773820365,32.1769924501693,17.598606781840555,51.311773820365005
-67.14_18.19,-67.14,18.19,26.11111111111111,0.46230037524816486,-0.4183602671107931,-0.3149047072717113,0.6070560641035367,0.08674802910437118,0.43098978573253144,0.7590946587605002,60.705606410353674,43.09897857325314,75.90946587605002
-67.14_18.2,-67.14,18.2,17.9375,0.27910607575082264,-0.45641389449312847,-1.19034795271851,0.7688685581693189,0.10003574914607066,0.5246393005026772,0.9093092468672597,76.88685581693188,52.46393005026771,90.93092468672597
-67.14_18.21,-67.14,18.21,15.59375,0.3991721997815083,-0.46732561857260013,-0.6165796772970017,0.6745871772252315,0.09256167531215327,0.4756630969288082,0.8256976495082146,67.45871772252315,47.56630969288082,82.56976495082145
-67.14_18.26,-67.14,18.26,12,0.7001143957071613,-0.48405692882779006,0.8215535692937973,0.3857567711639986,0.09503695522371988,0.22247518293222587,0.5795513995191023,38.57567711639986,22.247518293222587,57.955139951910226
-67.14_18.4,-67.14,18.4,30,0.2681528234573881,-0.40025488789744756,-1.24269101558822,0.7683997458387564,0.10294244502271695,0.5163815847571317,0.9115770615914918,76.83997458387563,51.63815847571317,91.15770615914917
-67.14_18.5,-67.14,18.5,66.22222222222223,0.45713658964394954,-0.23161621293885704,-0.3395812460098138,0.5746150107757707,0.08803895519331544,0.40005692420760636,0.7323619278383012,57.46150107757707,40.00569242076064,73.23619278383012
-67.14_18.51,-67.14,18.51,15.444444444444445,0.5342181023403765,-0.4680207358102554,0.028773499875101693,0.5467299704069368,0.08256830009489324,0.38566751915063346,0.6985693748697338,54.67299704069368,38.56675191506335,69.85693748697338
-67.15_17.98,-67.15,17.98,47.125,0.38692544985893224,-0.3205265572901078,-0.6751040665810191,0.6584379787323364,0.09708531131328796,0.45270428941197166,0.8179369559563554,65.84379787323364,45.27042894119717,81.79369559563554
-67.15_18.01,-67.15,18.01,6.172131147540983,0.7026097068414024,-0.5111895568339255,0.8334780848696289,0.38872287770217717,0.0970318301861118,0.22217411685728755,0.5860533866730534,38.87228777021772,22.217411685728756,58.60533866730534
-67.15_18.02,-67.15,18.02,6.7102272727272725,0.5648956196832748,-0.5086843594168522,0.1753742697604497,0.5244964618786923,0.08383140647800541,0.3633755310962939,0.6806741934305036,52.44964618786923,36.33755310962939,68.06741934305036
-67.15_18.03,-67.15,18.03,26,0.542392086674917,-0.4188775636597459,0.06783508308864086,0.5284369036112683,0.08114097214294577,0.3718409080198304,0.679629218002963,52.843690361126825,37.18409080198304,67.9629218002963
-67.15_18.08,-67.15,18.08,27.702830188679247,0.5164952642251491,-0.41094975003923917,-0.05591985008553912,0.5526167588197561,0.0821255632540979,0.39178544211538596,0.7031434001729727,55.26167588197561,39.17854421153859,70.31434001729727
-67.15_18.19,-67.15,18.19,4.142857142857143,0.6035854803286134,-0.5206371847894475,0.36026417770068514,0.4881699100080004,0.08634674770506458,0.32636887138391985,0.652488564095246,48.816991000800044,32.636887138391984,65.2488564095246
-67.15_18.2,-67.15,18.2,3.742857142857143,0.22761431119575545,-0.5224994523656773,-1.4364152026250736,0.8120645608173529,0.09625731483246543,0.5565813161228874,0.9370068058034999,81.2064560817353,55.65813161228874,93.70068058035
-67.15_18.21,-67.15,18.21,4,0.26158447513432515,-0.5213022803523867,-1.2740796351519565,0.7901982846729813,0.0970264359626907,0.5446415014886393,0.9222415039664805,79.01982846729813,54.46415014886393,92.22415039664806
-67.15_18.23,-67.15,18.23,48.21383647798742,0.5926156797007782,-0.3154572951181771,0.30784203416299466,0.4567160206092821,0.07753591618759441,0.31302161921464494,0.6079944676426331,45.671602060928215,31.302161921464496,60.79944676426331
-67.15_18.25,-67.15,18.25,11,0.6873456165815134,-0.4887125977683646,0.7605345230198564,0.39889716115959273,0.09370458023258836,0.23577032869718362,0.5880440495554969,39.889716115959274,23.577032869718362,58.80440495554969
-67.15_18.41,-67.15,18.41,41.25,0.71768615036427,-0.3478786123159835,0.905524926303393,0.3432744646131474,0.0888092386371474,0.1945285513596891,0.5308052057500386,34.32744646131474,19.45285513596891,53.08052057500387
-67.15_18.42,-67.15,18.42,109.83333333333333,0.4575509635437724,-0.028577317474909974,-0.3376010488492869,0.5325891494038029,0.08994731204035386,0.3594756230125466,0.6981964372044139,53.258914940380286,35.947562301254656,69.81964372044139
-67.15_18.43,-67.15,18.43,23.5,0.3772300505203845,-0.43051673601118234,-0.7214361407019396,0.6870882377262294,0.09538370615833003,0.47926311499097735,0.8397108334760393,68.70882377262294,47.926311499097736,83.97108334760392
-67.15_18.47,-67.15,18.47,70.4,0.21637761568357003,-0.21216586269823434,-1.490112775171144,0.7774807468675426,0.11394545019126633,0.4900411658951902,0.9270295657052355,77.74807468675426,49.00411658951902,92.70295657052355
-67.15_18.49,-67.15,18.49,69.46969696969697,0.6168954596594994,-0.2164970456217386,0.42386949475603247,0.41261552351612385,0.07431441532436951,0.2780542353900254,0.5616366793643036,41.26155235161239,27.80542353900254,56.163667936430365
-67.16_17.96,-67.16,17.96,8,0.4642821595853706,-0.5026796045900884,-0.30543421765113116,0.6217481203058841,0.08668103797893217,0.4438815900176208,0.7719531684469373,62.17481203058841,44.38815900176208,77.19531684469374
-67.16_17.99,-67.16,17.99,44.857142857142854,0.47407403322398595,-0.331084949351768,-0.2586411151325742,0.5781691103053649,0.08535760285281471,0.4083730177469079,0.7312982075021847,57.81691103053649,40.837301774690786,73.12982075021847
-67.16_18,-67.16,18,16,0.6371635967497564,-0.4654342530654917,0.5207262406380878,0.44326175909067983,0.08668127625540323,0.28569844992248694,0.6131325239129454,44.326175909067985,28.569844992248694,61.31325239129454
-67.16_18.01,-67.16,18.01,5.057333333333333,0.8174094400625427,-0.5163796863925525,1.3820794949751858,0.2871598330023415,0.1097816182563202,0.12342794067242603,0.5354217858117564,28.71598330023415,12.342794067242604,53.542178581175634
-67.16_18.02,-67.16,18.02,6.4375,0.703837190352456,-0.5099540873097361,0.8393439450606809,0.38730932753771924,0.09711484052335903,0.2208452381042016,0.5850342643511569,38.730932753771924,22.08452381042016,58.50342643511569
-67.16_18.03,-67.16,18.03,11.11111111111111,0.3881297859882356,-0.4881953012194119,-0.669348822381068,0.6879716534263977,0.09309554586220073,0.4851709427631174,0.8376221157092015,68.79716534263977,48.51709427631174,83.76221157092016
-67.16_18.08,-67.16,18.08,29,0.32645476856891403,-0.40491055683802213,-0.9640794857298041,0.7249438303351353,0.10029787564414647,0.4958154729481882,0.8759882318820553,72.49438303351353,49.58154729481882,87.59882318820553
-67.16_18.19,-67.16,18.19,4.066666666666666,0.38409906440031855,-0.5209919024230151,-0.6886107098857596,0.6972109871966395,0.0926989834063234,0.4933547372194905,0.8448394589530726,69.72109871966396,49.33547372194905,84.48394589530726
-67.16_18.21,-67.16,18.21,1.162162162162162,0.266165976297451,-0.5345143138323957,-1.2521856992692881,0.7889643469238251,0.09643198661091067,0.5457558479478423,0.9208426262005949,78.89643469238251,54.57558479478423,92.08426262005949
-67.16_18.22,-67.16,18.22,3.2857142857142856,0.10682950017167651,-0.5246277581670828,-2.0136179171949777,0.8754592208596664,0.0874136502398423,0.5935692519829546,0.9712930897112071,87.54592208596664,59.356925198295464,97.12930897112071
-67.16_18.24,-67.16,18.24,22.833333333333332,0.35583383851055683,-0.43362051530489876,-0.8236836960764617,0.7057867571923857,0.09714541581552319,0.48952190896842235,0.8571643686362564,70.57867571923857,48.95219089684223,85.71643686362565
-67.16_18.27,-67.16,18.27,8.6,0.5494352512052907,-0.4998862032257437,0.10149273964020603,0.5381322000841211,0.0832942662950493,0.37659880986501654,0.6920372447630039,53.81322000841211,37.659880986501655,69.2037244763004
-67.16_18.28,-67.16,18.28,4.294117647058823,0.5844667681029154,-0.5199329659581,0.26890026776706183,0.5072082081717432,0.08505420290281679,0.3456724352672019,0.6672528445259475,50.720820817174314,34.56724352672019,66.72528445259475
-67.16_18.38,-67.16,18.38,8.481481481481481,0.7054859019196792,-0.5004379862112932,0.8472227568423571,0.3838704053890477,0.0967349438184485,0.21843944239017338,0.5813892934229,38.38704053890477,21.843944239017336,58.138929342290005
-67.16_18.41,-67.16,18.41,8.264957264957266,0.33201753193854294,-0.5014460512810472,-0.9374963244015164,0.7363149054843865,0.09642276056311891,0.5133795926320504,0.8808257898001652,73.63149054843865,51.337959263205036,88.08257898001652
-67.16_18.42,-67.16,18.42,8,0.3590891225964344,-0.5026796045900884,-0.8081274452934875,0.7148897247942252,0.0948558969432456,0.5017785832114069,0.8619272517244665,71.48897247942251,50.17785832114069,86.19272517244664
-67.16_18.43,-67.16,18.43,1.900763358778626,0.023553479427939162,-0.5310756311818372,-2.4115747863106023,0.9080255943578792,0.0772327544722433,0.6170947521125132,0.9837341750758009,90.80255943578793,61.709475211251316,98.37341750758009
-67.16_18.45,-67.16,18.45,35,0.2928543313270642,-0.37697654319457463,-1.12464821471399,0.7466489771410436,0.10332876805063522,0.5025529481332885,0.8958020035687635,74.66489771410436,50.25529481332885,89.58020035687635
-67.16_18.46,-67.16,18.46,13.992592592592592,0.5048639083447285,-0.47478007738323774,-0.11150341337785583,0.577108188399368,0.08382313965352067,0.4104131282276516,0.7279179240357806,57.71081883993679,41.04131282276516,72.79179240357806
-67.16_18.47,-67.16,18.47,49.25,0.5916977085856385,-0.3106332607913868,0.3034552622248429,0.4566370154233493,0.07735085843244995,0.3132639143705124,0.6075741194517581,45.66370154233493,31.32639143705124,60.75741194517581
-67.16_18.49,-67.16,18.49,13.728110599078342,0.7346902325602688,-0.4760114179857832,0.9867835077349909,0.35190888433081713,0.0988098488790193,0.1884972528662786,0.5593405945683946,35.19088843308171,18.849725286627862,55.93405945683946
-67.17_17.97,-67.17,17.97,3.3125,0.3173483111618564,-0.5245030527490318,-1.007597142386327,0.7511815727143739,0.0961735150385927,0.5240872111923264,0.8922011350141253,75.1181572714374,52.40872111923264,89.22011350141254
-67.17_17.98,-67.17,17.98,18.194805194805195,0.6543609294106972,-0.4552159666894254,0.60290832140714945,0.4242256725529445,0.08791913494573089,0.2667986218114342,0.59869385524526,42.42256725529445,26.67986218114342,59.869385524525995
-67.17_18,-67.17,18,13.2,0.5960538828437988,-0.47847012609910056,0.3242724128717764,0.48698065127528517,0.08403130663939282,0.32930513989835686,0.6472906657019839,48.698065127528515,32.93051398983569,64.72906657019838
-67.17_18.01,-67.17,18.01,8.242424242424242,0.4618806779916435,-0.5015509575741914,-0.3169103435243803,0.6237928393375274,0.08685587626102148,0.44528857388820076,0.7740079321585686,62.37928393375274,44.52885738882008,77.40079321585685
-67.17_18.02,-67.17,18.02,8.043956043956044,0.22386230420060124,-0.5024749598014917,-1.454345177464845,0.811826904370093,0.09719070864468297,0.5535356877843416,0.937548779753032,81.1826904370093,55.35356877843416,93.7548779753032
-67.17_18.03,-67.17,18.03,12.659574468085106,0.382835918648583,-0.4809861684627302,-0.6946469916882276,0.6912398306136841,0.09368323164397,0.48640390134197276,0.8410741171210305,69.1239830613684,48.640390134197276,84.10741171210306
-67.17_18.11,-67.17,18.11,50.285714285714285,0.5489845604936849,-0.30581131796007743,0.09933899282415627,0.49839334788617284,0.07807247666297075,0.3501204226007798,0.6469493918370203,49.839334788617286,35.01204226007798,64.69493918370203
-67.17_18.17,-67.17,18.17,2.9166666666666665,0.5598273285321564,-0.5263459217046759,0.15115407695762315,0.533217814557298,0.08428471024554951,0.37036713301050517,0.6892845550014592,53.3217814557298,37.03671330105052,68.92845550014593
-67.17_18.18,-67.17,18.18,3.806451612903226,0.6704604497938362,-0.5222033775666914,0.6798442108590839,0.42202005817843496,0.09352126941707352,0.25617251833645455,0.607540470509079,42.2020058178435,25.617251833645454,60.7540470509079
-67.17_18.25,-67.17,18.25,4.5,0.5392399984913634,-0.5189744458820994,0.052771981688017236,0.5522074350292531,0.08380675417946479,0.38824828702720376,0.7055500722494976,55.22074350292531,38.824828702720374,70.55500722494976
-67.17_18.39,-67.17,18.39,24.428571428571427,0.6233122167924336,-0.42619361485207735,0.454533695034717,0.44895433546821495,0.08357111929001455,0.29588252211322114,0.6123472882863673,44.895433546821494,29.588252211322114,61.23472882863673
-67.17_18.47,-67.17,18.47,13.5,0.3404352603025912,-0.47707342541692815,-0.8972699447678048,0.7256940208823055,0.09681141220009185,0.504919924960364,0.8728158111823128,72.56940208823055,50.491992496036396,87.28158111823127
-67.17_18.48,-67.17,18.48,7.083333333333333,0.5008631647685255,-0.5069473011189485,-0.13062204288849927,0.5875070063372511,0.0844948717703765,0.41831608029670786,0.7382761090294863,58.7507006337251,41.83160802967079,73.82761090294862
-67.18_17.97,-67.18,17.97,3.681184668989547,0.2258850298000446,-0.5227865789867511,-1.444679039008115,0.8131579110483805,0.09618305042460756,0.5572170354180783,0.937698789855105,81.31579110483806,55.721703541807834,93.7698789855105
-67.18_17.98,-67.18,17.98,14.152173913043478,0.5918940003796899,-0.47403711958611866,0.3043932953716733,0.49023398463280665,0.08361945087943613,0.33294755804582365,0.6494780273990675,49.023398463280664,33.294755804582365,64.94780273990675
-67.18_18,-67.18,18,20.875,0.7813807984720199,-0.44273786698019063,1.2099069382439414,0.30455442901153085,0.10149692260730245,0.14617334614927782,0.5283518328754364,30.455442901153084,14.617334614927783,52.83518328754364
-67.18_18.03,-67.18,18.03,11.872413793103448,0.579184014606465,-0.484650927968484,0.2436552089496333,0.5051900951704549,0.08345075749076705,0.34670572994589666,0.6626382780623667,50.51900951704549,34.67057299458966,66.26382780623668
-67.18_18.1,-67.18,18.1,18.142857142857142,0.6257369425857445,-0.45545781962140336,0.46612089956913233,0.4525571685078762,0.08514781555804994,0.29651363947685344,0.6185191216685729,45.25571685078762,29.651363947685343,61.85191216685729
-67.18_18.12,-67.18,18.12,5.071428571428571,0.2583078899920585,-0.5163140636303425,-1.2897376787635717,0.7916886861501908,0.09723853402460672,0.5447557752785466,0.9234919144939262,79.16886861501908,54.475577527854654,92.34919144939262
-67.18_18.13,-67.18,18.13,4.448275862068965,0.6636466456817487,-0.5192152563445429,0.6472826147718039,0.42809851188387044,0.09249723783198308,0.263066464213587,0.6108446756667799,42.80985118838704,26.3066464213587,61.08446756667799
-67.18_18.16,-67.18,18.16,14.285714285714286,0.6623862870475142,-0.4734153998207624,0.6412596519601411,0.42005127026158323,0.08980025364014858,0.26017559399110995,0.5986709020008377,42.00512702615832,26.017559399110997,59.86709020008377
-67.18_18.17,-67.18,18.17,3.3076923076923075,0.32354407061411383,-0.5245254357727845,-0.9779890389804096,0.7465073902116997,0.0959553934202237,0.5215434526070744,0.8883418334906715,74.65073902116997,52.15434526070744,88.83418334906715
-67.18_18.25,-67.18,18.25,6.961538461538462,0.442559319940136,-0.507514337720685,-0.4092426510550346,0.6429495734756755,0.088339402895919,0.45858825370766926,0.7928853067978878,64.29495734756755,45.85882537076692,79.28853067978878
-67.18_18.41,-67.18,18.41,3.722772277227723,0.22508593936880703,-0.5225929608507639,-1.448497707615422,0.8136204239779544,0.09616516488246789,0.5574406277976708,0.9380011811196901,81.36204239779545,55.74406277976708,93.80011811196901
-67.19_17.93,-67.19,17.93,25.619791666666668,0.28157211190073317,-0.4206476877881935,-1.1785633355312368,0.7617598059694213,0.10166837133847885,0.5160833555245227,0.905539418681399,76.17598059694213,51.60833555245227,90.5539418681399
-67.19_17.94,-67.19,17.94,6.721884498480243,0.2093402314346497,-0.5086300872329808,-1.5237428090926985,0.821321876623352,0.09628032476794426,0.5595775740409639,0.9432786123232068,82.1321876623352,55.957757404096384,94.32786123232067
-67.19_17.95,-67.19,17.95,3.4761904761904763,0.17028793090749353,-0.5237409640831638,-1.7103647335164622,0.8448330722753529,0.09312426005378233,0.57500756059287494,0.9563517806483266,84.48330722753529,57.5007560592875,95.63517806483266
-67.19_17.97,-67.19,17.97,12.11111111111111,0.37793362352692095,-0.4835396322788373,-0.7180739278058993,0.6958727161154196,0.09401446437632491,0.4892622626873385,0.8453254490016174,69.58727161154195,48.92622626873385,84.53254490016174
-67.19_17.98,-67.19,17.98,16.425076452599388,0.49762395694959055,-0.46345523782775516,-0.1461014689048434,0.5819000982344895,0.08408531581493475,0.41415543868846155,0.7326226666583434,58.19000982344895,41.41554386884616,73.26226666583435
-67.19_18.06,-67.19,18.06,21.88888888888889,0.6784109098172899,-0.43801753597099696,0.7178376230166946,0.39741032510123636,0.08967255064805141,0.2404554944339824,0.5787513202254467,39.74103251012364,24.04554944339824,57.875132022544676
-67.19_18.09,-67.19,18.09,11.421052631578947,0.6058985844751412,-0.48675231610917535,0.37131796816604934,0.47882878411805024,0.08502608075822256,0.3202713607980413,0.6417698201534083,47.882878411805024,32.02713607980413,64.17698201534083
-67.19_18.1,-67.19,18.1,11.85,0.38922813195198885,-0.4847552791688763,-0.6641000807020427,0.6864101999151063,0.09307815240861196,0.48397279041413654,0.8362942751572142,68.64101999151063,48.397279041413654,83.62942751572142
-67.19_18.27,-67.19,18.27,1.9878542510121457,0.6563586962006712,-0.5306701648198586,0.6124551874780887,0.4376140564756766,0.09223665977164652,0.2718198963977495,0.6186227900143071,43.761405647567656,27.18198963977495,61.86227900143071
-67.19_18.28,-67.19,18.28,7.083333333333333,0.49543884580490727,-0.5069473011189485,-0.15654361037656128,0.5927737472227861,0.08475697377813776,0.42244827106508276,0.7433814785070507,59.27737472227861,42.244827106508275,74.33814785070507
-67.19_18.29,-67.19,18.29,7,0.33004886549400747,-0.507335273530663,-0.9469041266428265,0.7387906855517226,0.0963065340397469,0.5153873651452116,0.8826550174019768,73.87906855517225,51.538736514521155,88.26550174019768
-67.1_17.99,-67.1,17.99,64,0.39630002098626155,-0.2419621439179117,-0.6303051563807588,0.6349492187032072,0.09769964462219671,0.43226345785831227,0.7989330683634217,63.49492187032072,43.22634578583123,79.89330683634218
-67.1_18.01,-67.1,18.01,18.4859693877551,0.6943149414921729,-0.45386040259970106,0.7938393170833281,0.38533530755665174,0.0924904302155441,0.2257744676066008,0.5740514855162929,38.533530755665176,22.57744676066008,57.405148551629296
-67.1_18.02,-67.1,18.02,16.714285714285715,0.7609442369351855,-0.4621087752507955,1.112245330832194,0.32572415026029405,0.10083758460510038,0.16417792060820088,0.5429658128365679,32.572415026029404,16.417792060820087,54.296581283656785
-67.1_18.03,-67.1,18.03,27.77777777777778,0.5259276636815076,-0.4106008188765022,-0.010844591657288497,0.5431660239115587,0.08159315840069305,0.3842879921378487,0.6937217769618046,54.31660239115587,38.42879921378487,69.37217769618046
-67.1_18.51,-67.1,18.51,7.28125,0.5198038805956217,-0.5060258666411264,-0.04010873663248705,0.5687787802088873,0.08378016700470974,0.40308619688187436,0.7203831553821367,56.87787802088873,40.308619688187434,72.03831553821367
-67.21_17.95,-67.21,17.95,1.875,0.2835192509516656,-0.5311955768511077,-1.1692584077318366,0.7766549712531515,0.09657861961606666,0.5386794082161487,0.9119378835214423,77.66549712531516,53.867940821614866,91.19378835214424
-67.21_17.96,-67.21,17.96,1.0909090909090908,-0.5001511070519372,-0.5348460445431491,-4.914238046582891,0.9878139697302913,0.020911589459881984,0.7291582790677884,0.9995904541547928,98.78139697302913,72.91582790677884,99.95904541547928
-67.21_17.97,-67.21,17.97,1.3111111111111111,0.2426927208296422,-0.5338208568370428,-1.3643589656008557,0.8041359396034654,0.09610863941597152,0.5538802116870435,0.9313960214942433,80.41359396034655,55.38802116870435,93.13960214942433
-67.21_17.98,-67.21,17.98,8.025,0.2691283840087905,-0.502563212866574,-1.2380290370354323,0.782498459445476,0.09794727496298046,0.5380074462515954,0.9174541275631268,78.2498459445476,53.80074462515954,91.74541275631269
-67.21_17.99,-67.21,17.99,23.470588235294116,0.341099499857072,-0.430653667450611,-0.8940956973544061,0.7174189107800363,0.09835384727902007,0.49520493607909843,0.8679059963627104,71.74189107800363,49.52049360790984,86.79059963627104
-67.21_18.3,-67.21,18.3,15.88888888888889,0.508096318235956,-0.46595154961444446,-0.09605647308792822,0.572145645033297,0.08351680722172458,0.4065922479531693,0.722980111715486,57.214564503329704,40.65922479531693,72.29801117154861
-67.22_18.3,-67.22,18.3,18.933333333333334,0.2945625582294664,-0.4517776241731396,-1.1164849928915759,0.7569516043445241,0.09988545605973503,0.5179726303090548,0.9002635160120444,75.69516043445242,51.797263030905484,90.02635160120444
-67.24_18.31,-67.24,18.31,7.0777777777777775,0.4759816570036009,-0.5069731659463961,-0.24952502168807358,0.6114882954122026,0.08589042119905278,0.43658668641417003,0.7617270765510883,61.14882954122026,43.658668641417,76.17270765510882
-67.25_18.32,-67.25,18.32,6.615384615384615,0.2588456734245143,-0.5091259154308839,-1.2871677359501303,0.7903456825634,0.09759336118364544,0.5430516006572286,0.9228266232707353,79.03456825634,54.30516006572286,92.28266232707352
-67.25_18.33,-67.25,18.33,8,0.33992236010731136,-0.5026796045900884,-0.8997209763379905,0.7303095375097631,0.09598137486137293,0.5102644521819605,0.8755908980804512,73.03095375097631,51.026445218196045,87.55908980804512
-67.25_18.34,-67.25,18.34,14.764705882352942,0.15597166238128424,-0.4711853735214956,-1.77877887421659,0.8466405874121116,0.09512434131792975,0.5677242275569107,0.9586879719861435,84.66405874121115,56.77242275569107,95.86879719861436
-67.25_18.35,-67.25,18.35,67.11111111111111,0.6487242270825563,-0.22747784054723522,0.5759718228735975,0.38418531817845775,0.07617213366556762,0.24920515140506475,0.5397196063596272,38.418531817845775,24.920515140506474,53.97196063596272
-67.25_18.37,-67.25,18.37,5.774193548387097,0.4870629916056973,-0.5130422225545931,-0.19656988304806397,0.6020766264525439,0.08527108141772172,0.42960518628210453,0.7524482723888842,60.20766264525439,42.96051862821045,75.24482723888842
-67.26_18.34,-67.26,18.34,6.96875,0.3948665500587548,-0.507480763185056,-0.6371553828587302,0.6855971326663556,0.09217456830956686,0.48537912275709266,0.8344818581618956,68.55971326663555,48.53791227570927,83.44818581618955
-67.26_18.35,-67.26,18.35,10.238461538461538,0.6172310169343257,-0.4922580687308022,0.42547304546974585,0.46862670956413965,0.08616282201179358,0.30920632442926776,0.6347191082275339,46.862670956413965,30.920632442926777,63.47191082275339
-67.26_18.36,-67.26,18.36,65.8125,0.60748491558407,-0.23352374396312026,0.3788986781453683,0.4252504278388568,0.07476540818137117,0.2888848615901133,0.5740253656566173,42.52504278388568,28.88848615901133,57.402536565661734
-67.27_18.35,-67.27,18.35,7.5,0.4676133814818093,-0.5050074390603757,-0.2895150776106189,0.6190538014173579,0.08644885473538451,0.44202518117614104,0.769238267551006,61.90538014173579,44.202518117614105,76.9238267551006
-67.27_18.36,-67.27,18.36,13.991360691144708,0.5287167131058266,-0.47478581270854653,0.002483631362952286,0.5535848183168078,0.0828635327898717,0.3912596063115898,0.7052348064702065,55.358481831680784,39.12596063115898,70.52348064702065
-67.2_17.94,-67.2,17.94,3.75,0.39437619227927423,-0.5224661975875303,-0.6394986894303673,0.6886937987722452,0.0919296881275427,0.4884051375270994,0.8367752304688441,68.86937987722452,48.84051375270994,83.6775230468844
-67.2_17.95,-67.2,17.95,6.888268156424581,0.39319702247379645,-0.5078554600044701,-0.6451336695813479,0.6871068311152002,0.092296574357273245,0.4863051778422558,0.8359021855073504,68.71068311152003,48.63051778422558,83.59021855073505
-67.2_17.96,-67.2,17.96,6.366906474820144,0.1753834850165793,-0.5102827473923217,-1.686014257334355,0.8406421219569483,0.09425269931477796,0.5705354196589756,0.95443549832102,84.06421219569484,57.05354196589756,95.44354983210201
-67.2_18,-67.2,18,8,0.2806978376009976,-0.5026796045900884,-1.1827412904810979,0.7745072882925602,0.0978805122801945,0.5338168010092446,0.9115254392595589,77.45072882925602,53.381680100924456,91.15254392595588
-67.2_18.04,-67.2,18.04,7.012345679012346,0.7956502222773785,-0.507277796136335,1.2780972188427113,0.3037669625116953,0.10740661078100143,0.13885984059979195,0.5413913111548475,30.376696251169534,13.885984059979195,54.13913111548475
-67.2_18.05,-67.2,18.05,8.036363636363637,0.4891052839653515,-0.5025103075377039,-0.18681023956356346,0.598011500860101,0.08504767413758726,0.4264820074562529,0.7484932096882483,59.801150086010104,42.64820074562529,74.84932096882483
-67.2_18.06,-67.2,18.06,7.444444444444445,0.5082075105104202,-0.505266087334852,-0.09552511089001785,0.5800043472831224,0.08415461813486087,0.412339011729831,0.7310363319236463,58.00043472831224,41.2339011729831,73.10363319236463
-67.2_18.29,-67.2,18.29,12.071428571428571,0.18255476015810346,-0.48372438104632043,-1.6517443897614346,0.8337145549231693,0.09624829132889504,0.5625365460371959,0.9513350618899378,83.37145549231693,56.253654603719596,95.13350618899378
-67.89_18.09,-67.89,18.09,60.57142857142857,0.7242736481375817,-0.2579244374284531,0.9370050566669758,0.3208578065816185,0.08417816094368127,0.18138842193696222,0.501826008067461,32.08578065816185,18.138842193696224,50.1826008067461
-67.93_18.07,-67.93,18.07,5.090909090909091,0.5279698810959352,-0.5162233687808508,-0.0010853063187156755,0.5628046127109286,0.08382960164792302,0.397667068825705,0.715103192276795,56.28046127109286,39.7667068825705,71.5103192276795
-67.93_18.08,-67.93,18.08,8.533333333333333,0.7055741828839948,-0.5001965811551152,0.8476446311808253,0.38373921304905,0.09673124575742516,0.21833234487308903,0.5812719745687525,38.373921304905004,21.833234487308903,58.127197456875244
-67.94_18.08,-67.94,18.08,7.5,0.5821966684420407,-0.5050074390603757,0.2580519858060136,0.5063899332879735,0.08435567183614298,0.34617773499522914,0.6653004478957509,50.638993328797355,34.61777349952291,66.5300447895751
-67.94_18.09,-67.94,18.09,8.75,0.5475550233902636,-0.49918785288465745,0.09250756518290523,0.5398636663013949,0.08326557690869701,0.37820542243647126,0.6935481270109007,53.98636663013949,37.820542243647125,69.35481270109007
-67_17.97,-67,17.97,3,0.4563532044644021,-0.5259579492929614,-0.3433248628466898,0.6336999015154269,0.08727625037607609,0.4529390170446901,0.7833078173100201,63.36999015154269,45.29390170446901,78.330781731002
-67_18.16,-67,18.16,749.4696356275304,0.8222871749455646,2.949357548380158,1.4053890633850026,0.021774722981320827,0.017376167489080982,0.004479070234648741,0.09920138759271466,2.1774722981320824,0.44790702346487415,9.920138759271465
-67_18.21,-67,18.21,533.5,0.7798721612874049,1.9438744236818553,1.2026975095841796,0.05730906297646559,0.030832414021600765,0.019477049564031384,0.15686914470566746,5.730906297646559,1.9477049564031383,15.686914470566746
