"site","elev_z","veg_z","elev_m","veg_raw","ext_pred","ext_se"
"-65.23_18.32",-0.454571025537484,1.2547272255529,18.3333333333333,0.790759842949819,0.161311492515569,0.101395214940592
"-65.25_18.31",-0.495696101179226,-0.0391493617581759,9.5,0.520004638336308,0.595172513419998,0.0977844092526741
"-65.25_18.32",-0.524095681716731,-1.78198665395238,3.4,0.155300405889564,0.957103003872723,0.0427993128878512
"-65.26_18.3",-0.529948522670597,-0.245112490856077,2.14285714285714,0.476905018396795,0.674714606300506,0.0954537637391486
"-65.26_18.31",-0.438574624562177,0.409581621795146,21.7692307692308,0.613905594934413,0.412994830828093,0.106399317763436
"-65.26_18.32",-0.473264241738276,-0.570626045950707,14.3181818181818,0.408788406597459,0.767068728337678,0.0921381175213172
"-65.27_18.14",-0.507335273530663,-1.6300823338044,7,0.187087738380691,0.945706316382143,0.0497679819698
"-65.28_18.31",-0.504690007087155,0.515834465662016,7.56818181818182,0.636139949249246,0.385240178652455,0.112533995871996
"-65.28_18.32",-0.27338790926679,0.794329837578816,57.25,0.694417587276497,0.255551874624265,0.102195584135264
"-65.29_18.28",-0.491705527801591,-0.337592462479925,10.3571428571429,0.457552760318068,0.699429787643706,0.0946704385818749
"-65.29_18.31",-0.506065545637779,0.0849899031453291,7.27272727272727,0.545981885624915,0.550034430500146,0.100359924948116
"-65.29_18.32",-0.235922357184193,0.739674454945757,65.2972972972973,0.682980461469315,0.266545955662209,0.100313883487962
"-65.31_18.12",-0.539924956114685,0.244003249678492,0,0.579256845230096,0.494888400646847,0.105889622738506
"-65.31_18.14",-0.527121866528105,-2.05577344567904,2.75,0.0980080802215603,0.971565301033121,0.0325005741327212
"-65.31_18.31",-0.358181435249292,-0.0426272926577882,39.037037037037,0.519276850306452,0.571836294237633,0.0955531387868361
"-65.31_18.32",-0.502044740643646,-3.13677765781452,8.13636363636364,-0.128201683147811,0.994440817639807,0.00952098578239965
"-65.31_18.33",-0.462330473771775,-0.0236813077311861,16.6666666666667,0.523241466465143,0.583419833705354,0.0974194923495672
"-65.32_18.32",-0.501833119328166,0.31415819595041,8.18181818181818,0.593937392833155,0.460786316090004,0.106526055659823
"-65.32_18.33",-0.517577745199927,-0.996945397759131,4.8,0.319577283634433,0.868146677774048,0.0779760269919224
"-65.33_18.13",-0.516646611411812,-2.06890277618065,5,0.0952606508289408,0.971911447354728,0.032295740814962
"-65.33_18.15",-0.524994707443187,0.413821428406621,3.20689655172414,0.614792812245453,0.426921698210798,0.110685975143666
"-65.34_18.12",-0.520858883310427,-1.22619321625287,4.09523809523809,0.27160513496725,0.903965127055137,0.0678391954878336
"-65.38_18.11",-0.515833716834886,-1.37793365967394,5.17460317460317,0.239852095141406,0.922251734120538,0.0609906037385831
"-65.38_18.12",-0.518043312093984,-0.0347236344634839,4.7,0.520930761206904,0.597490583960862,0.0982434745758068
"-65.39_18.11",-0.52580776642391,0.0727498477278015,3.03225806451613,0.543420544967271,0.558314667100528,0.100605388940931
"-65.3_18.14",-0.532435401732022,-1.49930674336809,1.60869565217391,0.214453695918125,0.935446675317127,0.0547946470531892
"-65.3_18.3",-0.484226225880174,-0.729605898127144,11.9636363636364,0.375520455984865,0.809397122457467,0.088345250480918
"-65.3_18.31",-0.504076305272261,-0.741015176720463,7.7,0.373132962780087,0.814331679479608,0.0873861226577161
"-65.3_18.33",-0.0976364067600995,-0.316405381232519,95,0.461986345850538,0.627408844432044,0.0987275088857689
"-65.41_18.11",-0.523242142410959,-0.471534578849005,3.58333333333333,0.429524179014774,0.745594687355244,0.0926535959270921
"-65.42_18.1",-0.522265522202161,-0.823965741371698,3.79310344827586,0.355774818019444,0.834832413886495,0.0842179639387675
"-65.42_18.11",-0.510439052824379,1.42982751515952,6.33333333333333,0.827401138731244,0.13256857911464,0.096078943570583
"-65.42_18.12",-0.448363466950051,0.785838357675447,19.6666666666667,0.692640669445805,0.283531820390217,0.112778050371661
"-65.42_18.16",-0.523767046262103,0.1304146736907,3.47058823529412,0.555487423606009,0.535820083546102,0.10198911807925
"-65.43_18.1",-0.456122915184342,0.784098995860081,18,0.692276692487851,0.285244700040136,0.11326823133885
"-65.43_18.15",-0.357189950197133,0.257293237947112,39.25,0.582037893691959,0.45616058774341,0.0992851705963931
"-65.43_18.16",-0.518780459676242,-0.189428342311682,4.54166666666667,0.488557422637449,0.653650164802341,0.0960778293898322
"-65.44_18.09",-0.529948522670597,-1.96065168686813,2.14285714285714,0.117913155808073,0.967266903660158,0.0357646285611737
"-65.44_18.1",-0.528285783763248,-2.83178632352326,2.5,-0.0643795289089824,0.991283713566351,0.0135310739729002
"-65.44_18.11",-0.529862703888282,-0.448599022507059,2.16129032258065,0.434323648540066,0.739740664440507,0.0928883371619488
"-65.44_18.12",-0.392366115525918,0.489509897392003,31.6944444444444,0.630631298781181,0.375322553725194,0.106060362414016
"-65.44_18.13",-0.149923150246553,0.720726543347942,83.7692307692308,0.679015442137505,0.259934455921643,0.0957895186448203
"-65.44_18.15",-0.483654587067493,-0.319463928388521,12.0864197530864,0.461346317605832,0.692231779569992,0.0948866801803142
"-65.44_18.16",-0.482096647168601,-0.961977408371652,12.4210526315789,0.326894646986069,0.858677944689524,0.0807321965667121
"-65.45_18.09",-0.522586602818752,0.453928506764751,3.72413793103448,0.623185575754586,0.411370311880772,0.111775769936092
"-65.45_18.1",-0.525048220879286,-0.954439605658521,3.19540229885057,0.328471999367235,0.861088560031548,0.0793844906258035
"-65.45_18.11",-0.45647428642514,0.846837071739752,17.9245283018868,0.705405193875422,0.265908159348652,0.113044968275804
"-65.45_18.14",-0.45811820187316,-0.117406625693996,17.5714285714286,0.503628608568685,0.617477286756749,0.096356523893016
"-65.46_18.09",-0.538179080261969,0.380027750542526,0.375,0.607721184043453,0.442168018471283,0.110250900608707
"-65.46_18.1",-0.525132894037669,-1.18353192530723,3.17721518987342,0.280532390218903,0.898363414890721,0.0696182127937272
"-65.46_18.14",-0.457985182760572,0.252754866567632,17.6,0.581088199042938,0.476408419397693,0.102973539486823
"-65.47_18.09",-0.491486866246652,-0.110179805849271,10.4041095890411,0.505140885013713,0.620642402010866,0.0967789267907077
"-65.47_18.1",-0.506178243379751,0.00683193723705259,7.24852071005917,0.529626634854323,0.579792104031108,0.0987552618666864
"-65.47_18.14",-0.476460837398431,0.0701071255975142,13.6315789473684,0.542867531814286,0.550333859525701,0.0992629307477717
"-65.48_18.1",-0.472991280911062,-0.677823041042599,14.3768115942029,0.386356480226199,0.795373501765786,0.089995394216139
"-65.48_18.11",-0.295760985008996,0.621183752172272,52.4444444444444,0.658185226136318,0.313329292846192,0.103111196344636
"-65.49_18.1",-0.447469954729133,0.215811350554879,19.8585858585859,0.573357439142596,0.488755514317524,0.101629527176881
"-65.49_18.11",-0.209098598455032,0.228222771132199,71.0588235294118,0.575954639486827,0.440280542799973,0.0938135373134911
"-65.49_18.12",-0.0690816372579087,0.929007519057194,101.133333333333,0.722600092132955,0.19333899790096,0.0890195501657133
"-65.49_18.13",-0.446453448923149,-0.46385945745203,20.0769230769231,0.431130266554073,0.732379794553372,0.094134535458114
"-65.51_18.09",-0.51973265482385,-0.630545966609562,4.33714285714286,0.396249629300214,0.788997462508489,0.0897313868756927
"-65.51_18.13",-0.528144702886261,-0.253458832050717,2.53030303030303,0.475158472134121,0.677253977504884,0.0953573658158417
"-65.51_18.14",-0.53650594923645,-1.61931868670324,0.734375,0.189340127443018,0.945954724745917,0.0492973022222178
"-65.51_18.15",-0.53100159064525,-2.45003360873607,1.91666666666667,0.0155056281590319,0.984398582875113,0.0210859464611949
"-65.52_18.09",-0.526578705151704,-1.06620044111663,2.86666666666667,0.305085048734546,0.880644807137494,0.0747404324107533
"-65.52_18.13",-0.52815645962601,0.629965303352044,2.52777777777778,0.660022843966195,0.348239428151554,0.116357646447435
"-65.54_18.11",-0.141230397749116,1.37910141110563,85.6363636363636,0.81678624947747,0.111827353731028,0.0769137698649821
"-65.55_18.1",0.379821317429367,1.38983575140654,197.554054054054,0.819032505830716,0.077761908738838,0.0538111949130257
"-65.55_18.11",-0.40536476844198,1.46811636756552,28.9024390243902,0.835413422259108,0.117613372874479,0.0873117982206412
"-65.55_18.12",-0.499119387164943,0.960643088839578,8.76470588235294,0.729220116989649,0.238620654652831,0.114373189474404
"-65.56_18.12",-0.5294249368019,0.480341066706951,2.25531914893617,0.628712639264081,0.402716440029461,0.112895859706283
"-65.57_18.11",-0.517697891495168,0.446704033614493,4.7741935483871,0.621673790376285,0.413207287798763,0.111314447100083
"-65.57_18.34",-0.523371466548198,-0.995066303966393,3.55555555555556,0.319970500753693,0.868302687510848,0.07783039248515
"-65.57_18.35",-0.489135840399326,-1.09669872274369,10.9090909090909,0.298703011557835,0.882690575495919,0.0748925552874885
"-65.57_18.38",-0.514784343835582,-1.62308485830707,5.4,0.188552022477518,0.945431412734241,0.0498342189855436
"-65.58_18.1",-0.527509838939819,0.279770097375726,2.66666666666667,0.586741376801048,0.478765522034542,0.106532194889781
"-65.61_18.22",-0.507335273530663,0.790669691871538,7,0.693651669174563,0.290904728865319,0.11654145811659
"-65.61_18.25",-0.533120516893845,0.441074285977538,1.46153846153846,0.62049571552099,0.418087552831745,0.111927417562153
"-65.61_18.26",-0.532165507880394,0.52398639776607,1.66666666666667,0.637845813677488,0.387051684438284,0.114238755228285
"-65.62_18.34",-0.505783383883805,-1.9221449197301,7.33333333333333,0.125971039935282,0.964723907253274,0.0378032802366668
"-65.62_18.36",-0.517792053770207,-1.23904459484113,4.75396825396825,0.268915869489111,0.905485467749713,0.0673670850037771
"-65.62_18.37",-0.50101686568274,-0.726379455156823,8.35714285714286,0.376195617924705,0.810534350133291,0.0878911702016149
"-65.62_18.38",-0.376178428519047,0.304299206077007,35.1714285714286,0.591874311356425,0.441619517165078,0.101038028195681
"-65.63_18.25",-0.524147411371627,0.813515788803677,3.38888888888889,0.698432418521251,0.28618799201308,0.117620746610578
"-65.63_18.26",-0.509197541106893,-0.303793106788277,6.6,0.464625576656074,0.691074567164079,0.0948747197165654
"-65.63_18.27",-0.517841273630525,-0.273782328141427,4.74339622641509,0.470905599490419,0.682449526824249,0.0951503756552563
"-65.63_18.33",-0.517062296138649,-1.48798938607071,4.91071428571429,0.216821953772689,0.933681637656012,0.0558480523743752
"-65.63_18.34",-0.45845074965463,-1.07553579557335,17.5,0.303131542634461,0.876830918072013,0.0770340362049228
"-65.63_18.35",-0.40646244648488,-2.282377441999,28.6666666666667,0.0505891749012663,0.977972643212295,0.0278104457415462
"-65.63_18.36",-0.258256985209923,-0.724220094685839,60.5,0.376647483343625,0.780928644231896,0.0963012544458697
"-65.63_18.37",-0.49199707654151,0.266497875867232,10.2945205479452,0.583964046192048,0.477357808170509,0.104689484191251
"-65.63_18.38",-0.510128674895008,-0.214183975525995,6.4,0.483377085809338,0.660847995011692,0.0957763811988185
"-65.64_18.27",-0.501699463760494,-0.151545895575716,8.21052631578947,0.496484662157698,0.637346019031612,0.0964047313300908
"-65.64_18.28",-0.468538032359208,0.18357780089421,15.3333333333333,0.566612281668241,0.505116670590321,0.101563325821101
"-65.64_18.29",-0.494113173739431,-0.898557950470692,9.84,0.340165733632854,0.847485126542094,0.0826502692980681
"-65.64_18.33",-0.405598326113334,-0.5669910699198,28.8522727272727,0.409549057720345,0.756998727564778,0.093901703294626
"-65.64_18.34",-0.401014997112235,-0.548363244052951,29.8367346938776,0.413447096260917,0.751021781291864,0.0942405302578217
"-65.64_18.35",-0.469109781176472,-0.728510665988817,15.2105263157895,0.375749643068564,0.807407505126463,0.0888669138392784
"-65.64_18.36",-0.445541849410309,0.457590649537936,20.2727272727273,0.623951911760354,0.396325024777403,0.107980087124579
"-65.64_18.37",-0.472991594741122,1.18063491675258,14.3767441860465,0.775255367154946,0.179434430651403,0.105857328789589
"-65.64_18.38",-0.495954749453703,0.376376943436873,9.44444444444444,0.606957220127119,0.435890176559872,0.10815572494204
"-65.65_18.26",-0.415773784366029,-0.84162409464088,26.6666666666667,0.352079650258143,0.827650639170515,0.0875171032561603
"-65.65_18.27",-0.437500239422044,-0.968620678756897,22,0.325504483464988,0.855912328066411,0.0822304462164925
"-65.65_18.28",-0.324018308995539,-0.0527083128467318,46.375,0.517167307007857,0.569487220858969,0.0950571457314959
"-65.65_18.32",-0.480565177122359,-0.814267822561852,12.75,0.357804193940947,0.828423558436069,0.0860006071018007
"-65.65_18.33",-0.474745590946641,-0.675561385869132,14,0.386829751723081,0.795013871927491,0.0899946079576964
"-65.66_18.29",-0.218683799215039,1.32401027573117,69,0.805257938526499,0.126775678950704,0.0836762839554252
"-65.66_18.33",-0.418101618836317,-1.13409374033472,26.1666666666667,0.290877770929262,0.883260148011965,0.0761352229612077
"-65.66_18.34",-0.40646244648488,-1.00647389307107,28.6666666666667,0.317583361089466,0.860262084173979,0.0820112110076612
"-65.67_18.2",-0.483591361933732,0.735199721149692,12.1,0.682044083551648,0.305209414920178,0.114868765181182
"-65.67_18.35",-0.381632212135149,0.244964526524575,34,0.579458000975323,0.465382987841264,0.0999214659870634
"-65.68_18.27",0.113821072863417,0.961465859209992,140.41935483871,0.729392289020719,0.166085780716509,0.0792445065071476
"-65.69_18.36",-0.461709717913032,1.53361434459402,16.8,0.849119457553384,0.111541464312435,0.0870229704161444
"-65.6_18.23",-0.485719667735138,1.58920797392824,11.6428571428571,0.860752919842765,0.10494313953733,0.0851927116972951
"-65.6_18.24",-0.530912606147151,0.732137895219663,1.93577981651376,0.681403369194262,0.313680631690895,0.117827992884911
"-65.71_18.19",-0.518127960620177,-1.60230669953521,4.68181818181818,0.192900037338394,0.943878279975085,0.0506440884012259
"-65.71_18.37",-0.505497509475173,-0.634500032680384,7.39473684210526,0.395422205743315,0.788267892630459,0.0900342900182766
"-65.71_18.38",-0.52246619758753,-1.15415701913279,3.75,0.286679351072637,0.893947932970231,0.0710443197457861
"-65.72_18.19",-0.455849052305485,0.684597729793881,18.0588235294118,0.671455165985819,0.317622859832304,0.11278228104442
"-65.72_18.33",0.32156778409747,1.28269200342461,185.041666666667,0.796611721891659,0.0941253586543839,0.0599505951892122
"-65.72_18.37",-0.408635091990482,-1.05143493789726,28.2,0.308174861847008,0.868606417066757,0.0800920236755711
"-65.72_18.38",-0.511255836849041,-0.516899110186443,6.15789473684211,0.420031246624684,0.757065732778048,0.0921647130516063
"-65.72_18.39",-0.531389563056965,0.298914732770947,1.83333333333333,0.590747562340317,0.472085868536934,0.107307745969085
"-65.73_18.19",-0.52630281365893,-0.364183701891191,2.92592592592593,0.451988306537598,0.713261776763601,0.0940740149042962
"-65.73_18.32",0.0189881002012938,0.578845425509444,120.05,0.649325554038525,0.278644837445129,0.08809648408842
"-65.73_18.33",0.0183469247419339,0.905822978191943,119.912280701754,0.717748520377655,0.188919969246048,0.0850630867722335
"-65.73_18.34",-0.12291003815179,0.877835798867275,89.5714285714286,0.711891953732182,0.212567790790316,0.092845652340963
"-65.73_18.35",-0.368754829959092,1.14154043571773,36.7659574468085,0.767074498658168,0.177040297521983,0.100476736467114
"-65.73_18.38",-0.529100525827849,-0.959441579087153,2.325,0.327425291858634,0.862367590708327,0.0790358811037635
"-65.73_18.39",-0.533042662898183,-0.316714209033515,1.47826086956522,0.461921720881458,0.699042784314942,0.0945965382159607
"-65.74_18.16",-0.516486071103516,-1.0031890776463,5.03448275862069,0.318270737985511,0.869157912472883,0.0777641594237911
"-65.74_18.17",-0.505136763197614,0.149359194271809,7.47222222222222,0.559451733337359,0.525091240633189,0.101900329856729
"-65.74_18.18",-0.517034583823527,0.724290670850963,4.91666666666667,0.679761267574655,0.314093083883954,0.116890786280745
"-65.74_18.21",-0.437500239422044,-0.589280262628341,22,0.404884845544582,0.767516356323826,0.0927484234625368
"-65.74_18.35",-0.172127109809293,0.103381902358194,79,0.549830575336876,0.481513949577892,0.0922549376740635
"-65.74_18.38",-0.515172316247297,-1.14824542260437,5.31666666666667,0.287916405319805,0.892562133969169,0.0715928688279332
"-65.75_18.16",-0.521302280352387,-0.229524934263419,4,0.48016685350229,0.667982057671545,0.095628949959178
"-65.75_18.32",0.159010828371216,1.45935731998272,150.125748502994,0.83358051350741,0.081814948109679,0.0594531424398173
"-65.75_18.33",-0.0733881310279403,1.14304081443607,100.208333333333,0.76738846627368,0.147202728639412,0.0831016444751644
"-65.75_18.38",-0.49528530686094,-1.10340369558285,9.58823529411765,0.297299936248491,0.884226542892433,0.0743567623048774
"-65.75_18.39",-0.498177419240961,-0.384317317846624,8.96703296703297,0.447775168004076,0.715390549957897,0.0941487032547492
"-65.76_18.16",-0.521834356802738,-0.780441607597849,3.88571428571429,0.364882630821015,0.825282522079179,0.0856304948553121
"-65.76_18.33",0.535281543672143,1.15315021552717,230.945652173913,0.76950394852893,0.0978530267492411,0.0567504546658562
"-65.76_18.34",0.335354764740145,0.999590089855036,188.00299850075,0.737370123978289,0.137517807033312,0.0687867777780244
"-65.76_18.35",-0.314125012496818,0.923862358662824,48.5,0.721523421475947,0.224479342814541,0.103069359591148
"-65.76_18.36",-0.366113315666567,0.239820396776049,37.3333333333333,0.578381545990141,0.464517052157851,0.0992517710861063
"-65.76_18.38",-0.479080179270624,0.433457041276249,13.0689655172414,0.618901739195956,0.411275941446272,0.109003559781519
"-65.76_18.39",-0.49522296409177,-0.213175332150701,9.60162601626016,0.483588153422848,0.658028164438763,0.0957533319564071
"-65.76_18.4",-0.513260670364121,-0.643602810346783,5.72727272727273,0.393517368408914,0.791557243334352,0.0896103910239679
"-65.77_18.15",-0.526919241260448,1.10916259995894,2.79352226720648,0.760299148032163,0.202662928655026,0.112290263138058
"-65.77_18.31",1.77507053286512,0.880905825157866,497.242290748899,0.712534384088082,0.0621411256401929,0.0388229569935025
"-65.77_18.32",1.6157999462404,0.956875908536281,463.032258064516,0.728431800944798,0.0621315898305607,0.0384277728981363
"-65.77_18.33",1.35493230269917,0.846802414293934,407,0.705397941496079,0.086947008944968,0.0468194049837113
"-65.77_18.34",0.427988616630771,0.831318269473727,207.9,0.70215774622539,0.161946133605261,0.0696619329631203
"-65.77_18.35",-0.395599218956873,0.372845941393266,31,0.606218326487506,0.419113993456483,0.103493402967737
"-65.77_18.36",-0.428509982157486,0.508257523237155,23.9310344827586,0.634554406534658,0.374766727272129,0.108316765741237
"-65.77_18.37",-0.471059853035353,0.0308621413837107,14.7916666666667,0.534655169186298,0.564342911338859,0.0984163334949024
"-65.77_18.38",-0.156763402305397,0.205282283702261,82.3,0.571154138087435,0.439522050967791,0.0921022232296094
"-65.77_18.39",-0.355444074344417,0.104573113952983,39.625,0.550079846977037,0.514842953350973,0.0966569390279746
"-65.78_18.15",-0.525957949292961,1.30740509990646,3,0.801783157529491,0.157437461594064,0.10369284171727
"-65.78_18.16",-0.48405692882779,1.64922095208466,12,0.873311170250537,0.096422293577252,0.0814810071092785
"-65.78_18.17",-0.523164547928616,1.48789862751878,3.6,0.839553036418519,0.123578239466556,0.0935625632697216
"-65.78_18.24",-0.376976543194575,0.374317624209604,35,0.606526289229835,0.415220224967073,0.102705120523708
"-65.78_18.3",2.37089637764542,1.09656660514379,625.220858895706,0.757663323884069,0.0296667495340883,0.0239261266154743
"-65.78_18.31",1.83855089425263,1.25765013070477,510.877358490566,0.79137148689656,0.0340790350213229,0.0258810470235937
"-65.78_18.35",-0.0353220686324089,0.0639412755091014,108.384615384615,0.541577272744235,0.471578254902287,0.0901377883229003
"-65.78_18.39",-0.264658530003213,0.108835363999879,59.125,0.550971760776914,0.496456854100119,0.0943898798596644
"-65.78_18.41",-0.503843521825232,1.08511796879381,7.75,0.755267594718023,0.205948740769212,0.111480341186478
"-65.79_18.09",-0.498987177499288,-1.57751091826891,8.79310344827586,0.198088775504111,0.941030781658653,0.0523931235769905
"-65.79_18.25",0.00385717614442637,0.237113012467782,116.8,0.57781500170026,0.398705221326508,0.0879690702299825
"-65.79_18.26",1.44711454772255,1.4259363960868,426.8,0.826586887394568,0.0350171508692892,0.0271169251838744
"-65.79_18.27",1.82134568201855,0.500246731207593,507.181818181818,0.632878076924592,0.103504771918051,0.0567344626232215
"-65.79_18.29",3.00568151435857,0.805198819935042,761.567567567568,0.696692018679507,0.0291805144540548,0.026158212342574
"-65.79_18.3",3.12476313746896,0.674841333305128,787.145336225597,0.669413553088956,0.0325900773881444,0.0297069354193319
"-65.79_18.31",4.26288762650279,0.620266943075943,1031.60526315789,0.657993375663945,0.0155875958792269,0.0191354436132989
"-65.79_18.42",-0.520948044672126,-1.09462010527701,4.07608695652174,0.299137980783666,0.884770763676871,0.0737328939575376
"-65.7_18.35",-0.368829122548569,0.447663844332947,36.75,0.621874639321241,0.386508672331458,0.104002075007878
"-65.7_18.36",-0.516374084449437,1.45237210515406,5.05853658536585,0.832118795064748,0.129096732543526,0.0951851250776991
"-65.7_18.37",-0.539924956114685,-2.37014431454128,0,0.0322231748000835,0.982493867072673,0.0229227745971005
"-65.81_18.1",-0.501903659766659,-0.193171393739382,8.16666666666667,0.48777415577481,0.652142677574435,0.0959663739906869
"-65.81_18.34",0.662639337331365,1.03050681943831,258.301075268817,0.7438397251183,0.106658623044415,0.0565887266322007
"-65.81_18.35",-0.245147601614094,1.48043879110557,63.3157894736842,0.837991999180308,0.104099473245269,0.0774937313426573
"-65.81_18.39",-0.527601126566105,0.435308133877324,2.64705882352941,0.619289096816364,0.419269884272484,0.111473711340673
"-65.82_18.15",-0.441751067585177,-0.193904816676456,21.0869565217391,0.487620680490271,0.642272016668919,0.0957450310870831
"-65.82_18.32",1.17115589715017,0.828554514418,367.526315789474,0.701579405854327,0.100861600663648,0.0508293421289324
"-65.82_18.34",0.216155679834627,0.763939418674357,162.4,0.68805812133557,0.200489434237453,0.0787537935304745
"-65.82_18.37",-0.420041480894889,0.438267724785118,25.75,0.619908417584412,0.398986803838458,0.106244092030244
"-65.82_18.38",-0.504112118110265,0.246741986645072,7.69230769230769,0.579829950343089,0.487227023875685,0.104583683509534
"-65.82_18.39",-0.532941452703823,1.4672502012058,1.5,0.835232169230609,0.127885240195279,0.0954101365983329
"-65.82_18.41",-0.500391224941331,0.384713147277777,8.49152542372881,0.608701645058197,0.433522193633865,0.108614248813807
"-65.83_18.04",-0.506005082404784,-0.94896625999792,7.28571428571429,0.329617345715402,0.858372694668647,0.0803174232201965
"-65.83_18.05",-0.508266407318778,-0.372581873542263,6.8,0.450230914290096,0.713200649584662,0.0941621037450148
"-65.83_18.34",0.155709578089501,1.03738876035578,149.416666666667,0.745279832574853,0.146528956017951,0.0752582363432176
"-65.83_18.36",-0.250497536975632,0.436324438847935,62.1666666666667,0.619501767686961,0.370112927899941,0.0983676758490515
"-65.83_18.42",-0.536343672314243,-1.26150007794717,0.769230769230769,0.264216859565986,0.909551679751321,0.0656241494835757
"-65.84_18.02",-0.385398595997187,0.99309464875128,33.1910112359551,0.736010895051551,0.215111297589632,0.106114792242986
"-65.84_18.04",-0.461244151018974,0.580578044761259,16.9,0.649688120054977,0.354420416237264,0.111582725605774
"-65.84_18.05",-0.520695019186225,0.787618119065739,4.1304347826087,0.69301310037478,0.29392127350422,0.117406492354333
"-65.84_18.15",-0.399159436382018,-0.626257061148946,30.2352941176471,0.397147120982918,0.772647043915621,0.0932227914652392
"-65.84_18.3",1.70565936288912,1.09445808346481,482.333333333333,0.75722209693536,0.0477122489012705,0.0324444303820025
"-65.84_18.35",-0.333080236040586,0.889320024309326,44.4285714285714,0.71429513023285,0.236442880241538,0.104789004410526
"-65.84_18.43",-0.518258189122011,-0.701860826613181,4.65384615384615,0.381326359413716,0.806626312786066,0.088011542555535
"-65.85_18.33",0.3838927808079,1.32294499756502,198.428571428571,0.805035019578376,0.0852880478945989,0.0561423779391935
"-65.86_18.43",-0.519556404499671,-0.286775914999471,4.375,0.46818657566472,0.687065844953636,0.0950054222443019
"-65.87_18.32",0.994810018701212,1.19574598310004,329.648648648649,0.778417492431004,0.0674704444607732,0.0424789066806904
"-65.88_17.99",-0.500452980314161,0.897449084931815,8.47826086956522,0.715996208599784,0.257038658708027,0.115454288310616
"-65.88_18.0",-0.500306126306658,0.51573286400594,8.50980392156863,0.63611868819742,0.384511910339752,0.112295099960809
"-65.88_18.04",-0.378421405969236,0.246484064123884,34.6896551724138,0.579775977757385,0.464208530875738,0.0998368650440566
"-65.88_18.38",-0.456122915184342,-0.546701348502065,18,0.413794862712787,0.75807279725902,0.0929307733900928
"-65.88_18.43",-0.529196675512491,-0.200202216278596,2.30434782608696,0.486302893512338,0.659145602455941,0.0959910044626653
"-65.88_18.44",-0.535611615772682,-1.64857825708227,0.926470588235294,0.183217301632142,0.94819242973346,0.0480540309250661
"-65.89_18.0",-0.463106418595204,0.909131036787318,16.5,0.718440761114251,0.248420673379041,0.112810741936036
"-65.89_18.34",-0.317616764202249,0.97052461128851,47.75,0.731287913608578,0.212581964653674,0.102345704323672
"-65.89_18.38",-0.495609885087734,0.502335844613035,9.51851851851852,0.63331524251913,0.388609827186798,0.111703432224944
"-65.89_18.41",-0.527650919816806,0.458230458570654,2.63636363636364,0.624085797501287,0.410661936580047,0.112162177591687
"-65.8_18.08",-0.49640870356809,-0.582668510091603,9.3469387755102,0.406268413675031,0.773389766497487,0.0913440433002451
"-65.8_18.09",-0.525314308425601,0.724601378827211,3.13824884792627,0.679826285987159,0.315306378896469,0.117414874677293
"-65.8_18.1",-0.524018087234388,0.308576202555363,3.41666666666667,0.59276931097848,0.467005379397096,0.107303625507355
"-65.8_18.25",0.532430789864327,1.36052715417606,230.333333333333,0.812899420714335,0.0730788202592689,0.0497458656631797
"-65.8_18.26",1.5315643338968,0.772576559921681,444.939130434783,0.689865520100359,0.0857366785204124,0.0468895032621443
"-65.8_18.27",1.76791507881175,1.42647336697761,495.705357142857,0.826699253337997,0.0278217418255477,0.0226329031449699
"-65.8_18.38",-0.502679604590088,-0.896646169839095,8,0.340565790764392,0.847918666830092,0.0824003166204508
"-65.8_18.4",-0.525569976881247,0.178578252368238,3.08333333333333,0.565566081592129,0.517561535050028,0.103376189320919
"-65.8_18.41",-0.525928668356228,0.0298352080604901,3.0062893081761,0.534440274238217,0.574654501646385,0.0996459408853869
"-65.8_18.42",-0.530190375602574,-0.384271913088198,2.09090909090909,0.447784669354342,0.720159452558287,0.0937787297579737
"-65.91_18.4",-0.419653508483175,0.137735980826472,25.8333333333333,0.557019472358591,0.513845628336305,0.0989886919296239
"-65.91_18.41",-0.537929669425867,1.26279930567616,0.428571428571429,0.79244899763958,0.168049040738202,0.106710759632008
"-65.91_18.45",-0.535579665103482,-0.730348420620103,0.933333333333333,0.375365076537178,0.815345416742052,0.0866816925628373
"-65.92_18.21",0.0159619153899203,0.665037482557421,119.4,0.66736200996558,0.253046554363674,0.0880701036211014
"-65.94_18.37",-0.446146481740254,-1.06555564247054,20.1428571428571,0.305219978596535,0.874157174161881,0.077957425135318
"-65.95_17.97",-0.498605894267086,-0.192410713358439,8.875,0.487933334922348,0.651323224782641,0.0959608530527252
"-65.95_18.15",0.309152666922605,1.07557741500661,182.375,0.753271148829665,0.126264290157939,0.0675601248052294
"-65.95_18.42",-0.525625401511492,0.790465043805133,3.07142857142857,0.69360884474321,0.293761111644252,0.117730145551187
"-65.96_18.21",-0.00647191262140655,-0.468276021162994,114.581395348837,0.430206061245021,0.665754629131191,0.10413516810054
"-65.96_18.4",-0.507478524882681,-1.32892139936891,6.96923076923077,0.250108347320013,0.916160257458013,0.063590587083296
"-65.96_18.41",-0.525459127620757,-0.56275351904581,3.10714285714286,0.410435802998217,0.771736155914312,0.0910210469193084
"-65.96_18.42",-0.526124223183696,0.182475678238956,2.96428571428571,0.566381652682479,0.516156551577104,0.10350752184031
"-65.96_18.44",-0.525641995712164,0.868229218369298,3.06786427145709,0.709881691166282,0.269415181430162,0.117444965714182
"-65.96_18.45",-0.529061728586678,-0.531032297404496,2.33333333333333,0.417073751269569,0.763448130065578,0.0915403984897085
"-65.97_18.39",-0.469158788217951,-2.12022360434776,15.2,0.0845213102553564,0.973099625371584,0.0316466522331205
"-65.97_18.4",-0.503364261787232,-0.290771881303865,7.85294117647059,0.467350384110606,0.685827078210097,0.0950297368817933
"-65.97_18.41",-0.522376665492519,-0.712970260504127,3.76923076923077,0.37900161138459,0.80976386930675,0.0875841152428041
"-65.97_18.45",-0.537579792851815,-3.81282778124349,0.503722084367246,-0.269671195227321,0.998092016842423,0.00393966014986454
"-65.98_17.97",-0.518974445882099,0.916744027483894,4.5,0.720033847250894,0.253953934577103,0.116455918879297
"-65.98_18.35",-0.111603413581823,1.4043752223644,92,0.822075019678461,0.105911712289718,0.0742108757131899
"-65.98_18.4",-0.462330473771775,-1.42559208779161,16.6666666666667,0.229879144410938,0.924678295724082,0.0607504639740046
"-65.98_18.41",-0.507335273530663,-0.772006225680821,7,0.36664780964822,0.821830538599035,0.0863750884684519
"-65.98_18.45",-0.527820216869191,0.142720086264142,2.6,0.558062440830875,0.531822158787464,0.102446050951563
"-65.98_18.46",-0.531278713796475,-0.32484342374417,1.85714285714286,0.460220610270202,0.701412012027231,0.0945097117374609
"-65.99_17.98",-0.38522977449832,0.0594542296113327,33.2272727272727,0.540638318409583,0.537734371546219,0.0968500909709638
"-65.99_18.43",-0.508315414360258,0.17454871077786,6.78947368421053,0.56472286411026,0.515941611487523,0.102675818286856
"-65.99_18.45",-0.535527935448587,0.00768719251246491,0.944444444444444,0.529805604641211,0.584735403028061,0.0993917298740596
"-65.99_18.46",-0.523915989231306,-1.05589019756624,3.43859649122807,0.307242559063951,0.878747365966668,0.0752828773390881
"-65.9_18.45",-0.527454414309574,-0.436181594716807,2.67857142857143,0.436922105947128,0.735676445530344,0.0931077112722841
"-66.01_18.02",-0.11470719287554,1.01738092769955,91.3333333333333,0.741093015317445,0.17775220684035,0.089319626966452
"-66.01_18.24",-0.272689558925704,-0.1851567507757,57.4,0.489451291227153,0.609924663652075,0.095355221068371
"-66.01_18.39",-0.339731191669978,-0.832029407570865,43,0.354087424018269,0.817294271014273,0.0907279393871369
"-66.01_18.43",-0.530946166015005,-1.21928900549235,1.92857142857143,0.273049902586891,0.903682538517036,0.0677673461127035
"-66.01_18.44",-0.503741971999347,-1.54102099685411,7.77181208053691,0.205724616693205,0.938020198402782,0.0538859824321064
"-66.02_17.98",-0.515094721764954,0.539965114664923,5.33333333333333,0.641189502562377,0.378232658836621,0.113701680687734
"-66.02_18.02",-0.218683799215039,0.275818093732215,69,0.585914384825441,0.423931495814405,0.0946668890398906
"-66.02_18.24",-0.264575393057845,-1.08555026026967,59.1428571428571,0.30103592666572,0.862387622419496,0.084937949155414
"-66.02_18.33",0.246350481302785,1.20526660043833,168.885598923284,0.780409766439788,0.110180216447786,0.0657805911379627
"-66.02_18.38",-0.177558723573297,0.054470623448374,77.8333333333333,0.539595454414981,0.501441780924015,0.0924924417888037
"-66.02_18.43",-0.525026815504846,-0.232458838307271,3.2,0.479552907939398,0.669596928285771,0.0955992078032843
"-66.02_18.44",-0.514834991280124,-1.27758628107793,5.38912133891213,0.260850678229347,0.91029302955206,0.0656999028242724
"-66.02_18.45",-0.526179647813941,-1.91404225454171,2.95238095238095,0.127666594822444,0.964808787452444,0.0375775444659943
"-66.03_18.09",2.2910091467263,1.29546325362013,608.061728395062,0.799284219789658,0.0232783212591916,0.019786461596556
"-66.03_18.24",-0.258096444901627,-0.432444137640367,60.5344827586207,0.43770420214192,0.694056889191371,0.0977410178596865
"-66.03_18.39",-0.245217327079614,0.448236896405552,63.3008130081301,0.621994555573451,0.364919879192521,0.0983262671989447
"-66.03_18.4",-0.363102649751662,0.322394728130605,37.98,0.595660960581134,0.432353040933583,0.100919773564134
"-66.03_18.43",-0.528210692328723,0.123413322109972,2.51612903225806,0.554022328404194,0.539329911910926,0.101940014054768
"-66.03_18.44",-0.524228700829319,-0.496969406933144,3.37142857142857,0.424201714608379,0.753128285958055,0.0922310839893887
"-66.03_18.45",-0.533478645273889,-2.79728463829957,1.38461538461538,-0.0571597438584893,0.990844583755558,0.0140464988179694
"-66.04_17.96",-0.516583696966669,-0.16237849692251,5.01351351351351,0.494217843805073,0.643735877583019,0.0963854426667555
"-66.04_18.09",2.28792835839032,1.34974516959593,607.4,0.810643194371141,0.0214896052409897,0.0186354830626213
"-66.04_18.16",0.229513868410276,0.644544112505686,165.269230769231,0.663073589681919,0.230018249231158,0.0797473831208908
"-66.04_18.18",0.0325360968183658,0.04899157880816,122.96,0.538448915504551,0.464880103169369,0.0895754946750186
"-66.04_18.25",-0.255929150739635,-1.27691794975862,61,0.260990532512886,0.893330202228406,0.076537201366631
"-66.04_18.37",-0.285027081618226,-0.834347856318485,54.75,0.353602267959952,0.811741143483256,0.0928467869440409
"-66.04_18.38",-0.164458949201288,0.58970924730719,80.6470588235294,0.651598905548692,0.303072684290935,0.0962409859682866
"-66.04_18.39",-0.373429366858899,-1.67188137433243,35.7619047619048,0.178340916711759,0.9439316764755,0.0523890530621242
"-66.04_18.4",-0.428262801047888,0.0902012305004482,23.984126984127,0.547072402308021,0.533786932064174,0.0983713623538319
"-66.04_18.42",-0.514318776941525,-0.753862706289177,5.5,0.370444502743582,0.81844608991112,0.0866817501663782
"-66.04_18.43",-0.524883564152829,-1.06529141268512,3.23076923076923,0.305275271033478,0.88036515013833,0.0748448791006232
"-66.04_18.45",-0.524684914817023,-1.041828522929,3.2734375,0.310185089774339,0.87646951233378,0.0758475684845214
"-66.05_17.96",-0.539353207297421,-0.581311707003659,0.12280701754386,0.406552336810591,0.778530940766041,0.0903085406108691
"-66.05_18.1",2.98665473427555,0.937737405604697,757.480769230769,0.724426898678186,0.0242251476839241,0.0221211751669445
"-66.05_18.12",2.77863586472688,1.73917194806058,712.8,0.892134217641219,0.00829786030083984,0.0090031053647186
"-66.05_18.2",-0.104328930862175,0.514172012515816,93.5625,0.635792066115589,0.31862660950453,0.0929769941741495
"-66.05_18.22",-0.12324258593326,-0.327215057466775,89.5,0.45972432478198,0.63569839187788,0.0986032526754634
"-66.05_18.24",-0.176162022891124,-0.572763017726674,78.1333333333333,0.40834122621246,0.726314610142783,0.100327952170764
"-66.05_18.25",-0.15749500742463,0.101370671184798,82.1428571428571,0.54940970729334,0.479597346058466,0.0919504219116046
"-66.05_18.29",-0.257348562002006,0.562727530423085,60.6951219512195,0.645952740877792,0.326861733015067,0.100513747658597
"-66.05_18.34",0.00422054542759316,1.29840143473539,116.878048780488,0.799899060367852,0.113595555253802,0.0731099009565259
"-66.05_18.37",-0.318448133655923,-0.530902350364746,47.5714285714286,0.417100943845492,0.734218302635484,0.0964362901973621
"-66.05_18.38",-0.353989177800487,-0.381186282211434,39.9375,0.44843036510894,0.692218451734863,0.0959896290661586
"-66.05_18.39",-0.340071850372947,-0.16394977083179,42.9268292682927,0.493889040739168,0.613928723786241,0.0953942465979304
"-66.05_18.4",-0.384470427425125,0.201364853871234,33.3903743315508,0.570334380990151,0.4827361890395,0.0991135013245512
"-66.05_18.41",-0.382421308565755,-0.0447525065887328,33.8305084745763,0.518832130355288,0.57701144396399,0.0959041733799176
"-66.05_18.43",-0.501792810506169,-0.676077736479287,8.19047619047619,0.386721700757111,0.798374606728495,0.0891689636639473
"-66.05_18.45",-0.528632482514142,-1.16294433851326,2.42553191489362,0.284840526195368,0.8956568733632,0.0704111592038292
"-66.06_18.23",-0.120914751462972,-0.893962803650263,90,0.341127309048775,0.807310801879417,0.0984054681992585
"-66.06_18.24",-0.133156230635392,0.282245028422668,87.3706293706294,0.587259278174789,0.406201525035031,0.0919130093723853
"-66.06_18.31",0.895055670680192,1.36213485210723,308.222222222222,0.813235845831366,0.0567708652457853,0.0396406173133661
"-66.06_18.33",0.158425384971503,0.572485523130262,150,0.647994687797583,0.260341925531035,0.0828130664964368
"-66.06_18.36",-0.272889087594586,-0.45228642568074,57.3571428571429,0.433552026570418,0.702825939032691,0.097534431573181
"-66.06_18.37",-0.369713699647278,-0.85818514893308,36.56,0.348614102084944,0.826459371994754,0.0887765075687945
"-66.06_18.38",-0.427379219986012,-0.152107913668236,24.1739130434783,0.496367054864136,0.624786868186333,0.0958739368250935
"-66.06_18.39",-0.409933000205935,1.11631760380251,27.9212198221093,0.761796396339052,0.187383786283282,0.104069334563329
"-66.06_18.4",-0.480536788897112,0.585694962011665,12.7560975609756,0.650758880582458,0.3558646925157,0.112767314599462
"-66.06_18.41",-0.43307557695562,-0.607616492415499,22.9503816793893,0.401047826081868,0.771970245299038,0.0925670877886646
"-66.06_18.42",-0.493195834525955,-0.677031706826986,10.037037037037,0.386522073961774,0.79759053507135,0.0894031569595676
"-66.06_18.43",-0.504027298230781,-0.222028658925798,7.71052631578947,0.481735515910113,0.66255982273589,0.0956855281416319
"-66.06_18.44",-0.461111131906387,-1.26689086151993,16.9285714285714,0.263088790070346,0.905597757891721,0.0682943248831432
"-66.06_18.45",-0.503589333003764,-1.31689355522384,7.80459770114942,0.252625280878048,0.914494481007307,0.0643001001173906
"-66.07_18.12",3.04094955475011,1.53892010815724,769.142857142857,0.850229735854484,0.00931459026599977,0.00995981201967631
"-66.07_18.13",1.94371923471717,0.350513024315599,533.466666666667,0.60154496459791,0.117401111696273,0.0654864958445645
"-66.07_18.19",0.90798808440401,1.0774101627357,311,0.753654667622155,0.0847935289951215,0.048351887994576
"-66.07_18.24",-0.0650467241760774,-0.33742899927432,102,0.457586966450333,0.62939773383865,0.0997336454921254
"-66.07_18.33",0.126766836175595,0.505674718169457,143.2,0.634013931560893,0.285490974744388,0.0841453785974417
"-66.07_18.34",-0.0783240022658642,-0.944397153504695,99.1481481481482,0.330573471960831,0.814468818154251,0.0990022764173179
"-66.07_18.36",-0.218600662269671,-1.22280133225218,69.0178571428571,0.27231491691681,0.882247335632978,0.080878030082173
"-66.07_18.37",-0.262481573693037,-1.15586707329996,59.5925925925926,0.286321507001205,0.874638019944436,0.0819549975877956
"-66.07_18.38",-0.351499688158653,-0.916670804620377,40.4722222222222,0.336375457512607,0.83724480292597,0.0876070330328496
"-66.07_18.39",-0.457612729245326,-0.372081829525949,17.68,0.450335552956009,0.705337185710261,0.0947257857160211
"-66.07_18.4",-0.468657408485889,0.0358466469433667,15.3076923076923,0.535698221387673,0.562008173987865,0.0984463850166859
"-66.07_18.41",-0.502369226660717,0.607044860322016,8.06666666666667,0.655226537036084,0.351987315432165,0.114425297631448
"-66.07_18.42",-0.495114142561655,-0.731115867259648,9.625,0.375204481489739,0.810991644074901,0.0879517063502818
"-66.07_18.43",-0.517720996551945,0.930467085384895,4.76923076923077,0.722905519392076,0.249775675251336,0.116168070027021
"-66.07_18.44",-0.52192303621113,0.539651937514713,3.86666666666667,0.64112396745322,0.379532014628652,0.114072013180792
"-66.07_18.45",-0.457888858575595,-1.01605702552003,17.6206896551724,0.315578005236752,0.866485952329166,0.0795387766016875
"-66.07_18.46",-0.513943319768898,-1.63573239374754,5.58064516129032,0.185905412994339,0.946401572771082,0.0493049682418956
"-66.08_18.12",2.43597863070059,1.50511100115817,639.2,0.843154878968513,0.0152434490425987,0.0144146032627241
"-66.08_18.33",0.0245749029299833,0.474408348752257,121.25,0.627471165170268,0.311397434825471,0.0876987075725577
"-66.08_18.34",-0.0238939362192129,-0.00133382942027504,110.839285714286,0.52791787542254,0.494709992627487,0.0911306465285279
"-66.08_18.35",-0.0634948345292193,0.423612487976417,102.333333333333,0.616841678700879,0.342994421971125,0.0906548026377967
"-66.08_18.37",-0.194203991559759,-1.26374388537343,74.258064516129,0.263747322869236,0.886883035681208,0.0800439095562666
"-66.08_18.38",-0.384546447655203,-1.18860876311245,33.3740458015267,0.279470016672444,0.88927315857377,0.0750791875569546
"-66.08_18.4",-0.496730694277132,0.131550069019763,9.27777777777778,0.555725015195232,0.530419002618577,0.101188642596767
"-66.08_18.42",-0.50813014383759,-1.18594435110852,6.82926829268293,0.280027568624751,0.897556604341171,0.0701703326840903
"-66.08_18.43",-0.509275135589236,-0.654385158507679,6.58333333333333,0.391261065983206,0.79381792255564,0.0894712597503834
"-66.08_18.44",-0.537264573862928,0.131937185681965,0.571428571428571,0.555806022806091,0.537709303688921,0.102447007160104
"-66.08_18.45",-0.482550682994075,-0.866853255927677,12.3235294117647,0.346800223461627,0.839887107937542,0.0841972326123021
"-66.08_18.46",-0.522827011930425,-2.22452859985874,3.6725,0.0626945605647413,0.977891718787738,0.027244902110466
"-66.09_18.32",0.199550460613245,0.833045653835449,158.833333333333,0.702519216794447,0.185729548376869,0.0782600743318293
"-66.09_18.37",-0.313936269161389,-0.661700072899768,48.5405405405405,0.389730354969201,0.771242899925377,0.0953262252856249
"-66.09_18.38",-0.34671469508084,-0.255345190234592,41.5,0.474763734876288,0.648005055170407,0.0957294627935516
"-66.09_18.41",-0.366698258687306,0.806639212531062,37.2076923076923,0.696993433664433,0.265133678658058,0.107654510491707
"-66.09_18.42",-0.509921756275426,-0.458451650640719,6.44444444444444,0.432261898314062,0.739846268058073,0.093076740499047
"-66.09_18.45",-0.511254697150402,-1.22577390554524,6.15813953488372,0.27169287946897,0.903291690756127,0.068229953933076
"-66.09_18.46",-0.49622100503037,-0.332033142614983,9.38725490196078,0.458716097534543,0.698319034088609,0.0946856709617161
"-66.09_18.47",-0.534201473196914,-0.95262076603062,1.22935779816514,0.328852607765625,0.861558557362046,0.079112025348417
"-66.0_18.22",-0.233920533929646,1.11856108305793,65.7272727272727,0.76226586436313,0.167925970422027,0.0929757095594906
"-66.0_18.39",-0.231676363700363,-0.761128562055517,66.2093023255814,0.368924057684138,0.787284373644639,0.0966571729241321
"-66.0_18.4",-0.470089922006066,0.217346774472877,15,0.573678740278394,0.492330856015215,0.10248455625235
"-66.0_18.43",-0.528751350657306,-1.21405180891535,2.4,0.274145832635178,0.902832423032914,0.068090881928109
"-66.0_18.44",-0.501539440767907,-1.85484926548461,8.24489795918367,0.140053255204903,0.960883144520545,0.0405158310829544
"-66.0_18.45",-0.52338930436023,-1.63651109592394,3.55172413793103,0.185742462625523,0.946814645425194,0.0489669226197594
"-66.11_18.19",1.39471711000954,-0.223124039652743,415.545454545455,0.481506297732922,0.32649829194642,0.124886825037593
"-66.11_18.36",-0.388874363820487,-0.220242162766476,32.4444444444444,0.482109356149516,0.642681379857663,0.0955916626011644
"-66.11_18.4",-0.424697149835464,-0.762684948815796,24.75,0.368598369886808,0.810523072844569,0.0894707866637881
"-66.11_18.41",-0.419300806290707,-0.480134109896315,25.9090909090909,0.427724650519453,0.733392641211377,0.094504683776312
"-66.11_18.44",-0.533694575620681,-1.27076479218014,1.33823529411765,0.262278135562142,0.910566010718268,0.0652973977134316
"-66.11_18.46",-0.521801102024591,-2.08164673594925,3.89285714285714,0.0925938636959397,0.972546878243945,0.0317528833492987
"-66.11_18.47",-0.443588421882795,-1.23663945305605,20.6923076923077,0.269419166837968,0.900362765875005,0.070409698122616
"-66.12_18.19",1.35213890133483,0.552766124833436,406.4,0.643868227999892,0.13077525351307,0.0595606934959975
"-66.12_18.29",0.547639308403538,1.46680047812428,233.6,0.835138060668672,0.0620293473793906,0.0455496553051407
"-66.12_18.3",0.300182477196584,-0.048972676563933,180.448275862069,0.517949022185355,0.453527977414769,0.0923545909291152
"-66.12_18.35",-0.344652898835728,-1.21193010310084,41.9428571428571,0.274589818481719,0.889929996429474,0.0757075462646271
"-66.12_18.37",-0.361974943274945,-1.53474019525598,38.2222222222222,0.207038930390908,0.931033345655034,0.059328941889854
"-66.12_18.38",-0.133091116384475,0.792646733395191,87.3846153846154,0.694065382729253,0.236838313930116,0.0944790871934228
"-66.12_18.39",-0.382031269472913,-0.243444533899067,33.9142857142857,0.477254053251904,0.649741367950271,0.0956064623890566
"-66.12_18.4",-0.343399294471643,-1.13861054219411,42.2121212121212,0.289932589894509,0.878207781998197,0.0791131657750789
"-66.12_18.41",-0.454332273284121,0.699273202443321,18.3846153846154,0.674526139399331,0.31247764462823,0.112823123143992
"-66.12_18.42",-0.488047502205425,0.574892701537196,11.1428571428571,0.648498411327711,0.360985071229938,0.112975636116556
"-66.12_18.44",-0.533163151224803,-1.79205031344572,1.45238095238095,0.153194495471212,0.958008150645541,0.0421320223572904
"-66.12_18.46",-0.497782906467304,-1.12686224268636,9.05177111716621,0.29239102624638,0.888076826243374,0.0732268389991396
"-66.12_18.47",-0.389098579042944,-1.70344006279996,32.3962848297214,0.171736979955226,0.947045223127994,0.0504023696212827
"-66.13_18.36",-0.253640771090878,0.514143301649578,61.4915254237288,0.635786058111009,0.343008473947403,0.0997039822949694
"-66.13_18.37",-0.370829387497588,0.134364820536749,36.3203592814371,0.556314027030203,0.506150933578603,0.0974963545818722
"-66.13_18.38",-0.35525008813856,-0.966168874692052,39.6666666666667,0.326017545311659,0.847778532928502,0.0856891239513318
"-66.13_18.4",-0.334410427166464,0.0903000903725647,44.1428571428571,0.547093089617125,0.516488231968888,0.0959596904008672
"-66.13_18.44",-0.532617082326816,-0.625590978653385,1.56967213114754,0.397286504680052,0.789302058693768,0.0894963091766822
"-66.13_18.45",-0.538539610722611,-3.17700589210859,0.297560975609756,-0.136619799616064,0.994912866996487,0.00881617848105857
"-66.13_18.46",-0.51744931295329,-0.0785264263937936,4.82758620689655,0.51176463670319,0.613585795733055,0.0975255697170663
"-66.13_18.47",-0.534493342350681,-3.35178933399227,1.16666666666667,-0.173194792188282,0.996102858823125,0.00711006556008147
"-66.14_18.19",1.39238611701215,-0.599821738395293,415.044776119403,0.402678947813531,0.465297718159712,0.169051948606859
"-66.14_18.36",-0.395599218956873,0.834594121596916,31,0.702843247470715,0.260875027459294,0.109262645866056
"-66.14_18.37",-0.376200598371145,0.0407511522231029,35.1666666666667,0.536724532817654,0.543273177789675,0.096441409302804
"-66.14_18.39",-0.487743198208135,0.266793313536363,11.2082191780822,0.584025869156726,0.476460955638089,0.104528797820522
"-66.14_18.41",-0.431226289833676,1.06142165005805,23.3475935828877,0.75030892888327,0.203203969877945,0.107277488529484
"-66.14_18.43",-0.527509838939819,0.675866827465364,2.66666666666667,0.669628146879359,0.332179895311986,0.11702993542857
"-66.14_18.45",-0.53604523199754,-1.18849051950114,0.833333333333333,0.279494760201687,0.899790434924553,0.0689730653757121
"-66.14_18.46",-0.527939085012355,-0.457833661332721,2.57446808510638,0.432391218083178,0.74221289210216,0.0927811570317221
"-66.14_18.47",-0.537707970904887,-1.11260317124604,0.476190476190476,0.295374863996661,0.888807090924358,0.0722979109353562
"-66.15_18.08",2.81313682192861,0.938295778616173,720.210526315789,0.724543743206061,0.0274188943563301,0.0238661164854634
"-66.15_18.11",1.48994670197583,-0.295902716839658,436,0.466276711057894,0.335902418640379,0.135235209437198
"-66.15_18.18",1.34998451335448,-1.02993128712572,405.937254901961,0.312674692373105,0.636050736151512,0.194400737086132
"-66.15_18.37",-0.349624488168699,-1.00834712637413,40.875,0.317191370329889,0.855504914404748,0.0843199480900987
"-66.15_18.39",-0.482505039180932,0.156470443509538,12.3333333333333,0.560939825603114,0.518178186070729,0.101353738038712
"-66.15_18.41",-0.510447920765218,-0.621215452654624,6.33142857142857,0.39820212248217,0.785430188305896,0.0901918217123693
"-66.16_17.93",-0.529837673410107,-2.58669332249689,2.16666666666667,-0.0130916346128613,0.987325745485268,0.0180424988717684
"-66.16_17.94",-0.521302280352387,0.267738120604801,4,0.584223578454231,0.482273383510966,0.105900643505411
"-66.16_17.95",-0.516905259686288,0.218757885597979,4.94444444444444,0.573974027854625,0.500416548291718,0.104239558279535
"-66.16_18.12",1.31044479948924,0.475700408526104,397.444444444444,0.627741540190476,0.148801415602118,0.0640424779769107
"-66.16_18.4",-0.478237342652072,-0.339662359830446,13.25,0.457119615854241,0.698013331941022,0.0947653068434217
"-66.16_18.42",-0.516314063630342,-1.1145621416442,5.07142857142857,0.294964931985998,0.887541123108083,0.0730414481225151
"-66.16_18.43",-0.517810528646956,0.988390739276576,4.75,0.735026560081124,0.233359572007844,0.115084756977526
"-66.16_18.44",-0.52274984128349,0.274502270271705,3.6890756302521,0.585639037042059,0.479925112817352,0.106170950225483
"-66.16_18.45",-0.529343890340652,-0.184982820597766,2.27272727272727,0.489487687666641,0.65385560084182,0.096181044378383
"-66.17_17.94",-0.532854593208663,0.00908365505968109,1.51865671641791,0.530097826871998,0.583731179565446,0.0993637930516098
"-66.17_18.08",2.3436799939537,0.59935171993147,619.375,0.653616678861827,0.0631148629456954,0.0438088276003871
"-66.17_18.37",-0.400254887897447,-0.200381622227303,30,0.486265351219026,0.637530408135006,0.0956163796304254
"-66.17_18.4",-0.382399438477416,-1.48032258092549,33.8352059925094,0.218426301062209,0.926455234939962,0.0611825243862948
"-66.17_18.43",-0.521011301043601,-1.14348395158819,4.0625,0.288912785555671,0.892267731248599,0.0715777408802472
"-66.17_18.45",-0.526539907910533,0.372853950974009,2.875,0.606220002563644,0.44279059494288,0.109472972328069
"-66.18_17.94",-0.517644254756221,-0.982427170544862,4.78571428571429,0.322615352039545,0.865557621485042,0.0785583809074265
"-66.18_18.08",3.03104702081301,1.04126936621682,767.015873015873,0.746091883928309,0.020057274249874,0.0189254535457528
"-66.18_18.19",1.46317660556753,1.42740089043802,430.25,0.826893345886521,0.0345433132106093,0.0268318085177473
"-66.18_18.35",-0.0565685060000837,-0.138929767802879,103.821052631579,0.499124699306576,0.553792462626679,0.0944971926382147
"-66.18_18.4",-0.338800057881863,-0.781012516242227,43.2,0.36476316310026,0.80509315915763,0.092113750250097
"-66.18_18.46",-0.535851245791682,-1.27851066320933,0.875,0.260657243031906,0.911666172190112,0.0648583477075449
"-66.19_18.41",-0.34420779642053,0.914421982832943,42.0384615384615,0.719547938717766,0.230951913889513,0.105090886089376
"-66.19_18.43",-0.470089922006066,0.0269842139275495,15,0.533843678312929,0.565642951710658,0.0983296180453435
"-66.19_18.47",-0.534944000261232,0.764305194981528,1.06986899563319,0.688134663286991,0.303686292388159,0.118272141837068
"-66.1_18.06",2.17258416038758,1.56426536487553,582.625,0.855533456654474,0.0168639542934099,0.0155906078474576
"-66.1_18.07",2.19450460164945,0.985139390956692,587.333333333333,0.734346186474976,0.0397354704470233,0.0293766960507357
"-66.1_18.14",1.75504145138389,0.628519991240446,492.940206185567,0.659720399528801,0.0904131671354983,0.0503756610890181
"-66.1_18.15",1.49166194842762,0.235943417139712,436.368421052632,0.577570253456515,0.181467919268423,0.0785823821002061
"-66.1_18.26",0.668221133964419,-0.654106391261188,259.5,0.39131940051341,0.617549429873652,0.137952140244586
"-66.1_18.28",1.2571632549471,0.0710771560508691,386,0.543070519329831,0.253851198063991,0.0926484972834365
"-66.1_18.37",-0.363248288626214,-0.708580756382378,37.9487179487179,0.379920154233492,0.789897691296295,0.092862692660402
"-66.1_18.38",-0.298857932084141,-1.47121808699502,51.7792452830189,0.220331497540159,0.921126660514385,0.0649700857605616
"-66.1_18.39",-0.334687550317689,-1.12254824114507,44.0833333333333,0.293293769507576,0.8748203608207,0.0802053135855017
"-66.1_18.41",-0.442367529678099,-0.83567448621023,20.9545454545455,0.353324658834547,0.82912940933366,0.0867103303465009
"-66.1_18.45",-0.527820216869191,-0.913232019403846,2.6,0.337095053959482,0.853534450304597,0.080858300287395
"-66.1_18.46",-0.528027135488772,-2.09455749379037,2.55555555555556,0.089892172580056,0.973195699205513,0.0311884091597482
"-66.1_18.47",-0.511632814091193,-1.22461735769547,6.07692307692308,0.271934897411626,0.903159527036338,0.0682683762402725
"-66.21_18.42",-0.390943550016298,-0.120042175577732,32,0.503077096272197,0.606682495175204,0.0957103720470816
"-66.21_18.47",-0.53636473868954,-0.368764662456027,0.764705882352941,0.451029699722062,0.716221185191097,0.0939150517129391
"-66.22_17.96",-0.487079924824821,-0.0560606516821478,11.3506849315068,0.516465800236486,0.59994168735766,0.097400889630653
"-66.22_18.45",-0.539924956114685,1.39200518064705,0,0.819486478229374,0.142080023077851,0.100163430800723
"-66.23_18.22",0.387883354185536,-0.820046167865949,199.285714285714,0.356595023699765,0.719682883159206,0.125983910708005
"-66.23_18.34",-0.106900717682253,-0.42012529819576,93.010101010101,0.440282029059213,0.665646399171819,0.10070720664971
"-66.23_18.45",-0.527862541132287,0.145145329425306,2.59090909090909,0.558569944571786,0.530894757561649,0.102513708714531
"-66.23_18.47",-0.529249025613023,0.175723913101929,2.29310344827586,0.564968785667877,0.519342488057489,0.103419871396315
"-66.24_18.3",0.0345845911522187,0.756791664072144,123.4,0.686562389997026,0.22474145762264,0.0865798282718774
"-66.24_18.34",-0.276214565409282,0.911194058713949,56.6428571428571,0.718872466834368,0.223029849773835,0.100995761243853
"-66.24_18.42",-0.485608818474648,-0.324717068940029,11.6666666666667,0.460247051138817,0.694268124048664,0.094829590859242
"-66.24_18.45",-0.530978119004684,0.434054330786828,1.92170818505338,0.619026727348023,0.420349462603572,0.111605157473169
"-66.24_18.47",-0.525026815504846,0.490225681100538,3.2,0.630781082899979,0.398262605134027,0.112941760314207
"-66.25_17.95",-0.53713155475034,0.0501042176953694,0.6,0.538681745105551,0.568993016716222,0.100364458575643
"-66.25_18.39",-0.402117155473677,-0.937508045411637,29.6,0.332015079212738,0.846507880240648,0.0848125666950228
"-66.25_18.45",-0.533639803044909,0.564751147496489,1.35,0.646376200781266,0.372441034589602,0.115332539158116
"-66.25_18.46",-0.531611261577945,0.593684039117031,1.78571428571429,0.652430666151151,0.36168516367568,0.115858460699583
"-66.25_18.47",-0.532887317018468,-0.496851067132977,1.51162790697674,0.424226478265997,0.754279813236273,0.0920651205314417
"-66.26_17.94",-0.532359494086251,-0.686166110052154,1.625,0.384610618697411,0.80444858623235,0.0880015697985473
"-66.26_17.95",-0.535015760647643,-0.888280341820833,1.05445544554455,0.342316414818541,0.84931844259142,0.0815181194174572
"-66.26_18.14",2.30972192218782,-1.15700670544342,612.081081081081,0.28608302882082,0.511785758987827,0.269138254003991
"-66.26_18.43",-0.506869706636605,1.09687873403895,7.1,0.757728639636517,0.203347844407858,0.111304893987449
"-66.26_18.48",-0.525140061506103,-0.77081046296518,3.17567567567568,0.366898033650971,0.823476353887564,0.085816689213077
"-66.27_18.42",-0.498023935649514,-0.563433707624247,9,0.410293467477552,0.768339373904161,0.0916599250339727
"-66.27_18.43",-0.505339986841845,0.680293718729415,7.42857142857143,0.670554513320915,0.327051905581849,0.115728969185346
"-66.27_18.45",-0.520944151972342,-0.0775380705330819,4.07692307692308,0.511971458973507,0.613834073736363,0.0975895629893342
"-66.27_18.46",-0.477073425416928,-1.11875046823394,13.5,0.294088487328204,0.885279994247293,0.0744084779400469
"-66.27_18.47",-0.523669569644204,0.673954309985015,3.49152542372881,0.669227935555654,0.332208512166914,0.116769172450122
"-66.27_18.48",-0.529706669738619,-1.26480197422852,2.19480519480519,0.263525908348507,0.909569580648142,0.065723860122604
"-66.28_17.96",-0.539924956114685,-1.83123150604063,0,0.144995481807874,0.960571517090379,0.0403862154466963
"-66.28_17.99",-0.450303329008624,-1.36589710838763,19.25,0.242370850746328,0.91731170275695,0.0640430284154395
"-66.28_18.17",1.49343845368126,1.55202042668939,436.75,0.852971094233991,0.0280400587004001,0.0233843990525372
"-66.28_18.47",-0.505421593659384,1.19637893834124,7.41104294478528,0.778549943954992,0.179366763659039,0.107431891640341
"-66.29_18.18",2.15534923209795,1.28551919467963,578.923076923077,0.797203336852654,0.0260530940072397,0.021421462871264
"-66.29_18.29",1.33570889546067,1.47094367488485,402.870967741935,0.836005061507594,0.0354412366124784,0.0277445941160661
"-66.29_18.45",-0.498334313578885,0.631877410561516,8.93333333333333,0.660422969437063,0.342596580316256,0.114622729299101
"-66.29_18.46",-0.49168621857557,0.0950795134398685,10.3612903225806,0.548093226479645,0.54353452131499,0.100191198139752
"-66.29_18.47",-0.520466647465617,-0.284687781418527,4.17948717948718,0.468623536222252,0.68651471767091,0.0950247348959288
"-66.2_17.93",-0.524729369989198,-0.595664431185138,3.26388888888889,0.403548901389757,0.780496935888332,0.0903673557702101
"-66.2_17.94",-0.52520929901106,0.463291452529003,3.1608040201005,0.625144855581616,0.408331429195929,0.112184482232427
"-66.2_18.22",0.493994764386538,-0.597891016318489,222.077586206897,0.403082968611251,0.627292089155353,0.127017483603728
"-66.2_18.23",0.640287120320972,1.25008160587489,253.5,0.789787705638724,0.0795220339048836,0.0501731036953106
"-66.2_18.47",-0.537059929074331,-0.860515424883545,0.615384615384615,0.34812647107905,0.843931910943085,0.0824425826530339
"-66.31_17.97",-0.526889083081076,0.771170922139155,2.8,0.68957137786983,0.300193255033405,0.117775380081153
"-66.31_18.09",0.206145991612392,-0.135710390475479,160.25,0.499798382697679,0.504311512421752,0.0956933217398423
"-66.31_18.16",2.34852964910013,1.27817109050328,620.416666666667,0.795665680580564,0.022925150751776,0.0196070428946071
"-66.31_18.35",0.339996473653911,0.825942249671555,189,0.701032766180293,0.172131981393871,0.0729018457151861
"-66.31_18.47",-0.520796229380585,-0.910461725738128,4.10869565217391,0.337674762592945,0.852346534245979,0.0812213106166358
"-66.31_18.48",-0.539387763544619,-0.53463898202647,0.115384615384615,0.416319020376085,0.765823914000016,0.091249919662829
"-66.32_18.37",0.218082910233284,0.929301350443437,162.813953488372,0.722661578968627,0.162366907091228,0.0754185020328937
"-66.32_18.47",-0.514353520739589,-0.87790353172505,5.49253731343284,0.344487854790693,0.845267706747198,0.0826438180839703
"-66.32_18.48",-0.502679604590088,1.02167713324575,8,0.741992034608102,0.222329656696782,0.113242535214026
"-66.33_18.19",2.46730463171503,0.86098745398998,645.928571428571,0.708366287444231,0.0393948177671032,0.0303939129395682
"-66.33_18.2",3.68431866263332,1.5898650242869,907.333333333333,0.860890413484773,0.00537695268833509,0.00655109957474784
"-66.33_18.47",-0.453616016524033,0.668511413668762,18.5384615384615,0.668088961004101,0.322685993211501,0.112480722302973
"-66.33_18.48",-0.469243436744143,0.737755959813623,15.1818181818182,0.682578999268712,0.302134635993907,0.113989069632049
"-66.34_18.19",2.59508611674472,-0.414764139834464,673.375,0.441403899215388,0.212037711537856,0.150671607446992
"-66.34_18.42",-0.464658308242062,-0.0179270486139198,16.1666666666667,0.524445596457118,0.581670485638854,0.0975391538288962
"-66.34_18.48",-0.458327366202141,0.99885856412591,17.5265017667845,0.737217045701418,0.222783133317662,0.11078614377474
"-66.36_17.96",-0.539924956114685,0.851038360660475,0,0.706284351016471,0.276790728650693,0.118526959484159
"-66.36_18.05",0.0798376932546036,-0.576647112202075,133.12,0.407528444835365,0.688517393612677,0.109014066981878
"-66.36_18.08",0.097901688744033,-1.75768158873572,137,0.160386457349507,0.931419230473683,0.0668668027154856
"-66.37_18.04",-0.233156857008564,1.38247532956905,65.8913043478261,0.817492271978279,0.118195442095222,0.0817251579864021
"-66.37_18.43",-0.347180261974897,-0.920656666313966,41.4,0.335541380438338,0.837651302146663,0.0876487828071023
"-66.38_17.95",-0.530613618233536,-1.76290765061693,2,0.15929285733553,0.956075852832083,0.0433892835178003
"-66.38_18.01",-0.316452846967105,-1.4543636572243,48,0.223858437146276,0.920168089249158,0.0650886451873345
"-66.38_18.44",-0.309136795774773,0.0422034781271215,49.5714285714286,0.537028444953606,0.530415572135961,0.0950302867871848
"-66.38_18.49",-0.539836557337332,-2.20045484481601,0.0189873417721519,0.0677322083097662,0.977350656313517,0.0276270036351928
"-66.39_17.98",-0.474745590946641,-1.08791046733825,14,0.300542032306668,0.88015903458377,0.0758469951302826
"-66.39_18.01",-0.332822779693641,-0.0320093073806375,44.4838709677419,0.521498758334228,0.563210264850049,0.0952039275420658
"-66.39_18.23",1.80963596922862,1.63600673860364,504.666666666667,0.87054597833815,0.0196669058345189,0.0177883036578682
"-66.39_18.35",0.0100259374906877,0.558563703480441,118.125,0.64508142298945,0.286350131662334,0.0884432062174323
"-66.39_18.36",-0.078348635434862,1.03160369401448,99.1428571428571,0.744069255896752,0.170725716863964,0.0869530674498553
"-66.39_18.49",-0.52957902513563,-0.391915761173657,2.22222222222222,0.44618512603413,0.722448213450515,0.0936858193290623
"-66.3_17.96",-0.528833509520963,-1.4810103059576,2.38235294117647,0.218282388471462,0.933549948665189,0.0557549788502789
"-66.3_18.16",2.2278702290569,0.977359191155593,594.5,0.732718110343342,0.0392588948338651,0.0292233991447156
"-66.3_18.44",-0.232318258255293,0.425018098657688,66.0714285714286,0.617135815260229,0.37106904119678,0.0974011969437919
"-66.3_18.47",-0.482092818493485,0.402502895306042,12.421875,0.612424308343593,0.423471431569258,0.108271981799759
"-66.41_18.33",0.404123530088812,-0.36037851174541,202.77397260274,0.452784576480665,0.55456146316165,0.111605927613294
"-66.41_18.45",-0.498023935649514,-0.76377701654956,9,0.36836984498296,0.818940883911185,0.0869315350368457
"-66.42_18.45",-0.48405692882779,-0.523120132813206,12,0.418729442209384,0.755142654077734,0.0926464693013684
"-66.42_18.46",-0.496877924833372,0.804004614373191,9.24615384615385,0.696442120525062,0.2850890733628,0.115855048845943
"-66.42_18.47",-0.514318776941525,1.06672588387624,5.5,0.751418887071589,0.211932769602936,0.112784944185462
"-66.42_18.49",-0.521576143231244,0.513842653944521,3.94117647058824,0.63572314489989,0.388926844834707,0.113395509381412
"-66.43_18.36",0.119317765870676,0.849750198727169,141.6,0.706014791654127,0.190820208633113,0.0814109614603955
"-66.43_18.37",0.164632943558935,1.44509276138439,151.333333333333,0.830595527520424,0.0831729101896573,0.0598179697583799
"-66.43_18.46",-0.511856966386617,0.35211846360655,6.02877697841727,0.601880917074351,0.448046864308589,0.108142907066032
"-66.44_18.44",-0.215424830956636,-0.219487673607575,69.7,0.482267239728677,0.612520431678805,0.0958350315672925
"-66.44_18.45",-0.46967912768778,0.0135497150360784,15.0882352941176,0.531032389715614,0.570672730478515,0.0981027495843009
"-66.44_18.46",-0.539750368529413,-2.5610511608303,0.0375,-0.00772578380695314,0.986913897691963,0.0184517335912992
"-66.45_18.18",4.02107871600155,-1.38482729066151,979.666666666667,0.238409541433521,0.296850688224155,0.32570881355638
"-66.45_18.36",0.304923767634916,0.0664470284170703,181.466666666667,0.542101623867025,0.408867295239544,0.0874752710594949
"-66.45_18.47",-0.515027248302047,-0.889834930450311,5.34782608695652,0.341991103296103,0.847732917314048,0.0821908954204239
"-66.46_17.99",-0.521302280352387,-0.234755706621492,4,0.479072267779057,0.669776000570639,0.09557057493076
"-66.46_18.34",-0.330419853788829,0.54314675939766,45,0.641855290071841,0.345654323283848,0.103922281480316
"-66.46_18.47",-0.534234694076205,-1.94214477329684,1.22222222222222,0.121785892373446,0.966449956704036,0.0363313098483841
"-66.47_17.99",-0.537855769918874,-0.392331335648953,0.444444444444444,0.446098163372316,0.723799330307211,0.0935813819321342
"-66.47_18.21",3.48567678783547,1.32185542884531,864.666666666667,0.804807017615483,0.00938962649844934,0.0104246451673693
"-66.47_18.43",-0.272223992031646,-0.63814140101236,57.5,0.394660216974474,0.759162944160568,0.096978312572399
"-66.47_18.45",-0.466721991283097,0.373144887240089,15.7234042553191,0.606280883569626,0.43182343212622,0.10671157757913
"-66.47_18.46",-0.461709717913032,0.381189655969989,16.8,0.607964323106977,0.427864402635314,0.106708244867522
"-66.47_18.47",-0.401418805132591,1.47376328622682,29.75,0.836595090304245,0.116409222982995,0.0867626337884498
"-66.48_18.21",2.97148401817646,0.626285538338577,754.222222222222,0.659252820349629,0.0390766399310569,0.033780400063621
"-66.48_18.43",-0.342714435845492,-1.56095379884145,42.3592233009709,0.201553500271802,0.932708407192584,0.0587907513510444
"-66.48_18.44",-0.343222943375409,-0.577213411389202,42.25,0.407409941684611,0.751404491497672,0.0954483653755991
"-66.48_18.46",-0.430754270140803,1.16008440287181,23.4489795918367,0.770954989015896,0.179532914471636,0.103830175748922
"-66.48_18.47",-0.476579642347473,-0.344085575144563,13.6060606060606,0.456194018637962,0.699198049202748,0.0947443954409508
"-66.49_18.1",0.202117047336895,-1.18950268078809,159.384615384615,0.279282956433817,0.839162312845932,0.105002937837691
"-66.49_18.11",0.291444497559348,1.12923131009179,178.571428571429,0.764498704443984,0.118739410057609,0.0665476788951707
"-66.49_18.17",3.56852381975236,1.45336339562565,882.461538461538,0.832326231428538,0.00722137967830929,0.00837123529819613
"-66.49_18.18",3.50119568430405,1.71940586762912,868,0.887997989190907,0.00503764366152527,0.00611777368392059
"-66.49_18.19",3.69750972463161,0.769630657423056,910.166666666667,0.689249063753897,0.0187093712680462,0.0201690596470834
"-66.49_18.45",-0.396395583380918,0.0511865973699319,30.8289473684211,0.538908242696689,0.542959600318153,0.0970099775510477
"-66.49_18.47",-0.481672317907008,-1.26254496774143,12.5121951219512,0.263998207066346,0.906316494162904,0.067684689190761
"-66.4_17.95",-0.536821176820969,-0.804281686009485,0.666666666666667,0.359893881993154,0.832091855911329,0.0843643372325424
"-66.4_18.49",-0.533701561918611,-1.55211591855241,1.33673469387755,0.203402905469697,0.940264856064017,0.0523656170264856
"-66.51_18.05",-0.330419853788829,0.353953457981005,45,0.6022649059974,0.414539123349177,0.100253902059661
"-66.51_18.31",1.05290816227764,1.52022471910957,342.127659574468,0.84631755911632,0.0402517842885315,0.031518440584429
"-66.51_18.36",0.467639397107998,1.71052353154261,216.416666666667,0.886139281221281,0.0458910459259054,0.0393729246744752
"-66.51_18.43",-0.49086136804863,0.507221433064258,10.5384615384615,0.634337595434193,0.385983484281219,0.111575033548822
"-66.51_18.45",-0.457985182760572,0.79057439815902,17.6,0.693631728116131,0.28348369912539,0.113380621284588
"-66.51_18.46",-0.502590072495077,1.26992898644126,8.01923076923077,0.793940946866667,0.16292497889045,0.103927167278946
"-66.51_18.47",-0.504950662609881,1.36510258161741,7.51219512195122,0.813856869674478,0.144024492319231,0.0992696547949933
"-66.51_18.48",-0.525375990675389,0.623461038495378,3.125,0.658661768590539,0.350062148613154,0.116075999884649
"-66.52_18.16",3.7861500097551,1.35007960071656,929.205882352941,0.810713177062985,0.00721719791014972,0.00856869379166564
"-66.52_18.46",-0.52558761199087,0.872424256292771,3.07954545454545,0.710759540230459,0.268130617122879,0.117405912014853
"-66.52_18.47",-0.503069793987013,0.348469622100936,7.91619047619048,0.601117364477339,0.447841347278223,0.107633031747958
"-66.52_18.48",-0.509771020857189,-0.147550186712157,6.47682119205298,0.497320799840023,0.63729196099354,0.096513140158722
"-66.53_18.13",2.19140082235574,1.22067362415107,586.666666666667,0.783633823431575,0.0279932748759308,0.0226078345798529
"-66.53_18.15",3.92685684458516,0.672183184352182,959.428571428571,0.668857311735873,0.0183769487669215,0.0208476675603681
"-66.53_18.37",0.410297074656587,1.2545961488752,204.1,0.790732413987088,0.0922712869756499,0.0576503433199726
"-66.53_18.43",-0.462640851701147,0.841773397234535,16.6,0.704345574866776,0.26833359186593,0.113479731453491
"-66.53_18.47",-0.531130914782489,1.02523339974856,1.88888888888889,0.742736215060916,0.225017355966457,0.115128679732728
"-66.53_18.48",-0.512087711571619,-1.02905293683131,5.97921478060046,0.312858494998502,0.873286994713147,0.0768692655829712
"-66.54_18.15",4.06278575026086,0.76852666661395,988.625,0.689018043840296,0.0143782419162457,0.0169545146127918
"-66.54_18.3",1.10766455229976,1.26082373477988,353.888888888889,0.792035591826774,0.0567742147535782,0.0379512359129302
"-66.54_18.36",0.420906356606018,1.59574712985552,206.378787878788,0.862121296485834,0.0561305414934395,0.0448013029162034
"-66.54_18.44",-0.491476901201831,-0.702775560586073,10.40625,0.381134943179412,0.80375000930155,0.088816483963908
"-66.54_18.45",-0.421715778949722,-0.441630363655325,25.3903743315508,0.43578190249704,0.721931478621436,0.0947575391555965
"-66.54_18.46",-0.524824395116126,0.350331612166137,3.24347826086957,0.601507002489214,0.451098372071104,0.108674927262967
"-66.54_18.48",-0.519928476402709,-0.885928707120682,4.29508196721311,0.342808515333118,0.847418506226928,0.0821525545533016
"-66.55_18.04",-0.288984400217715,-1.23062753251425,53.9,0.270677214778844,0.888738411655401,0.077279100812074
"-66.55_18.15",5.04978756566267,1.25410516435441,1200.625,0.790629671101336,0.00331007471417693,0.0049453990027891
"-66.55_18.31",1.15419081249675,1.14041524680598,363.882352941176,0.766839042852711,0.065492210663214,0.0406985633135584
"-66.55_18.36",0.442176155139153,0.220781856748429,210.947368421053,0.574397561851876,0.32984822688541,0.0816017363594778
"-66.55_18.43",-0.287249105430773,-1.63460010160663,54.2727272727273,0.186142355213792,0.93715561434308,0.0573040324083706
"-66.55_18.45",-0.410546366608191,-0.056173300223747,27.7894736842105,0.516442227525434,0.586362110590512,0.0962476538362931
"-66.55_18.46",-0.532475885809766,0.969365434309082,1.6,0.731045345497117,0.240642564484335,0.116498601317988
"-66.55_18.47",-0.532370474437526,1.00196168343472,1.62264150943396,0.737866401066248,0.231526325780288,0.115788805256593
"-66.55_18.48",-0.495963905144835,0.0242994910469668,9.44247787610619,0.533281876128708,0.57134423093339,0.0988575377290729
"-66.56_18.01",-0.485473871548834,-0.666949369676471,11.695652173913,0.388631892846312,0.794128748599018,0.0898723267412582
"-66.56_18.06",-0.0594109144059082,-0.726172655803382,103.210526315789,0.376238892532039,0.755366891643578,0.104115949926853
"-66.56_18.21",1.98018864141834,0.811982338855753,541.3,0.698111530456279,0.0595940522937064,0.0386766256191898
"-66.56_18.31",1.2463000274191,0.63204855280254,383.666666666667,0.660458782475912,0.125777035068558,0.0572923230534677
"-66.56_18.35",0.434040986253518,1.41266190465289,209.2,0.82380908178345,0.0725280307245555,0.0510963336010583
"-66.56_18.41",0.0985667843069722,-0.0359223328922468,137.142857142857,0.520679922880025,0.485522574389619,0.0913993241085145
"-66.56_18.43",-0.165434585707217,-1.21547464053745,80.4375,0.273848092440516,0.876892480622792,0.0837646202548699
"-66.56_18.45",-0.360254140469245,-0.72166834648448,38.5918367346939,0.377181459391384,0.792878832900626,0.092694636608871
"-66.56_18.47",-0.539924956114685,0.11432784067653,0,0.552121110460652,0.544966774639695,0.102049756463502
"-66.56_18.48",-0.533779473113126,0.572481749175326,1.32,0.647993898063886,0.36967142214202,0.115518995668743
"-66.56_18.49",-0.522371183935682,-0.0581850666093369,3.77040816326531,0.516021247483978,0.606957751000315,0.0979200126774445
"-66.57_18.16",5.24143572724935,0.553185889151434,1241.78947368421,0.643956067423624,0.008463802664215,0.012782370732635
"-66.57_18.17",5.38320971845426,1.11290919486971,1272.24137931034,0.761083156400208,0.00322126400769163,0.00505967742946276
"-66.57_18.35",0.34930781153506,-0.870150195146705,191,0.346110309553608,0.740568921132646,0.123556828584084
"-66.57_18.36",0.422105544060408,0.635561008817873,206.636363636364,0.661193795193859,0.208110851511424,0.0736793279151321
"-66.57_18.45",-0.441224774574504,-0.0467602875779377,21.2,0.518411984293537,0.588313671832769,0.0967938393624656
"-66.58_18.04",-0.23311637293082,-1.0334064259609,65.9,0.311947488607609,0.849580661834397,0.0885075118366152
"-66.58_18.07",-0.0668989795610372,0.360489799589258,101.602150537634,0.603632693719137,0.365928812003996,0.0903240911887784
"-66.58_18.08",0.537249815609834,0.657429717706633,231.368421052632,0.665770017383731,0.189211356504851,0.0700841036623737
"-66.58_18.1",0.349078306728131,0.620377813408355,190.950704225352,0.65801657626888,0.221150270265879,0.0760833312429825
"-66.58_18.11",0.670548968434707,0.77452341280383,260,0.690272916412827,0.149977067391404,0.0637270771484623
"-66.58_18.17",5.51301641544954,1.17405939230095,1300.12280701754,0.773879380074104,0.00266418571962952,0.00429275755008116
"-66.58_18.36",0.353862270281275,1.27985660752043,191.978260869565,0.796018390034722,0.0924817155523556,0.0588260029499903
"-66.58_18.46",-0.45286394692594,-0.159558667400164,18.7,0.494807918257912,0.631870792845005,0.0959957436580608
"-66.58_18.48",-0.528285783763248,-0.522549518978777,2.5,0.418848848238531,0.760963626295736,0.0917102149334201
"-66.59_18.17",5.1093967554911,1.15349386026822,1213.42857142857,0.769575859252942,0.00370027926144588,0.00554843305348451
"-66.59_18.22",1.55570802576145,-0.0388464078450643,450.125,0.520068034142011,0.244500289084801,0.104806076741654
"-66.59_18.36",0.400427056502569,0.818551478585686,201.98,0.699486181477215,0.167462288837219,0.0708980119323298
"-66.59_18.37",0.46170896167179,0.595745187418925,215.142857142857,0.652861979798597,0.213508229922294,0.0732727787568779
"-66.59_18.46",-0.472417756476353,0.201550102788919,14.5,0.570373145976784,0.498874760107043,0.102154536726188
"-66.59_18.48",-0.491534215308107,0.525171679752715,10.3939393939394,0.638093844494311,0.379533958783765,0.112053966673571
"-66.5_18.17",3.66104031793045,1.18244503999716,902.333333333333,0.775634151572462,0.0102296238494309,0.0115058506012259
"-66.5_18.46",-0.469646524964107,0.665440720622979,15.0952380952381,0.667446391123735,0.326320051889657,0.113397820573089
"-66.5_18.48",-0.532475885809766,-1.52573290161614,1.6,0.208923786841967,0.937875869128192,0.0535946658518745
"-66.61_17.96",-0.528777579778098,-1.64531403284155,2.3943661971831,0.183900369639451,0.947694262564507,0.0484116352852092
"-66.61_17.97",-0.529473454411354,-1.82044818432447,2.24489795918367,0.147251987958695,0.959636675950979,0.0411008326425685
"-66.61_17.99",-0.497341104204896,-1.29100159559683,9.14666666666667,0.258043404132928,0.910933643639439,0.0657483506583296
"-66.61_18.01",-0.4525416313839,-0.636702803192046,18.7692307692308,0.394961256386591,0.782256972607495,0.0914855384256213
"-66.61_18.02",-0.353698198491702,-0.680219894133418,40,0.385854917360469,0.781315371229705,0.0937219239200479
"-66.61_18.22",1.38984981975348,-0.629465405892868,414.5,0.39647574625821,0.477201095368082,0.172006486036155
"-66.61_18.46",-0.426792200858723,0.114171429764648,24.3,0.552088380083686,0.524268818247138,0.0987550825734019
"-66.61_18.48",-0.524794032057817,0.745506009594786,3.25,0.684200766240031,0.308278227572101,0.117527317654643
"-66.62_17.97",-0.513292527336344,-1.69749141302991,5.72043010752688,0.172981787923359,0.951028273058655,0.0466492224441386
"-66.62_17.98",-0.524095681716731,-1.53650899820667,3.4,0.20666879261306,0.93848516675976,0.05339309877585
"-66.62_18.0",-0.49140798504975,-0.950056290173499,10.4210526315789,0.329389247188759,0.857265412341712,0.0808328963962156
"-66.62_18.01",-0.468299280105845,-1.62314119880717,15.3846153846154,0.188540232725866,0.943639919062267,0.0513696563988128
"-66.62_18.04",-0.230763372682475,-0.280113666549882,66.4054054054054,0.469580710514863,0.637172196943007,0.0966016770477435
"-66.62_18.48",-0.521660408732431,1.08911432219871,3.92307692307692,0.756103867276368,0.207088138721107,0.112593650939745
"-66.62_18.49",-0.526938090122556,-0.337097356077504,2.78947368421053,0.457656365744279,0.704704988091335,0.0943948018193879
"-66.63_18.37",0.447464831698841,0.946481166236543,212.083333333333,0.726256608499188,0.137464223829071,0.066089838516478
"-66.63_18.38",0.398774294028665,0.302036512580803,201.625,0.591400822581259,0.309452249099157,0.0798793009637044
"-66.63_18.47",-0.53002242217759,0.719340610756546,2.12698412698413,0.678725423393798,0.317820128310759,0.117667300875016
"-66.63_18.48",-0.513077265224038,1.36698457843826,5.76666666666667,0.814250694278239,0.144404590587274,0.0997141737125389
"-66.63_18.49",-0.508581487944049,0.986064327297632,6.73232323232323,0.734539737645699,0.232786720337923,0.114498904678934
"-66.64_17.98",-0.515482694176668,1.13823234074303,5.25,0.766382250308876,0.194163061274372,0.110444924670473
"-66.64_18.0",-0.478625315063786,-1.87817859310231,13.1666666666667,0.135171385531575,0.961599351589,0.0402293718474794
"-66.64_18.04",-0.211700295804177,0.346982219869123,70.5,0.600806112307258,0.396037596085053,0.095386864803811
"-66.64_18.22",1.05871536635511,0.719725980506631,343.375,0.67880606544773,0.126062281786964,0.0568891301318771
"-66.64_18.28",0.319493623896381,0.878345400403324,184.596153846154,0.711998592394259,0.162926108992079,0.0725232170189368
"-66.64_18.3",-0.0631844565998476,1.23394232745124,102.4,0.786410417824135,0.129543893398793,0.0791253471683998
"-66.64_18.34",0.975204304733556,1.25507238084543,325.4375,0.790832069770188,0.0627602704930776,0.0410760834186389
"-66.64_18.47",-0.530031659615964,0.629508141948564,2.125,0.65992717886911,0.348714177049061,0.116461226468073
"-66.64_18.49",-0.517341487373092,-0.244490176534117,4.85074626865672,0.47703524321362,0.672458241218882,0.0954635608785868
"-66.65_17.99",-0.492437132920824,-0.916028035600999,10.2,0.336509962657122,0.850792111707372,0.0820751327547709
"-66.65_18.08",0.366354722425164,1.21937475080707,194.661538461538,0.783362022611101,0.0998168487085841,0.0605204221985441
"-66.65_18.27",0.665893299494132,-1.2526237410065,259,0.266074312160893,0.803399250133268,0.133586905267774
"-66.65_18.31",-0.0503037725309246,1.34072056698463,105.166666666667,0.808754715863576,0.111071413147533,0.0739934741308638
"-66.65_18.33",1.00575713215608,0.486395855764801,332,0.629979657823908,0.177137664410643,0.0668090918546545
"-66.65_18.45",-0.446035632479764,-0.501141135226381,20.1666666666667,0.423328743292023,0.743483321136223,0.0937487577530661
"-66.65_18.48",-0.519750390705528,0.634000965041068,4.33333333333333,0.660867342133237,0.345419172571895,0.115927014979498
"-66.66_18.11",2.29604252425818,1.70145482755215,609.142857142857,0.884241574107174,0.0125047020848623,0.0124412050622054
"-66.66_18.33",0.189075205496952,1.70713835621268,156.583333333333,0.885430903120853,0.0560514694354314,0.0480500471337882
"-66.66_18.48",-0.525492382398904,0.819857361555992,3.1,0.69975944912445,0.284388008318719,0.117695318038765
"-66.66_18.49",-0.482904096518695,-0.0414922710368964,12.247619047619,0.51951436369391,0.593772542607597,0.0975344151695092
"-66.67_17.97",-0.525156217783557,-0.0852843337451352,3.17220543806647,0.510350484375514,0.617407618409542,0.0975273324544009
"-66.67_17.98",-0.306268571159598,-0.799384459967733,50.1875,0.360918670177728,0.805791139978464,0.092903255557638
"-66.67_18.09",0.488977879752298,1.62661974711929,221,0.868581666729936,0.0511580518849872,0.0416813113523611
"-66.67_18.33",0.0487261855592139,0.190201103423889,126.4375,0.567998266737626,0.408223343680453,0.0872753934621299
"-66.67_18.34",-0.0830121290291182,-1.78114634739559,98.1411764705882,0.155476247523884,0.941501320783576,0.0578493563027464
"-66.67_18.45",-0.493858337123736,0.0608039503380413,9.89473684210526,0.540920759497949,0.557064715951388,0.0995189789624791
"-66.67_18.47",-0.539924956114685,1.47166560111856,0,0.836156131004516,0.12769728494558,0.0956112182278076
"-66.67_18.48",-0.529639175897136,1.21127433781525,2.2093023255814,0.781666939016141,0.178602201924067,0.108480391699852
"-66.68_18.32",1.01400768470899,1.3358570101037,333.772151898734,0.807736973250903,0.054303547304974,0.0377041001704469
"-66.68_18.33",0.983365581537123,1.14024082428145,327.190476190476,0.76680254338531,0.073657327244575,0.0445064589939321
"-66.68_18.37",-0.409566225778597,0.00399898603793672,28,0.529033814573703,0.563418418434583,0.096757001374287
"-66.68_18.45",-0.507501547421398,0.609584580709368,6.96428571428571,0.655757996156593,0.351953736593489,0.114770968277341
"-66.68_18.48",-0.522233414140502,-0.0109652884085431,3.8,0.525902406810874,0.589360161058263,0.09874975900914
"-66.69_18.26",0.27282182179705,0.688270949065234,174.571428571429,0.672223819847523,0.212844802729417,0.0776974843602225
"-66.69_18.32",1.05510722292617,1.36325572197205,342.6,0.81347039783777,0.0506868027199196,0.0359902565881404
"-66.69_18.37",0.625193741981367,0.740513365104077,250.258064516129,0.683156010894814,0.161289692427254,0.0658167076853525
"-66.69_18.38",0.485253344599838,-0.524971149422691,220.2,0.418342100490893,0.602082280279141,0.123397402463143
"-66.69_18.45",-0.516646611411812,1.22280624769253,5,0.78408009390976,0.174612069940572,0.107066494030682
"-66.69_18.46",-0.531278713796475,0.862108097985053,1.85714285714286,0.708600792185379,0.272107601849946,0.117871957191703
"-66.69_18.48",-0.520285525066514,-0.72282207014967,4.2183908045977,0.376940032434517,0.811867349176376,0.0873772524304328
"-66.6_17.97",-0.517649370875936,-0.716437637121766,4.78461538461538,0.378276031932278,0.810053681650272,0.087636495090326
"-66.6_17.99",-0.506404139742548,0.0209727783577551,7.2,0.532585731856765,0.574488874976986,0.0990262909657153
"-66.6_18.0",-0.474745590946641,-0.745606742577957,14,0.372172136712567,0.812125701500791,0.0882235652711342
"-66.6_18.01",-0.450536112455653,-1.61921920045693,19.2,0.189360945826503,0.942611403813066,0.0521493652977182
"-66.6_18.17",4.5108107488458,1.2855580019507,1084.85714285714,0.797211457619907,0.00468528393336962,0.00635688519769572
"-66.6_18.35",0.602459810178803,1.33024218356187,245.375,0.806562020767714,0.0727572932399652,0.0486129865400453
"-66.6_18.36",0.4075858321559,0.926301330866958,203.517647058824,0.722033798141429,0.144816274886575,0.0680563266722615
"-66.6_18.37",0.365065460257005,-0.115443749959243,194.384615384615,0.504039357805827,0.467208925731552,0.0963621448652711
"-66.6_18.38",0.381564946337613,0.214408120268801,197.928571428571,0.57306380070215,0.34202209714417,0.0822609172868533
"-66.6_18.45",-0.352742721336577,0.954948122170631,40.2052287581699,0.728028394470794,0.22107664516519,0.104875303975815
"-66.6_18.47",-0.51819850105867,0.477557200398532,4.66666666666667,0.628130090434196,0.401761967059297,0.112228026128465
"-66.6_18.49",-0.506171356295519,-0.475511139367745,7.25,0.428692048294218,0.744372438601644,0.0929021878017919
"-66.71_18.14",2.98790818360571,1.27269812362145,757.75,0.79452041349523,0.0145508291820494,0.0143403041095954
"-66.71_18.24",0.494797465928016,1.0692210230907,222.25,0.751941017184443,0.112896859661566,0.0608260434532389
"-66.71_18.26",0.291887894601307,0.280343126402571,178.666666666667,0.586861288230727,0.333977127138617,0.0818473933263992
"-66.71_18.27",0.105987850588189,-1.03855582944126,138.736842105263,0.310869930047052,0.81595391290722,0.105625627394135
"-66.71_18.28",0.210484228579746,0.0801246423499987,161.181818181818,0.544963786452972,0.420633724034023,0.0873636133520367
"-66.71_18.33",0.997939122048319,1.59948919220045,330.320754716981,0.862904356374089,0.0371937010181402,0.0304114729050248
"-66.71_18.34",0.774064857535295,1.54297809956371,282.234375,0.851078906713862,0.0473771254491178,0.0369344790491277
"-66.71_18.42",-0.465434253065492,0.808274482845319,16,0.697335628548301,0.279053679999694,0.113819392890227
"-66.71_18.43",-0.480953149534074,0.402123173694378,12.6666666666667,0.612344848212951,0.42340976070472,0.108206681119788
"-66.71_18.47",-0.523297567041204,-2.13407994573762,3.57142857142857,0.0816217473565472,0.974660743809893,0.0300127562793647
"-66.72_18.06",-0.150012682341564,-0.801834234430884,83.75,0.360406033043296,0.78775266977959,0.0992321121610042
"-66.72_18.16",1.79849057994664,-0.981919055032081,502.272727272727,0.322721679738013,0.538201923205404,0.22437267088896
"-66.72_18.25",0.333012970243049,-0.337101800237363,187.5,0.45765543576423,0.55861046276067,0.108315779801945
"-66.72_18.26",0.24655054706095,0.0591359049274546,168.928571428571,0.54057170613314,0.422071975192803,0.0878727860227678
"-66.72_18.33",1.13095687799045,1.48530539375877,358.891891891892,0.839010379147966,0.0401169763732574,0.0309748216661648
"-66.72_18.4",0.394002233364576,1.01638940383877,200.6,0.740885530114886,0.12950616596227,0.0660588048114792
"-66.72_18.45",-0.503145171484146,-0.192198871119659,7.9,0.487977664798372,0.652008771512701,0.0959812181622102
"-66.72_18.46",-0.511059808683123,-0.42312238237512,6.2,0.439654862490017,0.729345007339416,0.093528159279794
"-66.72_18.47",-0.508831738547276,-0.999169855150046,6.67857142857143,0.31911179610499,0.867802164369767,0.078222390743101
"-66.73_18.14",3.30565758879992,0.00626602199528103,826,0.529508212047555,0.0766502635319712,0.0717759628140505
"-66.73_18.17",1.65755078383652,-0.364034799925105,472,0.45201946560075,0.331872421968595,0.146604407139971
"-66.73_18.3",1.44405510813303,0.857400427918089,426.142857142857,0.707615670277514,0.0806430642718021,0.0449005285823868
"-66.73_18.41",0.0513449993382871,1.15730977024746,127,0.770374372416677,0.133448289377222,0.0762636674213747
"-66.73_18.47",-0.502679604590088,-1.09350781438977,8,0.299370737562572,0.883212335431863,0.0744959513295573
"-66.74_18.04",-0.134881758284696,1.52178010781466,87,0.846643038061708,0.0913028713641476,0.0697544782595486
"-66.74_18.12",3.54600649785708,0.955610614357516,877.625,0.728167026863848,0.0157337801519943,0.0166635957159394
"-66.74_18.13",3.10479872879227,1.15155330805894,782.857142857143,0.769169781412413,0.0160783234821069,0.0158208603523044
"-66.74_18.14",2.946339710922,0.407813137885618,748.821428571429,0.613535523918772,0.0549133196095863,0.0460571462608309
"-66.74_18.24",0.885873656936281,1.0848928683987,306.25,0.755220490454654,0.0851608747295847,0.0486718117909313
"-66.74_18.38",0.421470680113966,-0.190863609021843,206.5,0.488257080289813,0.48596136417929,0.101676958924815
"-66.74_18.45",-0.212697939148586,0.833762405485953,70.2857142857143,0.702669203463726,0.235944683475665,0.0983986568857067
"-66.74_18.47",-0.319745881095804,-0.529839038910624,47.2926829268293,0.417323451241601,0.734083763415426,0.0964089444694566
"-66.75_18.04",-0.271226348687238,0.402898583520322,57.7142857142857,0.612507109628098,0.38587537656707,0.0986961449772178
"-66.75_18.19",2.66632911525069,0.456597903670346,688.677419354839,0.623744170841982,0.0621212768221836,0.0474305641179324
"-66.75_18.31",1.1904320001322,1.26028012581441,371.666666666667,0.791921836807076,0.0536348396368687,0.0362677599384936
"-66.75_18.35",0.926058392664885,1.29700941291806,314.881355932203,0.799607767399363,0.0610937075354945,0.0409295825444077
"-66.76_17.98",-0.500351770119801,-1.72281337460244,8.5,0.167682941840183,0.952391580380851,0.0459688393495318
"-66.76_18.13",3.82443212789252,1.65250699586193,937.428571428571,0.873998804190289,0.00440505291082474,0.00557191488876464
"-66.76_18.4",0.169598990428882,1.37109879537582,152.4,0.815111630830981,0.0920313210576438,0.0626482829225897
"-66.76_18.41",0.138178638648539,0.658497050338417,145.651162790698,0.665993366247095,0.23822298468419,0.0830349901717887
"-66.77_18.05",-0.148183669543481,0.681308377645861,84.1428571428571,0.67076683974001,0.271593363534226,0.0957580804888315
"-66.77_18.13",4.03659761247013,1.60483278582311,983,0.864022550952199,0.00405696452638982,0.00527807314296989
"-66.77_18.15",4.18079033051535,0.585165867032132,1013.97142857143,0.65064816274364,0.0174525652893031,0.0209904769340056
"-66.77_18.29",1.23644552816155,0.879753351659595,381.55,0.712293218739782,0.0898780078609887,0.0477501801560767
"-66.77_18.48",-0.452631163478911,-1.43856203992441,18.75,0.227165066362088,0.925573906137436,0.0605014123056665
"-66.78_18.0",-0.531544752021651,0.733845041283287,1.8,0.681760604719114,0.313212093949323,0.117880787805517
"-66.78_18.29",0.973555421983769,1.31166534768194,325.083333333333,0.802674652336234,0.057865074529223,0.0393576389732911
"-66.78_18.3",1.00513637629733,0.879142357923801,331.866666666667,0.712165362856482,0.104933689845543,0.0524716745086563
"-66.79_18.28",1.69945180430169,1.71027234181811,481,0.886086717533275,0.0190270219865915,0.0175836947851144
"-66.79_18.49",-0.511154730088707,-1.13911282462501,6.17961165048544,0.289827482820398,0.890910795022348,0.0721572236319714
"-66.7_18.14",3.86419237201448,1.34240372351555,945.96875,0.809106931364958,0.00689717751374713,0.00830782190568238
"-66.7_18.2",1.27229417900397,1.74788020018798,389.25,0.893956496991277,0.0244623066733573,0.0221409255330371
"-66.7_18.27",0.136310957503773,-0.997099111378613,145.25,0.319545117689935,0.802597787937091,0.10870028938029
"-66.7_18.33",1.10166391233191,0.783121021516091,352.6,0.69207204264241,0.112437841422892,0.0537927434205985
"-66.7_18.38",0.642614954791259,1.18975117297808,254,0.777163024997935,0.0864987620232784,0.0521058318393271
"-66.7_18.47",-0.522018537112475,0.993605649327627,3.84615384615385,0.736117826475277,0.23247133721691,0.115260029313231
"-66.7_18.48",-0.534602394055596,-1.65261757622347,1.14324324324324,0.182372038110642,0.948462456084538,0.0479113925155184
"-66.81_18.08",0.308071886632828,1.208782936961,182.142857142857,0.781145591188471,0.105281504925504,0.0631499596634961
"-66.81_18.27",1.63660027360393,1.76823827192578,467.5,0.898216604897209,0.0182336194088524,0.0172048455657002
"-66.81_18.49",-0.50112771494323,-1.7977971897402,8.33333333333333,0.151991910400688,0.957411576650907,0.0428194060969559
"-66.82_17.96",-0.441224774574504,0.982857651713476,21.2,0.733868712207545,0.224896212830782,0.110011370479306
"-66.82_18.21",2.63989693029776,1.44361026609344,683,0.830285302171442,0.0144370079844863,0.0138923346811647
"-66.82_18.35",0.884127781083566,0.651755082326734,305.875,0.664582549368266,0.154177181074735,0.0625031526242105
"-66.82_18.48",-0.426813362990271,-1.20092344262846,24.2954545454545,0.276893060257275,0.894124655741567,0.0727484079882119
"-66.83_18.35",0.896348912052574,0.492655975771929,308.5,0.631289643714416,0.187725483404536,0.0678867800424502
"-66.83_18.49",-0.513752546935239,-0.456594537723278,5.62162162162162,0.432650515739312,0.739836606775028,0.0930377988927703
"-66.84_18.14",3.5915156617512,0.972466096440559,887.4,0.731694186675695,0.0148359649271313,0.0159243632369616
"-66.84_18.19",1.57685252219989,0.662166333955644,454.666666666667,0.666761196538106,0.0971524531287672,0.0511671042579546
"-66.84_18.34",0.996445794274927,-0.17877292153766,330,0.490787164376504,0.377779359256158,0.112890394096913
"-66.84_18.43",0.151441881560641,1.24253454279877,148.5,0.788208415444091,0.111391311933709,0.0684847462946312
"-66.84_18.48",-0.506720373859266,0.163889397446992,7.13207547169811,0.562492307819002,0.519769054913055,0.102334481663475
"-66.84_18.49",-0.52322651480068,-2.24786990912753,3.58669001751313,0.0578101836241619,0.978665934130574,0.0265544524706332
"-66.85_17.95",-0.508111218354092,-0.973886707318093,6.83333333333333,0.324402520067111,0.863182944476592,0.0792630650419422
"-66.85_17.96",-0.464717996305403,0.410586094571664,16.1538461538462,0.614115789812968,0.41729904344737,0.107670112578323
"-66.85_18.03",-0.360216135008506,-1.15540529251998,38.6,0.286418138743982,0.882256796872663,0.0776311458403139
"-66.85_18.47",-0.0367801627511603,0.159471398351149,108.071428571429,0.561567802142874,0.435200992768871,0.0892109474360436
"-66.85_18.48",-0.385356747287609,-1.33711344856453,33.2,0.24839408803291,0.910021243908369,0.0680162652028546
"-66.85_18.49",-0.505913852482434,0.964962028468138,7.30530973451327,0.730123893589606,0.238316226335845,0.114753665030839
"-66.86_17.95",-0.516646611411812,-1.83318005753359,5,0.144587730045959,0.960032002044882,0.0409535176804374
"-66.86_17.96",-0.412808566647925,-0.305952250064129,27.3035714285714,0.464173756687171,0.67642621390528,0.0954338614788532
"-66.86_18.1",0.310820948292977,0.781803102064203,182.733333333333,0.691796256254156,0.185318143197291,0.0748435908780647
"-66.86_18.49",-0.483746550898418,-0.539817121778605,12.0666666666667,0.415235448494612,0.759849968204376,0.0923946267919778
"-66.87_17.94",-0.517090008453771,1.24993392789089,4.90476190476191,0.789756802704731,0.168686262412143,0.105865553727571
"-66.87_17.95",-0.515529250866074,-0.258340806449181,5.24,0.474136875491801,0.67687237916913,0.0953183052410924
"-66.87_17.96",-0.243824411494141,0.539246992857803,63.6,0.641039229175617,0.33269317896587,0.0995670107560872
"-66.87_17.97",0.208794590675042,0.807385854154779,160.818897637795,0.697149675076933,0.190759097754176,0.0783414161221721
"-66.87_17.98",0.33223702541962,0.951541459315343,187.333333333333,0.727315519914226,0.146870700046436,0.0702241361418456
"-66.87_18.3",0.827289822767384,-0.342154406338972,293.666666666667,0.456598132917661,0.469731439772867,0.123533248862987
"-66.87_18.45",0.0606563372194363,-0.0195991382098969,129,0.524095696810482,0.486193488204047,0.0910248778858879
"-66.87_18.49",-0.521184179271117,0.109229223024136,4.02536715620828,0.551054179287109,0.543496439712578,0.101365722707423
"-66.88_17.95",-0.495171197328083,-0.664970775067422,9.61274509803922,0.389045931397959,0.794796408670068,0.0896317599907489
"-66.88_17.96",-0.3310018124064,-0.264488148058781,44.875,0.472850489485856,0.6485906311029,0.0958333960536152
"-66.88_17.98",-0.0162730495605342,1.13479493124877,112.47619047619,0.765662941744144,0.143555275886155,0.0804188101535361
"-66.88_18.02",-0.307886416116448,0.120851476854711,49.84,0.553486239457938,0.499776132957627,0.095586058906678
"-66.88_18.14",2.88354360485449,0.968982111865507,735.333333333333,0.730965131860314,0.0248879251882211,0.0222385536461715
"-66.88_18.29",1.13212528911453,-0.566107763525956,359.142857142857,0.409733897453706,0.500181464404954,0.154904484893433
"-66.88_18.47",-0.0676073420933935,0.297017971089648,101.45,0.590350648057951,0.389143418580417,0.0899739488609471
"-66.88_18.48",-0.170120355955597,1.11155046033545,79.4310344827586,0.760798829092297,0.162928189884851,0.0895150074058796
"-66.88_18.49",-0.374316160942818,0.452761768255181,35.5714285714286,0.622941425325567,0.385596884789711,0.104376050026836
"-66.89_18.48",-0.396513983278185,0.180573554565151,30.8035160289555,0.565983616355405,0.492999363370099,0.0990994151401937
"-66.8_18.03",-0.424591339177724,-1.4950254593425,24.7727272727273,0.215349592747641,0.930043573146177,0.0588710729712696
"-66.8_18.49",-0.510520731226845,-2.17866286936746,6.31578947368421,0.072292373343564,0.976092076573626,0.0288788879244698
"-66.91_17.97",-0.518974445882099,-1.64148307926285,4.5,0.184702030810416,0.947037923999287,0.0488912376592616
"-66.91_17.98",-0.487936652944935,-1.41780276982338,11.1666666666667,0.23150912860029,0.925152271208964,0.0601605851575879
"-66.91_18.07",0.245374313241307,1.06219635197933,168.675925925926,0.750471042163059,0.133931182084392,0.0705989668036594
"-66.91_18.36",0.451732528227701,0.252587850544521,213,0.581053249451953,0.31752451374498,0.0805665837382315
"-66.91_18.43",0.445214591710897,0.804438931336296,211.6,0.696533005219449,0.165909182361316,0.0696889185221613
"-66.91_18.48",-0.258755806882127,0.545184550584421,60.3928571428571,0.642281716034829,0.333097112659751,0.100367762399648
"-66.92_18.07",0.478114652224291,1.11529074825714,218.666666666667,0.761581517666679,0.107118299285535,0.0599460569182396
"-66.92_18.12",2.43877203206493,1.60939469827237,639.8,0.864977171779828,0.0129735061993384,0.0127491635665041
"-66.92_18.15",3.11384402844825,1.73021926093659,784.8,0.890260788090157,0.00658204288313436,0.00751612944575491
"-66.92_18.16",3.14084690830358,0.723012806904902,790.6,0.679493863157899,0.0299717246724641,0.0276149977636595
"-66.92_18.37",0.445493931847331,1.37342193425012,211.66,0.815597768340094,0.0761268226230816,0.0521408348007344
"-66.92_18.38",0.381897494119083,-2.65744080200449,198,-0.0278961750750847,0.977957579136239,0.0327357231602251
"-66.92_18.4",0.43435136418289,0.581075358427281,209.266666666667,0.649792187370764,0.220799695987453,0.0742429395484646
"-66.92_18.48",-0.22047444111526,1.34154892655566,68.6153846153846,0.808928057484676,0.123942824302277,0.0829634090078006
"-66.93_17.97",-0.480503918320509,-0.527927809389267,12.7631578947368,0.417723393048411,0.756033525873164,0.0926517507159206
"-66.93_18.38",0.441935381413623,0.890349153729428,210.895652173913,0.71451048473377,0.148613850196812,0.0677589491513702
"-66.93_18.46",0.105593663515417,0.0839695479259437,138.652173913043,0.545768367203674,0.438128585152962,0.08809098579804
"-66.94_18.46",0.18614213406439,0.586165948118963,155.953333333333,0.650857438621998,0.252406283396883,0.0817607150877708
"-66.94_18.47",0.0111898547258313,-1.41710483433005,118.375,0.231655177821023,0.895226305316748,0.0822119626178307
"-66.94_18.49",-0.221787578508755,0.542833322377689,68.3333333333333,0.641789700582621,0.327869534868293,0.098552522687021
"-66.95_17.93",-0.480177204710644,-0.518728860003464,12.8333333333333,0.419648355172008,0.753351824138302,0.0927955241430499
"-66.95_17.94",-0.492366413898942,-1.52234676774445,10.2151898734177,0.209632365525799,0.935815438925011,0.0551368893204972
"-66.95_18.12",2.02581419703597,0.916240416792907,551.1,0.719928462226526,0.0495547940019003,0.0339656768047642
"-66.95_18.15",3.11839623807903,0.634952940555035,785.777777777778,0.661066551491841,0.0347518833996426,0.0314716968455217
"-66.95_18.46",0.11368361735615,1.4460969835364,140.389830508475,0.830805669953567,0.085961529894634,0.0618894647117014
"-66.95_18.48",-0.279440278889537,1.46471859872668,55.95,0.83470240885473,0.108820502031044,0.0801823501294549
"-66.95_18.49",-0.337356885005184,1.27980508355683,43.5099818511797,0.796007608186249,0.145071591511275,0.0927166681001461
"-66.96_17.93",-0.476740877635458,-1.13301940213693,13.5714285714286,0.291102585769734,0.887480460305312,0.0737908757479365
"-66.96_17.94",-0.499675947209072,-1.40024120366945,8.64516129032258,0.23518404279533,0.923858630827419,0.0605477721830914
"-66.96_18.07",-0.0548042525068134,0.52663588742694,104.2,0.638400242996548,0.306630542785582,0.0909816674923383
"-66.96_18.08",-0.0544051951690498,-1.23575492546075,104.285714285714,0.269604262118615,0.871337488554688,0.0883551176537197
"-66.96_18.13",2.57937323407029,0.522119901361036,670,0.63745523267385,0.0599819636920726,0.0447649924916212
"-66.96_18.14",2.93571097221426,1.09794446987478,746.538461538462,0.7579516543561,0.0197172947061765,0.0183895717334114
"-66.96_18.42",0.516911893395745,1.81375837618837,227,0.907742092308075,0.0380263049821388,0.0346727825210357
"-66.96_18.49",-0.48584554740383,0.772124024182854,11.6158192090395,0.689770822964819,0.293566119072516,0.115144589117479
"-66.97_17.95",-0.513542832118096,-0.391605702059895,5.66666666666667,0.446250008666378,0.719973473596226,0.0938829878884394
"-66.97_18.09",0.0799441085446738,0.819426657403611,133.142857142857,0.699669320442897,0.202831213696279,0.0836973120004602
"-66.97_18.14",3.33309022271131,0.591228772194495,831.892307692308,0.651916879670654,0.0318361220901833,0.0306072853282738
"-66.97_18.18",1.51167315703185,0.321973078204013,440.666666666667,0.595572726577003,0.160513813581876,0.0719195194507336
"-66.97_18.41",0.647852582349405,1.6335063524652,255.125,0.870022750259702,0.0452965569956967,0.037189175709196
"-66.97_18.42",0.525339673667734,1.59077859414938,228.810218978102,0.861081586118601,0.0525682560358273,0.0418890135978918
"-66.97_18.49",-0.467574790509434,0.386122761233811,15.5402298850575,0.608996619338461,0.427053612625958,0.107119330304959
"-66.98_18.14",3.57818317755122,1.06505218295943,884.536290322581,0.751068650241712,0.0130055405535301,0.0140972535242728
"-66.98_18.17",1.7485949764522,1.57313091935391,491.555555555556,0.857388652923072,0.0226083218086916,0.0196904037531479
"-66.98_18.18",1.5107181480184,0.594359868323898,440.461538461538,0.652572089434471,0.111501518245569,0.0554177268695551
"-66.98_18.36",0.0402877856044225,1.44846816331057,124.625,0.831301860449035,0.0900103212942837,0.0649745305865398
"-66.98_18.45",0.149446594871823,0.784223779631874,148.071428571429,0.692302804603949,0.203356804066456,0.0811784478740994
"-66.99_17.97",-0.496028648960696,-0.916292663761306,9.42857142857143,0.336454586856684,0.851179997011639,0.0819298990407371
"-66.99_18.12",0.939413849752889,1.11717250869652,317.75,0.761975292805511,0.0784437979638173,0.0463012407557274
"-66.99_18.13",1.12059696602358,1.73932529913486,356.666666666667,0.892166307719904,0.0276331063564009,0.0246443007653032
"-66.99_18.15",3.20881397982809,1.45536295020136,805.19877675841,0.832744656039966,0.00936616233465925,0.010121037728508
"-66.99_18.16",2.54794746872141,1.58655581808183,663.25,0.860197932600625,0.0124077595226296,0.0123192727488961
"-66.99_18.17",2.02177811711982,1.28297387353727,550.233082706767,0.796670705724258,0.0287831716419542,0.0229776903336493
"-66.99_18.18",1.85834414200842,0.199144369979731,515.128787878788,0.569869724950865,0.151882787023921,0.0791309149082943
"-66.99_18.2",2.22476644976319,1.3609003262693,593.833333333333,0.812977510299887,0.0221147288403154,0.0190146497139425
"-66.99_18.34",-0.150012682341564,-0.835264596052844,83.75,0.353410432002189,0.796279064436144,0.0985333932596655
"-66.9_17.95",-0.4644195559887,-0.404769571076777,16.2179487179487,0.443495351781691,0.71676713852363,0.0943832557459867
"-66.9_17.96",0.0145327332965346,0.336210653823048,119.093023255814,0.598552066135147,0.360731854428699,0.0876485049907519
"-66.9_17.97",-0.374094462421838,0.960408899216637,35.6190476190476,0.729171110724369,0.222335021710934,0.106118148648228
"-66.9_17.98",-0.454006702029536,-1.30612384657459,18.4545454545455,0.254878938373324,0.910237830278658,0.0667314569682435
"-66.9_18.02",-0.334842739282375,-0.847528909122678,44.05,0.350844015214659,0.820320089091272,0.0904753830761296
"-66.9_18.46",-0.0195246278682371,-0.42232563705543,111.777777777778,0.439821588547334,0.651926788361393,0.102755896610305
"-66.9_18.48",-0.461813177222822,0.452321344352078,16.7777777777778,0.622849262699571,0.401158504882936,0.108656885358216
"-67.01_17.98",-0.505410333487925,-0.779049557055385,7.41346153846154,0.365173929800495,0.823215397722108,0.0862272584292107
"-67.01_18.18",1.36779887868039,1.5987131079603,409.763636363636,0.862741953831762,0.0286004914086894,0.0241148659817638
"-67.01_18.21",1.66199483146161,1.56891084122421,472.954545454545,0.856505563972629,0.0242176059961923,0.0208068578999731
"-67.01_18.5",-0.44612692010605,0.990130298188424,20.1470588235294,0.735390578283272,0.223566200087123,0.110173078213352
"-67.01_18.51",-0.538562321302809,-2.09322416789098,0.292682926829268,0.0901711829047242,0.973344142301986,0.0310011696828042
"-67.02_18.02",-0.488712597768365,-0.0464850660091756,11,0.518469576859083,0.596667482187718,0.0975600839726218
"-67.02_18.47",-0.00953682526922667,0.269626380799269,113.923076923077,0.584618713724728,0.389044482013636,0.0882610354406467
"-67.02_18.49",-0.133019490708466,-1.26764392466648,87.4,0.262931204896975,0.882901810211211,0.0828028295790843
"-67.02_18.51",-0.516646611411812,-1.49947752945694,5,0.214417957407293,0.934755998126992,0.0553358476186966
"-67.03_17.97",-0.49488696085533,-0.515227293526624,9.67379679144385,0.420381089156997,0.754358942988831,0.0925350078828237
"-67.03_18.09",-0.26923106199842,-1.20884755479484,58.1428571428571,0.275234869180916,0.883872382837799,0.0792006297579005
"-67.03_18.51",-0.428987016216422,-0.912284143718908,23.8285714285714,0.337293405392331,0.843991250418831,0.0846502374528502
"-67.04_17.96",-0.532046131753713,-2.27167450100505,1.69230769230769,0.0528288606697571,0.979552829999024,0.0257093946695588
"-67.04_17.97",-0.50502879533992,-0.700621576008995,7.4954128440367,0.381585683644631,0.804798443183113,0.0884513118014016
"-67.04_18.0",-0.419394860208698,-0.52409097321317,25.8888888888889,0.418526285205295,0.746501646050614,0.0940735358497798
"-67.04_18.03",-0.450823065635638,0.162021669667322,19.1383647798742,0.562101469139249,0.510193745992995,0.100464736734818
"-67.04_18.08",-0.252437399034204,-0.786311201737678,61.75,0.36365436594791,0.796237353272274,0.0953250416927368
"-67.04_18.09",-0.335075522729403,0.448523431433249,44,0.622054515581085,0.380308496667482,0.102425281970123
"-67.04_18.51",-0.530225645821821,-0.624301198840062,2.08333333333333,0.397556402598205,0.788675890581083,0.0895903177643324
"-67.05_17.97",-0.49630946708727,-1.93613546161353,9.36825396825397,0.123043394387438,0.965219979122734,0.0375232490390318
"-67.05_17.98",-0.458342610645008,-0.563268745860639,17.5232273838631,0.410327987196432,0.763042742239051,0.0926267675962206
"-67.05_18.0",-0.377493839743527,-0.217459242732024,34.8888888888889,0.482691706963141,0.639758880133352,0.0955882818233081
"-67.05_18.01",-0.455540956566771,0.189646241876462,18.125,0.567882157014892,0.500371003417103,0.101269773514805
"-67.05_18.02",-0.450536112455653,0.109170692240068,19.2,0.551041931199021,0.530563937334175,0.0993321996852103
"-67.05_18.03",-0.438331608875718,0.0129671877410521,21.8214285714286,0.530910490688686,0.565220519178165,0.097440027764906
"-67.05_18.04",-0.337144708925214,0.71361450404768,43.5555555555556,0.677527184544125,0.289625298259082,0.105992608913421
"-67.05_18.05",-0.296666253969663,0.265964877312447,52.25,0.583852511495327,0.441795466671084,0.0972505749735379
"-67.05_18.08",-0.233814723271906,-0.539718387638399,65.75,0.415256109493192,0.724592655777154,0.0986351030861497
"-67.05_18.51",-0.512096753128978,-0.655621811711335,5.97727272727273,0.391002285281494,0.794471205480162,0.0893609988972076
"-67.06_17.97",-0.508542298811553,-0.504776995387577,6.74074074074074,0.422567907156997,0.75322494547103,0.0924161963952746
"-67.06_17.98",-0.431299932655391,-0.058540349302157,23.3317757009346,0.51594690141486,0.590956155267075,0.0965311873972421
"-67.06_17.99",-0.208409219484115,0.168595615505332,71.2068965517241,0.563477125881124,0.463017714274963,0.0933083428838426
"-67.06_18.02",-0.440293640786389,0.713484451800288,21.4,0.677499969952565,0.305567954557748,0.112078395665909
"-67.06_18.44",0.357688015628095,0.0878004421387595,192.8,0.546570015951797,0.391590003766755,0.0865896247945503
"-67.06_18.51",-0.513205464803561,0.254073754993082,5.73913043478261,0.581364188197543,0.486066332437486,0.105157992775413
"-67.07_17.97",-0.511804715713614,0.152828192840728,6.04,0.560177652197429,0.524978139395144,0.102205701054845
"-67.07_18.02",-0.452338090793803,0.502333566667574,18.8129496402878,0.633314765838746,0.381055024077928,0.109423204829577
"-67.07_18.24",0.742711837013613,1.73502612815878,275.5,0.891266667886619,0.0364269593288622,0.0318626769573046
"-67.07_18.51",-0.492945024077978,-0.582720850269279,10.0909090909091,0.40625746102649,0.772955936085217,0.0914301798017024
"-67.09_18.01",-0.415256487817077,0.954636406875043,26.7777777777778,0.727963165267742,0.229203998316465,0.108893207912398
"-67.09_18.44",0.269695872651235,-0.53832019219223,173.9,0.415548694348525,0.644239233526441,0.115253385779075
"-67.09_18.52",-0.532165507880394,-2.18445196325066,1.66666666666667,0.0710809538664335,0.976666980269835,0.0282614193417069
"-67.0_17.97",-0.525957949292961,-0.34332486284669,3,0.456353204464402,0.706557873195435,0.0943287881989087
"-67.0_18.16",2.94935754838016,1.405389063385,749.46963562753,0.822287174945565,0.0122187906400384,0.0123701353187836
"-67.0_18.21",1.94387442368186,1.20269750958418,533.5,0.779872161287405,0.0343237574078517,0.025996636952136
"-67.11_18.01",-0.448799163898663,1.241805493131,19.5730824891462,0.788055855305121,0.163453965158327,0.10159893804147
"-67.11_18.02",-0.449656708322433,0.994968699425094,19.3888888888889,0.736403056853241,0.222718742699114,0.110296458729368
"-67.11_18.03",-0.424891136041321,0.354486119926844,24.7083333333333,0.6023763702557,0.431342405963984,0.104322808184781
"-67.11_18.23",0.368031697491719,0.834413899895984,195.021739130435,0.70280553447398,0.167369103261424,0.0716990228686552
"-67.11_18.47",-0.038903352432851,0.920431970489059,107.615384615385,0.72080558218509,0.19194236328381,0.0876338044432512
"-67.11_18.51",-0.417120707455755,1.38562538240816,26.377358490566,0.818151448602512,0.132524488765282,0.0924803318106985
"-67.12_18.19",0.466216831598378,-1.31772626737608,216.111111111111,0.252451028440548,0.839668803267049,0.115450391590745
"-67.12_18.23",-0.345244483836448,0.3379523167274,41.8157894736842,0.598916524616474,0.423231924042965,0.100529454674115
"-67.12_18.51",-0.490503239668586,1.02724633547273,10.6153846153846,0.743157439796888,0.219300656709299,0.112259001762081
"-67.13_17.95",-0.499229922182313,0.804994068938403,8.74096385542169,0.696649172709085,0.28513037451184,0.116006080591483
"-67.13_17.96",-0.433287967523429,0.525153639655472,22.9047619047619,0.638090069443222,0.369477172978914,0.108935823772996
"-67.13_17.99",0.21284229466653,0.435862705023062,161.688311688312,0.619405145769958,0.294678309807818,0.0818148925687445
"-67.13_18.0",0.0965714976181545,0.438389032743897,136.714285714286,0.619933802355666,0.311970697189426,0.0852198793644915
"-67.13_18.11",-0.477849370240357,1.17836356555578,13.3333333333333,0.774780066678787,0.180482227227823,0.106280943590688
"-67.13_18.17",-0.34988901481305,0.715620077017086,40.8181818181818,0.67794686855806,0.290922033984534,0.106734163890154
"-67.13_18.21",-0.4149978395426,0.995977777417224,26.8333333333333,0.736614215414196,0.218058094991567,0.107974451493225
"-67.13_18.22",-0.376976543194575,0.759137745388932,35,0.687053328416653,0.281240293979809,0.108402079311704
"-67.13_18.26",-0.48405692882779,0.639413989577971,12,0.662000065748796,0.337613967980036,0.113898995876999
"-67.13_18.27",-0.482893011592646,0.411469506080662,12.25,0.614300651542612,0.420229007607137,0.108568109216515
"-67.13_18.29",-0.45100167934971,-0.817003101841665,19.1,0.35723181237972,0.825911762227611,0.0869760010151491
"-67.13_18.46",0.018755316754265,0.788645466986361,120,0.693228082081061,0.218249644805551,0.0869557379016592
"-67.13_18.5",-0.23935496931119,-0.969338533809693,64.56,0.325354265898948,0.837086591908442,0.090612727559164
"-67.14_17.95",-0.52695559263737,-1.44164476184731,2.78571428571429,0.226519979332005,0.929576461756679,0.0576304217175068
"-67.14_17.98",-0.174842916691295,0.0404501037147845,78.4166666666667,0.536661535734882,0.506368326350118,0.0925151855590335
"-67.14_18.08",-0.31814581749095,0.991520523146021,47.6363636363636,0.735681495242853,0.207254708696429,0.101889436976191
"-67.14_18.19",-0.418360267110793,-0.314904707271711,26.1111111111111,0.462300375248165,0.680344158763612,0.0953729435538385
"-67.14_18.2",-0.456413894493128,-1.19034795271851,17.9375,0.279106075750823,0.894640119935519,0.0720261583208971
"-67.14_18.21",-0.4673256185726,-0.616579677297002,15.59375,0.399172199781508,0.778787012939369,0.091461706361182
"-67.14_18.26",-0.48405692882779,0.821553569293797,12,0.700114395707161,0.277682324122832,0.114975435334911
"-67.14_18.4",-0.400254887897447,-1.24269101558822,30,0.268152823457388,0.898317694128109,0.0719047872056466
"-67.14_18.5",-0.231616212938857,-0.339581246009814,66.2222222222222,0.457136589643949,0.658322086095956,0.0973435670489104
"-67.14_18.51",-0.468020735810255,0.0287734998751022,15.4444444444444,0.534218102340377,0.564586946515298,0.0983132733215084
"-67.15_17.98",-0.320526557290108,-0.675104066581019,47.125,0.386925449858932,0.775730987774366,0.0949064195476174
"-67.15_18.01",-0.511189556833925,0.833478084869629,6.17213114754098,0.702609706841402,0.277992835726249,0.116702086382886
"-67.15_18.02",-0.508684359416852,0.175374269760449,6.71022727272727,0.564895619683275,0.515690302111923,0.102710877275864
"-67.15_18.03",-0.418877563659746,0.0678350830886409,26,0.542392086674917,0.540676262296678,0.0977726541864101
"-67.15_18.08",-0.410949750039239,-0.0559198500855391,27.7028301886792,0.516495264225149,0.586339084368537,0.0962553348729654
"-67.15_18.19",-0.520637184789447,0.360264177700685,4.14285714285714,0.603585480328613,0.446529561147324,0.108799653389102
"-67.15_18.2",-0.522499452365677,-1.43641520262507,3.74285714285714,0.227614311195755,0.928827517169362,0.058031612162276
"-67.15_18.21",-0.521302280352387,-1.27407963515196,4,0.261584475134325,0.910239132272005,0.065615222101728
"-67.15_18.23",-0.315457295118177,0.307842034162995,48.2138364779874,0.592615679700778,0.429261480348826,0.0987178089089241
"-67.15_18.25",-0.488712597768365,0.760534523019857,11,0.687345616581513,0.297743621697716,0.115299491188269
"-67.15_18.41",-0.347878612315983,0.905524926303393,41.25,0.71768615036427,0.233892766332347,0.105462577530219
"-67.15_18.42",-0.0285773174749099,-0.337601048849287,109.833333333333,0.457550963543772,0.623164341373771,0.100357794773323
"-67.15_18.43",-0.430516736011182,-0.72143614070194,23.5,0.377230050520384,0.80120321307709,0.090316462979915
"-67.15_18.47",-0.212165862698234,-1.49011277517114,70.4,0.21637761568357,0.918569662613056,0.0676704985362766
"-67.15_18.49",-0.216497045621739,0.423869494756032,69.469696969697,0.616895459659499,0.368763698509326,0.096712529766874
"-67.16_17.96",-0.502679604590088,-0.305434217651131,8,0.464282159585371,0.690590528414106,0.0948936150473343
"-67.16_17.99",-0.331084949351768,-0.258641115132574,44.8571428571429,0.474074033223986,0.646538262770058,0.0958035906909328
"-67.16_18.0",-0.465434253065492,0.520726240638087,16,0.637163596749756,0.376626002464672,0.110545366818895
"-67.16_18.01",-0.516379686392552,1.38207949497519,5.05733333333333,0.817409440062543,0.141836804054459,0.0991207036884822
"-67.16_18.02",-0.509954087309736,0.83934394506068,6.4375,0.703837190352456,0.27599126762141,0.116591818723591
"-67.16_18.03",-0.488195301219412,-0.669348822381068,11.1111111111111,0.388129785988236,0.79506278798558,0.0897354568626371
"-67.16_18.08",-0.404910556838022,-0.964079485729804,29,0.326454768568914,0.85203808899986,0.0837163666595683
"-67.16_18.19",-0.520991902423015,-0.68861070988576,4.06666666666667,0.384099064400319,0.803724081569977,0.0882774285464061
"-67.16_18.21",-0.534514313832396,-1.25218569926929,1.16216216216216,0.266165976297451,0.908245702838935,0.0661223084771659
"-67.16_18.22",-0.524627758167083,-2.01361791719498,3.28571428571429,0.106829500171677,0.969651249426123,0.0340086077645859
"-67.16_18.24",-0.433620515304899,-0.823683696076462,22.8333333333333,0.355833838510557,0.825555583679539,0.0874058729508893
"-67.16_18.27",-0.499886203225744,0.101492739640205,8.6,0.549435251205291,0.542571054448606,0.100566517923641
"-67.16_18.28",-0.5199329659581,0.268900267767062,4.29411764705882,0.584466768102915,0.481571911198673,0.105881661069238
"-67.16_18.38",-0.500437986211293,0.847222756842357,8.48148148148148,0.705485901919679,0.27216746229245,0.115917088517809
"-67.16_18.41",-0.501446051281047,-0.937496324401517,8.26495726495727,0.332017531938543,0.855785204905886,0.0809297626227449
"-67.16_18.42",-0.502679604590088,-0.808127445293487,8,0.359089122596434,0.829388353474418,0.0854167874214892
"-67.16_18.43",-0.531075631181837,-2.4115747863106,1.90076335877863,0.0235534794279391,0.983457970383104,0.0220215817389542
"-67.16_18.45",-0.376976543194575,-1.12464821471399,35,0.292854331327064,0.878543820119355,0.0782850132524829
"-67.16_18.46",-0.474780077383238,-0.111503413377856,13.9925925925926,0.504863908344728,0.618220674088935,0.0965836202199098
"-67.16_18.47",-0.310633260791387,0.303455262224843,49.25,0.591697708585639,0.43005416290761,0.0984472148627098
"-67.16_18.49",-0.476011417985783,0.986783507734991,13.7281105990783,0.734690232560269,0.228327543340119,0.112258560343207
"-67.17_17.97",-0.524503052749032,-1.00759714238633,3.3125,0.317348311161856,0.870599829051843,0.0772763070247375
"-67.17_17.98",-0.455215966689425,0.60290832140715,18.1948051948052,0.654360929410697,0.345542896963152,0.111644549346872
"-67.17_18.0",-0.4784701260991,0.324272412871777,13.2,0.596053882843799,0.452624665984,0.105822411358574
"-67.17_18.01",-0.501550957574191,-0.31691034352438,8.24242424242424,0.461880677991644,0.69419807682158,0.0947907928143528
"-67.17_18.02",-0.502474959801492,-1.45434517746485,8.04395604395604,0.223862304200601,0.929681784118771,0.0579220504425561
"-67.17_18.03",-0.48098616846273,-0.694646991688228,12.6595744680851,0.382835918648583,0.800524248442984,0.0893469714328081
"-67.17_18.11",-0.305811317960077,0.0993389928241563,50.2857142857143,0.548984560493685,0.507720863322336,0.0953340991412828
"-67.17_18.17",-0.526345921704676,0.151154076957623,2.91666666666667,0.559827328532156,0.528298108563665,0.102630161103431
"-67.17_18.18",-0.522203377566691,0.679844210859084,3.80645161290323,0.670460449793836,0.329949145658684,0.11675568251193
"-67.17_18.25",-0.518974445882099,0.0527719816880172,4.5,0.539239998491363,0.564690482610117,0.0999756687073656
"-67.17_18.39",-0.426193614852077,0.454533695034717,24.4285714285714,0.623312216792434,0.394045486005542,0.1069438733952
"-67.17_18.47",-0.477073425416928,-0.897269944767805,13.5,0.340435260302591,0.845593295099173,0.0833363318281223
"-67.17_18.48",-0.506947301118948,-0.1306220428885,7.08333333333333,0.500863164768525,0.63072628126659,0.0966927539953841
"-67.18_17.97",-0.522786578986751,-1.44467903900812,3.68118466898955,0.225885029800045,0.929682672333812,0.0576394664043616
"-67.18_17.98",-0.474037119586118,0.304393295371673,14.1521739130435,0.59189400037969,0.459449621302826,0.105056647713033
"-67.18_18.0",-0.442737866980191,1.20990693824394,20.875,0.78138079847202,0.169689957900233,0.102595718395877
"-67.18_18.03",-0.484650927968484,0.243655208949633,11.8724137931034,0.579184014606465,0.484835291842509,0.103745844764014
"-67.18_18.1",-0.455457819621403,0.466120899569132,18.1428571428571,0.625736942585744,0.394915462563621,0.108694504805471
"-67.18_18.12",-0.516314063630342,-1.28973767876357,5.07142857142857,0.258307889992058,0.911905429143285,0.0650795543712424
"-67.18_18.13",-0.519215256344543,0.647282614771804,4.44827586206897,0.663646645681749,0.340695213078697,0.116111995372396
"-67.18_18.16",-0.473415399820762,0.641259651960141,14.2857142857143,0.662386287047514,0.335223726655505,0.113299981729655
"-67.18_18.17",-0.524525435772784,-0.97798903898041,3.30769230769231,0.323544070614114,0.865348375674836,0.0784737329184704
"-67.18_18.25",-0.507514337720685,-0.409242651055035,6.96153846153846,0.442559319940136,0.724559890371006,0.0937493008451411
"-67.18_18.41",-0.522592960850764,-1.44849770761542,3.72277227722772,0.225085939368807,0.930058963743404,0.0574701039427965
"-67.19_17.93",-0.420647687788193,-1.17856333553124,25.6197916666667,0.281572111900733,0.890358731959023,0.0740272376076258
"-67.19_17.94",-0.508630087232981,-1.5237428090927,6.72188449848024,0.20934023143465,0.936660584776213,0.0545051557980083
"-67.19_17.95",-0.523740964083164,-1.71036473351646,3.47619047619048,0.170287930907494,0.952299673142613,0.0457811422898229
"-67.19_17.97",-0.483539632278837,-0.718073927805899,12.1111111111111,0.377933623526921,0.80654799952082,0.0886724251950875
"-67.19_17.98",-0.463455237827755,-0.146101468904843,16.4250764525994,0.497623956949591,0.628835547706514,0.0961676014501584
"-67.19_18.06",-0.438017535970997,0.717837623016695,21.8888888888889,0.67841090981729,0.303784261970452,0.111967236700861
"-67.19_18.09",-0.486752316109175,0.371317968166049,11.4210526315789,0.605898584475141,0.436147447820247,0.107578953940529
"-67.19_18.1",-0.484755279168876,-0.664100080702043,11.85,0.389228131951989,0.793319594120912,0.0899593858217307
"-67.19_18.27",-0.530670164819859,0.612455187478089,1.98785425101215,0.656358696200671,0.354842910404048,0.116182203285508
"-67.19_18.28",-0.506947301118948,-0.156543610376561,7.08333333333333,0.495438845804907,0.64002512629009,0.096387016079489
"-67.19_18.29",-0.507335273530663,-0.946904126642827,7,0.330048865494007,0.858103562118722,0.0803463713808865
"-67.1_17.99",-0.241962143917912,-0.630305156380759,64,0.396300020986261,0.752807246619921,0.0980353438986391
"-67.1_18.01",-0.453860402599701,0.793839317083328,18.4859693877551,0.694314941492173,0.281841699658549,0.113114911919881
"-67.1_18.02",-0.462108775250795,1.11224533083219,16.7142857142857,0.760944236935186,0.19429967968206,0.107703700558332
"-67.1_18.03",-0.410600818876502,-0.0108445916572885,27.7777777777778,0.525927663681508,0.56925091707361,0.0966279131617336
"-67.1_18.51",-0.506025866641126,-0.040108736632487,7.28125,0.519803880595622,0.597364296142463,0.0979456064797834
"-67.21_17.95",-0.531195576851108,-1.16925840773184,1.875,0.283519250951666,0.896742271384431,0.0700282025165131
"-67.21_17.96",-0.534846044543149,-4.91423804658289,1.09090909090909,-0.500151107051937,0.999652121296364,0.000917995124415333
"-67.21_17.97",-0.533820856837043,-1.36435896560086,1.31111111111111,0.242692720829642,0.921693973413406,0.0609580240468356
"-67.21_17.98",-0.502563212866574,-1.23802903703543,8.025,0.26912838400879,0.904383879242288,0.0680038335326723
"-67.21_17.99",-0.430653667450611,-0.894095697354406,23.4705882352941,0.341099499857072,0.840411717103601,0.0852221560290101
"-67.21_18.3",-0.465951549614444,-0.0960564730879282,15.8888888888889,0.508096318235956,0.611012793204382,0.096639546455716
"-67.22_18.3",-0.451777624173139,-1.11648499289158,18.9333333333333,0.294562558229466,0.88300954697574,0.0755288243590946
"-67.24_18.31",-0.506973165946396,-0.249525021688073,7.07777777777778,0.475981657003601,0.672491038972315,0.0954172681085736
"-67.25_18.32",-0.509125915430884,-1.28716773595013,6.61538461538461,0.258845673424514,0.9111569613328,0.0654736904694438
"-67.25_18.33",-0.502679604590088,-0.899720976337991,8,0.339922360107311,0.848531634498733,0.08228871161502
"-67.25_18.34",-0.471185373521495,-1.77877887421659,14.7647058823529,0.155971662381284,0.955260024044199,0.044491315464958
"-67.25_18.35",-0.227477840547235,0.575971822873597,67.1111111111111,0.648724227082556,0.317571581823012,0.0991802372950635
"-67.25_18.37",-0.513042222554593,-0.196569883048064,5.7741935483871,0.487062991605697,0.655193932476292,0.0959736179247549
"-67.26_18.34",-0.507480763185056,-0.63715538285873,6.96875,0.394866550058755,0.78919680880612,0.0899195754488208
"-67.26_18.35",-0.492258068730802,0.425473045469745,10.2384615384615,0.617231016934326,0.41663312679741,0.109426350194159
"-67.26_18.36",-0.23352374396312,0.378898678145369,65.8125,0.60748491558407,0.388094596306814,0.0967249047412517
"-67.27_18.35",-0.505007439060376,-0.289515077610619,7.5,0.467613381481809,0.685668866307345,0.0950348546764807
"-67.27_18.36",-0.474785812708546,0.00248363136295229,13.9913606911447,0.528716713105827,0.575786182971325,0.0980342974432775
"-67.2_17.94",-0.52246619758753,-0.639498689430367,3.75,0.394376192279274,0.79162894927403,0.0894491523389236
"-67.2_17.95",-0.50785546000447,-0.645133669581348,6.88826815642458,0.393197022473796,0.791290441446009,0.0897272974426627
"-67.2_17.96",-0.510282747392322,-1.68601425733436,6.36690647482014,0.175383485016579,0.950088722625333,0.0472352164357034
"-67.2_18.0",-0.502679604590088,-1.1827412904811,8,0.280697837600998,0.896727937789401,0.0705292128057514
"-67.2_18.04",-0.507277796136335,1.27809721884271,7.01234567901235,0.795650222277379,0.161675405399367,0.103856423976646
"-67.2_18.05",-0.502510307537704,-0.186810239563564,8.03636363636364,0.489105283965351,0.650006599083808,0.0960337014095182
"-67.2_18.06",-0.505266087334852,-0.0955251108900178,7.44444444444444,0.50820751051042,0.617687995598189,0.0971229766479191
"-67.2_18.29",-0.48372438104632,-1.65174438976143,12.0714285714286,0.182554760158103,0.946528520998696,0.0495803928038554
"-67.89_18.09",-0.257924437428453,0.937005056666976,60.5714285714286,0.724273648137582,0.21390343127851,0.0994267662392415
"-67.93_18.07",-0.516223368780851,-0.00108530631871568,5.09090909090909,0.527969881095935,0.584576445424717,0.0988154046709284
"-67.93_18.08",-0.500196581155115,0.847644631180826,8.53333333333333,0.705574182883995,0.272002814133407,0.115898443915172
"-67.94_18.08",-0.505007439060376,0.258051985806014,7.5,0.582196668442041,0.48301750853566,0.104955157274091
"-67.94_18.09",-0.499187852884657,0.0925075651829047,8.75,0.547555023390264,0.545894424762192,0.100341625279248
