"site","elev_z","veg_z","elev_m","veg_raw","ext_pred","ext_se"
"-65.23_18.32",-0.454571025537484,1.2547272255529,18.3333333333333,0.790759842949819,0.312098970870539,0.0960269406063799
"-65.25_18.31",-0.495696101179226,-0.0391493617581759,9.5,0.520004638336308,0.574023892709625,0.0805000476349379
"-65.25_18.32",-0.524095681716731,-1.78198665395238,3.4,0.155300405889564,0.851347362669971,0.0889905379045286
"-65.26_18.3",-0.529948522670597,-0.245112490856077,2.14285714285714,0.476905018396795,0.620463557896728,0.0832272769832657
"-65.26_18.31",-0.438574624562177,0.409581621795146,21.7692307692308,0.613905594934413,0.472502607639375,0.0789522323314098
"-65.26_18.32",-0.473264241738276,-0.570626045950707,14.3181818181818,0.408788406597459,0.671978625557574,0.08892580098301
"-65.27_18.14",-0.507335273530663,-1.6300823338044,7,0.187087738380691,0.833246738387614,0.0919239326165973
"-65.28_18.31",-0.504690007087155,0.515834465662016,7.56818181818182,0.636139949249246,0.462698517209769,0.0826839558073545
"-65.28_18.32",-0.27338790926679,0.794329837578816,57.25,0.694417587276497,0.367282077406187,0.078189901854155
"-65.29_18.28",-0.491705527801591,-0.337592462479925,10.3571428571429,0.457552760318068,0.631739390485746,0.0846298897390125
"-65.29_18.31",-0.506065545637779,0.0849899031453291,7.27272727272727,0.545981885624915,0.55085970456741,0.0798520580534342
"-65.29_18.32",-0.235922357184193,0.739674454945757,65.2972972972973,0.682980461469315,0.371421370581578,0.0757731043148125
"-65.31_18.12",-0.539924956114685,0.244003249678492,0,0.579256845230096,0.524571140889697,0.0808069706338526
"-65.31_18.14",-0.527121866528105,-2.05577344567904,2.75,0.0980080802215603,0.877769503099649,0.083704937148889
"-65.31_18.31",-0.358181435249292,-0.0426272926577882,39.037037037037,0.519276850306452,0.550369937002386,0.0788323989422274
"-65.31_18.32",-0.502044740643646,-3.13677765781452,8.13636363636364,-0.128201683147811,0.944706038055011,0.0573546900978177
"-65.31_18.33",-0.462330473771775,-0.0236813077311861,16.6666666666667,0.523241466465143,0.565033080307696,0.0798882867868694
"-65.32_18.32",-0.501833119328166,0.31415819595041,8.18181818181818,0.593937392833155,0.503382111449185,0.0801566475011394
"-65.32_18.33",-0.517577745199927,-0.996945397759131,4.8,0.319577283634433,0.749880451970664,0.0933598591394187
"-65.33_18.13",-0.516646611411812,-2.06890277618065,5,0.0952606508289408,0.878113178193891,0.0839330031214646
"-65.33_18.15",-0.524994707443187,0.413821428406621,3.20689655172414,0.614792812245453,0.487159175865037,0.0819198235739839
"-65.34_18.12",-0.520858883310427,-1.22619321625287,4.09523809523809,0.27160513496725,0.783803639142524,0.0939534301563484
"-65.38_18.11",-0.515833716834886,-1.37793365967394,5.17460317460317,0.239852095141406,0.803537406936757,0.0937329630848838
"-65.38_18.12",-0.518043312093984,-0.0347236344634839,4.7,0.520930761206904,0.577067976008786,0.0807687568500054
"-65.39_18.11",-0.52580776642391,0.0727498477278015,3.03225806451613,0.543420544967271,0.556846038685359,0.0802828168384904
"-65.3_18.14",-0.532435401732022,-1.49930674336809,1.60869565217391,0.214453695918125,0.820515149356356,0.0921674322387032
"-65.3_18.3",-0.484226225880174,-0.729605898127144,11.9636363636364,0.375520455984865,0.701648286777649,0.0913395385799738
"-65.3_18.31",-0.504076305272261,-0.741015176720463,7.7,0.373132962780087,0.706570080921006,0.0910796551113012
"-65.3_18.33",-0.0976364067600995,-0.316405381232519,95,0.461986345850538,0.559401763660178,0.0858267347319273
"-65.41_18.11",-0.523242142410959,-0.471534578849005,3.58333333333333,0.429524179014774,0.661953558427064,0.0866827705470299
"-65.42_18.1",-0.522265522202161,-0.823965741371698,3.79310344827586,0.355774818019444,0.723075318705062,0.0916873199955596
"-65.42_18.11",-0.510439052824379,1.42982751515952,6.33333333333333,0.827401138731244,0.290401880363303,0.1020836988903
"-65.42_18.12",-0.448363466950051,0.785838357675447,19.6666666666667,0.692640669445805,0.398668756148896,0.0856257442803941
"-65.42_18.16",-0.523767046262103,0.1304146736907,3.47058823529412,0.555487423606009,0.544805788005784,0.0801269008077286
"-65.43_18.1",-0.456122915184342,0.784098995860081,18,0.692276692487851,0.400350005891516,0.0859371200384922
"-65.43_18.15",-0.357189950197133,0.257293237947112,39.25,0.582037893691959,0.48899486654302,0.0759490168579158
"-65.43_18.16",-0.518780459676242,-0.189428342311682,4.54166666666667,0.488557422637449,0.607759043077527,0.0824346445323807
"-65.44_18.09",-0.529948522670597,-1.96065168686813,2.14285714285714,0.117913155808073,0.8693988909805,0.0855131463675984
"-65.44_18.1",-0.528285783763248,-2.83178632352326,2.5,-0.0643795289089824,0.931340519868835,0.0643327006843625
"-65.44_18.11",-0.529862703888282,-0.448599022507059,2.16129032258065,0.434323648540066,0.658812000200402,0.0862679362793138
"-65.44_18.12",-0.392366115525918,0.489509897392003,31.6944444444444,0.630631298781181,0.447994602645437,0.0782088106386215
"-65.44_18.13",-0.149923150246553,0.720726543347942,83.7692307692308,0.679015442137505,0.360658139080625,0.0722505272435364
"-65.44_18.15",-0.483654587067493,-0.319463928388521,12.0864197530864,0.461346317605832,0.626926526066079,0.0843334702884491
"-65.44_18.16",-0.482096647168601,-0.961977408371652,12.4210526315789,0.326894646986069,0.739586114195465,0.0941842813055033
"-65.45_18.09",-0.522586602818752,0.453928506764751,3.72413793103448,0.623185575754586,0.478529555361625,0.0823858062683211
"-65.45_18.1",-0.525048220879286,-0.954439605658521,3.19540229885057,0.328471999367235,0.744323171084113,0.0928313447054298
"-65.45_18.11",-0.45647428642514,0.846837071739752,17.9245283018868,0.705405193875422,0.388147914665812,0.0873517101870132
"-65.45_18.14",-0.45811820187316,-0.117406625693996,17.5714285714286,0.503628608568685,0.583047227468946,0.0810016056882004
"-65.46_18.09",-0.538179080261969,0.380027750542526,0.375,0.607721184043453,0.496443479756922,0.0819462462164424
"-65.46_18.1",-0.525132894037669,-1.18353192530723,3.17721518987342,0.280532390218903,0.778359180262436,0.0937879361580906
"-65.46_18.14",-0.457985182760572,0.252754866567632,17.6,0.581088199042938,0.508056540404157,0.0785998821717331
"-65.47_18.09",-0.491486866246652,-0.110179805849271,10.4041095890411,0.505140885013713,0.587440744084071,0.0812199969885124
"-65.47_18.1",-0.506178243379751,0.00683193723705259,7.24852071005917,0.529626634854323,0.566650182908029,0.080274964303732
"-65.47_18.14",-0.476460837398431,0.0701071255975142,13.6315789473684,0.542867531814286,0.548600993251651,0.0793498739032086
"-65.48_18.1",-0.472991280911062,-0.677823041042599,14.3768115942029,0.386356480226199,0.690976850555545,0.0907612711512846
"-65.48_18.11",-0.295760985008996,0.621183752172272,52.4444444444444,0.658185226136318,0.404662340933997,0.0763452377112557
"-65.49_18.1",-0.447469954729133,0.215811350554879,19.8585858585859,0.573357439142596,0.513721248814645,0.0782797783385466
"-65.49_18.11",-0.209098598455032,0.228222771132199,71.0588235294118,0.575954639486827,0.468338699983616,0.072683185044658
"-65.49_18.12",-0.0690816372579087,0.929007519057194,101.133333333333,0.722600092132955,0.309776494827551,0.0720511295544263
"-65.49_18.13",-0.446453448923149,-0.46385945745203,20.0769230769231,0.431130266554073,0.648046999009534,0.087222779491985
"-65.51_18.09",-0.51973265482385,-0.630545966609562,4.33714285714286,0.396249629300214,0.68989625234207,0.089201212409463
"-65.51_18.13",-0.528144702886261,-0.253458832050717,2.53030303030303,0.475158472134121,0.621765674632648,0.0833367757816926
"-65.51_18.14",-0.53650594923645,-1.61931868670324,0.734375,0.189340127443018,0.834932823867121,0.0907139172654926
"-65.51_18.15",-0.53100159064525,-2.45003360873607,1.91666666666667,0.0155056281590319,0.908625166486636,0.0742027500142794
"-65.52_18.09",-0.526578705151704,-1.06620044111663,2.86666666666667,0.305085048734546,0.761539211533244,0.0934446797287423
"-65.52_18.13",-0.52815645962601,0.629965303352044,2.52777777777778,0.660022843966195,0.443737045012759,0.0857514591782264
"-65.54_18.11",-0.141230397749116,1.37910141110563,85.6363636363636,0.81678624947747,0.246450610288422,0.0813169475671486
"-65.55_18.1",0.379821317429367,1.38983575140654,197.554054054054,0.819032505830716,0.182214108377557,0.0597607692499892
"-65.55_18.11",-0.40536476844198,1.46811636756552,28.9024390243902,0.835413422259108,0.26886408070953,0.0964217517329264
"-65.55_18.12",-0.499119387164943,0.960643088839578,8.76470588235294,0.729220116989649,0.373422798172766,0.0920607983666705
"-65.56_18.12",-0.5294249368019,0.480341066706951,2.25531914893617,0.628712639264081,0.474364672287466,0.0830356187531443
"-65.57_18.11",-0.517697891495168,0.446704033614493,4.7741935483871,0.621673790376285,0.479127159693017,0.082108121507196
"-65.57_18.34",-0.523371466548198,-0.995066303966393,3.55555555555556,0.319970500753693,0.750373731863798,0.0931669799211327
"-65.57_18.35",-0.489135840399326,-1.09669872274369,10.9090909090909,0.298703011557835,0.761178514232134,0.0948592078017505
"-65.57_18.38",-0.514784343835582,-1.62308485830707,5.4,0.188552022477518,0.833195845037,0.0916640914924241
"-65.58_18.1",-0.527509838939819,0.279770097375726,2.66666666666667,0.586741376801048,0.51503400456713,0.0806751386872223
"-65.61_18.22",-0.507335273530663,0.790669691871538,7,0.693651669174563,0.407930410076681,0.0884170723378179
"-65.61_18.25",-0.533120516893845,0.441074285977538,1.46153846153846,0.62049571552099,0.483048387263876,0.0825756053120447
"-65.61_18.26",-0.532165507880394,0.52398639776607,1.66666666666667,0.637845813677488,0.465957289176722,0.0838688455830997
"-65.62_18.34",-0.505783383883805,-1.9221449197301,7.33333333333333,0.125971039935282,0.863744553155435,0.087425102498403
"-65.62_18.36",-0.517792053770207,-1.23904459484113,4.75396825396825,0.268915869489111,0.785208735051443,0.0940629036013639
"-65.62_18.37",-0.50101686568274,-0.726379455156823,8.35714285714286,0.376195617924705,0.703621374172576,0.0909410594706472
"-65.62_18.38",-0.376178428519047,0.304299206077007,35.1714285714286,0.591874311356425,0.482797982512861,0.0764538105743238
"-65.63_18.25",-0.524147411371627,0.813515788803677,3.38888888888889,0.698432418521251,0.40633745707348,0.0897373919220809
"-65.63_18.26",-0.509197541106893,-0.303793106788277,6.6,0.464625576656074,0.628225307905446,0.08405768221902
"-65.63_18.27",-0.517841273630525,-0.273782328141427,4.74339622641509,0.470905599490419,0.623931305876444,0.0836063835897322
"-65.63_18.33",-0.517062296138649,-1.48798938607071,4.91071428571429,0.216821953772689,0.817502059802396,0.0929413162646862
"-65.63_18.34",-0.45845074965463,-1.07553579557335,17.5,0.303131542634461,0.75394162038542,0.095815729443241
"-65.63_18.35",-0.40646244648488,-2.282377441999,28.6666666666667,0.0505891749012663,0.887963760647917,0.0845078911047437
"-65.63_18.36",-0.258256985209923,-0.724220094685839,60.5,0.376647483343625,0.665548953336082,0.0962942240484745
"-65.63_18.37",-0.49199707654151,0.266497875867232,10.2945205479452,0.583964046192048,0.511362743295162,0.079585379859953
"-65.63_18.38",-0.510128674895008,-0.214183975525995,6.4,0.483377085809338,0.611099801324124,0.0827235065712773
"-65.64_18.27",-0.501699463760494,-0.151545895575716,8.21052631578947,0.496484662157698,0.597390263776438,0.0818276581223126
"-65.64_18.28",-0.468538032359208,0.18357780089421,15.3333333333333,0.566612281668241,0.524092326636328,0.0788096338541519
"-65.64_18.29",-0.494113173739431,-0.898557950470692,9.84,0.340165733632854,0.731168482027508,0.0932250114464285
"-65.64_18.33",-0.405598326113334,-0.5669910699198,28.8522727272727,0.409549057720345,0.66048889305273,0.0898220721735276
"-65.64_18.34",-0.401014997112235,-0.548363244052951,29.8367346938776,0.413447096260917,0.656317972939748,0.0894910369180185
"-65.64_18.35",-0.469109781176472,-0.728510665988817,15.2105263157895,0.375749643068564,0.699177349624576,0.0916433665956207
"-65.64_18.36",-0.445541849410309,0.457590649537936,20.2727272727273,0.623951911760354,0.463967348890827,0.0797036272620604
"-65.64_18.37",-0.472991594741122,1.18063491675258,14.3767441860465,0.775255367154946,0.328180890783828,0.0956048688862637
"-65.64_18.38",-0.495954749453703,0.376376943436873,9.44444444444444,0.606957220127119,0.489594771926732,0.0805152729322658
"-65.65_18.26",-0.415773784366029,-0.84162409464088,26.6666666666667,0.352079650258143,0.710451752934643,0.0946502260053866
"-65.65_18.27",-0.437500239422044,-0.968620678756897,22,0.325504483464988,0.734419031015562,0.0956261035873096
"-65.65_18.28",-0.324018308995539,-0.0527083128467318,46.375,0.517167307007857,0.546324153676302,0.0786456709897074
"-65.65_18.32",-0.480565177122359,-0.814267822561852,12.75,0.357804193940947,0.715412522842872,0.0926011308102816
"-65.65_18.33",-0.474745590946641,-0.675561385869132,14,0.386829751723081,0.690851164051495,0.0906913990927039
"-65.66_18.29",-0.218683799215039,1.32401027573117,69,0.805257938526499,0.265651410468104,0.0845627631355994
"-65.66_18.33",-0.418101618836317,-1.13409374033472,26.1666666666667,0.290877770929262,0.757429045004988,0.0976102703236912
"-65.66_18.34",-0.40646244648488,-1.00647389307107,28.6666666666667,0.317583361089466,0.736101676033636,0.0970152671255968
"-65.67_18.2",-0.483591361933732,0.735199721149692,12.1,0.682044083551648,0.414786010159487,0.0860906568732557
"-65.67_18.35",-0.381632212135149,0.244964526524575,34,0.579458000975323,0.495913642432496,0.0765904965068201
"-65.68_18.27",0.113821072863417,0.961465859209992,140.41935483871,0.729392289020719,0.277005249913781,0.0657619870233255
"-65.69_18.36",-0.461709717913032,1.53361434459402,16.8,0.849119457553384,0.26630502088959,0.100422929344582
"-65.6_18.23",-0.485719667735138,1.58920797392824,11.6428571428571,0.860752919842765,0.260827212855434,0.102378635339138
"-65.6_18.24",-0.530912606147151,0.732137895219663,1.93577981651376,0.681403369194262,0.423688005758583,0.0881243012626889
"-65.71_18.19",-0.518127960620177,-1.60230669953521,4.68181818181818,0.192900037338394,0.831156824083052,0.0917553380870043
"-65.71_18.37",-0.505497509475173,-0.634500032680384,7.39473684210526,0.395422205743315,0.688394831981964,0.0894952365854659
"-65.71_18.38",-0.52246619758753,-1.15415701913279,3.75,0.286679351072637,0.773847959172842,0.0938502278138274
"-65.72_18.19",-0.455849052305485,0.684597729793881,18.0588235294118,0.671455165985819,0.420002273780104,0.0838265374870177
"-65.72_18.33",0.32156778409747,1.28269200342461,185.041666666667,0.796611721891659,0.202329505486418,0.0613019138119236
"-65.72_18.37",-0.408635091990482,-1.05143493789726,28.2,0.308174861847008,0.743486214977255,0.0973658401496921
"-65.72_18.38",-0.511255836849041,-0.516899110186443,6.15789473684211,0.420031246624684,0.668302090989571,0.0875334919662044
"-65.72_18.39",-0.531389563056965,0.298914732770947,1.83333333333333,0.590747562340317,0.511817007930262,0.0809291679509072
"-65.73_18.19",-0.52630281365893,-0.364183701891191,2.92592592592593,0.451988306537598,0.642527251662293,0.0849710483925925
"-65.73_18.32",0.0189881002012938,0.578845425509444,120.05,0.649325554038525,0.359405232472585,0.0658286300176059
"-65.73_18.33",0.0183469247419339,0.905822978191943,119.912280701754,0.717748520377655,0.300459578142764,0.0684711872341574
"-65.73_18.34",-0.12291003815179,0.877835798867275,89.5714285714286,0.711891953732182,0.327273830944732,0.073422166448451
"-65.73_18.35",-0.368754829959092,1.14154043571773,36.7659574468085,0.767074498658168,0.318766792855038,0.0893338016155549
"-65.73_18.38",-0.529100525827849,-0.959441579087153,2.325,0.327425291858634,0.745655017775599,0.0927480565859043
"-65.73_18.39",-0.533042662898183,-0.316714209033515,1.47826086956522,0.461921720881458,0.634680131441533,0.0842445849657863
"-65.74_18.16",-0.516486071103516,-1.0031890776463,5.03448275862069,0.318270737985511,0.750690708339522,0.0934348769541785
"-65.74_18.17",-0.505136763197614,0.149359194271809,7.47222222222222,0.559451733337359,0.537626556726022,0.0796931931833955
"-65.74_18.18",-0.517034583823527,0.724290670850963,4.91666666666667,0.679761267574655,0.422817715812926,0.0873274217606307
"-65.74_18.21",-0.437500239422044,-0.589280262628341,22,0.404884845544582,0.669666407673135,0.0897944628927428
"-65.74_18.35",-0.172127109809293,0.103381902358194,79,0.549830575336876,0.487192018997852,0.073825561840986
"-65.74_18.38",-0.515172316247297,-1.14824542260437,5.31666666666667,0.287916405319805,0.772077623970562,0.094102920231879
"-65.75_18.16",-0.521302280352387,-0.229524934263419,4,0.48016685350229,0.615983686174759,0.082983593160373
"-65.75_18.32",0.159010828371216,1.45935731998272,150.125748502994,0.83358051350741,0.197910757624912,0.0682865483098251
"-65.75_18.33",-0.0733881310279403,1.14304081443607,100.208333333333,0.76738846627368,0.27423368838362,0.0752804506950504
"-65.75_18.38",-0.49528530686094,-1.10340369558285,9.58823529411765,0.297299936248491,0.762976006426987,0.0946726827471294
"-65.75_18.39",-0.498177419240961,-0.384317317846624,8.96703296703297,0.447775168004076,0.641662536541613,0.0854041656536831
"-65.76_18.16",-0.521834356802738,-0.780441607597849,3.88571428571429,0.364882630821015,0.715822624381614,0.0911940057655087
"-65.76_18.33",0.535281543672143,1.15315021552717,230.945652173913,0.76950394852893,0.194727509947513,0.054582271739013
"-65.76_18.34",0.335354764740145,0.999590089855036,188.00299850075,0.737370123978289,0.240487873801075,0.0592690983249615
"-65.76_18.35",-0.314125012496818,0.923862358662824,48.5,0.721523421475947,0.349645861487577,0.0823935666951955
"-65.76_18.36",-0.366113315666567,0.239820396776049,37.3333333333333,0.578381545990141,0.494174184051404,0.0762091885137018
"-65.76_18.38",-0.479080179270624,0.433457041276249,13.0689655172414,0.618901739195956,0.474898486215366,0.080581076906246
"-65.76_18.39",-0.49522296409177,-0.213175332150701,9.60162601626016,0.483588153422848,0.608350617914499,0.0826420411907471
"-65.76_18.4",-0.513260670364121,-0.643602810346783,5.72727272727273,0.393517368408914,0.691184598165948,0.0895035379052164
"-65.77_18.15",-0.526919241260448,1.10916259995894,2.79352226720648,0.760299148032163,0.34998303131213,0.0969743149296041
"-65.77_18.31",1.77507053286512,0.880905825157866,497.242290748899,0.712534384088082,0.1101681475431,0.0431155428258061
"-65.77_18.32",1.6157999462404,0.956875908536281,463.032258064516,0.728431800944798,0.115415610456107,0.0424422081971152
"-65.77_18.33",1.35493230269917,0.846802414293934,407,0.705397941496079,0.146948281890615,0.0467392321021001
"-65.77_18.34",0.427988616630771,0.831318269473727,207.9,0.70215774622539,0.253705253457049,0.0566065239965257
"-65.77_18.35",-0.395599218956873,0.372845941393266,31,0.606218326487506,0.472287821392032,0.0772891695885218
"-65.77_18.36",-0.428509982157486,0.508257523237155,23.9310344827586,0.634554406534658,0.450634198274638,0.0797390072215486
"-65.77_18.37",-0.471059853035353,0.0308621413837107,14.7916666666667,0.534655169186298,0.555582819072753,0.0795208605316817
"-65.77_18.38",-0.156763402305397,0.205282283702261,82.3,0.571154138087435,0.463638310353451,0.0719321477160511
"-65.77_18.39",-0.355444074344417,0.104573113952983,39.625,0.550079846977037,0.519918088299296,0.0768142496505102
"-65.78_18.15",-0.525957949292961,1.30740509990646,3,0.801783157529491,0.313875310321415,0.101010879770135
"-65.78_18.16",-0.48405692882779,1.64922095208466,12,0.873311170250537,0.251243780265697,0.102704396797849
"-65.78_18.17",-0.523164547928616,1.48789862751878,3.6,0.839553036418519,0.28255872595355,0.103615264895669
"-65.78_18.24",-0.376976543194575,0.374317624209604,35,0.606526289229835,0.46864876985015,0.0767230519480631
"-65.78_18.3",2.37089637764542,1.09656660514379,625.220858895706,0.757663323884069,0.0633073831015288,0.032684442966014
"-65.78_18.31",1.83855089425263,1.25765013070477,510.877358490566,0.79137148689656,0.0799468217903052,0.0344911873240983
"-65.78_18.35",-0.0353220686324089,0.0639412755091014,108.384615384615,0.541577272744235,0.47067871679077,0.073188177439881
"-65.78_18.39",-0.264658530003213,0.108835363999879,59.125,0.550971760776914,0.502721944287576,0.0751628789650509
"-65.78_18.41",-0.503843521825232,1.08511796879381,7.75,0.755267594718023,0.350682348288151,0.0952013616490478
"-65.79_18.09",-0.498987177499288,-1.57751091826891,8.79310344827586,0.198088775504111,0.826321451772547,0.0929063393845963
"-65.79_18.25",0.00385717614442637,0.237113012467782,116.8,0.57781500170026,0.428651529379595,0.0687883648067882
"-65.79_18.26",1.44711454772255,1.4259363960868,426.8,0.826586887394568,0.0911980616613341,0.036512817997093
"-65.79_18.27",1.82134568201855,0.500246731207593,507.181818181818,0.632878076924592,0.140545556233769,0.0555630034934558
"-65.79_18.29",3.00568151435857,0.805198819935042,761.567567567568,0.696692018679507,0.0515280045238638,0.0335052735142631
"-65.79_18.3",3.12476313746896,0.674841333305128,787.145336225597,0.669413553088956,0.0525636849534654,0.0358161517850287
"-65.79_18.31",4.26288762650279,0.620266943075943,1031.60526315789,0.657993375663945,0.024936480979589,0.0238050737209178
"-65.79_18.42",-0.520948044672126,-1.09462010527701,4.07608695652174,0.299137980783666,0.765009900523603,0.0937469864752835
"-65.7_18.35",-0.368829122548569,0.447663844332947,36.75,0.621874639321241,0.452279220579943,0.0769796552549219
"-65.7_18.36",-0.516374084449437,1.45237210515406,5.05853658536585,0.832118795064748,0.287488346598156,0.102748113562597
"-65.7_18.37",-0.539924956114685,-2.37014431454128,0,0.0322231748000835,0.903610115746522,0.075793568983668
"-65.81_18.1",-0.501903659766659,-0.193171393739382,8.16666666666667,0.48777415577481,0.605591763430642,0.0823879589085639
"-65.81_18.34",0.662639337331365,1.03050681943831,258.301075268817,0.7438397251183,0.196098902328515,0.0518433042180547
"-65.81_18.35",-0.245147601614094,1.48043879110557,63.3157894736842,0.837991999180308,0.244939453346817,0.0876315780791925
"-65.81_18.39",-0.527601126566105,0.435308133877324,2.64705882352941,0.619289096816364,0.483234975862799,0.0822989172158528
"-65.82_18.15",-0.441751067585177,-0.193904816676456,21.0869565217391,0.487620680490271,0.595350308462197,0.0820881104170671
"-65.82_18.32",1.17115589715017,0.828554514418,367.526315789474,0.701579405854327,0.166374834043077,0.0482504077406586
"-65.82_18.34",0.216155679834627,0.763939418674357,162.4,0.68805812133557,0.294974813256629,0.0612637900822553
"-65.82_18.37",-0.420041480894889,0.438267724785118,25.75,0.619908417584412,0.463336433537232,0.0786122709951381
"-65.82_18.38",-0.504112118110265,0.246741986645072,7.69230769230769,0.579829950343089,0.517579700569919,0.0798354152563147
"-65.82_18.39",-0.532941452703823,1.4672502012058,1.5,0.835232169230609,0.287436326337581,0.103942508951003
"-65.82_18.41",-0.500391224941331,0.384713147277777,8.49152542372881,0.608701645058197,0.48868767131258,0.0807474034449286
"-65.83_18.04",-0.506005082404784,-0.94896625999792,7.28571428571429,0.329617345715402,0.740847080875157,0.0933525272552771
"-65.83_18.05",-0.508266407318778,-0.372581873542263,6.8,0.450230914290096,0.641123343266458,0.0851665619541832
"-65.83_18.34",0.155709578089501,1.03738876035578,149.416666666667,0.745279832574853,0.258907601544201,0.0650935598440649
"-65.83_18.36",-0.250497536975632,0.436324438847935,62.1666666666667,0.619501767686961,0.43355835221508,0.073144924672437
"-65.83_18.42",-0.536343672314243,-1.26150007794717,0.769230769230769,0.264216859565986,0.790511911603846,0.0933122076232239
"-65.84_18.02",-0.385398595997187,0.99309464875128,33.1910112359551,0.736010895051551,0.348425743721092,0.0871701226462501
"-65.84_18.04",-0.461244151018974,0.580578044761259,16.9,0.649688120054977,0.441828867589163,0.0820963236015451
"-65.84_18.05",-0.520695019186225,0.787618119065739,4.1304347826087,0.69301310037478,0.410859120371056,0.0889599127346802
"-65.84_18.15",-0.399159436382018,-0.626257061148946,30.2352941176471,0.397147120982918,0.670257019955845,0.0911586744116388
"-65.84_18.3",1.70565936288912,1.09445808346481,482.333333333333,0.75722209693536,0.0985128855616022,0.0387832859049335
"-65.84_18.35",-0.333080236040586,0.889320024309326,44.4285714285714,0.71429513023285,0.359235938532583,0.0825725483198879
"-65.84_18.43",-0.518258189122011,-0.701860826613181,4.65384615384615,0.381326359413716,0.702021581176386,0.0902515091498896
"-65.85_18.33",0.3838927808079,1.32294499756502,198.428571428571,0.805035019578376,0.190063214456928,0.0594126122236223
"-65.86_18.43",-0.519556404499671,-0.286775914999471,4.375,0.46818657566472,0.626712228985466,0.0838011150792354
"-65.87_18.32",0.994810018701212,1.19574598310004,329.648648648649,0.778417492431004,0.143666577992907,0.0453594887626331
"-65.88_17.99",-0.500452980314161,0.897449084931815,8.47826086956522,0.715996208599784,0.38582932183675,0.0906211718843063
"-65.88_18.0",-0.500306126306658,0.51573286400594,8.50980392156863,0.63611868819742,0.4619349029564,0.0825167116093243
"-65.88_18.04",-0.378421405969236,0.246484064123884,34.6896551724138,0.579775977757385,0.495025085218286,0.0765067412431872
"-65.88_18.38",-0.456122915184342,-0.546701348502065,18,0.413794862712787,0.664904813909467,0.0887192219172358
"-65.88_18.43",-0.529196675512491,-0.200202216278596,2.30434782608696,0.486302893512338,0.611641369967176,0.0826324804019494
"-65.88_18.44",-0.535611615772682,-1.64857825708227,0.926470588235294,0.183217301632142,0.838119670111376,0.090386794169459
"-65.89_18.0",-0.463106418595204,0.909131036787318,16.5,0.718440761114251,0.377231115283165,0.0890878012985598
"-65.89_18.34",-0.317616764202249,0.97052461128851,47.75,0.731287913608578,0.341576778034993,0.0834734038366779
"-65.89_18.38",-0.495609885087734,0.502335844613035,9.51851851851852,0.63331524251913,0.463820785087997,0.0821279719402507
"-65.89_18.41",-0.527650919816806,0.458230458570654,2.63636363636364,0.624085797501287,0.478560424163971,0.0826311020792905
"-65.8_18.08",-0.49640870356809,-0.582668510091603,9.3469387755102,0.406268413675031,0.677795962315404,0.0888054222529945
"-65.8_18.09",-0.525314308425601,0.724601378827211,3.13824884792627,0.679826285987159,0.424210488337513,0.087701692282648
"-65.8_18.1",-0.524018087234388,0.308576202555363,3.41666666666667,0.59276931097848,0.50851514340569,0.0807841364792677
"-65.8_18.25",0.532430789864327,1.36052715417606,230.333333333333,0.812899420714335,0.169769442142805,0.0549431400760845
"-65.8_18.26",1.5315643338968,0.772576559921681,444.939130434783,0.689865520100359,0.138822024727094,0.0476195469258109
"-65.8_18.27",1.76791507881175,1.42647336697761,495.705357142857,0.826699253337997,0.0737534828263003,0.0325788954970714
"-65.8_18.38",-0.502679604590088,-0.896646169839095,8,0.340565790764392,0.732071794519386,0.0929670222206905
"-65.8_18.4",-0.525569976881247,0.178578252368238,3.08333333333333,0.565566081592129,0.535336429316476,0.0801942571809477
"-65.8_18.41",-0.525928668356228,0.0298352080604901,3.0062893081761,0.534440274238217,0.565516969400028,0.0804643454723376
"-65.8_18.42",-0.530190375602574,-0.384271913088198,2.09090909090909,0.447784669354342,0.646934122329996,0.0852667636515809
"-65.91_18.4",-0.419653508483175,0.137735980826472,25.8333333333333,0.557019472358591,0.524675602554293,0.0778368776239393
"-65.91_18.41",-0.537929669425867,1.26279930567616,0.428571428571429,0.79244899763958,0.323673968642874,0.100853573018277
"-65.91_18.45",-0.535579665103482,-0.730348420620103,0.933333333333333,0.375365076537178,0.709452378108993,0.0902790475230529
"-65.92_18.21",0.0159619153899203,0.665037482557421,119.4,0.66736200996558,0.343820366224392,0.0662585615998681
"-65.94_18.37",-0.446146481740254,-1.06555564247054,20.1428571428571,0.305219978596535,0.750769815360511,0.096176931706515
"-65.95_17.97",-0.498605894267086,-0.192410713358439,8.875,0.487933334922348,0.604875942977142,0.0823589421984486
"-65.95_18.15",0.309152666922605,1.07557741500661,182.375,0.753271148829665,0.232661519960966,0.0604701808681533
"-65.95_18.42",-0.525625401511492,0.790465043805133,3.07142857142857,0.69360884474321,0.411154028277607,0.0892548071247523
"-65.96_18.21",-0.00647191262140655,-0.468276021162994,114.581395348837,0.430206061245021,0.573813427804199,0.0927748694053995
"-65.96_18.4",-0.507478524882681,-1.32892139936891,6.96923076923077,0.250108347320013,0.796153188823734,0.0942862728241431
"-65.96_18.41",-0.525459127620757,-0.56275351904581,3.10714285714286,0.410435802998217,0.67880134884475,0.0880910747375219
"-65.96_18.42",-0.526124223183696,0.182475678238956,2.96428571428571,0.566381652682479,0.534642075447003,0.0802150466959249
"-65.96_18.44",-0.525641995712164,0.868229218369298,3.06786427145709,0.709881691166282,0.395838948163102,0.0911337289888601
"-65.96_18.45",-0.529061728586678,-0.531032297404496,2.33333333333333,0.417073751269569,0.673684735595072,0.0875586753458193
"-65.97_18.39",-0.469158788217951,-2.12022360434776,15.2,0.0845213102553564,0.878948571411933,0.0851508084819552
"-65.97_18.4",-0.503364261787232,-0.290771881303865,7.85294117647059,0.467350384110606,0.624749047294267,0.0838518824868799
"-65.97_18.41",-0.522376665492519,-0.712970260504127,3.76923076923077,0.37900161138459,0.704537578173934,0.0903213726999558
"-65.97_18.45",-0.537579792851815,-3.81282778124349,0.503722084367246,-0.269671195227321,0.968235298242438,0.0399770014914044
"-65.98_17.97",-0.518974445882099,0.916744027483894,4.5,0.720033847250894,0.385245906967083,0.0919910833720888
"-65.98_18.35",-0.111603413581823,1.4043752223644,92,0.822075019678461,0.238732420823264,0.0801078774216903
"-65.98_18.4",-0.462330473771775,-1.42559208779161,16.6666666666667,0.229879144410938,0.803616556171311,0.0957817425963266
"-65.98_18.41",-0.507335273530663,-0.772006225680821,7,0.36664780964822,0.712282323471088,0.0914190276472241
"-65.98_18.45",-0.527820216869191,0.142720086264142,2.6,0.558062440830875,0.543030913803691,0.080214912988454
"-65.98_18.46",-0.531278713796475,-0.32484342374417,1.85714285714286,0.460220610270202,0.635927589876934,0.0843654947003223
"-65.99_17.98",-0.38522977449832,0.0594542296113327,33.2272727272727,0.540638318409583,0.534465310620044,0.0778097427854092
"-65.99_18.43",-0.508315414360258,0.17454871077786,6.78947368421053,0.56472286411026,0.533067114416845,0.0797691537992425
"-65.99_18.45",-0.535527935448587,0.00768719251246491,0.944444444444444,0.529805604641211,0.57165818664165,0.0807441308697405
"-65.99_18.46",-0.523915989231306,-1.05589019756624,3.43859649122807,0.307242559063951,0.759653664593897,0.0934874663531651
"-65.9_18.45",-0.527454414309574,-0.436181594716807,2.67857142857143,0.436922105947128,0.656132848985289,0.0860903092327355
"-66.01_18.02",-0.11470719287554,1.01738092769955,91.3333333333333,0.741093015317445,0.30139582152929,0.0752251092521002
"-66.01_18.24",-0.272689558925704,-0.1851567507757,57.4,0.489451291227153,0.563971243656622,0.08128147691488
"-66.01_18.39",-0.339731191669978,-0.832029407570865,43,0.354087424018269,0.697410776651047,0.0965423946114456
"-66.01_18.43",-0.530946166015005,-1.21928900549235,1.92857142857143,0.273049902586891,0.784076136984601,0.0935730197962373
"-66.01_18.44",-0.503741971999347,-1.54102099685411,7.77181208053691,0.205724616693205,0.822493501532451,0.0930590122912904
"-66.02_17.98",-0.515094721764954,0.539965114664923,5.33333333333333,0.641189502562377,0.459651445241631,0.0834918629424473
"-66.02_18.02",-0.218683799215039,0.275818093732215,69,0.585914384825441,0.460365241668007,0.0725016172793039
"-66.02_18.24",-0.264575393057845,-1.08555026026967,59.1428571428571,0.30103592666572,0.728774005261937,0.102948519749987
"-66.02_18.33",0.246350481302785,1.20526660043833,168.885598923284,0.780409766439788,0.221957876508894,0.0634004374588174
"-66.02_18.38",-0.177558723573297,0.054470623448374,77.8333333333333,0.539595454414981,0.498174754770815,0.0748683422697887
"-66.02_18.43",-0.525026815504846,-0.232458838307271,3.2,0.479552907939398,0.617185083962952,0.0830379425470592
"-66.02_18.44",-0.514834991280124,-1.27758628107793,5.38912133891213,0.260850678229347,0.790128538113164,0.0941255842829608
"-66.02_18.45",-0.526179647813941,-1.91404225454171,2.95238095238095,0.127666594822444,0.864688863086997,0.0865898557407606
"-66.03_18.09",2.2910091467263,1.29546325362013,608.061728395062,0.799284219789658,0.0573429859287551,0.0294395276156275
"-66.03_18.24",-0.258096444901627,-0.432444137640367,60.5344827586207,0.43770420214192,0.610447283928247,0.088252844272768
"-66.03_18.39",-0.245217327079614,0.448236896405552,63.3008130081301,0.621994555573451,0.430233642995766,0.0730329855564735
"-66.03_18.4",-0.363102649751662,0.322394728130605,37.98,0.595660960581134,0.476752599699251,0.0761196772927554
"-66.03_18.43",-0.528210692328723,0.123413322109972,2.51612903225806,0.554022328404194,0.547019103062077,0.0802302893330166
"-66.03_18.44",-0.524228700829319,-0.496969406933144,3.37142857142857,0.424201714608379,0.666753973452131,0.0870777576426973
"-66.03_18.45",-0.533478645273889,-2.79728463829957,1.38461538461538,-0.0571597438584893,0.929757093012718,0.0650240699524074
"-66.04_17.96",-0.516583696966669,-0.16237849692251,5.01351351351351,0.494217843805073,0.602090060375961,0.0820767762837324
"-66.04_18.09",2.28792835839032,1.34974516959593,607.4,0.810643194371141,0.0551034300194581,0.0285114644548097
"-66.04_18.16",0.229513868410276,0.644544112505686,165.269230769231,0.663073589681919,0.313623199813423,0.0608191440240028
"-66.04_18.18",0.0325360968183658,0.04899157880816,122.96,0.538448915504551,0.461570662048762,0.0731404336918874
"-66.04_18.25",-0.255929150739635,-1.27691794975862,61,0.260990532512886,0.757462854751632,0.10496304119693
"-66.04_18.37",-0.285027081618226,-0.834347856318485,54.75,0.353602267959952,0.689444940304639,0.0981009882204856
"-66.04_18.38",-0.164458949201288,0.58970924730719,80.6470588235294,0.651598905548692,0.388217257136039,0.0713662876909385
"-66.04_18.39",-0.373429366858899,-1.67188137433243,35.7619047619048,0.178340916711759,0.824430034525774,0.0978700347348782
"-66.04_18.4",-0.428262801047888,0.0902012305004482,23.984126984127,0.547072402308021,0.535909339360311,0.0783066798862789
"-66.04_18.42",-0.514318776941525,-0.753862706289177,5.5,0.370444502743582,0.710264810246395,0.0910293216676387
"-66.04_18.43",-0.524883564152829,-1.06529141268512,3.23076923076923,0.305275271033478,0.761182369324945,0.0934974660460233
"-66.04_18.45",-0.524684914817023,-1.041828522929,3.2734375,0.310185089774339,0.757647662018452,0.093394044209662
"-66.05_17.96",-0.539353207297421,-0.581311707003659,0.12280701754386,0.406552336810591,0.684268412053672,0.0881822683260724
"-66.05_18.1",2.98665473427555,0.937737405604697,757.480769230769,0.724426898678186,0.0470875782079291,0.03034134107832
"-66.05_18.12",2.77863586472688,1.73917194806058,712.8,0.892134217641219,0.0289231574533478,0.0186044128029945
"-66.05_18.2",-0.104328930862175,0.514172012515816,93.5625,0.635792066115589,0.39263211061147,0.0690871980299713
"-66.05_18.22",-0.12324258593326,-0.327215057466775,89.5,0.45972432478198,0.566113280887025,0.0860251772436528
"-66.05_18.24",-0.176162022891124,-0.572763017726674,78.1333333333333,0.40834122621246,0.623650827443016,0.0937083111324261
"-66.05_18.25",-0.15749500742463,0.101370671184798,82.1428571428571,0.54940970729334,0.484972612962602,0.073661523831586
"-66.05_18.29",-0.257348562002006,0.562727530423085,60.6951219512195,0.645952740877792,0.409537977578053,0.0742638967035208
"-66.05_18.34",0.00422054542759316,1.29840143473539,116.878048780488,0.799899060367852,0.239347150329148,0.0737234372640864
"-66.05_18.37",-0.318448133655923,-0.530902350364746,47.5714285714286,0.417100943845492,0.639504445961938,0.0902271770628158
"-66.05_18.38",-0.353989177800487,-0.381186282211434,39.9375,0.44843036510894,0.616862641290408,0.0860973141014864
"-66.05_18.39",-0.340071850372947,-0.16394977083179,42.9268292682927,0.493889040739168,0.57161230628191,0.0810210343292074
"-66.05_18.4",-0.384470427425125,0.201364853871234,33.3903743315508,0.570334380990151,0.505345399131502,0.0767670303083074
"-66.05_18.41",-0.382421308565755,-0.0447525065887328,33.8305084745763,0.518832130355288,0.555112737022967,0.0791431180562033
"-66.05_18.43",-0.501792810506169,-0.676077736479287,8.19047619047619,0.386721700757111,0.69508264988057,0.090193841724127
"-66.05_18.45",-0.528632482514142,-1.16294433851326,2.42553191489362,0.284840526195368,0.775876830386045,0.0936393789314931
"-66.06_18.23",-0.120914751462972,-0.893962803650263,90,0.341127309048775,0.674411962905836,0.104441355741378
"-66.06_18.24",-0.133156230635392,0.282245028422668,87.3706293706294,0.587259278174789,0.443816615541675,0.0705747271570814
"-66.06_18.31",0.895055670680192,1.36213485210723,308.222222222222,0.813235845831366,0.1359247969945,0.0461207615192467
"-66.06_18.33",0.158425384971503,0.572485523130262,150,0.647994687797583,0.337804465896074,0.0624890419583403
"-66.06_18.36",-0.272889087594586,-0.45228642568074,57.3571428571429,0.433552026570418,0.61682168376276,0.08866835823866
"-66.06_18.37",-0.369713699647278,-0.85818514893308,36.56,0.348614102084944,0.706404432414672,0.0961675545032317
"-66.06_18.38",-0.427379219986012,-0.152107913668236,24.1739130434783,0.496367054864136,0.584573024903744,0.0812961900459846
"-66.06_18.39",-0.409933000205935,1.11631760380251,27.9212198221093,0.761796396339052,0.329783442003962,0.0909603499570189
"-66.06_18.4",-0.480536788897112,0.585694962011665,12.7560975609756,0.650758880582458,0.444221572684284,0.0829498984233185
"-66.06_18.41",-0.43307557695562,-0.607616492415499,22.9503816793893,0.401047826081868,0.672276647597075,0.0902169568769587
"-66.06_18.42",-0.493195834525955,-0.677031706826986,10.037037037037,0.386522073961774,0.693935593500578,0.0903684006293143
"-66.06_18.43",-0.504027298230781,-0.222028658925798,7.71052631578947,0.481735515910113,0.611582038511802,0.08280910754758
"-66.06_18.44",-0.461111131906387,-1.26689086151993,16.9285714285714,0.263088790070346,0.782157103548169,0.0962857736278848
"-66.06_18.45",-0.503589333003764,-1.31689355522384,7.80459770114942,0.252625280878048,0.794093530232884,0.0944830865857646
"-66.07_18.12",3.04094955475011,1.53892010815724,769.142857142857,0.850229735854484,0.0282323883927046,0.0190453551300384
"-66.07_18.13",1.94371923471717,0.350513024315599,533.466666666667,0.60154496459791,0.144762634155229,0.0615347552010622
"-66.07_18.19",0.90798808440401,1.0774101627357,311,0.753654667622155,0.164403317169154,0.0475659236181427
"-66.07_18.24",-0.0650467241760774,-0.33742899927432,102,0.457586966450333,0.557861430842164,0.0868762228308102
"-66.07_18.33",0.126766836175595,0.505674718169457,143.2,0.634013931560893,0.3553451127005,0.0634334684361486
"-66.07_18.34",-0.0783240022658642,-0.944397153504695,99.1481481481482,0.330573471960831,0.676741144905465,0.107143234132314
"-66.07_18.36",-0.218600662269671,-1.22280133225218,69.0178571428571,0.27231491691681,0.744151837714111,0.106230370083062
"-66.07_18.37",-0.262481573693037,-1.15586707329996,59.5925925925926,0.286321507001205,0.73970915039509,0.103802814465377
"-66.07_18.38",-0.351499688158653,-0.916670804620377,40.4722222222222,0.336375457512607,0.713561672110394,0.0976235137573866
"-66.07_18.39",-0.457612729245326,-0.372081829525949,17.68,0.450335552956009,0.632597999980676,0.085360565381031
"-66.07_18.4",-0.468657408485889,0.0358466469433667,15.3076923076923,0.535698221387673,0.554148115654098,0.0794416471813857
"-66.07_18.41",-0.502369226660717,0.607044860322016,8.06666666666667,0.655226537036084,0.443786654181561,0.0842280361032311
"-66.07_18.42",-0.495114142561655,-0.731115867259648,9.625,0.375204481489739,0.703543895625959,0.0911317350389086
"-66.07_18.43",-0.517720996551945,0.930467085384895,4.76923076923077,0.722905519392076,0.382376181960888,0.0922623503817107
"-66.07_18.44",-0.52192303621113,0.539651937514713,3.86666666666667,0.64112396745322,0.460935954235973,0.0837509451949947
"-66.07_18.45",-0.457888858575595,-1.01605702552003,17.6206896551724,0.315578005236752,0.74472229843668,0.0954098093723445
"-66.07_18.46",-0.513943319768898,-1.63573239374754,5.58064516129032,0.185905412994339,0.834546023185537,0.0915486738283841
"-66.08_18.12",2.43597863070059,1.50511100115817,639.2,0.843154878968513,0.0441259133336052,0.0246459557197032
"-66.08_18.33",0.0245749029299833,0.474408348752257,121.25,0.627471165170268,0.378366481828608,0.0657850345319467
"-66.08_18.34",-0.0238939362192129,-0.00133382942027504,110.839285714286,0.52791787542254,0.48195330645082,0.0749976215961117
"-66.08_18.35",-0.0634948345292193,0.423612487976417,102.333333333333,0.616841678700879,0.40334941317911,0.0680492845762484
"-66.08_18.37",-0.194203991559759,-1.26374388537343,74.258064516129,0.263747322869236,0.747177191832356,0.107618442804601
"-66.08_18.38",-0.384546447655203,-1.18860876311245,33.3740458015267,0.279470016672444,0.761170162016329,0.0991717224205778
"-66.08_18.4",-0.496730694277132,0.131550069019763,9.27777777777778,0.555725015195232,0.539745449387611,0.0795268910688711
"-66.08_18.42",-0.50813014383759,-1.18594435110852,6.82926829268293,0.280027568624751,0.776583711385105,0.0944222654783643
"-66.08_18.43",-0.509275135589236,-0.654385158507679,6.58333333333333,0.391261065983206,0.692454613841601,0.089733754091357
"-66.08_18.44",-0.537264573862928,0.131937185681965,0.571428571428571,0.555806022806091,0.546904974149575,0.0804282951687385
"-66.08_18.45",-0.482550682994075,-0.866853255927677,12.3235294117647,0.346800223461627,0.72437896862474,0.0931960345857683
"-66.08_18.46",-0.522827011930425,-2.22452859985874,3.6725,0.0626945605647413,0.891534068992746,0.0801297889103559
"-66.09_18.32",0.199550460613245,0.833045653835449,158.833333333333,0.702519216794447,0.285782798471308,0.0620406953633719
"-66.09_18.37",-0.313936269161389,-0.661700072899768,48.5405405405405,0.389730354969201,0.663073796580919,0.0935502183728551
"-66.09_18.38",-0.34671469508084,-0.255345190234592,41.5,0.474763734876288,0.590980142504346,0.0830997316899899
"-66.09_18.41",-0.366698258687306,0.806639212531062,37.2076923076923,0.696993433664433,0.380644305612963,0.082421855502345
"-66.09_18.42",-0.509921756275426,-0.458451650640719,6.44444444444444,0.432261898314062,0.657397354557972,0.0865807141778798
"-66.09_18.45",-0.511254697150402,-1.22577390554524,6.15813953488372,0.27169287946897,0.782571657069791,0.0943215920722702
"-66.09_18.46",-0.49622100503037,-0.332033142614983,9.38725490196078,0.458716097534543,0.631436800839589,0.0845274972445038
"-66.09_18.47",-0.534201473196914,-0.95262076603062,1.22935779816514,0.328852607765625,0.745292310072571,0.0925474580890538
"-66.0_18.22",-0.233920533929646,1.11856108305793,65.7272727272727,0.76226586436313,0.302024353192314,0.0822404353367749
"-66.0_18.39",-0.231676363700363,-0.761128562055517,66.2093023255814,0.368924057684138,0.668010511056838,0.0978692234856048
"-66.0_18.4",-0.470089922006066,0.217346774472877,15,0.573678740278394,0.517473277494529,0.0788562270809566
"-66.0_18.43",-0.528751350657306,-1.21405180891535,2.4,0.274145832635178,0.78308133790835,0.0936583854461273
"-66.0_18.44",-0.501539440767907,-1.85484926548461,8.24489795918367,0.140053255204903,0.856756899061442,0.0888537455042497
"-66.0_18.45",-0.52338930436023,-1.63651109592394,3.55172413793103,0.185742462625523,0.835570170741279,0.0911027571245227
"-66.11_18.19",1.39471711000954,-0.223124039652743,415.545454545455,0.481506297732922,0.286660913061976,0.0980452983597982
"-66.11_18.36",-0.388874363820487,-0.220242162766476,32.4444444444444,0.482109356149516,0.591369497004473,0.0823880851335369
"-66.11_18.4",-0.424697149835464,-0.762684948815796,24.75,0.368598369886808,0.698336925992247,0.0931803718719892
"-66.11_18.41",-0.419300806290707,-0.480134109896315,25.9090909090909,0.427724650519453,0.646626759823505,0.087817235560064
"-66.11_18.44",-0.533694575620681,-1.27076479218014,1.33823529411765,0.262278135562142,0.791450398579019,0.093396252024006
"-66.11_18.46",-0.521801102024591,-2.08164673594925,3.89285714285714,0.0925938636959397,0.879618554574652,0.0834084528621873
"-66.11_18.47",-0.443588421882795,-1.23663945305605,20.6923076923077,0.269419166837968,0.77572240788855,0.0969725772623871
"-66.12_18.19",1.35213890133483,0.552766124833436,406.4,0.643868227999892,0.18004160459602,0.0551545443438773
"-66.12_18.29",0.547639308403538,1.46680047812428,233.6,0.835138060668672,0.156409385941174,0.0545120535580857
"-66.12_18.3",0.300182477196584,-0.048972676563933,180.448275862069,0.517949022185355,0.433775529280779,0.0768746689851557
"-66.12_18.35",-0.344652898835728,-1.21193010310084,41.9428571428571,0.274589818481719,0.759416371008641,0.100880812743073
"-66.12_18.37",-0.361974943274945,-1.53474019525598,38.2222222222222,0.207038930390908,0.806302816164011,0.099718951007088
"-66.12_18.38",-0.133091116384475,0.792646733395191,87.3846153846154,0.694065382729253,0.344458469497992,0.0725808654868364
"-66.12_18.39",-0.382031269472913,-0.243444533899067,33.9142857142857,0.477254053251904,0.594764094600037,0.0828597319206611
"-66.12_18.4",-0.343399294471643,-1.13861054219411,42.2121212121212,0.289932589894509,0.74811225061127,0.100467498249041
"-66.12_18.41",-0.454332273284121,0.699273202443321,18.3846153846154,0.674526139399331,0.416813709538869,0.0840588468429175
"-66.12_18.42",-0.488047502205425,0.574892701537196,11.1428571428571,0.648498411327711,0.447741708559119,0.0830535674467581
"-66.12_18.44",-0.533163151224803,-1.79205031344572,1.45238095238095,0.153194495471212,0.853205989389037,0.0883980720849145
"-66.12_18.46",-0.497782906467304,-1.12686224268636,9.05177111716621,0.29239102624638,0.766752353858711,0.0946708510146879
"-66.12_18.47",-0.389098579042944,-1.70344006279996,32.3962848297214,0.171736979955226,0.829736643326356,0.0967041064311201
"-66.13_18.36",-0.253640771090878,0.514143301649578,61.4915254237288,0.635786058111009,0.418537778770427,0.073701208071219
"-66.13_18.37",-0.370829387497588,0.134364820536749,36.3203592814371,0.556314027030203,0.516594733422915,0.0768475485860666
"-66.13_18.38",-0.35525008813856,-0.966168874692052,39.6666666666667,0.326017545311659,0.722311810229454,0.0982152818177621
"-66.13_18.4",-0.334410427166464,0.0903000903725647,44.1428571428571,0.547093089617125,0.519055491379913,0.0765922721741002
"-66.13_18.44",-0.532617082326816,-0.625590978653385,1.56967213114754,0.397286504680052,0.691011334176909,0.0889215821387199
"-66.13_18.45",-0.538539610722611,-3.17700589210859,0.297560975609756,-0.136619799616064,0.947717830626107,0.0549183672064309
"-66.13_18.46",-0.51744931295329,-0.0785264263937936,4.82758620689655,0.51176463670319,0.585689211311205,0.0811527345454283
"-66.13_18.47",-0.534493342350681,-3.35178933399227,1.16666666666667,-0.173194792188282,0.954241816030671,0.0506911434465218
"-66.14_18.19",1.39238611701215,-0.599821738395293,415.044776119403,0.402678947813531,0.353964247845448,0.1279780736219
"-66.14_18.36",-0.395599218956873,0.834594121596916,31,0.702843247470715,0.380153903331873,0.0842857513832058
"-66.14_18.37",-0.376200598371145,0.0407511522231029,35.1666666666667,0.536724532817654,0.536656632023688,0.0778763544090875
"-66.14_18.39",-0.487743198208135,0.266793313536363,11.2082191780822,0.584025869156726,0.510537311152243,0.0794673438208889
"-66.14_18.41",-0.431226289833676,1.06142165005805,23.3475935828877,0.75030892888327,0.343235521929467,0.090909743995459
"-66.14_18.43",-0.527509838939819,0.675866827465364,2.66666666666667,0.669628146879359,0.43436988355791,0.0867057094395683
"-66.14_18.45",-0.53604523199754,-1.18849051950114,0.833333333333333,0.279494760201687,0.78040739374266,0.0933866626096641
"-66.14_18.46",-0.527939085012355,-0.457833661332721,2.57446808510638,0.432391218083178,0.660198412262895,0.0864272795728356
"-66.14_18.47",-0.537707970904887,-1.11260317124604,0.476190476190476,0.295374863996661,0.76979008193783,0.0932219608907327
"-66.15_18.08",2.81313682192861,0.938295778616173,720.210526315789,0.724543743206061,0.0529958193878713,0.0321096084693431
"-66.15_18.11",1.48994670197583,-0.295902716839658,436,0.466276711057894,0.284830510767496,0.103967039669856
"-66.15_18.18",1.34998451335448,-1.02993128712572,405.937254901961,0.312674692373105,0.445441673814966,0.162744737708337
"-66.15_18.37",-0.349624488168699,-1.00834712637413,40.875,0.317191370329889,0.728382494322364,0.0989426992511081
"-66.15_18.39",-0.482505039180932,0.156470443509538,12.3333333333333,0.560939825603114,0.53212640242697,0.0791659097026016
"-66.15_18.41",-0.510447920765218,-0.621215452654624,6.33142857142857,0.39820212248217,0.686824542622244,0.0892094906993064
"-66.16_17.93",-0.529837673410107,-2.58669332249689,2.16666666666667,-0.0130916346128613,0.917433677623674,0.0707303020800593
"-66.16_17.94",-0.521302280352387,0.267738120604801,4,0.584223578454231,0.516377775651147,0.0804205284100996
"-66.16_17.95",-0.516905259686288,0.218757885597979,4.94444444444444,0.573974027854625,0.525592482207062,0.0800748576062832
"-66.16_18.12",1.31044479948924,0.475700408526104,397.444444444444,0.627741540190476,0.19419458574505,0.0580325263240585
"-66.16_18.4",-0.478237342652072,-0.339662359830446,13.25,0.457119615854241,0.629876549968829,0.0846959771919275
"-66.16_18.42",-0.516314063630342,-1.1145621416442,5.07142857142857,0.294964931985998,0.767336554598437,0.093974696928697
"-66.16_18.43",-0.517810528646956,0.988390739276576,4.75,0.735026560081124,0.371258945992592,0.0936654094443073
"-66.16_18.44",-0.52274984128349,0.274502270271705,3.6890756302521,0.585639037042059,0.515255267965048,0.0805031860444474
"-66.16_18.45",-0.529343890340652,-0.184982820597766,2.27272727272727,0.489487687666641,0.608703581871946,0.082443046652195
"-66.17_17.94",-0.532854593208663,0.00908365505968109,1.51865671641791,0.530097826871998,0.570907026801268,0.0806925811793576
"-66.17_18.08",2.3436799939537,0.59935171993147,619.375,0.653616678861827,0.0938247363274357,0.0473958699785149
"-66.17_18.37",-0.400254887897447,-0.200381622227303,30,0.486265351219026,0.589419157811783,0.0820280978648493
"-66.17_18.4",-0.382399438477416,-1.48032258092549,33.8352059925094,0.218426301062209,0.801599747463777,0.0990984773264373
"-66.17_18.43",-0.521011301043601,-1.14348395158819,4.0625,0.288912785555671,0.772131312766547,0.0938826134511729
"-66.17_18.45",-0.526539907910533,0.372853950974009,2.875,0.606220002563644,0.49581725477243,0.0814791840796526
"-66.18_17.94",-0.517644254756221,-0.982427170544862,4.78571428571429,0.322615352039545,0.747654116277489,0.093258877497753
"-66.18_18.08",3.03104702081301,1.04126936621682,767.015873015873,0.746091883928309,0.0421199196028182,0.0275597950016284
"-66.18_18.19",1.46317660556753,1.42740089043802,430.25,0.826893345886521,0.0901461275454481,0.0362805806694823
"-66.18_18.35",-0.0565685060000837,-0.138929767802879,103.821052631579,0.499124699306576,0.515973924852546,0.0796115850163715
"-66.18_18.4",-0.338800057881863,-0.781012516242227,43.2,0.36476316310026,0.688383290637834,0.095593476663072
"-66.18_18.46",-0.535851245791682,-1.27851066320933,0.875,0.260657243031906,0.792750030622984,0.0932934463437826
"-66.19_18.41",-0.34420779642053,0.914421982832943,42.0384615384615,0.719547938717766,0.356355217340496,0.0835860431085999
"-66.19_18.43",-0.470089922006066,0.0269842139275495,15,0.533843678312929,0.556194074722424,0.0795354142710382
"-66.19_18.47",-0.534944000261232,0.764305194981528,1.06986899563319,0.688134663286991,0.4179781581405,0.0890603396459911
"-66.1_18.06",2.17258416038758,1.56426536487553,582.625,0.855533456654474,0.050477498020958,0.0263080071712362
"-66.1_18.07",2.19450460164945,0.985139390956692,587.333333333333,0.734346186474976,0.0775433376211575,0.0369400906528528
"-66.1_18.14",1.75504145138389,0.628519991240446,492.940206185567,0.659720399528801,0.133769073238528,0.0510012214049122
"-66.1_18.15",1.49166194842762,0.235943417139712,436.368421052632,0.577570253456515,0.204701248058895,0.0689832629593144
"-66.1_18.26",0.668221133964419,-0.654106391261188,259.5,0.39131940051341,0.490988826044581,0.117738127690477
"-66.1_18.28",1.2571632549471,0.0710771560508691,386,0.543070519329831,0.258561589871747,0.0776955866106854
"-66.1_18.37",-0.363248288626214,-0.708580756382378,37.9487179487179,0.379920154233492,0.679371086118794,0.0935568829956258
"-66.1_18.38",-0.298857932084141,-1.47121808699502,51.7792452830189,0.220331497540159,0.790633218316712,0.103094559361172
"-66.1_18.39",-0.334687550317689,-1.12254824114507,44.0833333333333,0.293293769507576,0.744435799628216,0.100670433459615
"-66.1_18.41",-0.442367529678099,-0.83567448621023,20.9545454545455,0.353324658834547,0.713378353566716,0.093861985608665
"-66.1_18.45",-0.527820216869191,-0.913232019403846,2.6,0.337095053959482,0.738237575786931,0.0924188371292664
"-66.1_18.46",-0.528027135488772,-2.09455749379037,2.55555555555556,0.089892172580056,0.881202911576563,0.0828268588507152
"-66.1_18.47",-0.511632814091193,-1.22461735769547,6.07692307692308,0.271934897411626,0.782456869532599,0.0943073290109697
"-66.21_18.42",-0.390943550016298,-0.120042175577732,32,0.503077096272197,0.571777495250364,0.0804770776134219
"-66.21_18.47",-0.53636473868954,-0.368764662456027,0.764705882352941,0.451029699722062,0.645047749802666,0.0850087629566643
"-66.22_17.96",-0.487079924824821,-0.0560606516821478,11.3506849315068,0.516465800236486,0.575891098868792,0.0805563959713963
"-66.22_18.45",-0.539924956114685,1.39200518064705,0,0.819486478229374,0.301270488970134,0.103266519727904
"-66.23_18.22",0.387883354185536,-0.820046167865949,199.285714285714,0.356595023699765,0.574816098047568,0.118696183190542
"-66.23_18.34",-0.106900717682253,-0.42012529819576,93.010101010101,0.440282029059213,0.581831126644294,0.0895215428683955
"-66.23_18.45",-0.527862541132287,0.145145329425306,2.59090909090909,0.558569944571786,0.542545852983273,0.0802162821367152
"-66.23_18.47",-0.529249025613023,0.175723913101929,2.29310344827586,0.564968785667877,0.536575991477096,0.080279381861938
"-66.24_18.3",0.0345845911522187,0.756791664072144,123.4,0.686562389997026,0.324138541761394,0.0663621530314536
"-66.24_18.34",-0.276214565409282,0.911194058713949,56.6428571428571,0.718872466834368,0.345809288893063,0.08044120275986
"-66.24_18.42",-0.485608818474648,-0.324717068940029,11.6666666666667,0.460247051138817,0.628260143992765,0.0844210401249338
"-66.24_18.45",-0.530978119004684,0.434054330786828,1.92170818505338,0.619026727348023,0.48409821010314,0.0824002862033164
"-66.24_18.47",-0.525026815504846,0.490225681100538,3.2,0.630781082899979,0.471558984847677,0.0830306880599437
"-66.25_17.95",-0.53713155475034,0.0501042176953694,0.6,0.538681745105551,0.563420628931841,0.0805761701138361
"-66.25_18.39",-0.402117155473677,-0.937508045411637,29.6,0.332015079212738,0.724367371664089,0.096365752346034
"-66.25_18.45",-0.533639803044909,0.564751147496489,1.35,0.646376200781266,0.457928211845179,0.0846734280283386
"-66.25_18.46",-0.531611261577945,0.593684039117031,1.78571428571429,0.652430666151151,0.451694387251206,0.0851551313045413
"-66.25_18.47",-0.532887317018468,-0.496851067132977,1.51162790697674,0.424226478265997,0.668115668828844,0.0869911667358543
"-66.26_17.94",-0.532359494086251,-0.686166110052154,1.625,0.384610618697411,0.701457058540122,0.0897684919305829
"-66.26_17.95",-0.535015760647643,-0.888280341820833,1.05445544554455,0.342316414818541,0.735281123315443,0.0920017010990716
"-66.26_18.14",2.30972192218782,-1.15700670544342,612.081081081081,0.28608302882082,0.308782627594765,0.182505463712767
"-66.26_18.43",-0.506869706636605,1.09687873403895,7.1,0.757728639636517,0.348988289932167,0.0956268721521697
"-66.26_18.48",-0.525140061506103,-0.77081046296518,3.17567567567568,0.366898033650971,0.714701706675381,0.0910025657420201
"-66.27_18.42",-0.498023935649514,-0.563433707624247,9,0.410293467477552,0.674603448248264,0.0884636852361655
"-66.27_18.43",-0.505339986841845,0.680293718729415,7.42857142857143,0.670554513320915,0.4295658161062,0.0858485449054421
"-66.27_18.45",-0.520944151972342,-0.0775380705330819,4.07692307692308,0.511971458973507,0.586103190473907,0.0811843736547872
"-66.27_18.46",-0.477073425416928,-1.11875046823394,13.5,0.294088487328204,0.762877255806612,0.0953821086935252
"-66.27_18.47",-0.523669569644204,0.673954309985015,3.49152542372881,0.669227935555654,0.434075451739735,0.0864987847595827
"-66.27_18.48",-0.529706669738619,-1.26480197422852,2.19480519480519,0.263525908348507,0.790168229886228,0.0935645879605732
"-66.28_17.96",-0.539924956114685,-1.83123150604063,0,0.144995481807874,0.85777191688115,0.0874216784008297
"-66.28_17.99",-0.450303329008624,-1.36589710838763,19.25,0.242370850746328,0.794380953940062,0.0965635351194511
"-66.28_18.17",1.49343845368126,1.55202042668939,436.75,0.852971094233991,0.0804957535782491,0.0344255411400553
"-66.28_18.47",-0.505421593659384,1.19637893834124,7.41104294478528,0.778549943954992,0.330489801376854,0.0976978508655547
"-66.29_18.18",2.15534923209795,1.28551919467963,578.923076923077,0.797203336852654,0.0633355154443656,0.0309066195861118
"-66.29_18.29",1.33570889546067,1.47094367488485,402.870967741935,0.836005061507594,0.0948543869691533,0.0375962096409931
"-66.29_18.45",-0.498334313578885,0.631877410561516,8.93333333333333,0.660422969437063,0.438060562658917,0.0845509236588379
"-66.29_18.46",-0.49168621857557,0.0950795134398685,10.3612903225806,0.548093226479645,0.546251876936137,0.0795259784829674
"-66.29_18.47",-0.520466647465617,-0.284687781418527,4.17948717948718,0.468623536222252,0.626465618889749,0.0837709286813076
"-66.2_17.93",-0.524729369989198,-0.595664431185138,3.26388888888889,0.403548901389757,0.684532514506785,0.0886018959920097
"-66.2_17.94",-0.52520929901106,0.463291452529003,3.1608040201005,0.625144855581616,0.477088436419632,0.082618578923992
"-66.2_18.22",0.493994764386538,-0.597891016318489,222.077586206897,0.403082968611251,0.510830882538661,0.109833016306397
"-66.2_18.23",0.640287120320972,1.25008160587489,253.5,0.789787705638724,0.171577487572734,0.0520634905420018
"-66.2_18.47",-0.537059929074331,-0.860515424883545,0.615384615384615,0.34812647107905,0.731123569937191,0.0916901486592266
"-66.31_17.97",-0.526889083081076,0.771170922139155,2.8,0.68957137786983,0.415203449028418,0.0888552819686898
"-66.31_18.09",0.206145991612392,-0.135710390475479,160.25,0.499798382697679,0.468095315054095,0.0803088373896238
"-66.31_18.16",2.34852964910013,1.27817109050328,620.416666666667,0.795665680580564,0.0558879549384542,0.0292159731254003
"-66.31_18.35",0.339996473653911,0.825942249671555,189,0.701032766180293,0.266741240994881,0.0584751690479035
"-66.31_18.47",-0.520796229380585,-0.910461725738128,4.10869565217391,0.337674762592945,0.736820073377633,0.092591775614872
"-66.31_18.48",-0.539387763544619,-0.53463898202647,0.115384615384615,0.416319020376085,0.675963275058161,0.0874947321514215
"-66.32_18.37",0.218082910233284,0.929301350443437,162.813953488372,0.722661578968627,0.267356480290439,0.0621642136202721
"-66.32_18.47",-0.514353520739589,-0.87790353172505,5.49253731343284,0.344487854790693,0.730708603779648,0.09246045469009
"-66.32_18.48",-0.502679604590088,1.02167713324575,8,0.741992034608102,0.36240204506079,0.093680154978604
"-66.33_18.19",2.46730463171503,0.86098745398998,645.928571428571,0.708366287444231,0.0710335296609535,0.0376639292631158
"-66.33_18.2",3.68431866263332,1.5898650242869,907.333333333333,0.860890413484773,0.0172358926923757,0.0139228370603363
"-66.33_18.47",-0.453616016524033,0.668511413668762,18.5384615384615,0.668088961004101,0.422820686711361,0.083413076467707
"-66.33_18.48",-0.469243436744143,0.737755959813623,15.1818181818182,0.682578999268712,0.411774812263909,0.0855133695061071
"-66.34_18.19",2.59508611674472,-0.414764139834464,673.375,0.441403899215388,0.165383576632326,0.103374955115867
"-66.34_18.42",-0.464658308242062,-0.0179270486139198,16.1666666666667,0.524445596457118,0.5642871615181,0.0798613650728358
"-66.34_18.48",-0.458327366202141,0.99885856412591,17.5265017667845,0.737217045701418,0.359347504225442,0.0909029376391006
"-66.36_17.96",-0.539924956114685,0.851038360660475,0,0.706284351016471,0.401676735157229,0.0913978336498768
"-66.36_18.05",0.0798376932546036,-0.576647112202075,133.12,0.407528444835365,0.580301239026981,0.0989290461989662
"-66.36_18.08",0.097901688744033,-1.75768158873572,137,0.160386457349507,0.782052058376815,0.123305458455917
"-66.37_18.04",-0.233156857008564,1.38247532956905,65.8913043478261,0.817492271978279,0.258412645443087,0.0860094206859576
"-66.37_18.43",-0.347180261974897,-0.920656666313966,41.4,0.335541380438338,0.713593081658358,0.097816508782419
"-66.38_17.95",-0.530613618233536,-1.76290765061693,2,0.15929285733553,0.849959450128222,0.0889838535571465
"-66.38_18.01",-0.316452846967105,-1.4543636572243,48,0.223858437146276,0.790445767054465,0.10231429889623
"-66.38_18.44",-0.309136795774773,0.0422034781271215,49.5714285714286,0.537028444953606,0.524339686960541,0.0768403265986142
"-66.38_18.49",-0.539836557337332,-2.20045484481601,0.0189873417721519,0.0677322083097662,0.890810353250772,0.0798761851945971
"-66.39_17.98",-0.474745590946641,-1.08791046733825,14,0.300542032306668,0.757973630105573,0.0953190389169215
"-66.39_18.01",-0.332822779693641,-0.0320093073806375,44.4838709677419,0.521498758334228,0.543694340782491,0.078365544429513
"-66.39_18.23",1.80963596922862,1.63600673860364,504.666666666667,0.87054597833815,0.0611148716108916,0.029320106133161
"-66.39_18.35",0.0100259374906877,0.558563703480441,118.125,0.64508142298945,0.364729185011939,0.0660331347418179
"-66.39_18.36",-0.078348635434862,1.03160369401448,99.1428571428571,0.744069255896752,0.293495324152164,0.0739110211043161
"-66.39_18.49",-0.52957902513563,-0.391915761173657,2.22222222222222,0.44618512603413,0.648261502357231,0.085387304401174
"-66.3_17.96",-0.528833509520963,-1.4810103059576,2.38235294117647,0.218282388471462,0.817913388876032,0.0924831826241054
"-66.3_18.16",2.2278702290569,0.977359191155593,594.5,0.732718110343342,0.0762905422382444,0.0368308658997583
"-66.3_18.44",-0.232318258255293,0.425018098657688,66.0714285714286,0.617135815260229,0.432618114451746,0.0725682712916928
"-66.3_18.47",-0.482092818493485,0.402502895306042,12.421875,0.612424308343593,0.481761362183715,0.0803298325728977
"-66.41_18.33",0.404123530088812,-0.36037851174541,202.77397260274,0.452784576480665,0.478416080109075,0.0942048247981255
"-66.41_18.45",-0.498023935649514,-0.76377701654956,9,0.36836984498296,0.709520800823294,0.091520853483507
"-66.42_18.45",-0.48405692882779,-0.523120132813206,12,0.418729442209384,0.665083753124409,0.0879454390715505
"-66.42_18.46",-0.496877924833372,0.804004614373191,9.24615384615385,0.696442120525062,0.40348427230676,0.088245830656
"-66.42_18.47",-0.514318776941525,1.06672588387624,5.5,0.751418887071589,0.355843972317232,0.0953324469260446
"-66.42_18.49",-0.521576143231244,0.513842653944521,3.94117647058824,0.63572314489989,0.466126838297344,0.0832901902040687
"-66.43_18.36",0.119317765870676,0.849750198727169,141.6,0.706014791654127,0.29486239264466,0.0645184958485914
"-66.43_18.37",0.164632943558935,1.44509276138439,151.333333333333,0.830595527520424,0.199124603187869,0.0679899150741022
"-66.43_18.46",-0.511856966386617,0.35211846360655,6.02877697841727,0.601880917074351,0.497418269320228,0.0807894192418107
"-66.44_18.44",-0.215424830956636,-0.219487673607575,69.7,0.482267239728677,0.560743747946186,0.0821677864692605
"-66.44_18.45",-0.46967912768778,0.0135497150360784,15.0882352941176,0.531032389715614,0.55883373564337,0.0796406381977599
"-66.44_18.46",-0.539750368529413,-2.5610511608303,0.0375,-0.00772578380695314,0.916378199239347,0.0709485995432145
"-66.45_18.18",4.02107871600155,-1.38482729066151,979.666666666667,0.238409541433521,0.135754593748714,0.146571823872927
"-66.45_18.36",0.304923767634916,0.0664470284170703,181.466666666667,0.542101623867025,0.409908255567558,0.0719357476114732
"-66.45_18.47",-0.515027248302047,-0.889834930450311,5.34782608695652,0.341991103296103,0.732720857668735,0.0925597703430942
"-66.46_17.99",-0.521302280352387,-0.234755706621492,4,0.479072267779057,0.616995912469033,0.0830558539313069
"-66.46_18.34",-0.330419853788829,0.54314675939766,45,0.641855290071841,0.426227439069443,0.0766276199992015
"-66.46_18.47",-0.534234694076205,-1.94214477329684,1.22222222222222,0.121785892373446,0.868023109379281,0.0856673382551831
"-66.47_17.99",-0.537855769918874,-0.392331335648953,0.444444444444444,0.446098163372316,0.649695965573192,0.0853566862210531
"-66.47_18.21",3.48567678783547,1.32185542884531,864.666666666667,0.804807017615483,0.0245771929779575,0.0186126270190954
"-66.47_18.43",-0.272223992031646,-0.63814140101236,57.5,0.394660216974474,0.651972258009713,0.0937935694673328
"-66.47_18.45",-0.466721991283097,0.373144887240089,15.7234042553191,0.606280883569626,0.484999435797939,0.0795379499614745
"-66.47_18.46",-0.461709717913032,0.381189655969989,16.8,0.607964323106977,0.482454186091122,0.0794478859530885
"-66.47_18.47",-0.401418805132591,1.47376328622682,29.75,0.836595090304245,0.267399800859329,0.0962575093748973
"-66.48_18.21",2.97148401817646,0.626285538338577,754.222222222222,0.659252820349629,0.0605583879259047,0.0392069206045341
"-66.48_18.43",-0.342714435845492,-1.56095379884145,42.3592233009709,0.201553500271802,0.807486021799651,0.100459435394839
"-66.48_18.44",-0.343222943375409,-0.577213411389202,42.25,0.407409941684611,0.652251130485834,0.091003273160194
"-66.48_18.46",-0.430754270140803,1.16008440287181,23.4489795918367,0.770954989015896,0.32519428530147,0.0929289676528526
"-66.48_18.47",-0.476579642347473,-0.344085575144563,13.6060606060606,0.456194018637962,0.630442248340382,0.0847787198826023
"-66.49_18.1",0.202117047336895,-1.18950268078809,159.384615384615,0.279282956433817,0.676474616540787,0.124743568711588
"-66.49_18.11",0.291444497559348,1.12923131009179,178.571428571429,0.764498704443984,0.227143125021958,0.0613699391258151
"-66.49_18.17",3.56852381975236,1.45336339562565,882.461538461538,0.832326231428538,0.0208707745963596,0.0162471960650108
"-66.49_18.18",3.50119568430405,1.71940586762912,868,0.887997989190907,0.017677814033466,0.0137416780724664
"-66.49_18.19",3.69750972463161,0.769630657423056,910.166666666667,0.689249063753897,0.0328779791459211,0.0266986457815777
"-66.49_18.45",-0.396395583380918,0.0511865973699319,30.8289473684211,0.538908242696689,0.538146508359098,0.0780850121417899
"-66.49_18.47",-0.481672317907008,-1.26254496774143,12.5121951219512,0.263998207066346,0.784066316073309,0.0954635093153948
"-66.4_17.95",-0.536821176820969,-0.804281686009485,0.666666666666667,0.359893881993154,0.721945486219615,0.0911192053656859
"-66.4_18.49",-0.533701561918611,-1.55211591855241,1.33673469387755,0.203402905469697,0.826923169037255,0.0916009028807353
"-66.51_18.05",-0.330419853788829,0.353953457981005,45,0.6022649059974,0.464457881986867,0.0752541401859246
"-66.51_18.31",1.05290816227764,1.52022471910957,342.127659574468,0.84631755911632,0.109822279277261,0.0420072757140532
"-66.51_18.36",0.467639397107998,1.71052353154261,216.416666666667,0.886139281221281,0.138584377668093,0.0566713864421987
"-66.51_18.43",-0.49086136804863,0.507221433064258,10.5384615384615,0.634337595434193,0.46197693074583,0.0820268826434393
"-66.51_18.45",-0.457985182760572,0.79057439815902,17.6,0.693631728116131,0.399399769597218,0.0861636719794119
"-66.51_18.46",-0.502590072495077,1.26992898644126,8.01923076923077,0.793940946866667,0.316866915934928,0.0989882015312526
"-66.51_18.47",-0.504950662609881,1.36510258161741,7.51219512195122,0.813856869674478,0.300607472916614,0.100783578049644
"-66.51_18.48",-0.525375990675389,0.623461038495378,3.125,0.658661768590539,0.444557312365626,0.0855013097748683
"-66.52_18.16",3.7861500097551,1.35007960071656,929.205882352941,0.810713177062985,0.0194474027210413,0.0160085577912915
"-66.52_18.46",-0.52558761199087,0.872424256292771,3.07954545454545,0.710759540230459,0.395008750690124,0.0912334615742159
"-66.52_18.47",-0.503069793987013,0.348469622100936,7.91619047619048,0.601117364477339,0.496583902111845,0.080476516346552
"-66.52_18.48",-0.509771020857189,-0.147550186712157,6.47682119205298,0.497320799840023,0.598000698396942,0.0818410242339693
"-66.53_18.13",2.19140082235574,1.22067362415107,586.666666666667,0.783633823431575,0.0649640955073656,0.0317809424343921
"-66.53_18.15",3.92685684458516,0.672183184352182,959.428571428571,0.668857311735873,0.0302711032583223,0.0263700645504043
"-66.53_18.37",0.410297074656587,1.2545961488752,204.1,0.790732413987088,0.195814802659734,0.0583281134656779
"-66.53_18.43",-0.462640851701147,0.841773397234535,16.6,0.704345574866776,0.390188131177239,0.0875246117172678
"-66.53_18.47",-0.531130914782489,1.02523339974856,1.88888888888889,0.742736215060916,0.366470596578926,0.095233476925951
"-66.53_18.48",-0.512087711571619,-1.02905293683131,5.97921478060046,0.312858494998502,0.754044931386577,0.0937345514804667
"-66.54_18.15",4.06278575026086,0.76852666661395,988.625,0.689018043840296,0.025493541398875,0.0229030181610429
"-66.54_18.3",1.10766455229976,1.26082373477988,353.888888888889,0.792035591826774,0.127900527007909,0.0430866319694997
"-66.54_18.36",0.420906356606018,1.59574712985552,206.378787878788,0.862121296485834,0.154527745459228,0.058543034692252
"-66.54_18.44",-0.491476901201831,-0.702775560586073,10.40625,0.381134943179412,0.698131790052866,0.0907919793162371
"-66.54_18.45",-0.421715778949722,-0.441630363655325,25.3903743315508,0.43578190249704,0.639793464577529,0.0869832980876142
"-66.54_18.46",-0.524824395116126,0.350331612166137,3.24347826086957,0.601507002489214,0.500117027519028,0.0811854928581795
"-66.54_18.48",-0.519928476402709,-0.885928707120682,4.29508196721311,0.342808515333118,0.732785524306205,0.0923885772274575
"-66.55_18.04",-0.288984400217715,-1.23062753251425,53.9,0.270677214778844,0.75486345737484,0.103288139594012
"-66.55_18.15",5.04978756566267,1.25410516435441,1200.625,0.790629671101336,0.0085665606878991,0.00950325328456241
"-66.55_18.31",1.15419081249675,1.14041524680598,363.882352941176,0.766839042852711,0.135335664891386,0.0436668190795918
"-66.55_18.36",0.442176155139153,0.220781856748429,210.947368421053,0.574397561851876,0.356762191333364,0.0661689936628288
"-66.55_18.43",-0.287249105430773,-1.63460010160663,54.2727272727273,0.186142355213792,0.810631224985546,0.102618006474445
"-66.55_18.45",-0.410546366608191,-0.056173300223747,27.7894736842105,0.516442227525434,0.56240774199169,0.079637788737956
"-66.55_18.46",-0.532475885809766,0.969365434309082,1.6,0.731045345497117,0.377377772739897,0.0939489954748147
"-66.55_18.47",-0.532370474437526,1.00196168343472,1.62264150943396,0.737866401066248,0.371112173663181,0.0947368482879595
"-66.55_18.48",-0.495963905144835,0.0242994910469668,9.44247787610619,0.533281876128708,0.561326849365096,0.0799862630763301
"-66.56_18.01",-0.485473871548834,-0.666949369676471,11.695652173913,0.388631892846312,0.690994739016696,0.0903538586786385
"-66.56_18.06",-0.0594109144059082,-0.726172655803382,103.210526315789,0.376238892532039,0.633348937381673,0.101325267949769
"-66.56_18.21",1.98018864141834,0.811982338855753,541.3,0.698111530456279,0.101539492654378,0.0434922514212156
"-66.56_18.31",1.2463000274191,0.63204855280254,383.666666666667,0.660458782475912,0.181712946116688,0.0527944567382279
"-66.56_18.35",0.434040986253518,1.41266190465289,209.2,0.82380908178345,0.173772574555724,0.0580218714954753
"-66.56_18.41",0.0985667843069722,-0.0359223328922468,137.142857142857,0.520679922880025,0.467037208891107,0.0758421027088854
"-66.56_18.43",-0.165434585707217,-1.21547464053745,80.4375,0.273848092440516,0.735634488248897,0.108464718319771
"-66.56_18.45",-0.360254140469245,-0.72166834648448,38.5918367346939,0.377181459391384,0.681232172524283,0.0938905783869678
"-66.56_18.47",-0.539924956114685,0.11432784067653,0,0.552121110460652,0.550947766751607,0.0804923652082564
"-66.56_18.48",-0.533779473113126,0.572481749175326,1.32,0.647993898063886,0.456382933690653,0.084827153777335
"-66.56_18.49",-0.522371183935682,-0.0581850666093369,3.77040816326531,0.516021247483978,0.582505223599058,0.0810249281065638
"-66.57_18.16",5.24143572724935,0.553185889151434,1241.78947368421,0.643956067423624,0.0131834199052003,0.0157516189517373
"-66.57_18.17",5.38320971845426,1.11290919486971,1272.24137931034,0.761083156400208,0.00757211436601816,0.00902686023325021
"-66.57_18.35",0.34930781153506,-0.870150195146705,191,0.346110309553608,0.591531544907741,0.119714529901152
"-66.57_18.36",0.422105544060408,0.635561008817873,206.636363636364,0.661193795193859,0.286082002843579,0.0574908332013885
"-66.57_18.45",-0.441224774574504,-0.0467602875779377,21.2,0.518411984293537,0.565942218064892,0.0798769274814662
"-66.58_18.04",-0.23311637293082,-1.0334064259609,65.9,0.311947488607609,0.715671605441725,0.103393430316495
"-66.58_18.07",-0.0668989795610372,0.360489799589258,101.602150537634,0.603632693719137,0.416437856214116,0.0684836092487951
"-66.58_18.08",0.537249815609834,0.657429717706633,231.368421052632,0.665770017383731,0.265952164342332,0.0558220222934798
"-66.58_18.1",0.349078306728131,0.620377813408355,190.950704225352,0.65801657626888,0.299536713619297,0.0587041608804915
"-66.58_18.11",0.670548968434707,0.77452341280383,260,0.690272916412827,0.23022665741048,0.0531230791776304
"-66.58_18.17",5.51301641544954,1.17405939230095,1300.12280701754,0.773879380074104,0.00656671085639943,0.00800868516031464
"-66.58_18.36",0.353862270281275,1.27985660752043,191.978260869565,0.796018390034722,0.198973953255058,0.0602164933666403
"-66.58_18.46",-0.45286394692594,-0.159558667400164,18.7,0.494807918257912,0.590495579154344,0.0815885540462921
"-66.58_18.48",-0.528285783763248,-0.522549518978777,2.5,0.418848848238531,0.672033521756103,0.0874362305823674
"-66.59_18.17",5.1093967554911,1.15349386026822,1213.42857142857,0.769575859252942,0.0089081777361662,0.0100361757401767
"-66.59_18.22",1.55570802576145,-0.0388464078450643,450.125,0.520068034142011,0.235349097048901,0.0854613631126763
"-66.59_18.36",0.400427056502569,0.818551478585686,201.98,0.699486181477215,0.259482098781553,0.0571658599636074
"-66.59_18.37",0.46170896167179,0.595745187418925,215.142857142857,0.652861979798597,0.286917268599074,0.0573788184681874
"-66.59_18.46",-0.472417756476353,0.201550102788919,14.5,0.570373145976784,0.521118980313035,0.0789027840940566
"-66.59_18.48",-0.491534215308107,0.525171679752715,10.3939393939394,0.638093844494311,0.458447510370648,0.0823379822036097
"-66.5_18.17",3.66104031793045,1.18244503999716,902.333333333333,0.775634151572462,0.0242886929867319,0.0192988293298651
"-66.5_18.46",-0.469646524964107,0.665440720622979,15.0952380952381,0.667446391123735,0.426253262928328,0.0840247852577931
"-66.5_18.48",-0.532475885809766,-1.52573290161614,1.6,0.208923786841967,0.82368268112487,0.091920116423837
"-66.61_17.96",-0.528777579778098,-1.64531403284155,2.3943661971831,0.183900369639451,0.837087232011366,0.0907432336567035
"-66.61_17.97",-0.529473454411354,-1.82044818432447,2.24489795918367,0.147251987958695,0.855765800287636,0.088102020533457
"-66.61_17.99",-0.497341104204896,-1.29100159559683,9.14666666666667,0.258043404132928,0.789861417456979,0.0947990728503222
"-66.61_18.01",-0.4525416313839,-0.636702803192046,18.7692307692308,0.394961256386591,0.68055345125292,0.0904303076569449
"-66.61_18.02",-0.353698198491702,-0.680219894133418,40,0.385854917360469,0.672782507877553,0.0931607017314088
"-66.61_18.22",1.38984981975348,-0.629465405892868,414.5,0.39647574625821,0.359952397937078,0.130429405075099
"-66.61_18.46",-0.426792200858723,0.114171429764648,24.3,0.552088380083686,0.530762973558066,0.0781184892494884
"-66.61_18.48",-0.524794032057817,0.745506009594786,3.25,0.684200766240031,0.419945553799277,0.0881596708023185
"-66.62_17.97",-0.513292527336344,-1.69749141302991,5.72043010752688,0.172981787923359,0.841345711513835,0.0907671346297992
"-66.62_17.98",-0.524095681716731,-1.53650899820667,3.4,0.20666879261306,0.824087336710957,0.0921882448193908
"-66.62_18.0",-0.49140798504975,-0.950056290173499,10.4210526315789,0.329389247188759,0.738997125498824,0.0937969877151382
"-66.62_18.01",-0.468299280105845,-1.62314119880717,15.3846153846154,0.188540232725866,0.828500811136255,0.0938303602823013
"-66.62_18.04",-0.230763372682475,-0.280113666549882,66.4054054054054,0.469580710514863,0.575625621622449,0.083927192419819
"-66.62_18.48",-0.521660408732431,1.08911432219871,3.92307692307692,0.756103867276368,0.352860427048139,0.0962357921890679
"-66.62_18.49",-0.526938090122556,-0.337097356077504,2.78947368421053,0.457656365744279,0.637524915089065,0.084554931938864
"-66.63_18.37",0.447464831698841,0.946481166236543,212.083333333333,0.726256608499188,0.233755933834612,0.0562801656153903
"-66.63_18.38",0.398774294028665,0.302036512580803,201.625,0.591400822581259,0.34871000414405,0.063671280438583
"-66.63_18.47",-0.53002242217759,0.719340610756546,2.12698412698413,0.678725423393798,0.426090944276192,0.0877902274963985
"-66.63_18.48",-0.513077265224038,1.36698457843826,5.76666666666667,0.814250694278239,0.301514040748574,0.101287236504314
"-66.63_18.49",-0.508581487944049,0.986064327297632,6.73232323232323,0.734539737645699,0.370153654412189,0.0931411898644694
"-66.64_17.98",-0.515482694176668,1.13823234074303,5.25,0.766382250308876,0.342733203581522,0.0970083963714934
"-66.64_18.0",-0.478625315063786,-1.87817859310231,13.1666666666667,0.135171385531575,0.85707610469163,0.0895612838322406
"-66.64_18.04",-0.211700295804177,0.346982219869123,70.5,0.600806112307258,0.444691032055971,0.0720024526881212
"-66.64_18.22",1.05871536635511,0.719725980506631,343.375,0.67880606544773,0.191306477929664,0.0511379647584708
"-66.64_18.28",0.319493623896381,0.878345400403324,184.596153846154,0.711998592394259,0.261274504677503,0.059114751785083
"-66.64_18.3",-0.0631844565998476,1.23394232745124,102.4,0.786410417824135,0.258267600836199,0.0760032727266079
"-66.64_18.34",0.975204304733556,1.25507238084543,325.4375,0.790832069770188,0.139480430558676,0.0452510772389374
"-66.64_18.47",-0.530031659615964,0.629508141948564,2.125,0.65992717886911,0.444162568122545,0.0858201387404409
"-66.64_18.49",-0.517341487373092,-0.244490176534117,4.85074626865672,0.47703524321362,0.618204375412785,0.0831797004304868
"-66.65_17.99",-0.492437132920824,-0.916028035600999,10.2,0.336509962657122,0.733734197852056,0.0934479341921905
"-66.65_18.08",0.366354722425164,1.21937475080707,194.661538461538,0.783362022611101,0.205509788482534,0.0595333463602532
"-66.65_18.27",0.665893299494132,-1.2526237410065,259,0.266074312160893,0.61194669348914,0.149354375489851
"-66.65_18.31",-0.0503037725309246,1.34072056698463,105.166666666667,0.808754715863576,0.240186275435668,0.0765930187115824
"-66.65_18.33",1.00575713215608,0.486395855764801,332,0.629979657823908,0.22926733203595,0.0575836398504841
"-66.65_18.45",-0.446035632479764,-0.501141135226381,20.1666666666667,0.423328743292023,0.654906992124223,0.0879625940129433
"-66.65_18.48",-0.519750390705528,0.634000965041068,4.33333333333333,0.660867342133237,0.4414296482596,0.0854844789694867
"-66.66_18.11",2.29604252425818,1.70145482755215,609.142857142857,0.884241574107174,0.0416635888616974,0.0232790347778159
"-66.66_18.33",0.189075205496952,1.70713835621268,156.583333333333,0.885430903120853,0.164675246644129,0.0674183413025108
"-66.66_18.48",-0.525492382398904,0.819857361555992,3.1,0.69975944912445,0.405319280777567,0.0899529302676663
"-66.66_18.49",-0.482904096518695,-0.0414922710368964,12.247619047619,0.51951436369391,0.572240693074954,0.0803518587539051
"-66.67_17.97",-0.525156217783557,-0.0852843337451352,3.17220543806647,0.510350484375514,0.588374759273679,0.0813073987870962
"-66.67_17.98",-0.306268571159598,-0.799384459967733,50.1875,0.360918670177728,0.686583774860405,0.0968027700367047
"-66.67_18.09",0.488977879752298,1.62661974711929,221,0.868581666729936,0.145072724773021,0.056172351469851
"-66.67_18.33",0.0487261855592139,0.190201103423889,126.4375,0.567998266737626,0.430147217769582,0.0691868924430964
"-66.67_18.34",-0.0830121290291182,-1.78114634739559,98.1411764705882,0.155476247523884,0.806444951563074,0.112267585187709
"-66.67_18.45",-0.493858337123736,0.0608039503380413,9.89473684210526,0.540920759497949,0.553582241678475,0.0797263357787946
"-66.67_18.47",-0.539924956114685,1.47166560111856,0,0.836156131004516,0.287725630735113,0.104423346517695
"-66.67_18.48",-0.529639175897136,1.21127433781525,2.2093023255814,0.781666939016141,0.331649755538543,0.0993472485994245
"-66.68_18.32",1.01400768470899,1.3358570101037,333.772151898734,0.807736973250903,0.128570285042139,0.0440232813377205
"-66.68_18.33",0.983365581537123,1.14024082428145,327.190476190476,0.76680254338531,0.150396053574349,0.0459712713674558
"-66.68_18.37",-0.409566225778597,0.00399898603793672,28,0.529033814573703,0.550077592472867,0.0788257530753996
"-66.68_18.45",-0.507501547421398,0.609584580709368,6.96428571428571,0.655757996156593,0.444185336962745,0.0844868464228457
"-66.68_18.48",-0.522233414140502,-0.0109652884085431,3.8,0.525902406810874,0.573053024831241,0.0806507802568878
"-66.69_18.26",0.27282182179705,0.688270949065234,174.571428571429,0.672223819847523,0.299392432338559,0.0598539150113547
"-66.69_18.32",1.05510722292617,1.36325572197205,342.6,0.81347039783777,0.122855372581199,0.0431035479680586
"-66.69_18.37",0.625193741981367,0.740513365104077,250.258064516129,0.683156010894814,0.241119220233408,0.0539713732657622
"-66.69_18.38",0.485253344599838,-0.524971149422691,220.2,0.418342100490893,0.497484490573893,0.105343902164568
"-66.69_18.45",-0.516646611411812,1.22280624769253,5,0.78408009390976,0.327498191960514,0.0988587449193368
"-66.69_18.46",-0.531278713796475,0.862108097985053,1.85714285714286,0.708600792185379,0.398009301999464,0.0912552186249926
"-66.69_18.48",-0.520285525066514,-0.72282207014967,4.2183908045977,0.376940032434517,0.705900999174839,0.090495287071954
"-66.6_17.97",-0.517649370875936,-0.716437637121766,4.78461538461538,0.378276031932278,0.704420111234229,0.0904629816240912
"-66.6_17.99",-0.506404139742548,0.0209727783577551,7.2,0.532585731856765,0.563845910934362,0.0801830118014697
"-66.6_18.0",-0.474745590946641,-0.745606742577957,14,0.372172136712567,0.702959846601603,0.0917804873212505
"-66.6_18.01",-0.450536112455653,-1.61921920045693,19.2,0.189360945826503,0.826216287815618,0.0947146206498391
"-66.6_18.17",4.5108107488458,1.2855580019507,1084.85714285714,0.797211457619907,0.0122593760221398,0.0120794367727766
"-66.6_18.35",0.602459810178803,1.33024218356187,245.375,0.806562020767714,0.166189962853881,0.0529962221846137
"-66.6_18.36",0.4075858321559,0.926301330866958,203.517647058824,0.722033798141429,0.241952327583545,0.0571498570653576
"-66.6_18.37",0.365065460257005,-0.115443749959243,194.384615384615,0.504039357805827,0.435670001102434,0.0804992251725073
"-66.6_18.38",0.381564946337613,0.214408120268801,197.928571428571,0.57306380070215,0.368046487830502,0.0664429942530252
"-66.6_18.45",-0.352742721336577,0.954948122170631,40.2052287581699,0.728028394470794,0.350180403873252,0.0848109787577911
"-66.6_18.47",-0.51819850105867,0.477557200398532,4.66666666666667,0.628130090434196,0.472918432038024,0.0825797752336606
"-66.6_18.49",-0.506171356295519,-0.475511139367745,7.25,0.428692048294218,0.659929724844995,0.0868976147299179
"-66.71_18.14",2.98790818360571,1.27269812362145,757.75,0.79452041349523,0.0361738234569704,0.0235128902220727
"-66.71_18.24",0.494797465928016,1.0692210230907,222.25,0.751941017184443,0.210527500089828,0.0554203724997329
"-66.71_18.26",0.291887894601307,0.280343126402571,178.666666666667,0.586861288230727,0.370509214591081,0.0648155113944443
"-66.71_18.27",0.105987850588189,-1.03855582944126,138.736842105263,0.310869930047052,0.664464556918818,0.116608308599799
"-66.71_18.28",0.210484228579746,0.0801246423499987,161.181818181818,0.544963786452972,0.423707571902479,0.071434536332845
"-66.71_18.33",0.997939122048319,1.59948919220045,330.320754716981,0.862904356374089,0.107371738056173,0.0425813655017916
"-66.71_18.34",0.774064857535295,1.54297809956371,282.234375,0.851078906713862,0.128924883886446,0.0480913411826966
"-66.71_18.42",-0.465434253065492,0.808274482845319,16,0.697335628548301,0.397212620668492,0.0868970288522186
"-66.71_18.43",-0.480953149534074,0.402123173694378,12.6666666666667,0.612344848212951,0.48163417759494,0.0802876271548601
"-66.71_18.47",-0.523297567041204,-2.13407994573762,3.57142857142857,0.0816217473565472,0.88419967920269,0.0821826905930261
"-66.72_18.06",-0.150012682341564,-0.801834234430884,83.75,0.360406033043296,0.662341076796479,0.101139317959973
"-66.72_18.16",1.79849057994664,-0.981919055032081,502.272727272727,0.322721679738013,0.358658529569366,0.165659835546577
"-66.72_18.25",0.333012970243049,-0.337101800237363,187.5,0.45765543576423,0.486437606026795,0.0917793682327844
"-66.72_18.26",0.24655054706095,0.0591359049274546,168.928571428571,0.54057170613314,0.421565633860029,0.0721852000056304
"-66.72_18.33",1.13095687799045,1.48530539375877,358.891891891892,0.839010379147966,0.107153882250941,0.0408149075521365
"-66.72_18.4",0.394002233364576,1.01638940383877,200.6,0.740885530114886,0.230415783141213,0.0577825327391361
"-66.72_18.45",-0.503145171484146,-0.192198871119659,7.9,0.487977664798372,0.605615055842969,0.0823813721250341
"-66.72_18.46",-0.511059808683123,-0.42312238237512,6.2,0.439654862490017,0.651041414881985,0.0859866118654758
"-66.72_18.47",-0.508831738547276,-0.999169855150046,6.67857142857143,0.31911179610499,0.74904041023486,0.0936489474476548
"-66.73_18.14",3.30565758879992,0.00626602199528103,826,0.529508212047555,0.0776504796771915,0.0596059051000023
"-66.73_18.17",1.65755078383652,-0.364034799925105,472,0.45201946560075,0.271804892849546,0.109698318058933
"-66.73_18.3",1.44405510813303,0.857400427918089,426.142857142857,0.707615670277514,0.138053112437836,0.0459431870234133
"-66.73_18.41",0.0513449993382871,1.15730977024746,127,0.770374372416677,0.254510986287043,0.0702420567127695
"-66.73_18.47",-0.502679604590088,-1.09350781438977,8,0.299370737562572,0.762473265315413,0.0943738099387911
"-66.74_18.04",-0.134881758284696,1.52178010781466,87,0.846643038061708,0.224613232098839,0.0821791327257165
"-66.74_18.12",3.54600649785708,0.955610614357516,877.625,0.728167026863848,0.0315321868777321,0.0243099894875811
"-66.74_18.13",3.10479872879227,1.15155330805894,782.857142857143,0.769169781412413,0.0367014852981872,0.0246519965826775
"-66.74_18.14",2.946339710922,0.407813137885618,748.821428571429,0.613535523918772,0.0727789212678797,0.0474250138169373
"-66.74_18.24",0.885873656936281,1.0848928683987,306.25,0.755220490454654,0.165752808941834,0.0478408499485742
"-66.74_18.38",0.421470680113966,-0.190863609021843,206.5,0.488257080289813,0.440873201959301,0.0850094108130724
"-66.74_18.45",-0.212697939148586,0.833762405485953,70.2857142857143,0.702669203463726,0.3498160717685,0.0763495775300198
"-66.74_18.47",-0.319745881095804,-0.529839038910624,47.2926829268293,0.417323451241601,0.639519127328221,0.0901817957249016
"-66.75_18.04",-0.271226348687238,0.402898583520322,57.7142857142857,0.612507109628098,0.443968643919525,0.0736522240559817
"-66.75_18.19",2.66632911525069,0.456597903670346,688.677419354839,0.623744170841982,0.0844649228462932,0.049267416860171
"-66.75_18.31",1.1904320001322,1.26028012581441,371.666666666667,0.791921836807076,0.121449675479277,0.0418900718614783
"-66.75_18.35",0.926058392664885,1.29700941291806,314.881355932203,0.799607767399363,0.13960595905477,0.0458650002172176
"-66.76_17.98",-0.500351770119801,-1.72281337460244,8.5,0.167682941840183,0.842863113024555,0.0910199797591723
"-66.76_18.13",3.82443212789252,1.65250699586193,937.428571428571,0.873998804190289,0.0148398850786337,0.012458768768146
"-66.76_18.4",0.169598990428882,1.37109879537582,152.4,0.815111630830981,0.208368820841026,0.067388391848107
"-66.76_18.41",0.138178638648539,0.658497050338417,145.651162790698,0.665993366247095,0.325431544990605,0.0629165739762541
"-66.77_18.05",-0.148183669543481,0.681308377645861,84.1428571428571,0.67076683974001,0.367839267597727,0.0717167300180095
"-66.77_18.13",4.03659761247013,1.60483278582311,983,0.864022550952199,0.013266472275184,0.0117077986203431
"-66.77_18.15",4.18079033051535,0.585165867032132,1013.97142857143,0.65064816274364,0.0271631263113467,0.0254573825952962
"-66.77_18.29",1.23644552816155,0.879753351659595,381.55,0.712293218739782,0.154408504692612,0.0468092593808483
"-66.77_18.48",-0.452631163478911,-1.43856203992441,18.75,0.227165066362088,0.804189605097412,0.0961383967995079
"-66.78_18.0",-0.531544752021651,0.733845041283287,1.8,0.681760604719114,0.42345793115997,0.0881920891522379
"-66.78_18.29",0.973555421983769,1.31166534768194,325.083333333333,0.802674652336234,0.134150862423666,0.0449071038861943
"-66.78_18.3",1.00513637629733,0.879142357923801,331.866666666667,0.712165362856482,0.177487706209581,0.0485835016950242
"-66.79_18.28",1.69945180430169,1.71027234181811,481,0.886086717533275,0.0621858821099641,0.0298284693912936
"-66.79_18.49",-0.511154730088707,-1.13911282462501,6.17961165048544,0.289827482820398,0.770248281799233,0.0942267758731361
"-66.7_18.14",3.86419237201448,1.34240372351555,945.96875,0.809106931364958,0.0185186070336099,0.0155600198255393
"-66.7_18.2",1.27229417900397,1.74788020018798,389.25,0.893956496991277,0.0804106126326916,0.0360048547746511
"-66.7_18.27",0.136310957503773,-0.997099111378613,145.25,0.319545117689935,0.651922133286275,0.116596499212728
"-66.7_18.33",1.10166391233191,0.783121021516091,352.6,0.69207204264241,0.178823187130554,0.0495785499622137
"-66.7_18.38",0.642614954791259,1.18975117297808,254,0.777163024997935,0.178464671986372,0.0520427392810788
"-66.7_18.47",-0.522018537112475,0.993605649327627,3.84615384615385,0.736117826475277,0.370969586406032,0.0940050879280821
"-66.7_18.48",-0.534602394055596,-1.65261757622347,1.14324324324324,0.182372038110642,0.838469376288313,0.0903807425132703
"-66.81_18.08",0.308071886632828,1.208782936961,182.142857142857,0.781145591188471,0.213897239458563,0.0613411473646618
"-66.81_18.27",1.63660027360393,1.76823827192578,467.5,0.898216604897209,0.0620571209942357,0.030038515794189
"-66.81_18.49",-0.50112771494323,-1.7977971897402,8.33333333333333,0.151991910400688,0.850892541161352,0.0898341159675336
"-66.82_17.96",-0.441224774574504,0.982857651713476,21.2,0.733868712207545,0.359528883923671,0.0896908493564739
"-66.82_18.21",2.63989693029776,1.44361026609344,683,0.830285302171442,0.0402330727614918,0.0237500744545251
"-66.82_18.35",0.884127781083566,0.651755082326734,305.875,0.664582549368266,0.220929110462212,0.0533629546154757
"-66.82_18.48",-0.426813362990271,-1.20092344262846,24.2954545454545,0.276893060257275,0.768454387903564,0.0975597253428697
"-66.83_18.35",0.896348912052574,0.492655975771929,308.5,0.631289643714416,0.242534154682867,0.0573807905626707
"-66.83_18.49",-0.513752546935239,-0.456594537723278,5.62162162162162,0.432650515739312,0.657675903738669,0.0865193587107281
"-66.84_18.14",3.5915156617512,0.972466096440559,887.4,0.731694186675695,0.0301412687792214,0.0235420382413831
"-66.84_18.19",1.57685252219989,0.662166333955644,454.666666666667,0.666761196538106,0.145874253350283,0.0507399112334866
"-66.84_18.34",0.996445794274927,-0.17877292153766,330,0.490787164376504,0.340442524268779,0.0915090438450398
"-66.84_18.43",0.151441881560641,1.24253454279877,148.5,0.788208415444091,0.228554600798788,0.067157640361005
"-66.84_18.48",-0.506720373859266,0.163889397446992,7.13207547169811,0.562492307819002,0.534952476419549,0.0797263966932871
"-66.84_18.49",-0.52322651480068,-2.24786990912753,3.58669001751313,0.0578101836241619,0.893395104294364,0.0795590314609971
"-66.85_17.95",-0.508111218354092,-0.973886707318093,6.83333333333333,0.324402520067111,0.745031909243825,0.0934885694341794
"-66.85_17.96",-0.464717996305403,0.410586094571664,16.1538461538462,0.614115789812968,0.4769893921309,0.079833684624658
"-66.85_18.03",-0.360216135008506,-1.15540529251998,38.6,0.286418138743982,0.752951978552209,0.0999375557979664
"-66.85_18.47",-0.0367801627511603,0.159471398351149,108.071428571429,0.561567802142874,0.451512813999932,0.0708842078475924
"-66.85_18.48",-0.385356747287609,-1.33711344856453,33.2,0.24839408803291,0.782660302640059,0.0994243039171225
"-66.85_18.49",-0.505913852482434,0.964962028468138,7.30530973451327,0.730123893589606,0.37373988858531,0.0925037655739419
"-66.86_17.95",-0.516646611411812,-1.83318005753359,5,0.144587730045959,0.855912542994978,0.088499020279707
"-66.86_17.96",-0.412808566647925,-0.305952250064129,27.3035714285714,0.464173756687171,0.612303970344882,0.0841731069093427
"-66.86_18.1",0.310820948292977,0.781803102064203,182.733333333333,0.691796256254156,0.278062038120945,0.0590577571784752
"-66.86_18.49",-0.483746550898418,-0.539817121778605,12.0666666666667,0.415235448494612,0.668071427864034,0.0882432033643779
"-66.87_17.94",-0.517090008453771,1.24993392789089,4.90476190476191,0.789756802704731,0.322696619469652,0.0994225367552646
"-66.87_17.95",-0.515529250866074,-0.258340806449181,5.24,0.474136875491801,0.620569435686663,0.0833750057673345
"-66.87_17.96",-0.243824411494141,0.539246992857803,63.6,0.641039229175617,0.411833587225785,0.0735814938935006
"-66.87_17.97",0.208794590675042,0.807385854154779,160.818897637795,0.697149675076933,0.28872059020312,0.0616454211317662
"-66.87_17.98",0.33223702541962,0.951541459315343,187.333333333333,0.727315519914226,0.248162609418564,0.0591085108791145
"-66.87_18.3",0.827289822767384,-0.342154406338972,293.666666666667,0.456598132917661,0.399905960509823,0.10026427512484
"-66.87_18.45",0.0606563372194363,-0.0195991382098969,129,0.524095696810482,0.470504563018392,0.0752943870054649
"-66.87_18.49",-0.521184179271117,0.109229223024136,4.02536715620828,0.551054179287109,0.548642228741858,0.080096836615761
"-66.88_17.95",-0.495171197328083,-0.664970775067422,9.61274509803922,0.389045931397959,0.692137972705561,0.0901461248682862
"-66.88_17.96",-0.3310018124064,-0.264488148058781,44.875,0.472850489485856,0.590055192515033,0.0833211048974642
"-66.88_17.98",-0.0162730495605342,1.13479493124877,112.47619047619,0.765662941744144,0.267449033234898,0.0727359171453104
"-66.88_18.02",-0.307886416116448,0.120851476854711,49.84,0.553486239457938,0.508040279076567,0.075765731454571
"-66.88_18.14",2.88354360485449,0.968982111865507,735.333333333333,0.730965131860314,0.0493185747960832,0.0306507114781046
"-66.88_18.29",1.13212528911453,-0.566107763525956,359.142857142857,0.409733897453706,0.391277779854514,0.121670666786129
"-66.88_18.47",-0.0676073420933935,0.297017971089648,101.45,0.590350648057951,0.429239818975704,0.0691028001195072
"-66.88_18.48",-0.170120355955597,1.11155046033545,79.4310344827586,0.760798829092297,0.293622414259466,0.0791434417330627
"-66.88_18.49",-0.374316160942818,0.452761768255181,35.5714285714286,0.622941425325567,0.452223841606807,0.0772086791276543
"-66.89_18.48",-0.396513983278185,0.180573554565151,30.8035160289555,0.565983616355405,0.511764684978455,0.0771261326296935
"-66.8_18.03",-0.424591339177724,-1.4950254593425,24.7727272727273,0.215349592747641,0.808256725390451,0.0970520530294993
"-66.8_18.49",-0.510520731226845,-2.17866286936746,6.31578947368421,0.072292373343564,0.886965244632046,0.0817912751723653
"-66.91_17.97",-0.518974445882099,-1.64148307926285,4.5,0.184702030810416,0.835692704670464,0.0912442553102141
"-66.91_17.98",-0.487936652944935,-1.41780276982338,11.1666666666667,0.23150912860029,0.805511808406316,0.0947079709076693
"-66.91_18.07",0.245374313241307,1.06219635197933,168.675925925926,0.750471042163059,0.242965371327941,0.0623484329701664
"-66.91_18.36",0.451732528227701,0.252587850544521,213,0.581053249451953,0.349245942788268,0.0650724599176559
"-66.91_18.43",0.445214591710897,0.804438931336296,211.6,0.696533005219449,0.255527728644072,0.0563047533801107
"-66.91_18.48",-0.258755806882127,0.545184550584421,60.3928571428571,0.642281716034829,0.413260141148966,0.0741409422796132
"-66.92_18.07",0.478114652224291,1.11529074825714,218.666666666667,0.761581517666679,0.206287678356813,0.0559473404288146
"-66.92_18.12",2.43877203206493,1.60939469827237,639.8,0.864977171779828,0.0405842781867181,0.0231432654266291
"-66.92_18.15",3.11384402844825,1.73021926093659,784.8,0.890260788090157,0.0230294268299629,0.0161957281786343
"-66.92_18.16",3.14084690830358,0.723012806904902,790.6,0.679493863157899,0.0500808979604724,0.0342295180734014
"-66.92_18.37",0.445493931847331,1.37342193425012,211.66,0.815597768340094,0.177227122583429,0.0575829271832519
"-66.92_18.38",0.381897494119083,-2.65744080200449,198,-0.0278961750750847,0.859326936556808,0.122338834251869
"-66.92_18.4",0.43435136418289,0.581075358427281,209.266666666667,0.649792187370764,0.293445716460225,0.0578716108994795
"-66.92_18.48",-0.22047444111526,1.34154892655566,68.6153846153846,0.808928057484676,0.263110234344449,0.0848724320987727
"-66.93_17.97",-0.480503918320509,-0.527927809389267,12.7631578947368,0.417723393048411,0.665390608264773,0.0880722418714182
"-66.93_18.38",0.441935381413623,0.890349153729428,210.895652173913,0.71451048473377,0.242816315910828,0.0563300786750747
"-66.93_18.46",0.105593663515417,0.0839695479259437,138.652173913043,0.545768367203674,0.441462357572017,0.07165487114544
"-66.94_18.46",0.18614213406439,0.586165948118963,155.953333333333,0.650857438621998,0.330873169036906,0.0618642657465499
"-66.94_18.47",0.0111898547258313,-1.41710483433005,118.375,0.231655177821023,0.742941829635387,0.118616250573543
"-66.94_18.49",-0.221787578508755,0.542833322377689,68.3333333333333,0.641789700582621,0.407288556657002,0.072876637541143
"-66.95_17.93",-0.480177204710644,-0.518728860003464,12.8333333333333,0.419648355172008,0.663659702085508,0.0879119078475883
"-66.95_17.94",-0.492366413898942,-1.52234676774445,10.2151898734177,0.209632365525799,0.819040737506449,0.0937459727303679
"-66.95_18.12",2.02581419703597,0.916240416792907,551.1,0.719928462226526,0.0912551544562722,0.0401940848591361
"-66.95_18.15",3.11839623807903,0.634952940555035,785.777777777778,0.661066551491841,0.0544489626847507,0.0371023629100112
"-66.95_18.46",0.11368361735615,1.4460969835364,140.389830508475,0.830805669953567,0.204902830474802,0.0701193411632138
"-66.95_18.48",-0.279440278889537,1.46471859872668,55.95,0.83470240885473,0.25194986928694,0.0893368836320386
"-66.95_18.49",-0.337356885005184,1.27980508355683,43.5099818511797,0.796007608186249,0.290036031645843,0.0901004938835384
"-66.96_17.93",-0.476740877635458,-1.13301940213693,13.5714285714286,0.291102585769734,0.764940389662443,0.0954505466271955
"-66.96_17.94",-0.499675947209072,-1.40024120366945,8.64516129032258,0.23518404279533,0.804581887707688,0.0943004823473363
"-66.96_18.07",-0.0548042525068134,0.52663588742694,104.2,0.638400242996548,0.381754986459832,0.0677264914935716
"-66.96_18.08",-0.0544051951690498,-1.23575492546075,104.285714285714,0.269604262118615,0.723140275531488,0.113661430701993
"-66.96_18.13",2.57937323407029,0.522119901361036,670,0.63745523267385,0.0851598677827354,0.0477353360693118
"-66.96_18.14",2.93571097221426,1.09794446987478,746.538461538462,0.7579516543561,0.0430258076991672,0.0272869609259227
"-66.96_18.42",0.516911893395745,1.81375837618837,227,0.907742092308075,0.124874849047703,0.0545421182738384
"-66.96_18.49",-0.48584554740383,0.772124024182854,11.6158192090395,0.689770822964819,0.407861144636454,0.0870122054021598
"-66.97_17.95",-0.513542832118096,-0.391605702059895,5.66666666666667,0.446250008666378,0.645567348983625,0.0854557056144934
"-66.97_18.09",0.0799441085446738,0.819426657403611,133.142857142857,0.699669320442897,0.306033776358332,0.065483623440754
"-66.97_18.14",3.33309022271131,0.591228772194495,831.892307692308,0.651916879670654,0.0486499536172193,0.0357091915422315
"-66.97_18.18",1.51167315703185,0.321973078204013,440.666666666667,0.595572726577003,0.191238614612277,0.06462423873027
"-66.97_18.41",0.647852582349405,1.6335063524652,255.125,0.870022750259702,0.130816414452049,0.0511883404844728
"-66.97_18.42",0.525339673667734,1.59077859414938,228.810218978102,0.861081586118601,0.145465818284036,0.0550564894861853
"-66.97_18.49",-0.467574790509434,0.386122761233811,15.5402298850575,0.608996619338461,0.482499983907024,0.0796840910266095
"-66.98_18.14",3.57818317755122,1.06505218295943,884.536290322581,0.751068650241712,0.0282655219912711,0.0219508402593064
"-66.98_18.17",1.7485949764522,1.57313091935391,491.555555555556,0.857388652923072,0.0668232122596556,0.0308400703502414
"-66.98_18.18",1.5107181480184,0.594359868323898,440.461538461538,0.652572089434471,0.15919386605429,0.0532966331656807
"-66.98_18.36",0.0402877856044225,1.44846816331057,124.625,0.831301860449035,0.213316928287109,0.0733353807363856
"-66.98_18.45",0.149446594871823,0.784223779631874,148.071428571429,0.692302804603949,0.301548344179704,0.0631420901966967
"-66.99_17.97",-0.496028648960696,-0.916292663761306,9.42857142857143,0.336454586856684,0.734281143503423,0.0933477322058001
"-66.99_18.12",0.939413849752889,1.11717250869652,317.75,0.761975292805511,0.156965056970943,0.0468028564245487
"-66.99_18.13",1.12059696602358,1.73932529913486,356.666666666667,0.892166307719904,0.0894309402291558,0.0389808916664874
"-66.99_18.15",3.20881397982809,1.45536295020136,805.19877675841,0.832744656039966,0.0268292113276292,0.0188739143194536
"-66.99_18.16",2.54794746872141,1.58655581808183,663.25,0.860197932600625,0.0383158016321723,0.0224752845783719
"-66.99_18.17",2.02177811711982,1.28297387353727,550.233082706767,0.796670705724258,0.0694179426366941,0.0322404464806517
"-66.99_18.18",1.85834414200842,0.199144369979731,515.128787878788,0.569869724950865,0.16925071176652,0.0699572277250174
"-66.99_18.2",2.22476644976319,1.3609003262693,593.833333333333,0.812977510299887,0.0570257330672461,0.0289224070081615
"-66.99_18.34",-0.150012682341564,-0.835264596052844,83.75,0.353410432002189,0.668433054826594,0.102029683364361
"-66.9_17.95",-0.4644195559887,-0.404769571076777,16.2179487179487,0.443495351781691,0.639923404740741,0.0859453022481951
"-66.9_17.96",0.0145327332965346,0.336210653823048,119.093023255814,0.598552066135147,0.407056333246355,0.0671002271799582
"-66.9_17.97",-0.374094462421838,0.960408899216637,35.6190476190476,0.729171110724369,0.352664144558718,0.0859380677210986
"-66.9_17.98",-0.454006702029536,-1.30612384657459,18.4545454545455,0.254878938373324,0.786722246201887,0.0965449689528284
"-66.9_18.02",-0.334842739282375,-0.847528909122678,44.05,0.350844015214659,0.69934195220764,0.0969594196051046
"-66.9_18.46",-0.0195246278682371,-0.42232563705543,111.777777777778,0.439821588547334,0.566899325260142,0.0907228532554124
"-66.9_18.48",-0.461813177222822,0.452321344352078,16.7777777777778,0.622849262699571,0.467954575971407,0.0802095887265721
"-67.01_17.98",-0.505410333487925,-0.779049557055385,7.41346153846154,0.365173929800495,0.713178999809993,0.0915533477452032
"-67.01_18.18",1.36779887868039,1.5987131079603,409.763636363636,0.862741953831762,0.0844453918665051,0.0358035614479705
"-67.01_18.21",1.66199483146161,1.56891084122421,472.954545454545,0.856505563972629,0.0710438503077111,0.0319703867614192
"-67.01_18.5",-0.44612692010605,0.990130298188424,20.1470588235294,0.735390578283272,0.358970796348871,0.0900968536714357
"-67.01_18.51",-0.538562321302809,-2.09322416789098,0.292682926829268,0.0901711829047242,0.88188072112522,0.0823484210877548
"-67.02_18.02",-0.488712597768365,-0.0464850660091756,11,0.518469576859083,0.574263049749111,0.0804787715826984
"-67.02_18.47",-0.00953682526922667,0.269626380799269,113.923076923077,0.584618713724728,0.424500056973207,0.0684424672617316
"-67.02_18.49",-0.133019490708466,-1.26764392466648,87.4,0.262931204896975,0.73938437541547,0.110412538271159
"-67.02_18.51",-0.516646611411812,-1.49947752945694,5,0.214417957407293,0.818856335123111,0.0928620030784692
"-67.03_17.97",-0.49488696085533,-0.515227293526624,9.67379679144385,0.420381089156997,0.665380875683158,0.0876855121011089
"-67.03_18.09",-0.26923106199842,-1.20884755479484,58.1428571428571,0.275234869180916,0.748885778389225,0.103974272753723
"-67.03_18.51",-0.428987016216422,-0.912284143718908,23.8285714285714,0.337293405392331,0.724106309510715,0.0952450455294376
"-67.04_17.96",-0.532046131753713,-2.27167450100505,1.69230769230769,0.0528288606697571,0.89583038191745,0.0785691535849186
"-67.04_17.97",-0.50502879533992,-0.700621576008995,7.4954128440367,0.381585683644631,0.699813016991709,0.0904928617211608
"-67.04_18.0",-0.419394860208698,-0.52409097321317,25.8888888888889,0.418526285205295,0.654819014576831,0.088737412093133
"-67.04_18.03",-0.450823065635638,0.162021669667322,19.1383647798742,0.562101469139249,0.525312814622642,0.0784286400669849
"-67.04_18.08",-0.252437399034204,-0.786311201737678,61.75,0.36365436594791,0.675847591526651,0.0979363128521396
"-67.04_18.09",-0.335075522729403,0.448523431433249,44,0.622054515581085,0.446094862215663,0.0758736089526171
"-67.04_18.51",-0.530225645821821,-0.624301198840062,2.08333333333333,0.397556402598205,0.690418138547483,0.0889410076127223
"-67.05_17.97",-0.49630946708727,-1.93613546161353,9.36825396825397,0.123043394387438,0.864288852140768,0.0876224054053866
"-67.05_17.98",-0.458342610645008,-0.563268745860639,17.5232273838631,0.410327987196432,0.66827354511626,0.0889992950408398
"-67.05_18.0",-0.377493839743527,-0.217459242732024,34.8888888888889,0.482691706963141,0.588837417007117,0.0823006628140562
"-67.05_18.01",-0.455540956566771,0.189646241876462,18.125,0.567882157014892,0.520519250871703,0.0784911467923335
"-67.05_18.02",-0.450536112455653,0.109170692240068,19.2,0.551041931199021,0.536034654745969,0.0786279379875573
"-67.05_18.03",-0.438331608875718,0.0129671877410521,21.8214285714286,0.530910490688686,0.553382334522337,0.0791558652485237
"-67.05_18.04",-0.337144708925214,0.71361450404768,43.5555555555556,0.677527184544125,0.393661998424894,0.0794141620695361
"-67.05_18.05",-0.296666253969663,0.265964877312447,52.25,0.583852511495327,0.476346682323101,0.074409136318578
"-67.05_18.08",-0.233814723271906,-0.539718387638399,65.75,0.415256109493192,0.627035358469926,0.0917256296245314
"-67.05_18.51",-0.512096753128978,-0.655621811711335,5.97727272727273,0.391002285281494,0.693102251214095,0.0897028434099789
"-67.06_17.97",-0.508542298811553,-0.504776995387577,6.74074074074074,0.422567907156997,0.665664542852375,0.0873628086360638
"-67.06_17.98",-0.431299932655391,-0.058540349302157,23.3317757009346,0.51594690141486,0.566555973254972,0.0799106538971676
"-67.06_17.99",-0.208409219484115,0.168595615505332,71.2068965517241,0.563477125881124,0.480383257862649,0.073362214990468
"-67.06_18.02",-0.440293640786389,0.713484451800288,21.4,0.677499969952565,0.411540055673515,0.0837462521322526
"-67.06_18.44",0.357688015628095,0.0878004421387595,192.8,0.546570015951797,0.396565492388712,0.0711566201306512
"-67.06_18.51",-0.513205464803561,0.254073754993082,5.73913043478261,0.581364188197543,0.517715414486194,0.0801191543480166
"-67.07_17.97",-0.511804715713614,0.152828192840728,6.04,0.560177652197429,0.538113644308557,0.0798456288340644
"-67.07_18.02",-0.452338090793803,0.502333566667574,18.8129496402878,0.633314765838746,0.456085707737611,0.0805289182411002
"-67.07_18.24",0.742711837013613,1.73502612815878,275.5,0.891266667886619,0.114546258388985,0.0480142520970329
"-67.07_18.51",-0.492945024077978,-0.582720850269279,10.0909090909091,0.40625746102649,0.677260686093264,0.0888558460257237
"-67.09_18.01",-0.415256487817077,0.954636406875043,26.7777777777778,0.727963165267742,0.360544828556442,0.0877949310517776
"-67.09_18.44",0.269695872651235,-0.53832019219223,173.9,0.415548694348525,0.538921070543441,0.101262528529365
"-67.09_18.52",-0.532165507880394,-2.18445196325066,1.66666666666667,0.0710809538664335,0.888986122232078,0.080612673258528
"-67.0_17.97",-0.525957949292961,-0.34332486284669,3,0.456353204464402,0.638539164822969,0.0846515157214945
"-67.0_18.16",2.94935754838016,1.405389063385,749.46963562753,0.822287174945565,0.0334579429437207,0.0216873916617982
"-67.0_18.21",1.94387442368186,1.20269750958418,533.5,0.779872161287405,0.0777087592252255,0.0344667116095926
"-67.11_18.01",-0.448799163898663,1.241805493131,19.5730824891462,0.788055855305121,0.313479437952325,0.0954720526485454
"-67.11_18.02",-0.449656708322433,0.994968699425094,19.3888888888889,0.736403056853241,0.358644158154982,0.0903812864469134
"-67.11_18.03",-0.424891136041321,0.354486119926844,24.7083333333333,0.6023763702557,0.481295247851043,0.0780814622072859
"-67.11_18.23",0.368031697491719,0.834413899895984,195.021739130435,0.70280553447398,0.261472280894296,0.0578634960114255
"-67.11_18.47",-0.038903352432851,0.920431970489059,107.615384615385,0.72080558218509,0.306642173917113,0.0707690814893507
"-67.11_18.51",-0.417120707455755,1.38562538240816,26.377358490566,0.818151448602512,0.284059101967451,0.0960494972996214
"-67.12_18.19",0.466216831598378,-1.31772626737608,216.111111111111,0.252451028440548,0.657572316156436,0.141206223445992
"-67.12_18.23",-0.345244483836448,0.3379523167274,41.8157894736842,0.598916524616474,0.470374050807444,0.0756438629077453
"-67.12_18.51",-0.490503239668586,1.02724633547273,10.6153846153846,0.743157439796888,0.359329546473377,0.0931840915626083
"-67.13_17.95",-0.499229922182313,0.804994068938403,8.74096385542169,0.696649172709085,0.40369678478786,0.0883774786123381
"-67.13_17.96",-0.433287967523429,0.525153639655472,22.9047619047619,0.638090069443222,0.448063244768696,0.0801499094553878
"-67.13_17.99",0.21284229466653,0.435862705023062,161.688311688312,0.619405145769958,0.354244405011924,0.0625857295082267
"-67.13_18.0",0.0965714976181545,0.438389032743897,136.714285714286,0.619933802355666,0.373127723831615,0.0645079386245652
"-67.13_18.11",-0.477849370240357,1.17836356555578,13.3333333333333,0.774780066678787,0.329362677168037,0.0958218770040994
"-67.13_18.17",-0.34988901481305,0.715620077017086,40.8181818181818,0.67794686855806,0.395460905234896,0.0799743741125239
"-67.13_18.21",-0.4149978395426,0.995977777417224,26.8333333333333,0.736614215414196,0.352738467695928,0.0886828148955428
"-67.13_18.22",-0.376976543194575,0.759137745388932,35,0.687053328416653,0.391612775455501,0.0819313309475626
"-67.13_18.26",-0.48405692882779,0.639413989577971,12,0.662000065748796,0.4340168732675,0.084108918591054
"-67.13_18.27",-0.482893011592646,0.411469506080662,12.25,0.614300651542612,0.480073048190548,0.0804553913271807
"-67.13_18.29",-0.45100167934971,-0.817003101841665,19.1,0.35723181237972,0.71152059509558,0.093377392477285
"-67.13_18.46",0.018755316754265,0.788645466986361,120,0.693228082081061,0.320931004371127,0.067163826169443
"-67.13_18.5",-0.23935496931119,-0.969338533809693,64.56,0.325354265898948,0.705814720966351,0.102110220165272
"-67.14_17.95",-0.52695559263737,-1.44164476184731,2.78571428571429,0.226519979332005,0.812860087294469,0.0928701281011321
"-67.14_17.98",-0.174842916691295,0.0404501037147845,78.4166666666667,0.536661535734882,0.500554992983326,0.075137478368897
"-67.14_18.08",-0.31814581749095,0.991520523146021,47.6363636363636,0.735681495242853,0.337807641744505,0.0839114220267307
"-67.14_18.19",-0.418360267110793,-0.314904707271711,26.1111111111111,0.462300375248165,0.614988462588983,0.0843485194589763
"-67.14_18.2",-0.456413894493128,-1.19034795271851,17.9375,0.279106075750823,0.770697152374645,0.0963861130683618
"-67.14_18.21",-0.4673256185726,-0.616579677297002,15.59375,0.399172199781508,0.679284581518324,0.0898264396943641
"-67.14_18.26",-0.48405692882779,0.821553569293797,12,0.700114395707161,0.397819503312616,0.0880583552357574
"-67.14_18.4",-0.400254887897447,-1.24269101558822,30,0.268152823457388,0.771125317440594,0.0987269943465432
"-67.14_18.5",-0.231616212938857,-0.339581246009814,66.2222222222222,0.457136589643949,0.58761834290418,0.0857034909072495
"-67.14_18.51",-0.468020735810255,0.0287734998751022,15.4444444444444,0.534218102340377,0.555464859929664,0.0794867108173788
"-67.15_17.98",-0.320526557290108,-0.675104066581019,47.125,0.386925449858932,0.666575354591741,0.093730248691297
"-67.15_18.01",-0.511189556833925,0.833478084869629,6.17213114754098,0.702609706841402,0.400161660353777,0.0896069642276932
"-67.15_18.02",-0.508684359416852,0.175374269760449,6.71022727272727,0.564895619683275,0.532965017383904,0.0797787040474767
"-67.15_18.03",-0.418877563659746,0.0678350830886409,26,0.542392086674917,0.53878116141003,0.078311520316538
"-67.15_18.08",-0.410949750039239,-0.0559198500855391,27.7028301886792,0.516495264225149,0.562428136488445,0.079638754403866
"-67.15_18.19",-0.520637184789447,0.360264177700685,4.14285714285714,0.603585480328613,0.497331265543453,0.0811520362973291
"-67.15_18.2",-0.522499452365677,-1.43641520262507,3.74285714285714,0.227614311195755,0.811718450209128,0.0930986817748354
"-67.15_18.21",-0.521302280352387,-1.27407963515196,4,0.261584475134325,0.790424277412497,0.0938765885192379
"-67.15_18.23",-0.315457295118177,0.307842034162995,48.2138364779874,0.592615679700778,0.471173055814452,0.0747963105019558
"-67.15_18.25",-0.488712597768365,0.760534523019857,11,0.687345616581513,0.410653338658666,0.0868806610187174
"-67.15_18.41",-0.347878612315983,0.905524926303393,41.25,0.71768615036427,0.358634667942356,0.0835744681758214
"-67.15_18.42",-0.0285773174749099,-0.337601048849287,109.833333333333,0.457550963543772,0.551412932998059,0.0872219334659155
"-67.15_18.43",-0.430516736011182,-0.72143614070194,23.5,0.377230050520384,0.692070692354432,0.0923509528643544
"-67.15_18.47",-0.212165862698234,-1.49011277517114,70.4,0.21637761568357,0.782759330181015,0.107291973929296
"-67.15_18.49",-0.216497045621739,0.423869494756032,69.469696969697,0.616895459659499,0.430055779568728,0.0721061451325735
"-67.16_17.96",-0.502679604590088,-0.305434217651131,8,0.464282159585371,0.627443085372733,0.0840852442616143
"-67.16_17.99",-0.331084949351768,-0.258641115132574,44.8571428571429,0.474074033223986,0.58891156978812,0.0831791946251734
"-67.16_18.0",-0.465434253065492,0.520726240638087,16,0.637163596749756,0.454689709921795,0.0812836522814593
"-67.16_18.01",-0.516379686392552,1.38207949497519,5.05733333333333,0.817409440062543,0.299416774765362,0.101721214948532
"-67.16_18.02",-0.509954087309736,0.83934394506068,6.4375,0.703837190352456,0.398796592100254,0.0896885826508035
"-67.16_18.03",-0.488195301219412,-0.669348822381068,11.1111111111111,0.388129785988236,0.691831650015659,0.0903417871809746
"-67.16_18.08",-0.404910556838022,-0.964079485729804,29,0.326454768568914,0.729085633258964,0.0966014142428289
"-67.16_18.19",-0.520991902423015,-0.68861070988576,4.06666666666667,0.384099064400319,0.700161188843188,0.0900154147128331
"-67.16_18.21",-0.534514313832396,-1.25218569926929,1.16216216216216,0.266165976297451,0.789027537886506,0.0934001080128021
"-67.16_18.22",-0.524627758167083,-2.01361791719498,3.28571428571429,0.106829500171677,0.8738213187697,0.084705955619338
"-67.16_18.24",-0.433620515304899,-0.823683696076462,22.8333333333333,0.355833838510557,0.710073170500237,0.0939166907021686
"-67.16_18.27",-0.499886203225744,0.101492739640205,8.6,0.549435251205291,0.546413574710965,0.079670630294618
"-67.16_18.28",-0.5199329659581,0.268900267767062,4.29411764705882,0.584466768102915,0.515894107943639,0.0803883811902178
"-67.16_18.38",-0.500437986211293,0.847222756842357,8.48148148148148,0.705485901919679,0.395612773294205,0.0894260082522205
"-67.16_18.41",-0.501446051281047,-0.937496324401517,8.26495726495727,0.332017531938543,0.738407302668276,0.0933878671759157
"-67.16_18.42",-0.502679604590088,-0.808127445293487,8,0.359089122596434,0.717624467351499,0.0919817885573586
"-67.16_18.43",-0.531075631181837,-2.4115747863106,1.90076335877863,0.0235534794279391,0.905982408853053,0.0751725077691853
"-67.16_18.45",-0.376976543194575,-1.12464821471399,35,0.292854331327064,0.750504920398828,0.0990876262414974
"-67.16_18.46",-0.474780077383238,-0.111503413377856,13.9925925925926,0.504863908344728,0.584786762322971,0.0810754571237786
"-67.16_18.47",-0.310633260791387,0.303455262224843,49.25,0.591697708585639,0.471202620186975,0.0746719959027999
"-67.16_18.49",-0.476011417985783,0.986783507734991,13.7281105990783,0.734690232560269,0.364569177667875,0.0915148876597109
"-67.17_17.97",-0.524503052749032,-1.00759714238633,3.3125,0.317348311161856,0.752441658407996,0.093209934261506
"-67.17_17.98",-0.455215966689425,0.60290832140715,18.1948051948052,0.654360929410697,0.436259110912954,0.0822487636995945
"-67.17_18.0",-0.4784701260991,0.324272412871777,13.2,0.596053882843799,0.497109050283199,0.0795213402980475
"-67.17_18.01",-0.501550957574191,-0.31691034352438,8.24242424242424,0.461880677991644,0.629446696087823,0.0842712028147688
"-67.17_18.02",-0.502474959801492,-1.45434517746485,8.04395604395604,0.223862304200601,0.811758763427455,0.0938413172460705
"-67.17_18.03",-0.48098616846273,-0.694646991688228,12.6595744680851,0.382835918648583,0.695130149693096,0.0908749035089117
"-67.17_18.11",-0.305811317960077,0.0993389928241563,50.2857142857143,0.548984560493685,0.512067163687166,0.0759877099070789
"-67.17_18.17",-0.526345921704676,0.151154076957623,2.91666666666667,0.559827328532156,0.541053964599374,0.0801831840037587
"-67.17_18.18",-0.522203377566691,0.679844210859084,3.80645161290323,0.670460449793836,0.432632554104676,0.0865642056161926
"-67.17_18.25",-0.518974445882099,0.0527719816880172,4.5,0.539239998491363,0.559665629334091,0.0802301206137139
"-67.17_18.39",-0.426193614852077,0.454533695034717,24.4285714285714,0.623312216792434,0.461127678716686,0.0789954523089403
"-67.17_18.47",-0.477073425416928,-0.897269944767805,13.5,0.340435260302591,0.728542701880073,0.0936890498937371
"-67.17_18.48",-0.506947301118948,-0.1306220428885,7.08333333333333,0.500863164768525,0.594175508602287,0.081611243895697
"-67.18_17.97",-0.522786578986751,-1.44467903900812,3.68118466898955,0.225885029800045,0.812781440705891,0.0930279585024007
"-67.18_17.98",-0.474037119586118,0.304393295371673,14.1521739130435,0.59189400037969,0.500379088029223,0.0792635119582606
"-67.18_18.0",-0.442737866980191,1.20990693824394,20.875,0.78138079847202,0.318178291388836,0.0945425525847482
"-67.18_18.03",-0.484650927968484,0.243655208949633,11.8724137931034,0.579184014606465,0.514712779562754,0.0792952660834192
"-67.18_18.1",-0.455457819621403,0.466120899569132,18.1428571428571,0.625736942585744,0.464005807487597,0.0801576025081808
"-67.18_18.12",-0.516314063630342,-1.28973767876357,5.07142857142857,0.258307889992058,0.791948474860302,0.0940406005257426
"-67.18_18.13",-0.519215256344543,0.647282614771804,4.44827586206897,0.663646645681749,0.438656137620328,0.0857387475543396
"-67.18_18.16",-0.473415399820762,0.641259651960141,14.2857142857143,0.662386287047514,0.431765842738929,0.0837043857329933
"-67.18_18.17",-0.524525435772784,-0.97798903898041,3.30769230769231,0.323544070614114,0.747903044529879,0.0930173332755691
"-67.18_18.25",-0.507514337720685,-0.409242651055035,6.96153846153846,0.442559319940136,0.647874197759093,0.0857772717401743
"-67.18_18.41",-0.522592960850764,-1.44849770761542,3.72277227722772,0.225085939368807,0.813235414483989,0.0930086767347894
"-67.19_17.93",-0.420647687788193,-1.17856333553124,25.6197916666667,0.281572111900733,0.764383755528899,0.0977226799668437
"-67.19_17.94",-0.508630087232981,-1.5237428090927,6.72188449848024,0.20934023143465,0.82093711251253,0.0930019859175327
"-67.19_17.95",-0.523740964083164,-1.71036473351646,3.47619047619048,0.170287930907494,0.843741092307676,0.0900948290837258
"-67.19_17.97",-0.483539632278837,-0.718073927805899,12.1111111111111,0.377933623526921,0.699564808116382,0.0911821331892998
"-67.19_17.98",-0.463455237827755,-0.146101468904843,16.4250764525994,0.497623956949591,0.589675117311951,0.0814597527329055
"-67.19_18.06",-0.438017535970997,0.717837623016695,21.8888888888889,0.67841090981729,0.410281062628587,0.0837368312731554
"-67.19_18.09",-0.486752316109175,0.371317968166049,11.4210526315789,0.605898584475141,0.488974486396667,0.0801668091407814
"-67.19_18.1",-0.484755279168876,-0.664100080702043,11.85,0.389228131951989,0.690386031155263,0.0903216273532458
"-67.19_18.27",-0.530670164819859,0.612455187478089,1.98785425101215,0.656358696200671,0.447724691118818,0.0854947776729067
"-67.19_18.28",-0.506947301118948,-0.156543610376561,7.08333333333333,0.495438845804907,0.599281032269823,0.0819317545641044
"-67.19_18.29",-0.507335273530663,-0.946904126642827,7,0.330048865494007,0.740706808482508,0.0932957686167709
"-67.1_17.99",-0.241962143917912,-0.630305156380759,64,0.396300020986261,0.645547999600418,0.0941786425591946
"-67.1_18.01",-0.453860402599701,0.793839317083328,18.4859693877551,0.694314941492173,0.398047411185428,0.0860488840935829
"-67.1_18.02",-0.462108775250795,1.11224533083219,16.7142857142857,0.760944236935186,0.338881893930866,0.0935980588122945
"-67.1_18.03",-0.410600818876502,-0.0108445916572885,27.7777777777778,0.525927663681508,0.5532666035031,0.0790237691067444
"-67.1_18.51",-0.506025866641126,-0.040108736632487,7.28125,0.519803880595622,0.57603250297248,0.0806488720770647
"-67.21_17.95",-0.531195576851108,-1.16925840773184,1.875,0.283519250951666,0.777093906313425,0.0935530060979199
"-67.21_17.96",-0.534846044543149,-4.91423804658289,1.09090909090909,-0.500151107051937,0.986831043425767,0.0212570232950681
"-67.21_17.97",-0.533820856837043,-1.36435896560086,1.31111111111111,0.242692720829642,0.803826872087195,0.0930523482641021
"-67.21_17.98",-0.502563212866574,-1.23802903703543,8.025,0.26912838400879,0.783213363380066,0.0946535884944961
"-67.21_17.99",-0.430653667450611,-0.894095697354406,23.4705882352941,0.341099499857072,0.721363513291172,0.0949675646570977
"-67.21_18.3",-0.465951549614444,-0.0960564730879282,15.8888888888889,0.508096318235956,0.580166797798688,0.0807869495915828
"-67.22_18.3",-0.451777624173139,-1.11648499289158,18.9333333333333,0.294562558229466,0.759229457152176,0.0962821410918266
"-67.24_18.31",-0.506973165946396,-0.249525021688073,7.07777777777778,0.475981657003601,0.617415467945782,0.0832236483145566
"-67.25_18.32",-0.509125915430884,-1.28716773595013,6.61538461538461,0.258845673424514,0.790746967598799,0.0943336395900366
"-67.25_18.33",-0.502679604590088,-0.899720976337991,8,0.339922360107311,0.732565133314054,0.0929975746364752
"-67.25_18.34",-0.471185373521495,-1.77877887421659,14.7647058823529,0.155971662381284,0.846121943031653,0.0915860560949404
"-67.25_18.35",-0.227477840547235,0.575971822873597,67.1111111111111,0.648724227082556,0.401741578410166,0.073364281331659
"-67.25_18.37",-0.513042222554593,-0.196569883048064,5.7741935483871,0.487062991605697,0.608167905641696,0.0824961785323435
"-67.26_18.34",-0.507480763185056,-0.63715538285873,6.96875,0.394866550058755,0.689166683910223,0.0895030862047114
"-67.26_18.35",-0.492258068730802,0.425473045469745,10.2384615384615,0.617231016934326,0.478894625376799,0.0809390891480413
"-67.26_18.36",-0.23352374396312,0.378898678145369,65.8125,0.60748491558407,0.442120207183792,0.0725423951192934
"-67.27_18.35",-0.505007439060376,-0.289515077610619,7.5,0.467613381481809,0.624785130862001,0.0838329171003736
"-67.27_18.36",-0.474785812708546,0.00248363136295229,13.9913606911447,0.528716713105827,0.561970434779331,0.0798170584288126
"-67.2_17.94",-0.52246619758753,-0.639498689430367,3.75,0.394376192279274,0.691881293760824,0.0892881570187187
"-67.2_17.95",-0.50785546000447,-0.645133669581348,6.88826815642458,0.393197022473796,0.690621422711255,0.0896185836879624
"-67.2_17.96",-0.510282747392322,-1.68601425733436,6.36690647482014,0.175383485016579,0.839796554431572,0.0910664418811355
"-67.2_18.0",-0.502679604590088,-1.1827412904811,8,0.280697837600998,0.775446196328992,0.094621838430331
"-67.2_18.04",-0.507277796136335,1.27809721884271,7.01234567901235,0.795650222277379,0.316150468876653,0.0994057427371253
"-67.2_18.05",-0.502510307537704,-0.186810239563564,8.03636363636364,0.489105283965351,0.604451901898904,0.0823032487272759
"-67.2_18.06",-0.505266087334852,-0.0955251108900178,7.44444444444444,0.50820751051042,0.586937103448516,0.0811919215252415
"-67.2_18.29",-0.48372438104632,-1.65174438976143,12.0714285714286,0.182554760158103,0.833349160993025,0.0927620122986409
"-67.89_18.09",-0.257924437428453,0.937005056666976,60.5714285714286,0.724273648137582,0.338093758120842,0.0801058556374157
"-67.93_18.07",-0.516223368780851,-0.00108530631871568,5.09090909090909,0.527969881095935,0.570013547658215,0.0804893105276236
"-67.93_18.08",-0.500196581155115,0.847644631180826,8.53333333333333,0.705574182883995,0.395488677020691,0.0894245729398656
"-67.94_18.08",-0.505007439060376,0.258051985806014,7.5,0.582196668442041,0.515428881965355,0.0799101017470092
"-67.94_18.09",-0.499187852884657,0.0925075651829047,8.75,0.547555023390264,0.548111169269355,0.0796870112648973
