protocol,index,rep,fold,method,n_test,pos_test,block_deg,secs,AUC,AP,Brier,BrierSkill,LogLoss,pseudoR2,TjurR2,ECE,F1,MCC,BalAcc,Precision_at_prev,Recall_at_prev,Recall_at_10pct,Lift_at_10pct,SpearmanRank
spatial,NDVI,0,0,neural branch alone,6898,166,0.08,25.68,0.8035895811409632,0.1410671831108201,0.0223138518631458,0.0796396959378322,0.0980971232056617,0.2027549890132141,0.0420869,0.010511292847266,0.2409638554216867,0.2222472778815798,0.6111236389407899,0.2409638554216867,0.2409638554216867,0.5120481927710844,5.126427334883802,0.161168586942593
spatial,NDVI,0,0,  + 3-member deep ensemble,6898,166,0.08,79.58,0.8175241071236818,0.143708299980232,0.0221256911754608,0.0874005983939584,0.0964469090104103,0.2161664427972928,0.046128348,0.0099870218373143,0.253012048192771,0.2345925591850468,0.6172962795925234,0.253012048192771,0.253012048192771,0.5060240963855421,5.06611642506164,0.1685660999116237
spatial,NDVI,0,0,  - Platt calibration,6898,166,0.08,20.1,0.8035913708309173,0.141055082981326,0.0223127640783786,0.079684562862879,0.0985067784786224,0.1994256801413565,0.040729858,0.0115318489914436,0.2409638554216867,0.2222472778815798,0.6111236389407899,0.2409638554216867,0.2409638554216867,0.5120481927710844,5.126427334883802,0.1611695370499529
spatial,NDVI,0,0,  - all-data training,6898,166,0.08,25.43,0.8026517836050082,0.1442149035324971,0.0221742000430822,0.085399794748421,0.097359761595726,0.2087475996587069,0.05124624,0.0081952308252222,0.2289156626506024,0.2099019965781128,0.6049509982890564,0.2289156626506024,0.2289156626506024,0.5301204819277109,5.30736006435029,0.1606707322386699
spatial,NDVI,0,0,  + terrain in the network,6898,166,0.08,25.09,0.8001489022041822,0.144430707498559,0.0219901781529188,0.0929899877739753,0.0968431755900383,0.212945945158775,0.06230001,0.0066165498561269,0.2289156626506024,0.2099019965781128,0.6049509982890564,0.2289156626506024,0.2289156626506024,0.5,5.005805515239477,0.1593420112045049
spatial,NDVI,0,0,  + spatial Fourier features,6898,166,0.08,14.82,0.8346236997902482,0.1722127786640301,0.0215476043522357,0.1112444496331279,0.093972198665142,0.2362786582418393,0.08963616,0.0065300997103564,0.2108433734939759,0.1913840746229123,0.5956920373114561,0.2108433734939759,0.2108433734939759,0.5180722891566265,5.186738244705965,0.1776438725220176
spatial,NDVI,0,0,  - effort/occupancy factorise,6898,166,0.08,6.55,0.8058624873826857,0.153933426742546,0.0219562388956546,0.0943898512008208,0.0960994884371757,0.2189899641165136,0.053589344,0.0069009144953836,0.253012048192771,0.2345925591850468,0.6172962795925234,0.253012048192771,0.253012048192771,0.5120481927710844,5.126427334883802,0.1623752195464003
spatial,NDVI,0,0,  - monotone effort,6898,166,0.08,10.8,0.8038701150412703,0.1466035275667236,0.022194318473339,0.0845699871158346,0.0971634238958358,0.2103432555412741,0.049921114,0.008231900104884,0.2349397590361445,0.2160746372298463,0.6080373186149232,0.2349397590361445,0.2349397590361445,0.463855421686747,4.643940056306503,0.1613175158123761
spatial,NDVI,0,0,  - grouped occupancy loss,6898,166,0.08,19.64,0.8139509911302966,0.1507174281442702,0.0221992600709199,0.0843661652799627,0.0971738249063491,0.2102587255013506,0.047681585,0.0102396604828331,0.253012048192771,0.2345925591850468,0.6172962795925234,0.253012048192771,0.253012048192771,0.5180722891566265,5.186738244705965,0.1666692164558823
spatial,NDVI,0,0,  grouped occ. loss x5,6898,166,0.08,25.39,0.7631730129072439,0.1312117166283764,0.0223956555128097,0.0762656109820011,0.1003964021801948,0.1840685216489243,0.036172077,0.0110446756930304,0.2289156626506024,0.2099019965781128,0.6049509982890564,0.2289156626506024,0.2289156626506024,0.5,5.005805515239477,0.1397123789737503
spatial,NDVI,0,0,  - spatial V-REx penalty,6898,166,0.08,13.71,0.8028450701200525,0.14097160227744,0.0223162248730659,0.0795418184335349,0.0980975329875946,0.202751658674965,0.04174622,0.0107786497495426,0.2409638554216867,0.2222472778815798,0.6111236389407899,0.2409638554216867,0.2409638554216867,0.5120481927710844,5.126427334883802,0.1607733435182849
spatial,NDVI,0,0,"  + focal loss (g=1, w=3)",6898,166,0.08,22.67,0.8170386537236288,0.1684893078034477,0.0218575280159711,0.0984612941680387,0.0953054204583168,0.2254434330240822,0.059388243,0.0098797521328731,0.2650602409638554,0.2469378404885137,0.6234689202442569,0.2650602409638554,0.2650602409638554,0.536144578313253,5.367670974172452,0.1683083840909618
spatial,NDVI,0,0,  - inner spatial early stop,6898,166,0.08,27.54,0.8075103444079348,0.1478480266594194,0.0220420788973569,0.0908492822953725,0.0963568836450576,0.2168980878348254,0.056366522,0.0077863548840181,0.2409638554216867,0.2222472778815798,0.6111236389407899,0.2409638554216867,0.2409638554216867,0.5240963855421686,5.247049154528127,0.1632500281897049
spatial,NDVI,0,1,neural branch alone,6898,395,0.08,15.28,0.7390244424676439,0.1579144841690589,0.0536062195897102,0.0085985075815916,0.2114567160606384,0.0400163115682722,0.06563756,0.0300856166653968,0.1949367088607595,0.1460362014026632,0.5730181007013316,0.1949367088607595,0.1949367088607595,0.2860759493670886,2.864081130238283,0.1923823282158518
spatial,NDVI,0,1,  + 3-member deep ensemble,6898,395,0.08,78.24,0.7335706791607379,0.1541951946613472,0.0530059225857257,0.0197004907133907,0.213518813252449,0.0306546809472264,0.060391545,0.029509614114281,0.1974683544303797,0.1487216221529693,0.5743608110764846,0.1974683544303797,0.1974683544303797,0.2835443037974683,2.8387352795282097,0.1879927868193603
spatial,NDVI,0,1,  - Platt calibration,6898,395,0.08,26.51,0.7390236638591341,0.1579159221661712,0.0530658029019832,0.0185930551329951,0.2118268609046936,0.0383359061440804,0.05709839,0.0290493720862393,0.1949367088607595,0.1460362014026632,0.5730181007013316,0.1949367088607595,0.1949367088607595,0.2860759493670886,2.864081130238283,0.1923817015308227
spatial,NDVI,0,1,  - all-data training,6898,395,0.08,19.39,0.7340370656581091,0.1545313824721355,0.0537736378610134,0.0055022488769405,0.2150337398052215,0.0237771279097684,0.064851925,0.0324121270046312,0.189873417721519,0.140665359902051,0.5703326799510255,0.189873417721519,0.189873417721519,0.2734177215189873,2.737351876687917,0.1883681648303702
spatial,NDVI,0,1,  + terrain in the network,6898,395,0.08,28.97,0.7295666848990826,0.1427951113769469,0.0537693351507186,0.0055818238486561,0.2172857820987701,0.0135531732974919,0.05978038,0.032085736183745,0.1822784810126582,0.1326090976511327,0.5663045488255664,0.1822784810126582,0.1822784810126582,0.2911392405063291,2.91477283165843,0.1847701133144172
spatial,NDVI,0,1,  + spatial Fourier features,6898,395,0.08,21.29,0.760451359353132,0.1856389304116683,0.0507620386779308,0.0611992173915275,0.1948491334915161,0.1154123957771492,0.07109472,0.0164235776021317,0.2278481012658227,0.1809466711566424,0.5904733355783212,0.2278481012658227,0.2278481012658227,0.3468354430379747,3.4723815472800426,0.209628096515694
spatial,NDVI,0,1,  - effort/occupancy factorise,6898,395,0.08,12.06,0.7759861563406958,0.1745630474892853,0.051658384501934,0.0446220628292167,0.1977527737617492,0.1022302781862471,0.06573804,0.0188881073876941,0.2253164556962025,0.1782612504063363,0.5891306252031682,0.2253164556962025,0.2253164556962025,0.3493670886075949,3.497727397990116,0.2221315057140517
spatial,NDVI,0,1,  - monotone effort,6898,395,0.08,16.5,0.7631979008714576,0.1651830012230785,0.0526049174368381,0.0271167402851285,0.2035629451274871,0.0758529190651399,0.0645208,0.0235434626287163,0.2075949367088607,0.1594633051541936,0.5797316525770968,0.2075949367088607,0.2075949367088607,0.3189873417721519,3.1935771894692366,0.2118386907411269
spatial,NDVI,0,1,  - grouped occupancy loss,6898,395,0.08,27.33,0.740154982023876,0.1559292158086977,0.0537849850952625,0.0052923914190653,0.2113925814628601,0.0403074736031241,0.06745451,0.031565573016923,0.1924050632911392,0.1433507806523571,0.5716753903261785,0.1924050632911392,0.1924050632911392,0.2810126582278481,2.813389428818137,0.1932922595501171
spatial,NDVI,0,1,  grouped occ. loss x5,6898,395,0.08,31.19,0.7331506198696998,0.1527071215292743,0.0535592511296272,0.0094671493507609,0.2127442061901092,0.0341712878379575,0.059838608,0.0297909779660457,0.2025316455696202,0.1540924636535815,0.5770462318267907,0.2025316455696202,0.2025316455696202,0.2911392405063291,2.91477283165843,0.1876546959432559
spatial,NDVI,0,1,  - spatial V-REx penalty,6898,395,0.08,18.65,0.7392105299014866,0.1583471346331446,0.0535425022244453,0.009776906123777,0.2113274037837982,0.0406033710799926,0.06542009,0.0303550183888612,0.1949367088607595,0.1460362014026632,0.5730181007013316,0.1949367088607595,0.1949367088607595,0.2911392405063291,2.91477283165843,0.1925321034109861
spatial,NDVI,0,1,"  + focal loss (g=1, w=3)",6898,395,0.08,31.73,0.774241683974485,0.165256087691102,0.0530958399176597,0.0180375460447327,0.2041914314031601,0.0729996799517688,0.06910734,0.028034117519175,0.2,0.1514070429032754,0.5757035214516377,0.2,0.2,0.3088607594936708,3.0921937866289437,0.2207274415567038
spatial,NDVI,0,1,  - inner spatial early stop,6898,395,0.08,32.07,0.7425379133681241,0.1617240238562118,0.0530356541275978,0.0191506311036397,0.2113442420959472,0.0405269275160097,0.068996236,0.0296125823130172,0.1949367088607595,0.1460362014026632,0.5730181007013316,0.1949367088607595,0.1949367088607595,0.2962025316455696,2.9654645330785763,0.1952101967921466
spatial,NDVI,0,2,neural branch alone,6898,447,0.08,22.54,0.7825835232870613,0.3004043825277167,0.0521902069449424,0.143243168921706,0.2009624540805816,0.17341599196704,0.13741079,0.015713295400862,0.3803131991051454,0.3373741198926202,0.6686870599463102,0.3803131991051454,0.3803131991051454,0.4675615212527964,4.681044083602017,0.2409803083554954
spatial,NDVI,0,2,  + 3-member deep ensemble,6898,447,0.08,83.24,0.7872367393918083,0.3054251252270256,0.0520971342921257,0.1447710538594199,0.2000124901533126,0.1773233138301272,0.13210371,0.0166290775854135,0.3803131991051454,0.3373741198926202,0.6686870599463102,0.3803131991051454,0.3803131991051454,0.465324384787472,4.658646743489088,0.2449484570951074
spatial,NDVI,0,2,  - Platt calibration,6898,447,0.08,23.48,0.7825830031034156,0.3004076647714657,0.0524504110217094,0.1389716468624104,0.2020427882671356,0.1689724407274699,0.124900505,0.0188283429481899,0.3803131991051454,0.3373741198926202,0.6686870599463102,0.3803131991051454,0.3803131991051454,0.4675615212527964,4.681044083602017,0.2409798647534188
spatial,NDVI,0,2,  - all-data training,6898,447,0.08,32.51,0.760894119393244,0.2762711256340527,0.0531535558402538,0.1274287892692085,0.206709936261177,0.1497758703399941,0.12625064,0.0170509738532492,0.3825503355704698,0.3397662710843436,0.6698831355421718,0.3825503355704698,0.3825503355704698,0.4675615212527964,4.681044083602017,0.2224841158674145
spatial,NDVI,0,2,  + terrain in the network,6898,447,0.08,28.98,0.8021006402767099,0.3223081735386832,0.0513807982206344,0.1565304596660562,0.1940395236015319,0.2018908812138237,0.13948797,0.0106268111496481,0.378076062639821,0.3349819687008968,0.6674909843504484,0.378076062639821,0.378076062639821,0.4809843400447427,4.815428124279586,0.2576240277498177
spatial,NDVI,0,2,  + spatial Fourier features,6898,447,0.08,19.28,0.8200528714657422,0.3342987034821337,0.0507605113089084,0.1667131180603857,0.1901957690715789,0.2177007300724041,0.14832427,0.0162787100413064,0.4093959731543624,0.3684720853850243,0.6842360426925121,0.4093959731543624,0.4093959731543624,0.5011185682326622,5.017004185295941,0.2729332508725673
spatial,NDVI,0,2,  - effort/occupancy factorise,6898,447,0.08,9.12,0.81004800601471,0.3311627035838769,0.0512055680155754,0.1594070467497973,0.1934420764446258,0.2043482569848488,0.14607686,0.0120201473083551,0.3870246085011186,0.3445505734677904,0.6722752867338952,0.3870246085011186,0.3870246085011186,0.4675615212527964,4.681044083602017,0.2644013466318279
spatial,NDVI,0,2,  - monotone effort,6898,447,0.08,18.62,0.8000885699353968,0.3145595850259276,0.0517165549099445,0.1510186624537918,0.196224570274353,0.1929035077025742,0.13673054,0.0164651995666258,0.4093959731543624,0.3684720853850243,0.6842360426925121,0.4093959731543624,0.4093959731543624,0.4876957494407158,4.882620144618371,0.2559081834465954
spatial,NDVI,0,2,  - grouped occupancy loss,6898,447,0.08,24.98,0.7828541921773396,0.3062936927762168,0.0518471039831638,0.1488755628797746,0.1999990791082382,0.1773784751558598,0.14617287,0.0140202639985772,0.3870246085011186,0.3445505734677904,0.6722752867338952,0.3870246085011186,0.3870246085011186,0.4742729306487696,4.748236103940802,0.2412111281543986
spatial,NDVI,0,2,  grouped occ. loss x5,6898,447,0.08,19.98,0.7861755647547144,0.3019619687515286,0.052293837070465,0.1415419720278009,0.2009869515895843,0.1733152306120351,0.13110079,0.0166203773046648,0.3668903803131991,0.3230212127422798,0.66151060637114,0.3668903803131991,0.3668903803131991,0.4563758389261745,4.569057383037375,0.244043513358826
spatial,NDVI,0,2,  - spatial V-REx penalty,6898,447,0.08,14.35,0.7822922204455061,0.3008660618275712,0.0521834082901477,0.1433547759506577,0.2009844034910202,0.1733257112639243,0.13717066,0.0161536340454577,0.3870246085011186,0.3445505734677904,0.6722752867338952,0.3870246085011186,0.3870246085011186,0.4675615212527964,4.681044083602017,0.2407318924326527
spatial,NDVI,0,2,"  + focal loss (g=1, w=3)",6898,447,0.08,22.35,0.8042191748708297,0.3184425433634624,0.0516211912035942,0.1525841574313989,0.1950475126504898,0.1977448946814001,0.14309028,0.0148228946395453,0.4049217002237136,0.3636877830015775,0.6818438915007887,0.4049217002237136,0.4049217002237136,0.494407158836689,4.949812164957156,0.2594306621841659
spatial,NDVI,0,2,  - inner spatial early stop,6898,447,0.08,44.21,0.7806286731467679,0.3110514158140686,0.0518122129142284,0.149448336267808,0.2001350075006485,0.176819384474379,0.14348523,0.0170389655621052,0.3937360178970917,0.3517270270429606,0.6758635135214803,0.3937360178970917,0.3937360178970917,0.4765100671140939,4.77063344405373,0.2393132600267919
spatial,NDVI,0,3,neural branch alone,6898,231,0.08,24.14,0.8420650396051625,0.2869222065742348,0.0284626446664333,0.1284676732565622,0.1228328570723533,0.1816348651354106,0.14535731,0.0254619251709851,0.3722943722943723,0.35054545974,0.67527272987,0.3722943722943723,0.3722943722943723,0.5324675324675324,5.33085782142386,0.2131804354319415
spatial,NDVI,0,3,  + 3-member deep ensemble,6898,231,0.08,78.63,0.8601946526050321,0.2966982150049783,0.0283876433968544,0.1307642283290404,0.1216972917318344,0.1892004880899751,0.1327247,0.0247224520229799,0.3809523809523809,0.3595034533987586,0.6797517266993793,0.3809523809523809,0.3809523809523809,0.5887445887445888,5.894281818810121,0.2244791018936721
spatial,NDVI,0,3,  - Platt calibration,6898,231,0.08,30.49,0.8420708834688135,0.2869393277498557,0.0282496158033609,0.1349906630515319,0.1196828633546829,0.202621473238693,0.113508105,0.0176947916860328,0.3722943722943723,0.35054545974,0.67527272987,0.3722943722943723,0.3722943722943723,0.5324675324675324,5.33085782142386,0.213184077410087
spatial,NDVI,0,3,  - all-data training,6898,231,0.08,25.14,0.8523132284944194,0.24292706257937,0.0293259676545858,0.1020325369080771,0.1246077492833137,0.1698097725810859,0.13054253,0.0271388452592454,0.316017316017316,0.292318500958069,0.6461592504790344,0.316017316017316,0.316017316017316,0.5757575757575758,5.764260896336368,0.2195672715967932
spatial,NDVI,0,3,  + terrain in the network,6898,231,0.08,33.51,0.8105860940719198,0.279956851975785,0.0287882778793573,0.1184967139500544,0.1260377466678619,0.1602825171678829,0.14330995,0.0257277899532732,0.3896103896103896,0.3684614470575172,0.6842307235287586,0.3896103896103896,0.3896103896103896,0.4761904761904761,4.767433824037598,0.1935622501731481
spatial,NDVI,0,3,  + spatial Fourier features,6898,231,0.08,34.33,0.8927209483681661,0.3564235474141394,0.0260509513318538,0.2023142440130902,0.1037323772907257,0.3088904471110273,0.14554356,0.0169150024621698,0.4242424242424242,0.4042934216925517,0.7021467108462759,0.4242424242424242,0.4242424242424242,0.5670995670995671,5.677580281353867,0.2447500126560172
spatial,NDVI,0,3,  - effort/occupancy factorise,6898,231,0.08,16.8,0.8373107318660041,0.2447111228986357,0.0288561712950468,0.1164178028987499,0.1204544082283973,0.1974811106379966,0.13576,0.0178478795502558,0.316017316017316,0.292318500958069,0.6461592504790344,0.316017316017316,0.316017316017316,0.5324675324675324,5.33085782142386,0.2102174743555198
spatial,NDVI,0,3,  - monotone effort,6898,231,0.08,20.86,0.860357631469076,0.2877632679833447,0.0286527182906866,0.1226475778318607,0.1213001981377601,0.1918460957914798,0.17700711,0.0285742810680796,0.316017316017316,0.292318500958069,0.6461592504790344,0.316017316017316,0.316017316017316,0.6233766233766234,6.241004278740128,0.2245806729435576
spatial,NDVI,0,3,  - grouped occupancy loss,6898,231,0.08,16.02,0.8525687351996036,0.3091490379541609,0.0276989042758941,0.1518535689593438,0.1192853227257728,0.2052700592778543,0.14585134,0.021471740912336,0.3722943722943723,0.35054545974,0.67527272987,0.3722943722943723,0.3722943722943723,0.6060606060606061,6.067643048775125,0.2197265074917791
spatial,NDVI,0,3,  grouped occ. loss x5,6898,231,0.08,23.03,0.8317499709430114,0.2623950793712382,0.0291708521544933,0.1067822070210945,0.1250885128974914,0.1666067193481649,0.12954158,0.0251663298953392,0.3766233766233766,0.3550244565693793,0.6775122282846897,0.3766233766233766,0.3766233766233766,0.4415584415584415,4.420711364107591,0.2067519187009162
spatial,NDVI,0,3,  - spatial V-REx penalty,6898,231,0.08,24.18,0.8403891493737001,0.2851082223608043,0.0285405404865741,0.1260824864207446,0.1231954172253608,0.1792193340178877,0.1445458,0.0256682556828931,0.3722943722943723,0.35054545974,0.67527272987,0.3722943722943723,0.3722943722943723,0.5194805194805194,5.200836898950107,0.2121359936721386
spatial,NDVI,0,3,"  + focal loss (g=1, w=3)",6898,231,0.08,23.68,0.8356023757253696,0.2566534690515926,0.0291760452091693,0.1066231945653733,0.1242810264229774,0.1719865402964617,0.1441007,0.0245506066583781,0.341991341991342,0.3191924819343448,0.6595962409671724,0.341991341991342,0.341991341991342,0.5367965367965368,5.37419812891511,0.2091527993323957
spatial,NDVI,0,3,  - inner spatial early stop,6898,231,0.08,44.51,0.8672566371681416,0.300716530964034,0.0278960838913917,0.1458158865480655,0.1188890859484672,0.2079099584988503,0.15278974,0.0253062523538546,0.3722943722943723,0.35054545974,0.67527272987,0.3722943722943723,0.3722943722943723,0.6320346320346321,6.32768489372263,0.2288802442762566
spatial,NDVI,0,4,neural branch alone,6898,129,0.08,23.77,0.764830777793429,0.106021567011999,0.0176424290984869,0.0940563549929369,0.0831677913665771,0.2287359859115322,0.053184763,0.0060951593568266,0.1937984496124031,0.17843428947058,0.5892171447352901,0.1937984496124031,0.1937984496124031,0.4651162790697674,4.656563269990212,0.1242776423968351
spatial,NDVI,0,4,  + 3-member deep ensemble,6898,129,0.08,73.32,0.7398972287022116,0.1113571189949301,0.0175131987780332,0.1006923679197082,0.0826446488499641,0.2335873952212357,0.060424257,0.0059114733183522,0.2093023255813953,0.1942336300576843,0.5971168150288422,0.2093023255813953,0.2093023255813953,0.4883720930232558,4.889391433489722,0.1125770284315118
spatial,NDVI,0,4,  - Platt calibration,6898,129,0.08,26.21,0.7648330682168252,0.1060197889874995,0.0176210850477218,0.0951523779408739,0.0839880183339119,0.2211295371542019,0.047689505,0.0079313982831663,0.1937984496124031,0.17843428947058,0.5892171447352901,0.1937984496124031,0.1937984496124031,0.4651162790697674,4.656563269990212,0.1242787172281751
spatial,NDVI,0,4,  - all-data training,6898,129,0.08,31.17,0.7333523438475219,0.1085380564064279,0.017715623602271,0.0902977968498063,0.0839220732450485,0.2217410848833222,0.06284612,0.0062861957083161,0.1937984496124031,0.17843428947058,0.5892171447352901,0.1937984496124031,0.1937984496124031,0.4418604651162791,4.423735106490701,0.1095056978783694
spatial,NDVI,0,4,  + terrain in the network,6898,129,0.08,22.66,0.8217019907214947,0.1287014148912542,0.0174673795700073,0.1030451970056933,0.0789584144949913,0.2677720219712219,0.08193561,0.0070503818894074,0.2170542635658914,0.2021333003512364,0.6010666501756182,0.2170542635658914,0.2170542635658914,0.4883720930232558,4.889391433489722,0.1509657045734967
spatial,NDVI,0,4,  + spatial Fourier features,6898,129,0.08,23.3,0.8539958153964552,0.1628421512214566,0.0178289618343114,0.0844778470866443,0.0752171874046325,0.3024666288125692,0.13664588,0.0093683685784917,0.1860465116279069,0.1705346191770279,0.5852673095885139,0.1860465116279069,0.1860465116279069,0.6124031007751938,6.131141638820445,0.1661202890129479
spatial,NDVI,0,4,  - effort/occupancy factorise,6898,129,0.08,8.85,0.7658580326866323,0.11464478941436,0.0178313888609409,0.0843532185936551,0.083761841058731,0.2232270125143767,0.0681504,0.0084792799664681,0.1860465116279069,0.1705346191770279,0.5852673095885139,0.1860465116279069,0.1860465116279069,0.4108527131782946,4.11329755515802,0.1247597042528309
spatial,NDVI,0,4,  - monotone effort,6898,129,0.08,34.21,0.7813630538673227,0.1098817477137937,0.0175862703472375,0.0969401225014718,0.081626757979393,0.2430268980124111,0.06678692,0.0062658991165098,0.2170542635658914,0.2021333003512364,0.6010666501756182,0.2170542635658914,0.2170542635658914,0.4263565891472868,4.268516330824361,0.1320357750042214
spatial,NDVI,0,4,  - grouped occupancy loss,6898,129,0.08,27.61,0.7643726931141857,0.1054956070849257,0.0176181923598051,0.0953009182705839,0.0829135999083519,0.2310932533247509,0.054987274,0.0065273312351156,0.2015503875968992,0.1863339597641322,0.5931669798820661,0.2015503875968992,0.2015503875968992,0.4341085271317829,4.346125718657531,0.1240626761299664
spatial,NDVI,0,4,  grouped occ. loss x5,6898,129,0.08,23.84,0.764039436510036,0.1092149936038661,0.0176176074892282,0.0953309515375053,0.0824298486113548,0.2355793646066769,0.056478888,0.0054797802073732,0.1937984496124031,0.17843428947058,0.5892171447352901,0.1937984496124031,0.1937984496124031,0.4806201550387597,4.811782045656551,0.1239062881711256
spatial,NDVI,0,4,  - spatial V-REx penalty,6898,129,0.08,15.86,0.7654388852051245,0.1065193338420541,0.0176340918987989,0.094484472517587,0.0831152498722076,0.2292232341982519,0.052925363,0.0060484466472655,0.1937984496124031,0.17843428947058,0.5892171447352901,0.1937984496124031,0.1937984496124031,0.4651162790697674,4.656563269990212,0.1245630101210241
spatial,NDVI,0,4,"  + focal loss (g=1, w=3)",6898,129,0.08,33.22,0.776837177236398,0.1199271720707294,0.0174422264099121,0.1043368187780069,0.0814756080508232,0.2444286005071195,0.066703856,0.005339412987378,0.2093023255813953,0.1942336300576843,0.5971168150288422,0.2093023255813953,0.2093023255813953,0.4418604651162791,4.423735106490701,0.1299119082871201
spatial,NDVI,0,4,  - inner spatial early stop,6898,129,0.08,44.23,0.7634439264270196,0.1282536202988174,0.0173960905522108,0.1067059079129623,0.0813400000333786,0.2456861736872935,0.07059008,0.0062050563223858,0.2015503875968992,0.1863339597641322,0.5931669798820661,0.2015503875968992,0.2015503875968992,0.4651162790697674,4.656563269990212,0.1236268320204572
spatial,NDVI,0,5,neural branch alone,6898,95,0.08,16.83,0.8963568704209443,0.2397661699625602,0.0122648896649479,0.1878738192844175,0.0619475394487381,0.3407794564132465,0.17274565,0.0205721886735112,0.3368421052631579,0.3275814849485908,0.6637907424742954,0.3368421052631579,0.3368421052631579,0.7263157894736842,7.271591169505767,0.1600169050668672
spatial,NDVI,0,5,  + 3-member deep ensemble,6898,95,0.08,91.34,0.8981223454048911,0.2443702377226362,0.0122388778254389,0.189596207047449,0.0602849759161472,0.3584717819754104,0.16054085,0.0181498631507441,0.2947368421052631,0.2848882458977076,0.6424441229488538,0.2947368421052631,0.2947368421052631,0.7263157894736842,7.271591169505767,0.1607296613356526
spatial,NDVI,0,5,  - Platt calibration,6898,95,0.08,19.0,0.8963568704209445,0.2397734340824786,0.0121587198227643,0.1949039117512215,0.0614904724061489,0.3456433781598167,0.16158544,0.0195275359471385,0.3368421052631579,0.3275814849485908,0.6637907424742954,0.3368421052631579,0.3368421052631579,0.7263157894736842,7.271591169505767,0.1600169050668672
spatial,NDVI,0,5,  - all-data training,6898,95,0.08,29.6,0.8853895727117295,0.2307506003618702,0.0123810097575187,0.1801848657055391,0.062300618737936,0.337022130084783,0.1636605,0.0202169158625845,0.2947368421052631,0.2848882458977076,0.6424441229488538,0.2947368421052631,0.2947368421052631,0.7368421052631579,7.376976548773967,0.1555891956726379
spatial,NDVI,0,5,  + terrain in the network,6898,95,0.08,16.96,0.893133834144379,0.2109055869998689,0.012385219335556,0.1799061262608953,0.059438519179821,0.367479430621494,0.15570793,0.0156466417244391,0.2842105263157894,0.2742149361349869,0.6371074680674935,0.2842105263157894,0.2842105263157894,0.6947368421052632,6.955435031701168,0.1587157032175807
spatial,NDVI,0,5,  + spatial Fourier features,6898,95,0.08,39.49,0.8226587341497945,0.1192821566185297,0.0158193595707416,-0.0474872926308873,0.0913121402263641,0.0282933066953343,0.0697178,0.0463160325660459,0.1578947368421052,0.1461352189823375,0.5730676094911688,0.1578947368421052,0.1578947368421052,0.5368421052631579,5.374654342678176,0.1302635475268392
spatial,NDVI,0,5,  - effort/occupancy factorise,6898,95,0.08,10.22,0.8563621312578816,0.18860707052012,0.013033035211265,0.1370106541189738,0.0663332343101501,0.2941086737433696,0.12767497,0.020433650354356,0.2421052631578947,0.2315216970841037,0.6157608485420519,0.2421052631578947,0.2421052631578947,0.5789473684210527,5.796195859750974,0.1438702582933161
spatial,NDVI,0,5,  - monotone effort,6898,95,0.08,10.77,0.8831072978639455,0.2229147497715235,0.012452969327569,0.1754200245706161,0.0622278451919555,0.3377965565909344,0.16030274,0.019498787416379,0.3263157894736842,0.31690817518587,0.658454087592935,0.3263157894736842,0.3263157894736842,0.7052631578947368,7.060820410969368,0.1546677973447796
spatial,NDVI,0,5,  - grouped occupancy loss,6898,95,0.08,21.56,0.8941643392620903,0.2374843861366374,0.0123810674995183,0.1801810422883781,0.0628395676612854,0.331286854634337,0.17376709,0.0216513248641129,0.3368421052631579,0.3275814849485908,0.6637907424742954,0.3368421052631579,0.3368421052631579,0.7368421052631579,7.376976548773967,0.1591317379908951
spatial,NDVI,0,5,  grouped occ. loss x5,6898,95,0.08,26.78,0.8935856471989911,0.2352753565037908,0.0122442059218883,0.1892434043123146,0.0611275099217891,0.3495058774353404,0.15468574,0.0182896775343917,0.3263157894736842,0.31690817518587,0.658454087592935,0.3263157894736842,0.3263157894736842,0.7368421052631579,7.376976548773967,0.1588981088497486
spatial,NDVI,0,5,  - spatial V-REx penalty,6898,95,0.08,25.96,0.896073713609321,0.2427253200172974,0.0122569054365158,0.1884024992089599,0.0619260221719741,0.3410084345294242,0.17363858,0.0206093376018506,0.3263157894736842,0.31690817518587,0.658454087592935,0.3263157894736842,0.3263157894736842,0.7263157894736842,7.271591169505767,0.15990258921091
spatial,NDVI,0,5,"  + focal loss (g=1, w=3)",6898,95,0.08,23.83,0.878216266817271,0.2195305189585973,0.0125131784006953,0.1714332488279656,0.0631328821182251,0.3281655213664411,0.15670021,0.0198809649215006,0.2947368421052631,0.2848882458977076,0.6424441229488538,0.2947368421052631,0.2947368421052631,0.6842105263157895,6.850049652432969,0.1526931938829996
spatial,NDVI,0,5,  - inner spatial early stop,6898,95,0.08,46.59,0.8998785365589484,0.2457694910762944,0.0123508395627141,0.1821826011721846,0.0615902543067932,0.3445815397176734,0.17460099,0.0205165825003288,0.3157894736842105,0.3062348654231492,0.6531174327115746,0.3157894736842105,0.3157894736842105,0.7473684210526316,7.482361928042166,0.1614386695331402
spatial,NDVI,0,6,neural branch alone,6897,358,0.08,19.72,0.7029689076542037,0.1669817441733367,0.0469495132565498,0.0462030956993525,0.1901191025972366,0.0690158455194113,0.055983115,0.014201187107907,0.2067039106145251,0.1632721932265453,0.5816360966132726,0.2067039106145251,0.2067039106145251,0.38268156424581,3.8307035538510186,0.1559757555553247
spatial,NDVI,0,6,  + 3-member deep ensemble,6897,358,0.08,61.35,0.7644374406760981,0.1877407126740565,0.0461537018418312,0.0623703019410456,0.1818480193614959,0.1095180745309662,0.065583214,0.0156801255940807,0.2430167597765363,0.201573113959133,0.6007865569795665,0.2430167597765363,0.2430167597765363,0.4189944134078212,4.194200971369728,0.2032125515288748
spatial,NDVI,0,6,  - Platt calibration,6897,358,0.08,24.72,0.7029682668919871,0.1669813774792596,0.0482184812426567,0.0204235369168872,0.2078914195299148,-0.0180124710815896,0.030088658,0.0323915354128642,0.2067039106145251,0.1632721932265453,0.5816360966132726,0.2067039106145251,0.2067039106145251,0.38268156424581,3.8307035538510186,0.1559752631437506
spatial,NDVI,0,6,  - all-data training,6897,358,0.08,25.77,0.7277589298758373,0.1869118098589135,0.0461635030806064,0.0621711861131335,0.1852102726697921,0.0930536345530174,0.07349371,0.0133440423825974,0.2541899441340782,0.2133580126460831,0.6066790063230415,0.2541899441340782,0.2541899441340782,0.4245810055865922,4.250123650987992,0.1750261731289643
spatial,NDVI,0,6,  + terrain in the network,6897,358,0.08,10.35,0.8316529700183085,0.1832481230748416,0.0464574471116066,0.0561996032923793,0.1705570816993713,0.1648080685876651,0.104723886,0.021174342697628,0.1927374301675977,0.1485410698678577,0.5742705349339289,0.1927374301675977,0.1927374301675977,0.3268156424581006,3.271476757668388,0.2548657485316257
spatial,NDVI,0,6,  + spatial Fourier features,6897,358,0.08,26.75,0.8235921813339987,0.2780432117683926,0.042979996651411,0.1268453087264107,0.1637007296085357,0.198382575656691,0.11879803,0.0146417720761861,0.329608938547486,0.292906078782996,0.646453039391498,0.329608938547486,0.329608938547486,0.4972067039106145,4.977118486025412,0.2486712647564056
spatial,NDVI,0,6,  - effort/occupancy factorise,6897,358,0.08,7.23,0.7269310650920433,0.1803059769173042,0.0468862131237983,0.0474890615480345,0.1924028545618057,0.0578326615955847,0.07039994,0.0198885056501983,0.2374301675977653,0.195680664615658,0.597840332307829,0.2374301675977653,0.2374301675977653,0.3240223463687151,3.2435154178592565,0.1743899828985999
spatial,NDVI,0,6,  - monotone effort,6897,358,0.08,31.56,0.7656284040492755,0.1958898208200212,0.046229850500822,0.060823313481011,0.183752179145813,0.100193695430809,0.07567181,0.0178275066961941,0.2430167597765363,0.201573113959133,0.6007865569795665,0.2430167597765363,0.2430167597765363,0.388268156424581,3.886626233469282,0.2041277725551487
spatial,NDVI,0,6,  - grouped occupancy loss,6897,358,0.08,8.48,0.7081127331413326,0.1648658027163292,0.0469948314130306,0.0452824404175012,0.1896463334560394,0.071330923663423,0.056305602,0.0143973356044241,0.2067039106145251,0.1632721932265453,0.5816360966132726,0.2067039106145251,0.2067039106145251,0.38268156424581,3.8307035538510186,0.1599286371866657
spatial,NDVI,0,6,  grouped occ. loss x5,6897,358,0.08,12.53,0.698583958218886,0.168597281967355,0.046884935349226,0.0475150200159075,0.1907907277345657,0.0657269999901491,0.05538561,0.0141104477665247,0.2094972067039106,0.1662184178982828,0.5831092089491414,0.2094972067039106,0.2094972067039106,0.3798882681564245,3.802742214041887,0.1526060482960532
spatial,NDVI,0,6,  - spatial V-REx penalty,6897,358,0.08,11.43,0.7003689081668134,0.166480981239313,0.0469625517725944,0.0459382133741179,0.1905493289232254,0.0669090930318169,0.05588504,0.0144173514259428,0.2067039106145251,0.1632721932265453,0.5816360966132726,0.2067039106145251,0.2067039106145251,0.38268156424581,3.8307035538510186,0.1539777308865412
spatial,NDVI,0,6,"  + focal loss (g=1, w=3)",6897,358,0.08,18.09,0.7284073812389948,0.1674347933045068,0.0472192764282226,0.0407227560709121,0.1919878423213958,0.0598649130340716,0.06660844,0.0220014973129978,0.217877094972067,0.1750570919134954,0.5875285459567476,0.217877094972067,0.217877094972067,0.3268156424581006,3.271476757668388,0.1755244893150595
spatial,NDVI,0,6,  - inner spatial early stop,6897,358,0.08,32.31,0.7525171275740486,0.1942348656383371,0.0460000038146972,0.0654927347909116,0.1820725202560424,0.1084187280022153,0.077054724,0.0133924478144036,0.2346368715083799,0.1927344399439204,0.5963672199719603,0.2346368715083799,0.2346368715083799,0.441340782122905,4.41789168984278,0.1940521344761064
spatial,NDVI,0,7,neural branch alone,6897,178,0.08,29.35,0.6641245436804233,0.1258717866693062,0.0289489272981882,-0.1221329234725796,0.1366394162178039,-0.0673456607621341,0.0836825,0.0439061098732054,0.2022471910112359,0.1811130936753228,0.5905565468376615,0.2022471910112359,0.2022471910112359,0.2528089887640449,2.530658338905106,0.0901501087443921
spatial,NDVI,0,7,  + 3-member deep ensemble,6897,178,0.08,79.41,0.6751757133468564,0.1188471951604433,0.0280881747603416,-0.0887679993864061,0.1318646073341369,-0.0300477003051982,0.08591999,0.0391929289928994,0.196629213483146,0.1753462844758533,0.5876731422379267,0.196629213483146,0.196629213483146,0.3089887640449438,3.0930268586617964,0.0962202803643148
spatial,NDVI,0,7,  - Platt calibration,6897,178,0.08,13.53,0.664123707547438,0.1258716639506879,0.0243027135729789,0.0579659567672338,0.115403302013874,0.0985382033117839,0.03684727,0.011582806249308,0.2022471910112359,0.1811130936753228,0.5905565468376615,0.2022471910112359,0.2022471910112359,0.2528089887640449,2.530658338905106,0.0901496494719168
spatial,NDVI,0,7,  - all-data training,6897,178,0.08,15.65,0.650921167709882,0.1022051684801184,0.0375170446932315,-0.4542546122011985,0.1618595421314239,-0.2643502492102327,0.07006194,0.0655724923838698,0.1797752808988764,0.1580458568774446,0.5790229284387223,0.1797752808988764,0.1797752808988764,0.2415730337078651,2.418184634953768,0.082897776140916
spatial,NDVI,0,7,  + terrain in the network,6897,178,0.08,13.02,0.826749064785256,0.1862996721532674,0.0233389046043157,0.0953256062124425,0.0999259948730468,0.2194376997697628,0.111634895,0.0107327752047305,0.2415730337078651,0.2214807580716097,0.6107403790358049,0.2415730337078651,0.2415730337078651,0.5,5.005079825834543,0.1794762871030816
spatial,NDVI,0,7,  + spatial Fourier features,6897,178,0.08,19.49,0.7050938057596184,0.0614525808633164,0.0255021024495363,0.0114746400918823,0.1225228235125541,0.0429247457264111,0.023613881,0.0273520387817167,0.0842696629213483,0.0600101004864621,0.5300050502432311,0.0842696629213483,0.0842696629213483,0.297752808988764,2.9805531547104582,0.1126536499544431
spatial,NDVI,0,7,  - effort/occupancy factorise,6897,178,0.08,7.1,0.6992450555275915,0.1252372360753345,0.0298140104860067,-0.1556657143976008,0.1363357305526733,-0.064973449390884,0.10048485,0.0477894322380339,0.2078651685393258,0.1868799028747924,0.5934399514373963,0.2078651685393258,0.2078651685393258,0.3146067415730337,3.149263710637465,0.109441056285487
spatial,NDVI,0,7,  - monotone effort,6897,178,0.08,43.68,0.6499717387050976,0.078181781982007,0.0354050621390342,-0.3723888790272844,0.1570856124162674,-0.2270591562935768,0.06287087,0.0615764806333081,0.1573033707865168,0.1349786200795664,0.5674893100397832,0.1573033707865168,0.1573033707865168,0.2584269662921348,2.586895190880775,0.082376275053331
spatial,NDVI,0,7,  - grouped occupancy loss,6897,178,0.08,22.13,0.6679640663488247,0.1266432501787964,0.0286446921527385,-0.110340007290574,0.1351259797811508,-0.0555235975667955,0.08555174,0.0430252224534919,0.2022471910112359,0.1811130936753228,0.5905565468376615,0.2022471910112359,0.2022471910112359,0.2640449438202247,2.643132042856444,0.0922590765939446
spatial,NDVI,0,7,  grouped occ. loss x5,6897,178,0.08,31.55,0.6602758235491838,0.1259768824037859,0.0292610470205545,-0.1342314656024741,0.1382617652416229,-0.0800184841592617,0.081259854,0.045303132257443,0.2022471910112359,0.1811130936753228,0.5905565468376615,0.2022471910112359,0.2022471910112359,0.2584269662921348,2.586895190880775,0.0880360889231661
spatial,NDVI,0,7,  - spatial V-REx penalty,6897,178,0.08,13.2,0.664243274564333,0.1254946914807725,0.0289782397449016,-0.123269147319007,0.136716216802597,-0.0679455811452263,0.083705135,0.0440385952421484,0.2022471910112359,0.1811130936753228,0.5905565468376615,0.2022471910112359,0.2022471910112359,0.2528089887640449,2.530658338905106,0.0902153250847136
spatial,NDVI,0,7,"  + focal loss (g=1, w=3)",6897,178,0.08,17.49,0.6922888471565626,0.1446280541452552,0.025938507169485,-0.0054414998109593,0.123301476240158,0.0368423748187085,0.101504914,0.033284619458401,0.2078651685393258,0.1868799028747924,0.5934399514373963,0.2078651685393258,0.2078651685393258,0.297752808988764,2.9805531547104582,0.1056201595025828
spatial,NDVI,0,7,  - inner spatial early stop,6897,178,0.08,31.36,0.7338396397270193,0.1544848189984428,0.0248856972903013,0.0353680478251369,0.1128823310136795,0.118230525867347,0.111737594,0.0222563540994552,0.2584269662921348,0.2387811856700184,0.6193905928350092,0.2584269662921348,0.2584269662921348,0.3707865168539326,3.711632230394156,0.1284431229943309
spatial,NDVI,0,8,neural branch alone,6897,560,0.08,18.0,0.8098605976239319,0.31533708724794,0.0661013051867485,0.1290207827836498,0.2388434410095214,0.187264783089076,0.09668496,0.0350990329130596,0.4035714285714286,0.3508651006560112,0.6754325503280056,0.4035714285714286,0.4035714285714286,0.4678571428571428,4.683324694173751,0.2931788404552611
spatial,NDVI,0,8,  + 3-member deep ensemble,6897,560,0.08,55.53,0.8233095313239702,0.3477861554239501,0.0634795427322387,0.1635662521038816,0.2285556197166443,0.2222721277943219,0.12272622,0.0307930218258663,0.4321428571428571,0.381961383259316,0.690980691629658,0.4321428571428571,0.4321428571428571,0.4946428571428571,4.951453970557744,0.3059037329375761
spatial,NDVI,0,8,  - Platt calibration,6897,560,0.08,14.13,0.809860174936315,0.315336846131756,0.0699131861329078,0.0787938005292451,0.2655608057975769,0.0963510733613599,0.066032305,0.0534087216130615,0.4035714285714286,0.3508651006560112,0.6754325503280056,0.4035714285714286,0.4035714285714286,0.4678571428571428,4.683324694173751,0.2931784405209131
spatial,NDVI,0,8,  - all-data training,6897,560,0.08,13.4,0.8383091649947023,0.3668805755086404,0.0610496699810028,0.1955833001913242,0.2205090671777725,0.2496528948584021,0.17842674,0.0200892894762278,0.4303571428571429,0.3800178655966095,0.6900089327983048,0.4303571428571429,0.4303571428571429,0.5089285714285714,5.094456251295874,0.3200958413909927
spatial,NDVI,0,8,  + terrain in the network,6897,560,0.08,24.07,0.8676314276696948,0.3967135466556666,0.0591928623616695,0.2200493957130274,0.2085398435592651,0.2903817066387313,0.19457692,0.0175941897476786,0.4607142857142857,0.4130576658626209,0.7065288329313104,0.4607142857142857,0.4607142857142857,0.5232142857142857,5.237458532034004,0.3478395010743193
spatial,NDVI,0,8,  + spatial Fourier features,6897,560,0.08,23.29,0.8970913456119389,0.4435793842284498,0.056175697594881,0.259804855901989,0.1896829307079315,0.3545479114619487,0.27502516,0.0136266533332961,0.4785714285714286,0.4324928424896864,0.7162464212448432,0.4785714285714286,0.4785714285714286,0.5392857142857143,5.398336097864401,0.3757134051597866
spatial,NDVI,0,8,  - effort/occupancy factorise,6897,560,0.08,11.23,0.8459106382019432,0.4023972959653413,0.0619221702218055,0.1840868618894097,0.2205902934074401,0.2493764986672034,0.13414964,0.0315476242071796,0.4446428571428571,0.3955660068982619,0.697783003449131,0.4446428571428571,0.4446428571428571,0.5196428571428572,5.201707961849472,0.3272880791746884
spatial,NDVI,0,8,  - monotone effort,6897,560,0.08,19.82,0.8497320160508579,0.4067011395924901,0.0598131343722343,0.2118764250175674,0.2149351835250854,0.2686196771169205,0.16793555,0.0259540326368321,0.4696428571428571,0.4227752541761536,0.7113876270880768,0.4696428571428571,0.4696428571428571,0.5375,5.380460812772133,0.330903728067342
spatial,NDVI,0,8,  - grouped occupancy loss,6897,560,0.08,20.28,0.8117099968439324,0.3147762611204013,0.0660226866602897,0.130056694290091,0.2380965799093246,0.1898061981503613,0.098018356,0.0348217817690729,0.3982142857142857,0.3450345476678915,0.6725172738339458,0.3982142857142857,0.3982142857142857,0.4714285714285714,4.719075264358284,0.2949286748233433
spatial,NDVI,0,8,  grouped occ. loss x5,6897,560,0.08,35.91,0.8067238328185936,0.3163560950150065,0.0662220418453216,0.1274299046598931,0.2400368303060531,0.1832039242073068,0.094652414,0.0354389970834795,0.4035714285714286,0.3508651006560112,0.6754325503280056,0.4035714285714286,0.4035714285714286,0.4696428571428571,4.701199979266017,0.2902109475555521
spatial,NDVI,0,8,  - spatial V-REx penalty,6897,560,0.08,13.97,0.8097757783087987,0.3166735373658266,0.0661202147603035,0.1287716221123697,0.238971471786499,0.1868291206281003,0.09626052,0.0352458705808559,0.4017857142857143,0.3489215829933046,0.6744607914966523,0.4017857142857143,0.4017857142857143,0.4696428571428571,4.701199979266017,0.2930985875141083
spatial,NDVI,0,8,"  + focal loss (g=1, w=3)",6897,560,0.08,23.2,0.822110225658829,0.3507587946225247,0.0653361454606056,0.1391028563136442,0.2344529330730438,0.2022047806247842,0.105605215,0.035345656315222,0.4339285714285714,0.3839049009220225,0.6919524504610113,0.4339285714285714,0.4339285714285714,0.5142857142857142,5.148082106572673,0.30476899350106
spatial,NDVI,0,8,  - inner spatial early stop,6897,560,0.08,18.01,0.846873238801596,0.4121439836248645,0.0595174133777618,0.2157729719851716,0.2156233936548233,0.266277839272395,0.18202782,0.0211542046874517,0.4642857142857143,0.416944701188034,0.708472350594017,0.4642857142857143,0.4642857142857143,0.5267857142857143,5.273209102218536,0.3281988569064776
spatial,NDVI,0,9,neural branch alone,6897,811,0.08,14.05,0.9103537742825502,0.5132397806329156,0.0783832743763923,0.2847738158808491,0.2426227480173111,0.4112628071499473,0.18320006,0.0457193620945316,0.5474722564734895,0.4871699232496972,0.7435849616248487,0.5474722564734895,0.5474722564734895,0.4833538840937115,4.838449548032407,0.4578942975198419
spatial,NDVI,0,9,  + 3-member deep ensemble,6897,811,0.08,70.89,0.9115280648558496,0.5169747633189008,0.0777862519025802,0.2902214845215791,0.2412429302930832,0.4146110093290304,0.18706177,0.0447731752289418,0.5561035758323057,0.4969514233512016,0.7484757116756008,0.5561035758323057,0.5561035758323057,0.4858199753390875,4.863135515114204,0.4592046326278476
spatial,NDVI,0,9,  - Platt calibration,6897,811,0.08,15.27,0.9103545846970243,0.5132419689415296,0.0743510872125625,0.3215664334613772,0.2344185411930084,0.4311707578049146,0.22681475,0.0307841640766788,0.5474722564734895,0.4871699232496972,0.7435849616248487,0.5474722564734895,0.5474722564734895,0.4833538840937115,4.838449548032407,0.457895201822884
spatial,NDVI,0,9,  - all-data training,6897,811,0.08,30.3,0.9006449075783073,0.498829410849418,0.078180007636547,0.2866285699193162,0.2465047389268875,0.4018429466898293,0.1921417,0.0409437452988612,0.531442663378545,0.4690042802040461,0.7345021401020231,0.531442663378545,0.531442663378545,0.471023427866831,4.715019712623417,0.4470606340457563
spatial,NDVI,0,9,  + terrain in the network,6897,811,0.08,15.86,0.9078445284664164,0.5026052435460502,0.0774306282401084,0.2934664542822296,0.2396159768104553,0.4185588997642323,0.1956425,0.0390456236417641,0.5400739827373613,0.4787857803055506,0.7393928901527753,0.5400739827373613,0.5400739827373613,0.4623921085080148,4.628618827837123,0.4550943492340566
spatial,NDVI,0,9,  + spatial Fourier features,6897,811,0.08,15.7,0.916168092928607,0.5123818250384168,0.0714520364999771,0.3480194873204655,0.2221311330795288,0.4609868167657867,0.28127253,0.0178830076289321,0.5499383477188656,0.4899646375644128,0.7449823187822064,0.5499383477188656,0.5499383477188656,0.4882860665844636,4.887821482196002,0.4643822196826633
spatial,NDVI,0,9,  - effort/occupancy factorise,6897,811,0.08,8.2,0.9090986448654368,0.5271256428622058,0.0732093751430511,0.3319842473806866,0.2323850989341735,0.436105015194513,0.24730587,0.0285921417659061,0.5585696670776819,0.4997461376659172,0.7498730688329586,0.5585696670776819,0.5585696670776819,0.4858199753390875,4.863135515114204,0.456493758191735
spatial,NDVI,0,9,  - monotone effort,6897,811,0.08,25.7,0.9177034231502188,0.5458257931534871,0.0759505331516265,0.3069719217520504,0.2381121516227722,0.4222080127462952,0.21486607,0.0472808693809337,0.5733662145499383,0.5165144235542104,0.7582572117771051,0.5733662145499383,0.5733662145499383,0.4956843403205919,4.961879383441397,0.4660954218171885
spatial,NDVI,0,9,  - grouped occupancy loss,6897,811,0.08,18.83,0.909353722821231,0.513140332588402,0.0781149938702583,0.2872218029572042,0.2424274235963821,0.4117367723993417,0.18641195,0.0447490875564253,0.5437731196054254,0.4829778517776238,0.741488925888812,0.5437731196054254,0.5437731196054254,0.4833538840937115,4.838449548032407,0.4567783875742418
spatial,NDVI,0,9,  grouped occ. loss x5,6897,811,0.08,31.1,0.8905968824165589,0.4773757898221106,0.0785844251513481,0.2829383694498496,0.2496684193611145,0.3941661053666548,0.19633761,0.0400829411628813,0.4611590628853267,0.389354922234653,0.6946774611173265,0.4611590628853267,0.4611590628853267,0.4155363748458693,4.159585453282961,0.4358485197282136
spatial,NDVI,0,9,  - spatial V-REx penalty,6897,811,0.08,12.28,0.9102656417084672,0.5129705032801475,0.0783096700906753,0.2854454350856734,0.2424449026584625,0.4116943585118272,0.18397798,0.0455237976979581,0.5487053020961775,0.488567280407055,0.7442836402035276,0.5487053020961775,0.5487053020961775,0.4833538840937115,4.838449548032407,0.4577959545598272
spatial,NDVI,0,9,"  + focal loss (g=1, w=3)",6897,811,0.08,13.25,0.9144602457257728,0.5276560521551197,0.0755817517638206,0.3103369521985719,0.2371445447206497,0.4245559631177801,0.22528373,0.0422142450616025,0.5474722564734895,0.4871699232496972,0.7435849616248487,0.5474722564734895,0.5474722564734895,0.4882860665844636,4.887821482196002,0.4624765140847396
spatial,NDVI,0,9,  - inner spatial early stop,6897,811,0.08,42.91,0.910414656669934,0.5304091202193882,0.0735794305801391,0.3286075915789648,0.2331232577562332,0.4343138329730261,0.23459709,0.0334854365163209,0.5647348951911221,0.506732923452706,0.753366461726353,0.5647348951911221,0.5647348951911221,0.5166461159062885,5.171710103636679,0.4579622332942551
spatial,NDVI,1,0,neural branch alone,6898,132,0.08,10.85,0.8656988149302663,0.295251764605458,0.015811638906598,0.2038607525935855,0.0742503181099891,0.3191890256569939,0.17502408,0.0174192350302955,0.3787878787878788,0.3666684581553041,0.6833342290776521,0.3787878787878788,0.3787878787878788,0.6818181818181818,6.826098429872015,0.1735577266536013
spatial,NDVI,1,0,  + 3-member deep ensemble,6898,132,0.08,38.15,0.863629645553973,0.2890279884544294,0.0158349405974149,0.2026874782290598,0.0737824812531471,0.3234786835931172,0.1745636,0.0163711285326337,0.3787878787878788,0.3666684581553041,0.6833342290776521,0.3787878787878788,0.3787878787878788,0.6893939393939394,6.901943967981704,0.172575715455811
spatial,NDVI,1,0,  - Platt calibration,6898,132,0.08,13.16,0.8657032936518598,0.2952931096040919,0.0158143024891614,0.2037266372985198,0.07417843490839,0.3198481322273805,0.15545909,0.015952288897081,0.3787878787878788,0.3666684581553041,0.6833342290776521,0.3787878787878788,0.3787878787878788,0.6818181818181818,6.826098429872015,0.1735598522221474
spatial,NDVI,1,0,  - all-data training,6898,132,0.08,12.72,0.8446365069554546,0.1652202401371583,0.0179447270929813,0.0964566287459298,0.0816068202257156,0.2517362860506119,0.1272247,0.0194471938760773,0.2348484848484848,0.2199209057766551,0.6099604528883276,0.2348484848484848,0.2348484848484848,0.6515151515151515,6.522716277433259,0.1635617240952209
spatial,NDVI,1,0,  + terrain in the network,6898,132,0.08,13.14,0.8540698143122026,0.2749114430692307,0.0157536454498767,0.2067808083361517,0.072137527167797,0.3385614848807524,0.16842932,0.0121349572054458,0.4015151515151515,0.389839124320354,0.6949195621601769,0.4015151515151515,0.4015151515151515,0.6363636363636364,6.3710252012138815,0.1680386961615028
spatial,NDVI,1,0,  + spatial Fourier features,6898,132,0.08,26.22,0.8683608550775267,0.3345658262686149,0.0148170497268438,0.2539397789187877,0.0748401209712028,0.3137810453165143,0.23925073,0.0077196656026331,0.4166666666666667,0.4052862350970539,0.7026431175485269,0.4166666666666667,0.4166666666666667,0.7651515151515151,7.660399349078594,0.1748285183199799
spatial,NDVI,1,0,  - effort/occupancy factorise,6898,132,0.08,9.24,0.853768620285026,0.2088208617276679,0.0172860417515039,0.1296224033464754,0.0798816680908203,0.2675544338477457,0.13106318,0.018014887082921,0.2727272727272727,0.2585386827184048,0.6292693413592024,0.2727272727272727,0.2727272727272727,0.6287878787878788,6.295179663104192,0.1678957518932091
spatial,NDVI,1,0,  - monotone effort,6898,132,0.08,37.94,0.8711975653669416,0.3068226964702214,0.0159622672945261,0.196276391977242,0.0747861489653587,0.3142759217671652,0.16956377,0.0169157229067428,0.3712121212121212,0.3589449027669542,0.6794724513834771,0.3712121212121212,0.3712121212121212,0.6742424242424242,6.750252891762327,0.1761673895440445
spatial,NDVI,1,0,  - grouped occupancy loss,6898,132,0.08,12.33,0.8616198192387964,0.291439198936918,0.0158727299422025,0.2007847292036805,0.0744800195097923,0.3170828631813491,0.16509056,0.0166303295375891,0.3712121212121212,0.3589449027669542,0.6794724513834771,0.3712121212121212,0.3712121212121212,0.696969696969697,6.977789506091393,0.1716218679928916
spatial,NDVI,1,0,  grouped occ. loss x5,6898,132,0.08,27.39,0.8606020297566263,0.2531700294388589,0.0164816509932279,0.170124659734792,0.0768352150917053,0.2954877637971916,0.15264449,0.0178564086500539,0.3484848484848485,0.3357742366019043,0.6678871183009523,0.3484848484848485,0.3484848484848485,0.6742424242424242,6.750252891762327,0.1711388332664645
spatial,NDVI,1,0,  - spatial V-REx penalty,6898,132,0.08,25.35,0.865889160597999,0.2872169747446358,0.0159082692116498,0.1989952747772098,0.0744631066918373,0.3172379390431628,0.16695781,0.0170595540526566,0.3712121212121212,0.3589449027669542,0.6794724513834771,0.3712121212121212,0.3712121212121212,0.6893939393939394,6.901943967981704,0.1736480631851462
spatial,NDVI,1,0,"  + focal loss (g=1, w=3)",6898,132,0.08,22.56,0.8678407635324573,0.2393276656076626,0.0167360231280326,0.1573166490560199,0.0771284326910972,0.2927992128977755,0.15274304,0.0177598875319754,0.2878787878787879,0.2739857934951047,0.6369928967475524,0.2878787878787879,0.2878787878787879,0.6742424242424242,6.750252891762327,0.1745742782982288
spatial,NDVI,1,0,  - inner spatial early stop,6898,132,0.08,29.88,0.8614417900554466,0.3044247724694858,0.0156521312892436,0.2118921954557877,0.0735328868031501,0.3257672480736264,0.18182261,0.0166986680960363,0.3863636363636363,0.3743920135436541,0.687196006771827,0.3863636363636363,0.3863636363636363,0.6893939393939394,6.901943967981704,0.1715373767724321
spatial,NDVI,1,1,neural branch alone,6898,310,0.08,12.74,0.8295307205672092,0.3449043213245173,0.0351901613175869,0.1804777870752849,0.1402797698974609,0.2357304112208289,0.15654854,0.0139933236914873,0.364516129032258,0.3346132753589126,0.6673066376794563,0.364516129032258,0.364516129032258,0.5741935483870968,5.74860246266211,0.2364944687779224
spatial,NDVI,1,1,  + 3-member deep ensemble,6898,310,0.08,58.31,0.8320626946354073,0.3540112363326698,0.0349733047187328,0.1855280281974077,0.1396398842334747,0.2392166241910803,0.16083138,0.0142326769059878,0.3709677419354839,0.3413684705329338,0.6706842352664668,0.3709677419354839,0.3709677419354839,0.5870967741935483,5.8777845404747415,0.2383115918015854
spatial,NDVI,1,1,  - Platt calibration,6898,310,0.08,28.03,0.8295272930254421,0.3449209477652903,0.0355086177587509,0.1730614491668698,0.1418790519237518,0.2270172331377118,0.14114866,0.0174565488441797,0.364516129032258,0.3346132753589126,0.6673066376794563,0.364516129032258,0.364516129032258,0.5741935483870968,5.74860246266211,0.2364920089280711
spatial,NDVI,1,1,  - all-data training,6898,310,0.08,20.67,0.7831786043049924,0.3129559280193676,0.0370085574686527,0.1381302677147957,0.1513511538505554,0.1754115065973548,0.10540792,0.0138540623595338,0.3677419354838709,0.3379908729459231,0.6689954364729616,0.3677419354838709,0.3677419354838709,0.4870967741935484,4.876623437426846,0.2032289234760424
spatial,NDVI,1,1,  + terrain in the network,6898,310,0.08,18.1,0.8192725777072684,0.3274122405510858,0.0361180715262889,0.1588682519336849,0.1463132798671722,0.2028587563356169,0.15529913,0.0182812508399778,0.4193548387096774,0.3920324343380927,0.6960162171690464,0.4193548387096774,0.4193548387096774,0.4774193548387097,4.779736879067372,0.2291325025162515
spatial,NDVI,1,1,  + spatial Fourier features,6898,310,0.08,23.55,0.8671925495034961,0.3811721429584712,0.0354029200971126,0.1755229775692265,0.137992188334465,0.248193569819732,0.13587484,0.0212685575543174,0.3838709677419354,0.3548788608809761,0.677439430440488,0.3838709677419354,0.3838709677419354,0.5580645161290323,5.587124865396319,0.2635232514352116
spatial,NDVI,1,1,  - effort/occupancy factorise,6898,310,0.08,9.0,0.8322556162720097,0.3334750138919201,0.0353825315833091,0.1759977932371537,0.1408287584781646,0.2327394220202792,0.16013463,0.0097940674865233,0.3903225806451613,0.3616340560549974,0.6808170280274987,0.3903225806451613,0.3903225806451613,0.5580645161290323,5.587124865396319,0.2384500459663503
spatial,NDVI,1,1,  - monotone effort,6898,310,0.08,18.0,0.8505156002115284,0.3575750118077204,0.0346312969923019,0.1934928376301488,0.1365079283714294,0.256280086873615,0.20357092,0.0092168102182921,0.3612903225806451,0.331235677771902,0.6656178388859509,0.3612903225806451,0.3612903225806451,0.6129032258064516,6.136148696100005,0.2515546973168406
spatial,NDVI,1,1,  - grouped occupancy loss,6898,310,0.08,11.99,0.8312087470865894,0.3443743068306156,0.0350755788385868,0.1831462285724719,0.1393488943576812,0.2408019897279224,0.16336657,0.0121599185109304,0.3709677419354839,0.3413684705329338,0.6706842352664668,0.3709677419354839,0.3709677419354839,0.5838709677419355,5.845489021021583,0.2376987388629123
spatial,NDVI,1,1,  grouped occ. loss x5,6898,310,0.08,13.06,0.8237190786767731,0.3338694154106065,0.0357123389840126,0.1683171097522404,0.1422000378370285,0.2252684437568681,0.1404996,0.0131485506316507,0.3774193548387097,0.3481236657069549,0.6740618328534775,0.3774193548387097,0.3774193548387097,0.5741935483870968,5.74860246266211,0.2323236249815065
spatial,NDVI,1,1,  - spatial V-REx penalty,6898,310,0.08,12.37,0.8291037467928003,0.3448439624941422,0.0352294221520423,0.1795634654373743,0.1404110640287399,0.2350150970183957,0.15493348,0.0129714960793492,0.3612903225806451,0.331235677771902,0.6656178388859509,0.3612903225806451,0.3612903225806451,0.5741935483870968,5.74860246266211,0.2361880423085609
spatial,NDVI,1,1,"  + focal loss (g=1, w=3)",6898,310,0.08,10.71,0.8345476624165149,0.3533651305514594,0.0349389389157295,0.1863283524321287,0.1402520984411239,0.235881170325802,0.19027346,0.010410365330746,0.3935483870967742,0.3650116536420079,0.682505826821004,0.3935483870967742,0.3935483870967742,0.5806451612903226,5.813193501568426,0.2400949798138972
spatial,NDVI,1,1,  - inner spatial early stop,6898,310,0.08,19.62,0.8326865072370095,0.3486013089170637,0.0351317450404167,0.1818382081402888,0.140240266919136,0.2359456306000877,0.15989338,0.0151537293165913,0.3709677419354839,0.3413684705329338,0.6706842352664668,0.3709677419354839,0.3709677419354839,0.5612903225806452,5.619420384849478,0.2387592836920767
spatial,NDVI,1,2,neural branch alone,6898,304,0.08,29.22,0.6885261521638492,0.1399880885100387,0.0406476706266403,0.0357980855113253,0.1740994155406952,0.0380408780266506,0.04534179,0.0149346713308017,0.1809210526315789,0.1431594511757099,0.571579725587855,0.1809210526315789,0.1809210526315789,0.2993421052631579,2.996896722939424,0.1340449028888951
spatial,NDVI,1,2,  + 3-member deep ensemble,6898,304,0.08,61.51,0.684135697524065,0.1444202578324941,0.0405831970274448,0.0373274614096214,0.1743171960115432,0.0368375660576281,0.0467181,0.0152024085600783,0.1809210526315789,0.1431594511757099,0.571579725587855,0.1809210526315789,0.1809210526315789,0.2960526315789473,2.963963791918112,0.1309232242325287
spatial,NDVI,1,2,  - Platt calibration,6898,304,0.08,26.82,0.6885278981689893,0.139986297569719,0.0407454445958137,0.0334787927496291,0.1763743311166763,0.0254711874091495,0.040307403,0.0183709965716095,0.1809210526315789,0.1431594511757099,0.571579725587855,0.1809210526315789,0.1809210526315789,0.2993421052631579,2.996896722939424,0.1340461443319133
spatial,NDVI,1,2,  - all-data training,6898,304,0.08,36.76,0.6637291377328672,0.1264384278795273,0.040822360664606,0.0316542694831983,0.1761672049760818,0.0266156305408235,0.043359436,0.0159273053664972,0.1743421052631578,0.1362771977714988,0.5681385988857494,0.1743421052631578,0.1743421052631578,0.2664473684210526,2.6675674127263003,0.1164138561965122
spatial,NDVI,1,2,  + terrain in the network,6898,304,0.08,33.95,0.6603059699407755,0.1614436137132491,0.0405161455273628,0.0389179876009561,0.1855174303054809,-0.0250475787823536,0.06258002,0.0236059710211678,0.2072368421052631,0.1706884647925546,0.5853442323962773,0.2072368421052631,0.2072368421052631,0.3223684210526316,3.2274272400886104,0.1139799328983592
spatial,NDVI,1,2,  + spatial Fourier features,6898,304,0.08,14.47,0.7775472219561642,0.1331336345604267,0.0424808710813522,-0.0076871957071331,0.1731213331222534,0.0434451196292992,0.06926841,0.0407668161571158,0.1842105263157894,0.1466005778778155,0.5733002889389077,0.1842105263157894,0.1842105263157894,0.3092105263157895,3.095695516003361,0.1973402097703812
spatial,NDVI,1,2,  - effort/occupancy factorise,6898,304,0.08,20.13,0.7410853966125505,0.1671518752263982,0.0398549139499664,0.0546030377653833,0.1654146462678909,0.0860272138696627,0.0596688,0.0127228009478057,0.194078947368421,0.1569239579841323,0.5784619789920662,0.194078947368421,0.194078947368421,0.3355263157894737,3.35915896417386,0.1714153087269457
spatial,NDVI,1,2,  - monotone effort,6898,304,0.08,16.5,0.7270145906166691,0.1447210693670564,0.0403541922569274,0.0427596752303846,0.1691451072692871,0.0654151343959089,0.049802586,0.0141552441546066,0.1743421052631578,0.1362771977714988,0.5681385988857494,0.1743421052631578,0.1743421052631578,0.3059210526315789,3.062762584982049,0.1614107560446963
spatial,NDVI,1,2,  - grouped occupancy loss,6898,304,0.08,10.84,0.6839092157144453,0.1366431931976011,0.0407168641686439,0.0341567480215843,0.1735648959875106,0.0409942823127137,0.044456184,0.0137413976307354,0.1743421052631578,0.1362771977714988,0.5681385988857494,0.1743421052631578,0.1743421052631578,0.3059210526315789,3.062762584982049,0.1307621922893245
spatial,NDVI,1,2,  grouped occ. loss x5,6898,304,0.08,13.36,0.6882512810689143,0.1412125412220263,0.0406014211475849,0.0368951677195269,0.1744772493839264,0.0359532161527856,0.045554847,0.015356916946538,0.1809210526315789,0.1431594511757099,0.571579725587855,0.1809210526315789,0.1809210526315789,0.3026315789473684,3.029829653960736,0.1338494654514287
spatial,NDVI,1,2,  - spatial V-REx penalty,6898,304,0.08,20.41,0.691190556007854,0.1417392407871857,0.0406304337084293,0.0362069618204151,0.1738021671772003,0.0396832774216602,0.045218676,0.0147432355295513,0.1743421052631578,0.1362771977714988,0.5681385988857494,0.1743421052631578,0.1743421052631578,0.2993421052631579,2.996896722939424,0.135939333721775
spatial,NDVI,1,2,"  + focal loss (g=1, w=3)",6898,304,0.08,11.44,0.7312631199814823,0.1609144496070526,0.0401082783937454,0.0485929890223945,0.1677630394697189,0.0730515341095512,0.053902157,0.0141948912985067,0.2039473684210526,0.167247338090449,0.5836236690452246,0.2039473684210526,0.2039473684210526,0.3026315789473684,3.029829653960736,0.1644315237216644
spatial,NDVI,1,2,  - inner spatial early stop,6898,304,0.08,20.33,0.7004144517344316,0.1519622473222323,0.0404082164168357,0.0414781701008365,0.1724932789802551,0.0469153346734569,0.051768083,0.0152284055568869,0.1875,0.1500417045799211,0.5750208522899606,0.1875,0.1875,0.2993421052631579,2.996896722939424,0.1424976610004537
spatial,NDVI,1,3,neural branch alone,6898,520,0.08,18.09,0.9029844175893096,0.4763461582479799,0.0485675446689128,0.311783202780047,0.1697485148906707,0.3843412442720583,0.28686005,0.0154598220499925,0.5596153846153846,0.5237107123043153,0.7618553561521577,0.5596153846153846,0.5596153846153846,0.6538461538461539,6.546053366082394,0.3685527195611534
spatial,NDVI,1,3,  + 3-member deep ensemble,6898,520,0.08,76.26,0.9043599392141256,0.4816206141540906,0.048486802726984,0.3129273405175919,0.1695058345794677,0.3852214184434266,0.29602703,0.01536050283764,0.5634615384615385,0.5278704440745833,0.7639352220372917,0.5634615384615385,0.5634615384615385,0.6596153846153846,6.603812660489004,0.3698107142104808
spatial,NDVI,1,3,  - Platt calibration,6898,520,0.08,27.05,0.9029865282099526,0.4763491881769826,0.0489612556993961,0.3062041984001369,0.1707051545381546,0.3808716199549957,0.26039547,0.0165032259625765,0.5596153846153846,0.5237107123043153,0.7618553561521577,0.5596153846153846,0.5596153846153846,0.6538461538461539,6.546053366082394,0.3685546498432847
spatial,NDVI,1,3,  - all-data training,6898,520,0.08,12.19,0.8940275466145645,0.4431063532026854,0.0513177812099456,0.2728115191841417,0.1777373552322387,0.3553666196188368,0.21961984,0.0163963146199369,0.4942307692307692,0.4529952722097595,0.7264976361048798,0.4942307692307692,0.4942307692307692,0.5961538461538461,5.9684604220163004,0.3603611394162105
spatial,NDVI,1,3,  + terrain in the network,6898,520,0.08,17.29,0.8965223002146802,0.4640037632265915,0.0492321364581584,0.3023657361205465,0.1722936481237411,0.3751103325292182,0.27531463,0.0181880934658347,0.5557692307692308,0.5195509805340474,0.7597754902670237,0.5557692307692308,0.5557692307692308,0.6634615384615384,6.642318856760076,0.362642736870532
spatial,NDVI,1,3,  + spatial Fourier features,6898,520,0.08,32.25,0.9080015136165184,0.4620090103527708,0.0497365742921829,0.2952176994451188,0.1708897650241851,0.3802020585028846,0.26553416,0.0145857730281358,0.5346153846153846,0.4966724557975734,0.7483362278987866,0.5346153846153846,0.5346153846153846,0.6365384615384615,6.372775482862566,0.3731411460617743
spatial,NDVI,1,3,  - effort/occupancy factorise,6898,520,0.08,6.97,0.9037137877801096,0.4903648081760593,0.0484467558562755,0.3134948167877132,0.1698866933584213,0.3838400865236179,0.30146614,0.0101943220553023,0.5442307692307692,0.5070717852232434,0.7535358926116217,0.5442307692307692,0.5442307692307692,0.6403846153846153,6.411281679133639,0.3692197710789124
spatial,NDVI,1,3,  - monotone effort,6898,520,0.08,13.17,0.9077729635525968,0.508804666272682,0.0472135655581951,0.3309694962901111,0.1656144112348556,0.3993351728753732,0.31403852,0.0108949906645284,0.551923076923077,0.5153912487637793,0.7576956243818898,0.551923076923077,0.551923076923077,0.6711538461538461,6.719331249302222,0.3729321237278715
spatial,NDVI,1,3,  - grouped occupancy loss,6898,520,0.08,12.15,0.9030995971729744,0.4741595387133085,0.0485949665307998,0.3113946267033621,0.1697164922952652,0.3844573866209635,0.28708985,0.0141066914836361,0.5576923076923077,0.5216308464191813,0.7608154232095907,0.5576923076923077,0.5576923076923077,0.65,6.507547169811321,0.3686580579950653
spatial,NDVI,1,3,  grouped occ. loss x5,6898,520,0.08,26.97,0.9033652338567671,0.4665959735853312,0.0500924959778785,0.2901741815102421,0.1726906299591064,0.3736705240986997,0.23952557,0.0158828439282252,0.5423076923076923,0.5049919193381094,0.7524959596690546,0.5423076923076923,0.5423076923076923,0.6346153846153846,6.35352238472703,0.3689009982163537
spatial,NDVI,1,3,  - spatial V-REx penalty,6898,520,0.08,10.25,0.9026494319415298,0.4749350720491053,0.0488446429371833,0.3078566365102397,0.1700994074344635,0.3830685965140217,0.27195498,0.013734546805945,0.5480769230769231,0.5112315169935113,0.7556157584967558,0.5480769230769231,0.5480769230769231,0.6519230769230769,6.526800267946858,0.3682463556902717
spatial,NDVI,1,3,"  + focal loss (g=1, w=3)",6898,520,0.08,29.06,0.908075837614878,0.4944378957809619,0.047633197158575,0.3250231895950842,0.1665735989809036,0.3958563068916459,0.31674924,0.0113184417579857,0.5576923076923077,0.5216308464191813,0.7608154232095907,0.5576923076923077,0.5576923076923077,0.675,6.757837445573295,0.373209119707344
spatial,NDVI,1,3,  - inner spatial early stop,6898,520,0.08,26.7,0.9058560677328316,0.4916149361551564,0.0479569993913173,0.3204348140230899,0.1682448387145996,0.3897949085010146,0.29901114,0.0164993231594681,0.575,0.5403496393853873,0.7701748196926936,0.575,0.575,0.6596153846153846,6.603812660489004,0.3711790108715121
spatial,NDVI,1,4,neural branch alone,6898,384,0.08,20.33,0.8342728162419405,0.2578807923854019,0.0469585955142974,0.1077025538634224,0.1760195642709732,0.1831089716105082,0.08580085,0.0211512321003038,0.3203125,0.2802449531777709,0.6401224765888855,0.3203125,0.3203125,0.5234375,5.240452648766328,0.2654960029699786
spatial,NDVI,1,4,  + 3-member deep ensemble,6898,384,0.08,48.02,0.8463157877904002,0.2670280921687551,0.0468118824064731,0.1104903657643671,0.1741499006748199,0.1917859128592254,0.085832275,0.0245217264009648,0.3072916666666667,0.2664565423191075,0.6332282711595538,0.3072916666666667,0.3072916666666667,0.5286458333333334,5.292596456216739,0.2750611265844643
spatial,NDVI,1,4,  - Platt calibration,6898,384,0.08,7.3,0.8342760144816292,0.257884522021188,0.0468303151428699,0.110140110748602,0.1754564344882965,0.1857224064817555,0.08585699,0.0205224183355381,0.3203125,0.2802449531777709,0.6401224765888855,0.3203125,0.3203125,0.5234375,5.240452648766328,0.2654985431725432
spatial,NDVI,1,4,  - all-data training,6898,384,0.08,4.94,0.7395301625985057,0.2132699320028118,0.0484252832829952,0.0798328585295771,0.1909367591142654,0.1138796067572688,0.07062639,0.0133025540680527,0.2890625,0.2471527671169788,0.6235763835584894,0.2890625,0.2890625,0.390625,3.910785558780841,0.1902467017096754
spatial,NDVI,1,4,  + terrain in the network,6898,384,0.08,22.99,0.8588876682274078,0.2833783889047039,0.0449632741510868,0.1456172345968476,0.1649165600538253,0.2346370194768012,0.13042301,0.017793518538884,0.3489583333333333,0.3105794570668304,0.6552897285334152,0.3489583333333333,0.3489583333333333,0.5260416666666666,5.266524552491533,0.285046335801612
spatial,NDVI,1,4,  + spatial Fourier features,6898,384,0.08,26.13,0.8513310274025176,0.2943146326299197,0.0449391715228557,0.1460752277156835,0.1718977987766266,0.2022377160054992,0.16146277,0.0143552479601097,0.3619791666666667,0.3243678679254938,0.6621839339627469,0.3619791666666667,0.3619791666666667,0.5364583333333334,5.370812167392356,0.2790444779257407
spatial,NDVI,1,4,  - effort/occupancy factorise,6898,384,0.08,11.49,0.7860037835175521,0.2394746322860207,0.0481698922812938,0.0846857451222988,0.1862964928150177,0.1354146669359099,0.07216947,0.0201131039366307,0.2890625,0.2471527671169788,0.6235763835584894,0.2890625,0.2890625,0.4609375,4.614726959361393,0.2271583499189607
spatial,NDVI,1,4,  - monotone effort,6898,384,0.08,13.38,0.7918831475156074,0.2636204563161947,0.0476051270961761,0.0954172954769929,0.1832711100578308,0.1494551972714221,0.07839391,0.0218886255441089,0.3151041666666667,0.2747295888343056,0.6373647944171528,0.3151041666666667,0.3151041666666667,0.4973958333333333,4.9797336115142725,0.231828031580977
spatial,NDVI,1,4,  - grouped occupancy loss,6898,384,0.08,8.6,0.8131404474976971,0.2405379774798632,0.0477423965930938,0.0928089291025164,0.1815805286169052,0.1573010342814939,0.07799277,0.020299755088676,0.3046875,0.2636988601473748,0.6318494300736874,0.3046875,0.3046875,0.4869791666666667,4.87544599661345,0.2487116305697293
spatial,NDVI,1,4,  grouped occ. loss x5,6898,384,0.08,13.76,0.8347877328318495,0.2491687529155402,0.0471550561487674,0.1039694498281758,0.1757657825946808,0.1842867496341702,0.08357745,0.019404046794129,0.296875,0.2554258136321768,0.6277129068160885,0.296875,0.296875,0.5026041666666666,5.031877418964683,0.2659049751970521
spatial,NDVI,1,4,  - spatial V-REx penalty,6898,384,0.08,31.05,0.833656755321871,0.2597636277966451,0.0468791425228118,0.1092123030502123,0.1757575422525406,0.1843249923238,0.08669505,0.0209086739738161,0.3203125,0.2802449531777709,0.6401224765888855,0.3203125,0.3203125,0.5234375,5.240452648766328,0.2650066969184027
spatial,NDVI,1,4,"  + focal loss (g=1, w=3)",6898,384,0.08,23.7,0.791958306148296,0.2540642028728294,0.0480080358684062,0.0877613069503019,0.1845373809337616,0.1435785475799915,0.070392266,0.0203657638901025,0.2994791666666667,0.2581834958039095,0.6290917479019548,0.2994791666666667,0.2994791666666667,0.46875,4.69294267053701,0.2318877262905782
spatial,NDVI,1,4,  - inner spatial early stop,6898,384,0.08,34.21,0.8398117676031113,0.2721470542719796,0.046646062284708,0.1136412451624538,0.1743665188550949,0.1907806072911451,0.08924679,0.0214488605352182,0.2942708333333333,0.2526681314604441,0.6263340657302221,0.2942708333333333,0.2942708333333333,0.5390625,5.396884071117562,0.2698953120839198
spatial,NDVI,1,5,neural branch alone,6898,625,0.08,16.65,0.8434767415909452,0.4234908851859342,0.0641462728381156,0.2413063772598948,0.2270961552858352,0.2984212531497046,0.2150342,0.0114610489197539,0.4736,0.4211530049418141,0.7105765024709071,0.4736,0.4736,0.5088,5.093907692307693,0.3415406686395119
spatial,NDVI,1,5,  + 3-member deep ensemble,6898,625,0.08,69.36,0.8419087517934002,0.42134592381777,0.0641611441969871,0.2411304854326996,0.2272013425827026,0.2980962931263704,0.20636165,0.0154725837667879,0.4896,0.4387471385302088,0.7193735692651044,0.4896,0.4896,0.5168,5.174000580551525,0.3399815171160047
spatial,NDVI,1,5,  - Platt calibration,6898,625,0.08,32.2,0.8434754662840745,0.423542586845486,0.0643927827477455,0.2383907675431715,0.2273394465446472,0.2976696421140088,0.19788271,0.0136727754458154,0.4736,0.4211530049418141,0.7105765024709071,0.4736,0.4736,0.5088,5.093907692307693,0.3415394005117894
spatial,NDVI,1,5,  - all-data training,6898,625,0.08,25.46,0.8345133747808066,0.4014302138984698,0.0669875293970108,0.2077012567060886,0.2355150431394577,0.2724123901516351,0.15347579,0.0230046487204076,0.4592,0.4053182847122589,0.7026591423561295,0.4592,0.4592,0.4992,4.997796226415095,0.3326278255704161
spatial,NDVI,1,5,  + terrain in the network,6898,625,0.08,38.67,0.8520697592858281,0.4134882093341213,0.0646171271800994,0.2357373212462408,0.2259169965982437,0.3020640830925404,0.24571504,0.0144608915195076,0.4704,0.4176341782241352,0.7088170891120675,0.4704,0.4704,0.5024,5.029833381712627,0.3500852501251442
spatial,NDVI,1,5,  + spatial Fourier features,6898,625,0.08,17.09,0.8519307508369202,0.3934847045524127,0.0656628385186195,0.2233691120166197,0.2268337458372116,0.2992319269010737,0.2112875,0.0144662294779448,0.456,0.4017994579945799,0.70089972899729,0.456,0.456,0.4864,4.869647605224964,0.3499470252145966
spatial,NDVI,1,5,  - effort/occupancy factorise,6898,625,0.08,14.58,0.8603655029491472,0.4534178695013003,0.0621875673532485,0.2644730757202255,0.2189209163188934,0.3236774002756198,0.21908033,0.0158221916666604,0.5072,0.458100685477443,0.7290503427387215,0.5072,0.5072,0.5312,5.318167779390421,0.3583342332246448
spatial,NDVI,1,5,  - monotone effort,6898,625,0.08,15.53,0.8597797545034274,0.4334882184180674,0.0632037818431854,0.2524537421137836,0.2211545258760452,0.3167770060699715,0.22482078,0.0128908972897199,0.4940047961630695,0.4435466530596176,0.7219329826239439,0.4936102236421725,0.4944,0.5232,5.2380748911465895,0.3577517864696555
spatial,NDVI,1,5,  - grouped occupancy loss,6898,625,0.08,18.09,0.8449627291567033,0.4172479739557281,0.064524158835411,0.2368369095326844,0.2275902777910232,0.2968947374429812,0.2235731,0.0094803707103308,0.4752,0.4229124183006535,0.7114562091503268,0.4752,0.4752,0.5056,5.06187053701016,0.3430182801463968
spatial,NDVI,1,5,  grouped occ. loss x5,6898,625,0.08,28.51,0.8426954886019449,0.407549614826935,0.0648588761687278,0.2328780215884244,0.2279322445392608,0.295838283614465,0.19463317,0.0143989606456122,0.4736,0.4211530049418141,0.7105765024709071,0.4736,0.4736,0.5056,5.06187053701016,0.3407638193337804
spatial,NDVI,1,5,  - spatial V-REx penalty,6898,625,0.08,24.01,0.8444617886178861,0.4163620675966778,0.0644222423434257,0.238042332530782,0.2272976487874984,0.2977987698750872,0.21366125,0.0115759107706839,0.4688,0.4158747648652957,0.7079373824326478,0.4688,0.4688,0.5088,5.093907692307693,0.3425201632587529
spatial,NDVI,1,5,"  + focal loss (g=1, w=3)",6898,625,0.08,17.29,0.8603178064721824,0.4299874527859169,0.0636922568082809,0.2466762771966644,0.2221363633871078,0.3137437696430715,0.21157932,0.0143622910970037,0.4912,0.4405065518890483,0.7202532759445242,0.4912,0.4912,0.52,5.206037735849057,0.3582868056046295
spatial,NDVI,1,5,  - inner spatial early stop,6898,625,0.08,35.17,0.8453292523513471,0.4304335076587037,0.0636453703045845,0.2472308299364135,0.22524394094944,0.3041433853072955,0.22179866,0.0103268140751979,0.4848,0.4334688984536904,0.7167344492268453,0.4848,0.4848,0.5168,5.174000580551525,0.3433827373654433
spatial,NDVI,1,6,neural branch alone,6897,228,0.08,25.97,0.8410095940105172,0.2975709627968371,0.0274004619568586,0.1509843126757251,0.1151481419801712,0.2264222265357486,0.19279733,0.021114039177428,0.3991228070175439,0.3785799970010496,0.6892899985005247,0.3991228070175439,0.3991228070175439,0.6008771929824561,6.014876632801161,0.2112004219621367
spatial,NDVI,1,6,  + 3-member deep ensemble,6897,228,0.08,75.87,0.8382723941357366,0.2867672515657469,0.0279319025576114,0.1345173856716988,0.1182072162628173,0.2058710319464456,0.19202738,0.024755986312606,0.3991228070175439,0.3785799970010496,0.6892899985005247,0.3991228070175439,0.3991228070175439,0.5921052631578947,5.927068214804064,0.2095051682839351
spatial,NDVI,1,6,  - Platt calibration,6897,228,0.08,14.86,0.8410043326940835,0.2975664988134014,0.027280842885375,0.1546907636236197,0.1154573112726211,0.2243451935175506,0.17367253,0.0202537536944092,0.3991228070175439,0.3785799970010496,0.6892899985005247,0.3991228070175439,0.3991228070175439,0.6008771929824561,6.014876632801161,0.2111971634313071
spatial,NDVI,1,6,  - all-data training,6897,228,0.08,8.9,0.7934071759094843,0.2229300734293013,0.037181831896305,-0.1520958520013311,0.1540180295705795,-0.0347099166313704,0.15648898,0.0553115361840196,0.3289473684210526,0.3060053981106612,0.6530026990553306,0.3289473684210526,0.3289473684210526,0.4692982456140351,4.697750362844703,0.1817184045436489
spatial,NDVI,1,6,  + terrain in the network,6897,228,0.08,38.42,0.8984135157957873,0.3393579441041345,0.025554122403264,0.2081939775199605,0.0999965220689773,0.3282124612170545,0.18590724,0.0051382860192175,0.4298245614035088,0.4103313840155945,0.7051656920077973,0.4298245614035088,0.4298245614035088,0.6622807017543859,6.629535558780842,0.2467528894499752
spatial,NDVI,1,6,  + spatial Fourier features,6897,228,0.08,13.24,0.8451614303414858,0.3129265799453088,0.0266544502228498,0.1740998231404275,0.1105429530143737,0.2573603881533036,0.15075508,0.0096676339550902,0.3684210526315789,0.3468286099865047,0.6734143049932524,0.3684210526315789,0.3684210526315789,0.6096491228070176,6.102685050798258,0.2137718146455706
spatial,NDVI,1,6,  - effort/occupancy factorise,6897,228,0.08,14.03,0.8208094272267865,0.2909181292603519,0.0288971811532974,0.1046077924806765,0.1241650953888893,0.1658453503361463,0.19962645,0.0297148662269692,0.3771929824561403,0.3559004348478032,0.6779502174239016,0.3771929824561403,0.3771929824561403,0.5570175438596491,5.575834542815675,0.1986896779200225
spatial,NDVI,1,6,  - monotone effort,6897,228,0.08,30.02,0.8195322426624365,0.2448733501529365,0.0303284376859664,0.0602596624843784,0.1281662434339523,0.1389652014881198,0.18586059,0.0318045044705116,0.3070175438596491,0.2833258359574149,0.6416629179787074,0.3070175438596491,0.3070175438596491,0.5350877192982456,5.356313497822932,0.1978986681474891
spatial,NDVI,1,6,  - grouped occupancy loss,6897,228,0.08,15.73,0.8457355714973444,0.2669755867326149,0.0279668848961591,0.1334334421143582,0.1145404502749443,0.2305047656735757,0.18675154,0.018968453729244,0.3552631578947368,0.3332208726945569,0.6666104363472785,0.3552631578947368,0.3552631578947368,0.6096491228070176,6.102685050798258,0.2141274024936848
spatial,NDVI,1,6,  grouped occ. loss x5,6897,228,0.08,12.87,0.7907153548889466,0.2019086426139981,0.0358248464763164,-0.1100490459710303,0.1498371362686157,-0.0066222195482363,0.14861979,0.0503427920501413,0.3114035087719298,0.2878617483880641,0.643930874194032,0.3114035087719298,0.3114035087719298,0.4473684210526316,4.47822931785196,0.1800512557504382
spatial,NDVI,1,6,  - spatial V-REx penalty,6897,228,0.08,33.01,0.8404775433861307,0.2933472797836604,0.0275647062808275,0.1458951281275554,0.1156932264566421,0.2227602895873353,0.19033226,0.0216695426778139,0.3903508771929824,0.369508172139751,0.6847540860698755,0.3903508771929824,0.3903508771929824,0.6140350877192983,6.146589259796807,0.2108709024403345
spatial,NDVI,1,6,"  + focal loss (g=1, w=3)",6897,228,0.08,22.88,0.8608690905551478,0.3217087809918244,0.0262505374848842,0.1866152417265378,0.1084252223372459,0.2715875337575427,0.21369413,0.0149570229096394,0.4078947368421052,0.3876518218623482,0.6938259109311741,0.4078947368421052,0.4078947368421052,0.6666666666666666,6.67343976777939,0.2235001757674388
spatial,NDVI,1,6,  - inner spatial early stop,6897,228,0.08,14.91,0.8601949843870434,0.3111391868783638,0.0266835056245327,0.1731995283983501,0.1091594099998474,0.266655180985077,0.20442581,0.0155609397381561,0.3903508771929824,0.369508172139751,0.6847540860698755,0.3903508771929824,0.3903508771929824,0.631578947368421,6.322206095791001,0.2230826757585084
spatial,NDVI,1,7,neural branch alone,6897,249,0.08,13.3,0.8687650723229862,0.2769910676952506,0.0302286464720964,0.1363267860706124,0.1209004446864128,0.2332364628079366,0.112364516,0.013340456000067,0.3172690763052209,0.2916974758238731,0.6458487379119365,0.3172690763052209,0.3172690763052209,0.5622489959839357,5.628202213789848,0.2383007233419802
spatial,NDVI,1,7,  + 3-member deep ensemble,6897,249,0.08,51.37,0.8714617797302326,0.2760598617413171,0.0301824826747179,0.1376457480455031,0.1203218251466751,0.2369061297486041,0.112502575,0.0135228961401797,0.3172690763052209,0.2916974758238731,0.6458487379119365,0.3172690763052209,0.3172690763052209,0.5622489959839357,5.628202213789848,0.2400433702779062
spatial,NDVI,1,7,  - Platt calibration,6897,249,0.08,17.32,0.8687635620701821,0.2769912903824406,0.0301720090210437,0.1379449944619335,0.1205518245697021,0.2354474488346524,0.12657118,0.0110103841773799,0.3172690763052209,0.2916974758238731,0.6458487379119365,0.3172690763052209,0.3172690763052209,0.5622489959839357,5.628202213789848,0.2382997473863368
spatial,NDVI,1,7,  - all-data training,6897,249,0.08,10.63,0.8357122835505681,0.2579665865927656,0.0303680058568716,0.1323451004251407,0.1229378879070282,0.2203147802225737,0.11988953,0.0079356015493643,0.3172690763052209,0.2916974758238731,0.6458487379119365,0.3172690763052209,0.3172690763052209,0.5341365461847389,5.346792103100356,0.2169415869493234
spatial,NDVI,1,7,  + terrain in the network,6897,249,0.08,9.64,0.8665860795770326,0.2701564985258319,0.0301411300897598,0.138827247190296,0.1200521066784858,0.2386167130905531,0.120953284,0.0112859750324794,0.3333333333333333,0.3083634175691937,0.6541817087845969,0.3333333333333333,0.3333333333333333,0.570281124497992,5.708605102558274,0.2368926302418469
spatial,NDVI,1,7,  + spatial Fourier features,6897,249,0.08,14.17,0.9233679604096288,0.3190652660640291,0.0286269262433052,0.1820900940338982,0.1033082753419876,0.3448078803358094,0.16836096,0.0092142946337816,0.3413654618473896,0.316696388441854,0.658348194220927,0.3413654618473896,0.3413654618473896,0.6947791164658634,6.954849878468883,0.2735858105017157
spatial,NDVI,1,7,  - effort/occupancy factorise,6897,249,0.08,6.06,0.861564791053504,0.277271852364671,0.0297054480761289,0.1512752701380367,0.1182418167591095,0.2500977651704232,0.12744331,0.0084878712160923,0.3534136546184739,0.3291958447508445,0.6645979223754223,0.3534136546184739,0.3534136546184739,0.5823293172690763,5.829209435710914,0.2336478091494456
spatial,NDVI,1,7,  - monotone effort,6897,249,0.08,25.32,0.8685950178572291,0.2950433776051099,0.0295206066220998,0.1565564398660973,0.117508664727211,0.2547474936866097,0.13770597,0.0103576600873523,0.3654618473895582,0.341695301059835,0.6708476505299175,0.3654618473895582,0.3654618473895582,0.606425702811245,6.070418102016194,0.2381908319480787
spatial,NDVI,1,7,  - grouped occupancy loss,6897,249,0.08,14.54,0.866266510083656,0.2770862737212122,0.0302549768239259,0.1355744923941657,0.1212536096572876,0.2309966528305402,0.11184799,0.0127445271009668,0.3172690763052209,0.2916974758238731,0.6458487379119365,0.3172690763052209,0.3172690763052209,0.5622489959839357,5.628202213789848,0.236686120348278
spatial,NDVI,1,7,  grouped occ. loss x5,6897,249,0.08,14.66,0.862224469478395,0.2766150448930469,0.0302771404385566,0.1349412480212144,0.121294192969799,0.2307392691266758,0.111425824,0.0135635397225084,0.3132530120481928,0.2875309903875429,0.6437654951937715,0.3132530120481928,0.3132530120481928,0.5502008032128514,5.507597880637208,0.2340741018111896
spatial,NDVI,1,7,  - spatial V-REx penalty,6897,249,0.08,14.96,0.8676396319332687,0.2771905586156515,0.0302608385682106,0.1354070144513405,0.1211131960153579,0.2318871711494368,0.11152039,0.0128059026193615,0.321285140562249,0.2958639612602032,0.6479319806301016,0.321285140562249,0.321285140562249,0.5582329317269076,5.588000769405635,0.237573449302535
spatial,NDVI,1,7,"  + focal loss (g=1, w=3)",6897,249,0.08,21.91,0.8706994041146535,0.3026460326052924,0.0294288303703069,0.1591786112035252,0.117690585553646,0.2535937323689564,0.14069806,0.012319353906573,0.3614457831325301,0.3375288156235048,0.6687644078117524,0.3614457831325301,0.3614457831325301,0.5783132530120482,5.7890079913267005,0.2395507133602311
spatial,NDVI,1,7,  - inner spatial early stop,6897,249,0.08,21.63,0.8676601713714062,0.2782803531651177,0.0300929434597492,0.1402040042226726,0.1201849058270454,0.2377744867021411,0.11770076,0.0125889636344459,0.3253012048192771,0.3000304466965334,0.6500152233482667,0.3253012048192771,0.3253012048192771,0.570281124497992,5.708605102558274,0.2375867221511108
spatial,NDVI,1,8,neural branch alone,6897,155,0.08,26.76,0.8087913034325029,0.2672796215994101,0.0190574545413255,0.1651670825824202,0.0877936780452728,0.2592357059480576,0.15213013,0.0157803926161575,0.3419354838709677,0.3268064420436168,0.6634032210218084,0.3419354838709677,0.3419354838709677,0.6,6.006095791001452,0.1585461445411513
spatial,NDVI,1,8,  + 3-member deep ensemble,6897,155,0.08,83.7,0.8077740882862364,0.2666938804836363,0.0191817600280046,0.1597217429715989,0.0885407179594039,0.2529325129740187,0.16439462,0.0169585261501213,0.3548387096774194,0.3400063157290361,0.670003157864518,0.3548387096774194,0.3548387096774194,0.6,6.006095791001452,0.1580238644810942
spatial,NDVI,1,8,  - Platt calibration,6897,155,0.08,14.34,0.8087922603611448,0.2672796141071387,0.0189573541283607,0.1695520921128857,0.0858048126101493,0.2760168743968131,0.16809192,0.0137570011288379,0.3419354838709677,0.3268064420436168,0.6634032210218084,0.3419354838709677,0.3419354838709677,0.6,6.006095791001452,0.1585466358661899
spatial,NDVI,1,8,  - all-data training,6897,155,0.08,9.27,0.8065444349814834,0.2413882429703455,0.0199877489358186,0.1244145055933069,0.0919822603464126,0.223894297768504,0.16895728,0.0198785956611143,0.3290322580645161,0.3136065683581975,0.6568032841790987,0.3290322580645161,0.3290322580645161,0.5612903225806452,5.618605739969099,0.1573925099406359
spatial,NDVI,1,8,  + terrain in the network,6897,155,0.08,25.32,0.8114391249844499,0.2620028214113915,0.0187919326126575,0.1767985649436972,0.0832748562097549,0.2973635295164899,0.17249638,0.0108936483928158,0.3354838709677419,0.3202065052009071,0.6601032526004535,0.3354838709677419,0.3354838709677419,0.6451612903225806,6.458167517205861,0.159905644930162
spatial,NDVI,1,8,  + spatial Fourier features,6897,155,0.08,20.73,0.8358695132103999,0.184298015740737,0.021291647106409,0.0672958011299712,0.0943841412663459,0.2036282870070714,0.13618912,0.0233350091798156,0.2967741935483871,0.2806068841446493,0.6403034420723246,0.2967741935483871,0.2967741935483871,0.4774193548387097,4.779043962732337,0.1724492101723113
spatial,NDVI,1,8,  - effort/occupancy factorise,6897,155,0.08,16.22,0.8217289786700606,0.2713838577773541,0.0193493384867906,0.1523807828585209,0.0887543484568595,0.2511299931552904,0.1666013,0.0175574592487367,0.3677419354838709,0.3532061894144553,0.6766030947072277,0.3677419354838709,0.3677419354838709,0.6,6.006095791001452,0.1651888786597607
spatial,NDVI,1,8,  - monotone effort,6897,155,0.08,10.4,0.8208706136783381,0.2574760606584471,0.0195742342621088,0.1425289741703982,0.090225413441658,0.2387177962952066,0.16566972,0.0189901859582829,0.3677419354838709,0.3532061894144553,0.6766030947072277,0.3677419354838709,0.3677419354838709,0.567741935483871,5.683187415141157,0.1647481588011863
spatial,NDVI,1,8,  - grouped occupancy loss,6897,155,0.08,17.18,0.8079664309432445,0.2651027654927153,0.0190628189593553,0.1649320883052809,0.0878882333636283,0.2584378899183613,0.15290897,0.0158173611431631,0.3548387096774194,0.3400063157290361,0.670003157864518,0.3548387096774194,0.3548387096774194,0.6064516129032258,6.07067746617351,0.1581226211023686
spatial,NDVI,1,8,  grouped occ. loss x5,6897,155,0.08,29.96,0.8090458464512301,0.2697595443957063,0.0190848615020513,0.163966490292897,0.0881496295332908,0.2562323444463052,0.15125413,0.0163723754955676,0.3483870967741935,0.3334063788863264,0.6667031894431632,0.3483870967741935,0.3483870967741935,0.6,6.006095791001452,0.1586768373841632
spatial,NDVI,1,8,  - spatial V-REx penalty,6897,155,0.08,17.68,0.8087769495028756,0.2664361396880161,0.0190700311213731,0.1646161515549048,0.0878097936511039,0.2590997295811651,0.15152915,0.0156798147321896,0.3419354838709677,0.3268064420436168,0.6634032210218084,0.3419354838709677,0.3419354838709677,0.6,6.006095791001452,0.1585387746467247
spatial,NDVI,1,8,"  + focal loss (g=1, w=3)",6897,155,0.08,12.05,0.8094927321269654,0.2335463037490418,0.0201168414205312,0.1187594662282328,0.0917279347777366,0.2260401846311375,0.16895798,0.018655854835269,0.3612903225806451,0.3466062525717457,0.6733031262858729,0.3612903225806451,0.3612903225806451,0.5483870967741935,5.489442389624982,0.1589062868586001
spatial,NDVI,1,8,  - inner spatial early stop,6897,155,0.08,16.11,0.8101329173883504,0.254825300370967,0.0197493769228458,0.1348566558075069,0.0910374447703361,0.2318662344592151,0.18044898,0.0204423874203692,0.3548387096774194,0.3400063157290361,0.670003157864518,0.3548387096774194,0.3548387096774194,0.5870967741935483,5.876932440657334,0.1592349842706049
spatial,NDVI,1,9,neural branch alone,6897,463,0.08,21.89,0.7682902184735385,0.2171907888723833,0.0592995882034301,0.0592792426319285,0.2336464673280716,0.0663323709892438,0.09279347,0.0313787522115546,0.2786177105831533,0.2267059915903028,0.6133529957951513,0.2786177105831533,0.2786177105831533,0.3563714902807775,3.567335513013821,0.2325767323788213
spatial,NDVI,1,9,  + 3-member deep ensemble,6897,463,0.08,56.03,0.779098753852878,0.2296290155466608,0.0589090846478939,0.0654741389482195,0.2324879318475723,0.0709619598187798,0.102326445,0.0321881002220568,0.2894168466522678,0.2382822492012264,0.6191411246006132,0.2894168466522678,0.2894168466522678,0.3650107991360691,3.653816373935368,0.2419464882171958
spatial,NDVI,1,9,  - Platt calibration,6897,463,0.08,15.38,0.7682917290769677,0.2171912877882404,0.0592709816992282,0.0597330523988047,0.2335753440856933,0.0666165844414661,0.0919181,0.0310900256211094,0.2786177105831533,0.2267059915903028,0.6133529957951513,0.2786177105831533,0.2786177105831533,0.3563714902807775,3.567335513013821,0.2325780419044655
spatial,NDVI,1,9,  - all-data training,6897,463,0.08,14.7,0.7776651911987544,0.2189914898722006,0.0594089105725288,0.0575449671509089,0.2321886718273162,0.0721578237955197,0.09964863,0.0325526846944097,0.285097192224622,0.233651746156857,0.6168258730784285,0.285097192224622,0.285097192224622,0.3606911447084233,3.6105759434745934,0.2407037544290319
spatial,NDVI,1,9,  + terrain in the network,6897,463,0.08,17.4,0.7665785369436531,0.2293754708234771,0.0582469478249549,0.0759781891857953,0.2263782173395156,0.0953768064197346,0.10940316,0.0294962470934585,0.3153347732181425,0.2660652674674431,0.6330326337337215,0.3153347732181425,0.3153347732181425,0.3887688984881209,3.891638741469623,0.2310929015463265
spatial,NDVI,1,9,  + spatial Fourier features,6897,463,0.08,6.76,0.8063664885049793,0.2144500498014636,0.0573116615414619,0.090815446030568,0.2038215696811676,0.1855147484928291,0.08671156,0.0097540908094165,0.2548596112311015,0.2012382248462709,0.6006191124231355,0.2548596112311015,0.2548596112311015,0.3434125269978402,3.4376142216315,0.2655844749378493
spatial,NDVI,1,9,  - effort/occupancy factorise,6897,463,0.08,6.67,0.7781702362785177,0.2181036341787894,0.0588535629212856,0.0663549282131659,0.230541706085205,0.0787392141203292,0.09204732,0.0305450441370728,0.2678185745140389,0.2151297339793792,0.6075648669896896,0.2678185745140389,0.2678185745140389,0.3563714902807775,3.567335513013821,0.2411415703608059
spatial,NDVI,1,9,  - monotone effort,6897,463,0.08,26.84,0.7775455178382124,0.2205288069375417,0.0588995814323425,0.0656248966921057,0.2299117743968963,0.0812564652159176,0.09657965,0.0296917696514085,0.2872570194384449,0.2359669976790417,0.6179834988395209,0.2872570194384449,0.2872570194384449,0.367170626349892,3.6754365891657543,0.2406000114028958
spatial,NDVI,1,9,  - grouped occupancy loss,6897,463,0.08,12.97,0.7603533402127333,0.2146034523631663,0.0592640228569507,0.0598434465444649,0.2339264005422592,0.0652137382816286,0.0949959,0.0315314424805514,0.2829373650107991,0.2313364946346723,0.6156682473173362,0.2829373650107991,0.2829373650107991,0.3520518358531317,3.5240950825530475,0.2256963726738692
spatial,NDVI,1,9,  grouped occ. loss x5,6897,463,0.08,24.57,0.7700817941403357,0.222426596355291,0.0592015236616134,0.0608349254426134,0.2324076741933822,0.0712826750196323,0.09207896,0.0298028139312971,0.2786177105831533,0.2267059915903028,0.6133529957951513,0.2786177105831533,0.2786177105831533,0.3542116630669546,3.5457152977834343,0.2341298222216604
spatial,NDVI,1,9,  - spatial V-REx penalty,6897,463,0.08,25.06,0.7683153951973553,0.2160552793383593,0.0593033842742443,0.0592190222708858,0.2335657626390457,0.0666548725725741,0.09285553,0.031524990926183,0.2807775377969762,0.2290212431124876,0.6145106215562438,0.2807775377969762,0.2807775377969762,0.3585313174946004,3.5889557282442075,0.2325985576935076
spatial,NDVI,1,9,"  + focal loss (g=1, w=3)",6897,463,0.08,22.05,0.7652475274778764,0.224487617232316,0.0590799152851104,0.0627641045062814,0.231108009815216,0.0764762247974182,0.110477045,0.0297844990228023,0.3002159827213823,0.24985850681215,0.6249292534060751,0.3002159827213823,0.3002159827213823,0.3779697624190065,3.783537665317689,0.2299390695852262
spatial,NDVI,1,9,  - inner spatial early stop,6897,463,0.08,16.14,0.7839425876703876,0.2357111998927799,0.058434035629034,0.073010253217272,0.2257311046123504,0.0979627141485541,0.11241081,0.0290384830214808,0.3131749460043196,0.2637500159452584,0.6318750079726292,0.3131749460043196,0.3131749460043196,0.3585313174946004,3.5889557282442075,0.2461455344816137
spatial,NDVI,0,0,HERON (full),11496,293,0.08,70.64,0.91282350930501,0.3829105501420166,0.0196993264444988,0.2312166490966986,0.0836373506824057,0.3477481743872257,0.2217426604325739,0.0161340810303779,0.4027303754266211,0.3871095595737246,0.6935547797868623,0.4027303754266211,0.4027303754266211,0.7747440273037542,7.751485933754534,0.2253768315332285
spatial,NDVI,0,0,- tree members,11496,293,0.08,48.61,0.8849128966247765,0.3373967949985166,0.0203407648990461,0.2061839554218955,0.0917687198031566,0.2843351141878325,0.2081921366730554,0.0192196569908038,0.3822525597269625,0.3660961730448237,0.6830480865224119,0.3822525597269625,0.3822525597269625,0.6279863481228669,6.283142783307641,0.2101393140221447
spatial,NDVI,0,0,- neural member,11496,293,0.08,34.27,0.9128478811288664,0.3829365803860232,0.0197000707044208,0.2311876037058113,0.083663832997323,0.3475416501715451,0.2216919041217993,0.016185974792257,0.4027303754266211,0.3871095595737246,0.6935547797868623,0.4027303754266211,0.4027303754266211,0.7747440273037542,7.751485933754534,0.2253901370851153
spatial,NDVI,0,0,- GLM member,11496,293,0.08,36.27,0.909790740473892,0.3564173417957356,0.0202301571693996,0.210500518288805,0.0867203387096568,0.3237052730673025,0.2041832674026182,0.0192416606074414,0.378839590443686,0.3625939419566736,0.6812969709783367,0.378839590443686,0.378839590443686,0.7849829351535836,7.8539284791345505,0.2237211219756966
spatial,NDVI,0,0,- all-data training,11496,293,0.08,98.65,0.9122294460985126,0.3791009998822655,0.0197556208438231,0.2290197111926768,0.0837666357099017,0.346739935908596,0.2174653555415921,0.0160352564238605,0.3959044368600682,0.3801050973974243,0.6900525486987121,0.3959044368600682,0.3959044368600682,0.7815699658703071,7.819780964007878,0.225052508716836
spatial,NDVI,0,1,HERON (full),11496,665,0.08,92.42,0.7996845590108593,0.2525012441823938,0.0487329244960462,0.1077231025537069,0.1854954546537202,0.1652328123158141,0.1223133247172137,0.0125402747892563,0.3172932330827068,0.2753765125582861,0.637688256279143,0.3172932330827068,0.3172932330827068,0.4526315789473684,4.528679400851999,0.2423557550042385
spatial,NDVI,0,1,- tree members,11496,665,0.08,38.84,0.7820227792267114,0.2192683386016632,0.0504495910627739,0.0762917461565773,0.1951279869001633,0.1218844625211997,0.094892612391793,0.0162588967963104,0.3007518796992481,0.2578195558141036,0.6289097779070518,0.3007518796992481,0.3007518796992481,0.4075187969924812,4.077316005418245,0.2280726234727582
spatial,NDVI,0,1,- neural member,11496,665,0.08,31.79,0.7929039661289683,0.2504927984908865,0.0488201656119291,0.1061257588068508,0.1869707386450676,0.1585937349821322,0.1135504108436211,0.0118257800843697,0.3233082706766917,0.2817608604652615,0.6408804302326307,0.3233082706766917,0.3233082706766917,0.4481203007518797,4.483543061308624,0.2368722702605101
spatial,NDVI,0,1,- GLM member,11496,665,0.08,114.49,0.8094274093506316,0.2532269365013567,0.0488294670369862,0.1059554540944293,0.183528157139427,0.1740860503448018,0.1366312025695653,0.0129925736895687,0.312781954887218,0.2705882516280545,0.6352941258140272,0.312781954887218,0.312781954887218,0.4631578947368421,4.633997526453209,0.2502348257771283
spatial,NDVI,0,1,- all-data training,11496,665,0.08,120.83,0.793078763754553,0.25080991215093,0.0488059385028567,0.1063862504739121,0.1869079296632594,0.1588763881458076,0.1139478588497414,0.0119373981087155,0.3203007518796992,0.2785686865117738,0.6392843432558869,0.3203007518796992,0.3203007518796992,0.4511278195488721,4.513633954337542,0.2370136295973452
spatial,NDVI,0,2,HERON (full),11496,874,0.08,117.41,0.871261644693217,0.4256707923708752,0.0543179359447446,0.2382775721781012,0.193098237643078,0.3091184018270434,0.2508535259996325,0.0155134115892699,0.4679633867276888,0.4241863202618631,0.7120931601309315,0.4679633867276888,0.4679633867276888,0.5446224256292906,5.4490682376277855,0.3408653206132589
spatial,NDVI,0,2,- tree members,11496,874,0.08,60.46,0.8552932108007775,0.4066592126578373,0.0557542748711929,0.2181352093434332,0.1998107453407092,0.2851018799649448,0.2482497304980807,0.0122452729099696,0.4439359267734554,0.3981818314994956,0.6990909157497478,0.4439359267734554,0.4439359267734554,0.5148741418764302,5.15143005658089,0.3262042711452059
spatial,NDVI,0,2,- neural member,11496,874,0.08,65.23,0.8709007943877114,0.4233619960680909,0.0542769899077648,0.2388517750478436,0.1926178174958015,0.3108372856614905,0.2395863280783082,0.0112186355224452,0.465675057208238,0.4217097022844948,0.7108548511422474,0.465675057208238,0.465675057208238,0.5366132723112128,5.368934881192082,0.3405340142250596
spatial,NDVI,0,2,- GLM member,11496,874,0.08,114.43,0.8682255471675512,0.4207086901765214,0.0547540271479909,0.232162088511224,0.1954505278887873,0.300702198426336,0.2352307035450899,0.0172205508227038,0.4668192219679634,0.422948011273179,0.7114740056365895,0.4668192219679634,0.4668192219679634,0.5377574370709383,5.38038250354004,0.3380777976593209
spatial,NDVI,0,2,- all-data training,11496,874,0.08,115.84,0.8710199288467827,0.4235520105826014,0.0542289469778306,0.2395255005234655,0.1924663692098872,0.3113791488866038,0.2397279907113079,0.0115983412171467,0.4645308924485126,0.4204713932958106,0.7102356966479053,0.4645308924485126,0.4645308924485126,0.5411899313501144,5.414725370583913,0.3406433947809791
spatial,NDVI,0,3,HERON (full),11496,534,0.08,111.73,0.8424841143425672,0.3419142227851074,0.0365363819188285,0.1752805730197927,0.1441260462386039,0.2334543878721364,0.1633143718045641,0.0171281528514454,0.4157303370786517,0.3872683775822094,0.6936341887911047,0.4157303370786517,0.4157303370786517,0.5224719101123596,5.227447413970134,0.2496892409325966
spatial,NDVI,0,3,- tree members,11496,534,0.08,59.81,0.8497610403525423,0.3489971041561802,0.0364533506367672,0.177154801056797,0.143465561067849,0.2369672297402849,0.1475210696618453,0.0177920195540917,0.4044943820224719,0.3754850771510981,0.687742538575549,0.4044943820224719,0.4044943820224719,0.5880149812734082,5.8832203870488256,0.2549945092812943
spatial,NDVI,0,3,- neural member,11496,534,0.08,54.28,0.8383250411534022,0.3294381134925535,0.0368553065690736,0.1680816293645525,0.1451328493890015,0.2280996268323719,0.1561754336684778,0.0151037289579562,0.3913857677902622,0.3617378933148015,0.6808689466574007,0.3913857677902622,0.3913857677902622,0.49625468164794,4.965138224738658,0.2466570540833491
spatial,NDVI,0,3,- GLM member,11496,534,0.08,114.78,0.8399800605018222,0.34331369384942,0.0366793793399935,0.1720527561137591,0.1451675353013291,0.2279151471037507,0.161975581234379,0.0180985998299372,0.4157303370786517,0.3872683775822094,0.6936341887911047,0.4157303370786517,0.4157303370786517,0.5187265917602997,5.189974672651353,0.2478636517254879
spatial,NDVI,0,3,- all-data training,11496,534,0.08,83.3,0.8382939497494579,0.3291440984351735,0.0368623592156261,0.1679224331245856,0.1451531384169555,0.2279917180555868,0.1559728362032404,0.0151040061117389,0.3895131086142322,0.3597740099096163,0.6798870049548081,0.3895131086142322,0.3895131086142322,0.4943820224719101,4.946401854079268,0.2466343867866037
spatial,NDVI,0,4,HERON (full),11496,606,0.08,101.77,0.9008540247964189,0.4130521843388483,0.0393627104839678,0.2120624684249904,0.1478530338055041,0.284549672420389,0.292327320528663,0.0339646820441947,0.4686468646864686,0.4390784532998754,0.7195392266499377,0.4686468646864686,0.4686468646864686,0.6864686468646864,6.868271161319788,0.3102989957347427
spatial,NDVI,0,4,- tree members,11496,606,0.08,63.23,0.8770745256343815,0.4017350436272222,0.038865045462063,0.2220244081412764,0.1476051308730454,0.2857492571003278,0.1867819541809303,0.0214813223480723,0.4537953795379538,0.4234005218703688,0.7117002609351843,0.4537953795379538,0.4537953795379538,0.6584158415841584,6.5875966186697,0.291891410298117
spatial,NDVI,0,4,- neural member,11496,606,0.08,57.37,0.8954487873029727,0.4066392705061438,0.0400770754991866,0.197762767011789,0.1513849805997935,0.2674588327809928,0.2661821939596052,0.0340411255031575,0.4785478547854785,0.4495304075862131,0.7247652037931066,0.4785478547854785,0.4785478547854785,0.6798679867986799,6.802230092460943,0.3061148297766622
spatial,NDVI,0,4,- GLM member,11496,606,0.08,85.68,0.9035939957632128,0.4014705783992483,0.0403592262521278,0.1921148539216798,0.1493202014835088,0.2774501522494098,0.3160928778634159,0.0379674448704672,0.462046204620462,0.4321104837756503,0.7160552418878251,0.462046204620462,0.462046204620462,0.6831683168316832,6.835250626890366,0.3124199928727162
spatial,NDVI,0,4,- all-data training,11496,606,0.08,107.35,0.8943454951555762,0.4050844222349101,0.0403753233695152,0.1917926321340104,0.1524503964432229,0.2623033611983618,0.2678719595329881,0.0352601763351736,0.4768976897689769,0.4477884152051569,0.7238942076025784,0.4768976897689769,0.4768976897689769,0.6732673267326733,6.7361890236020985,0.3052607771156604
spatial,NDVI,0,5,HERON (full),11496,398,0.08,107.88,0.8675706429063683,0.2225155452264258,0.0297882206622657,0.1164439132715053,0.1171480798331253,0.2383347103665912,0.1034268539358806,0.008930385451232,0.2864321608040201,0.2608419643722305,0.6304209821861153,0.2864321608040201,0.2864321608040201,0.5452261306532663,5.455108440374195,0.2327815650478721
spatial,NDVI,0,5,- tree members,11496,398,0.08,32.55,0.7591908451973328,0.1619959598820783,0.0312604464620958,0.0727758445665361,0.1321874709764141,0.1405526363677639,0.0658113529083427,0.0047439223160951,0.2537688442211055,0.2270072655582834,0.6135036327791417,0.2537688442211055,0.2537688442211055,0.414572864321608,4.1478935145702405,0.1641449113404963
spatial,NDVI,0,5,- neural member,11496,398,0.08,75.39,0.8639833697230068,0.2178481758561241,0.0298418256648158,0.1148539214818221,0.1171375709058736,0.2384030365835492,0.1037636307550195,0.0067251931260418,0.2839195979899497,0.2582392952326962,0.6291196476163481,0.2839195979899497,0.2839195979899497,0.550251256281407,5.505385937520501,0.2305097539498084
spatial,NDVI,0,5,- GLM member,11496,398,0.08,108.88,0.8697637584208663,0.2230292694506548,0.0297395041203935,0.1178889071697165,0.1169099733181976,0.2398828148503727,0.1060159114824369,0.0090749234951737,0.278894472361809,0.2530339569536274,0.6265169784768136,0.278894472361809,0.278894472361809,0.5653266331658291,5.656218428959419,0.2341704595954861
spatial,NDVI,0,5,- all-data training,11496,398,0.08,95.55,0.864797949017026,0.2181189928822807,0.0298362007102468,0.1150207647083243,0.1171286833668806,0.2384608209703773,0.1038705317997974,0.0070703652784833,0.2889447236180904,0.263444633511765,0.6317223167558825,0.2889447236180904,0.2889447236180904,0.542713567839196,5.429969691801042,0.2310256249710033
