protocol,index,rep,fold,method,n_test,pos_test,block_deg,secs,AUC,AP,Brier,BrierSkill,LogLoss,pseudoR2,TjurR2,ECE,F1,MCC,BalAcc,Precision_at_prev,Recall_at_prev,Recall_at_10pct,Lift_at_10pct,SpearmanRank
spatial,NDVI,0,0,GLM-m4 (published),6898,166,0.08,0.41,0.8218766330920831,0.1382979706061835,0.0220784769344299,0.0893480036872137,0.0967196598822668,0.2139497728911364,0.0524241298003104,0.006480935740589,0.216867469879518,0.1975567152746458,0.5987783576373229,0.216867469879518,0.216867469879518,0.4819277108433735,4.824872785772991,0.1708767542344959
spatial,NDVI,0,0,GLM-m3 (published),6898,166,0.08,0.32,0.8213522539355282,0.1377338371703539,0.0220891757236903,0.0889067199054108,0.096815667261054,0.2131695114428266,0.052046123010414,0.0067942930078033,0.2048192771084337,0.1852114339711788,0.5926057169855894,0.2048192771084337,0.2048192771084337,0.4819277108433735,4.824872785772991,0.1705983736406654
spatial,NDVI,0,0,GLM-splines,6898,166,0.08,2.45,0.8199240813521466,0.1552713618728765,0.021834780551246,0.0993995393298076,0.0947571693240857,0.2298991274570544,0.0622398931740023,0.0090531465577366,0.2409638554216867,0.2222472778815798,0.6111236389407899,0.2409638554216867,0.2409638554216867,0.5060240963855421,5.06611642506164,0.1698401903168541
spatial,NDVI,0,0,GLM-m4 + terrain,6898,166,0.08,1.43,0.8089479128635755,0.1504199456305388,0.0219445667570773,0.0948712818868331,0.0965216132859405,0.2155593171369486,0.0725631035188258,0.0050482018113339,0.2409638554216867,0.2222472778815798,0.6111236389407899,0.2409638554216867,0.2409638554216867,0.4819277108433735,4.824872785772991,0.1640131999317321
spatial,NDVI,0,0,RandomForest,6898,166,0.08,8.4,0.82788104288813,0.150114258467078,0.0218405907195907,0.0991598923008182,0.0939999665082604,0.2360529895164484,0.0799379884127377,0.0047305037432826,0.2590361445783132,0.2407651998367802,0.6203825999183901,0.2590361445783132,0.2590361445783132,0.5060240963855421,5.06611642506164,0.1740659423942484
spatial,NDVI,0,0,LightGBM,6898,166,0.08,9.55,0.8228690161716384,0.1437758634689399,0.0223686524461204,0.0773793833069756,0.0999661487676085,0.1875652371231695,0.064619436988199,0.0093423512221728,0.2349397590361445,0.2160746372298463,0.6080373186149232,0.2349397590361445,0.2349397590361445,0.536144578313253,5.367670974172452,0.1714035867351303
spatial,NDVI,0,0,XGBoost,6898,166,0.08,7.32,0.8374424614679752,0.142674358334313,0.0222730059176683,0.0813244336079542,0.0948035717010498,0.2295220074503905,0.0719505324959755,0.0056989169986568,0.2228915662650602,0.2037293559263793,0.6018646779631897,0.2228915662650602,0.2228915662650602,0.536144578313253,5.367670974172452,0.1791402869865196
spatial,NDVI,0,0,MLP,6898,166,0.08,50.82,0.7405168803556472,0.0840874518424865,0.0263485331088304,-0.0867753399262944,0.1373092532157898,-0.1159258652173358,0.0776857510209083,0.0215241050785699,0.1566265060240964,0.1358303087573109,0.5679151543786555,0.1566265060240964,0.1566265060240964,0.3614457831325301,3.618654589329743,0.1276854261107105
spatial,NDVI,0,0,LightGBM + terrain,6898,166,0.08,15.76,0.8490915533792925,0.1708253171689166,0.0217684329763982,0.1021361208279392,0.0945687305825245,0.2314305877183976,0.080457656703383,0.0088579872085628,0.2590361445783132,0.2407651998367802,0.6203825999183901,0.2590361445783132,0.2590361445783132,0.5662650602409639,5.669225523283264,0.1853245166065546
spatial,NDVI,0,0,XGBoost + terrain,6898,166,0.08,12.99,0.8511872803155581,0.1686057074523611,0.0217154696583747,0.1043206533676008,0.0905900821089744,0.2637654536020605,0.0882373973727226,0.0049865676785136,0.2650602409638554,0.2469378404885137,0.6234689202442569,0.2650602409638554,0.2650602409638554,0.5783132530120482,5.7898473429275885,0.186437088903867
spatial,NDVI,0,0,MLP + terrain,6898,166,0.08,55.02,0.736444888287553,0.0672156926323323,0.0331040322780609,-0.3654136184098786,0.2186313569545745,-0.776838635847434,0.0718987509608268,0.0334304415780464,0.1024096385542168,0.0802765428917094,0.5401382714458547,0.1024096385542168,0.1024096385542168,0.3433734939759036,3.437721859863256,0.128884052015988
spatial,NDVI,0,1,GLM-m4 (published),6898,395,0.08,0.39,0.7549935083515495,0.1660539564761168,0.0525867817319416,0.02745214474077,0.2059704171099065,0.0649233626440625,0.0609953676546594,0.0227146437583403,0.2126582278481012,0.1648341466548058,0.5824170733274029,0.2126582278481012,0.2126582278481012,0.3392405063291139,3.3963439951498224,0.2052352652295508
spatial,NDVI,0,1,GLM-m3 (published),6898,395,0.08,0.34,0.7561785505034677,0.1656632374524282,0.0526325984931952,0.0266048026630724,0.2059429075029228,0.0650482523789781,0.0604976646180948,0.0220591182513363,0.2177215189873417,0.170204988155418,0.585102494077709,0.2177215189873417,0.2177215189873417,0.3392405063291139,3.3963439951498224,0.2061890637867353
spatial,NDVI,0,1,GLM-splines,6898,395,0.08,2.63,0.7651165868917364,0.165891907677217,0.0520870327690591,0.0366945772687182,0.2050623133414079,0.0690460256465111,0.0607007322866051,0.0242065003483371,0.2278481012658227,0.1809466711566424,0.5904733355783212,0.2278481012658227,0.2278481012658227,0.3291139240506329,3.294960592309529,0.213382973469521
spatial,NDVI,0,1,GLM-m4 + terrain,6898,395,0.08,1.45,0.7430406998133285,0.1702714618920856,0.0534848693514576,0.0108427771501184,0.2161075136990816,0.0189023741731787,0.0889144756002461,0.0340841619649964,0.2050632911392405,0.1567778844038876,0.5783889422019438,0.2050632911392405,0.2050632911392405,0.3189873417721519,3.1935771894692366,0.1956148719637043
spatial,NDVI,0,1,RandomForest,6898,395,0.08,9.12,0.7906452134068598,0.1854202322481653,0.0509029826205375,0.0585925789059734,0.1918915863366438,0.1288392682488031,0.08860478554651,0.0227874528706049,0.2126582278481012,0.1648341466548058,0.5824170733274029,0.2126582278481012,0.2126582278481012,0.3620253164556962,3.6244566515404815,0.2339300651145576
spatial,NDVI,0,1,LightGBM,6898,395,0.08,9.94,0.7809731438459756,0.1784485360137274,0.052979188557114,0.0201949138618029,0.2058377116512083,0.0655258267057443,0.0897236304890956,0.0280842008216635,0.2151898734177215,0.1675195674051119,0.583759783702556,0.2151898734177215,0.2151898734177215,0.3544303797468354,3.5484190994102627,0.2261453557499118
spatial,NDVI,0,1,XGBoost,6898,395,0.08,5.7,0.7809789834097992,0.1812515812172144,0.0533334016799926,0.0136440430609182,0.1997031718492508,0.0933757457560122,0.1085647940635681,0.0226410137333227,0.2151898734177215,0.1675195674051119,0.583759783702556,0.2151898734177215,0.2151898734177215,0.3518987341772152,3.523073248700189,0.2261500558085018
spatial,NDVI,0,1,MLP,6898,395,0.08,49.96,0.6735080401061243,0.1202205447068731,0.0690570771694183,-0.2771519777334965,0.3354099094867706,-0.5227137167557594,0.0968420729041099,0.064418497385493,0.1518987341772152,0.1003840486474596,0.5501920243237298,0.1518987341772152,0.1518987341772152,0.230379746835443,2.30647241461667,0.1396819941005817
spatial,NDVI,0,1,LightGBM + terrain,6898,395,0.08,15.22,0.7731383957160958,0.15971799682347,0.0546671217151889,-0.0110219759846723,0.2534101664556037,-0.1504464070423896,0.0466045543448551,0.0381498320592103,0.2050632911392405,0.1567778844038876,0.5783889422019438,0.2050632911392405,0.2050632911392405,0.3139240506329114,3.1428854880490897,0.2198394438103376
spatial,NDVI,0,1,XGBoost + terrain,6898,395,0.08,12.7,0.7701407529533594,0.1654295129640726,0.0532248578965663,0.0156514681266137,0.2195948362350464,0.0030703929544199,0.0664692819118499,0.0341468460548822,0.2126582278481012,0.1648341466548058,0.5824170733274029,0.2126582278481012,0.2126582278481012,0.3265822784810127,3.269614741599456,0.2174267470793727
spatial,NDVI,0,1,MLP + terrain,6898,395,0.08,54.07,0.6888773827853552,0.1152931028175949,0.0720826312899589,-0.333107030961544,0.5566290616989136,-1.5270174894080002,0.0684408545494079,0.0692587163565752,0.1594936708860759,0.1084403108983779,0.554220155449189,0.1594936708860759,0.1594936708860759,0.2784810126582278,2.788043578108064,0.156570854906596
spatial,NDVI,0,2,GLM-m4 (published),6898,447,0.08,0.4,0.7968514671086147,0.3003403045867426,0.0528168616268145,0.1329559769205801,0.1994193944815795,0.1797626390033987,0.1144636137138533,0.0156476152089763,0.3668903803131991,0.3230212127422798,0.66151060637114,0.3668903803131991,0.3668903803131991,0.4384787472035794,4.389878662133949,0.2531476621734082
spatial,NDVI,0,2,GLM-m3 (published),6898,447,0.08,0.31,0.7980308968278161,0.3049052645990239,0.0525870295051773,0.1367289115713601,0.1986785995822477,0.1828096227476194,0.1187967204628542,0.0158308436342631,0.3736017897091722,0.33019766631745,0.6650988331587251,0.3736017897091722,0.3736017897091722,0.4407158836689038,4.412276002246877,0.2541534509573472
spatial,NDVI,0,2,GLM-splines,6898,447,0.08,2.17,0.799104209083308,0.2911488493682029,0.0529593294614461,0.1306172184125265,0.1997442044461417,0.1784266542620428,0.1092644741444058,0.0191232726897833,0.3892617449664429,0.3469427246595138,0.6734713623297569,0.3892617449664429,0.3892617449664429,0.4988814317673378,4.9946068451830135,0.2550687453667242
spatial,NDVI,0,2,GLM-m4 + terrain,6898,447,0.08,1.32,0.8002257250232956,0.2598568123586834,0.0552282354549434,0.0933707535526733,0.2082925868584209,0.1432660689595668,0.0831589443980872,0.0250171694597641,0.2953020134228188,0.2464723746071313,0.6232361873035657,0.2953020134228188,0.2953020134228188,0.3982102908277405,3.9867265401012393,0.2560251466978793
spatial,NDVI,0,2,RandomForest,6898,447,0.08,8.1,0.8171642916815351,0.2552308390215402,0.0541800978600257,0.1105770283870131,0.1985166831774582,0.1834756055368657,0.1161363082170841,0.0143746626497989,0.3154362416107382,0.2680017353326418,0.6340008676663209,0.3154362416107382,0.3154362416107382,0.4161073825503356,4.165905261004666,0.2704699409972408
spatial,NDVI,0,2,LightGBM,6898,447,0.08,9.58,0.7810980521896784,0.1840929018377016,0.0593350274082788,0.0259534684756219,0.2254646315699526,0.0726352625943241,0.1011257167043446,0.0332409060001804,0.2237136465324384,0.1699235364719827,0.5849617682359913,0.2237136465324384,0.2237136465324384,0.29082774049217,2.9116542146806803,0.2397135349819577
spatial,NDVI,0,2,XGBoost,6898,447,0.08,7.04,0.7998179010451185,0.219816978195924,0.0562591776251792,0.0764467595986345,0.2073664516210556,0.1470755395742979,0.1144786775112152,0.0188303396146472,0.2460850111856823,0.1938450483892166,0.5969225241946083,0.2460850111856823,0.2460850111856823,0.3400447427293065,3.404395697165103,0.2556773636595111
spatial,NDVI,0,2,MLP,6898,447,0.08,49.44,0.7388046942759338,0.1650092889981325,0.0681940913200378,-0.1194773310490044,0.3113460540771484,-0.2806057252920624,0.1204561442136764,0.0557946943015653,0.2170022371364653,0.1627470828968125,0.5813735414484063,0.2170022371364653,0.2170022371364653,0.2953020134228188,2.956448894906537,0.2036523109143007
spatial,NDVI,0,2,LightGBM + terrain,6898,447,0.08,16.41,0.815440576474452,0.2629700846971223,0.0549089825770427,0.0986116234398422,0.2141013344512915,0.1193739504990845,0.1001726792199088,0.0266097542080112,0.3042505592841163,0.2560409793740248,0.6280204896870124,0.3042505592841163,0.3042505592841163,0.3892617449664429,3.8971371796495258,0.2689999986638611
spatial,NDVI,0,2,XGBoost + terrain,6898,447,0.08,12.73,0.8166274621592406,0.2424074183601033,0.0545538701117038,0.1044411659592091,0.2029377371072769,0.1652914028806102,0.1115446090698242,0.0160567150017512,0.29082774049217,0.2416880722236845,0.6208440361118422,0.29082774049217,0.29082774049217,0.3959731543624161,3.964329199988311,0.2700121457220587
spatial,NDVI,0,2,MLP + terrain,6898,447,0.08,54.42,0.7237263043344824,0.1474588885093497,0.0740966796875,-0.2163744924302841,0.5386211276054382,-1.215416867315989,0.0989195257425308,0.0703391577552708,0.2013422818791946,0.1460020245547488,0.5730010122773744,0.2013422818791946,0.2013422818791946,0.2953020134228188,2.956448894906537,0.19615627116332
spatial,NDVI,0,3,GLM-m4 (published),6898,231,0.08,0.41,0.8413400758533502,0.2392851369174414,0.0287704931995888,0.1190412846855101,0.1204463706507862,0.1975346665354438,0.113201164669907,0.0139779040823736,0.3116883116883117,0.2878395041286897,0.6439197520643448,0.3116883116883117,0.3116883116883117,0.5367965367965368,5.37419812891511,0.2127286291457008
spatial,NDVI,0,3,GLM-m3 (published),6898,231,0.08,0.33,0.8424491113106682,0.2405625724178271,0.0287376944019383,0.1200455909531028,0.1202886593183381,0.1985854070127228,0.1136518417414071,0.0140616706050596,0.3116883116883117,0.2878395041286897,0.6439197520643448,0.3116883116883117,0.3116883116883117,0.5324675324675324,5.33085782142386,0.2134197978926445
spatial,NDVI,0,3,GLM-splines,6898,231,0.08,2.57,0.8611890834029727,0.2678597168507384,0.0292466706355464,0.1044606287567847,0.1241933321103428,0.1725708036902974,0.1395110450841072,0.0293017663212367,0.316017316017316,0.292318500958069,0.6461592504790344,0.316017316017316,0.316017316017316,0.5974025974025974,5.980962433792622,0.2250988501207144
spatial,NDVI,0,3,GLM-m4 + terrain,6898,231,0.08,1.2,0.8676420075100142,0.2825147318297753,0.0285633647323392,0.1253836030860805,0.1217924668190776,0.1885663970498055,0.1474894959901169,0.0279352875774562,0.3376623376623376,0.3147134851049655,0.6573567425524828,0.3376623376623376,0.3376623376623376,0.6320346320346321,6.32768489372263,0.2291204162820435
spatial,NDVI,0,3,RandomForest,6898,231,0.08,8.93,0.8504000124669091,0.277274600756789,0.0292112430191676,0.1055454300215793,0.1233010675682125,0.1785154524121347,0.1152517727177278,0.0256224786994914,0.3333333333333333,0.3102344882755862,0.6551172441377932,0.3333333333333333,0.3333333333333333,0.5151515151515151,5.157496591458856,0.2183749982283244
spatial,NDVI,0,3,LightGBM,6898,231,0.08,9.57,0.8346732014048649,0.1913795676834173,0.0297450346949808,0.0892006136255699,0.1211762784448158,0.1926717080405583,0.1110848564916562,0.0091569643141051,0.2424242424242424,0.2161755548586207,0.6080877774293103,0.2424242424242424,0.2424242424242424,0.4718614718614718,4.724093516546347,0.2085737229407568
spatial,NDVI,0,3,XGBoost,6898,231,0.08,7.24,0.8276053729781042,0.2039785400475881,0.0300603806972503,0.0795446509310235,0.1244141682982444,0.1710994920643682,0.1178870499134063,0.0189672637511929,0.2813852813852814,0.2564865263230345,0.6282432631615172,0.2813852813852814,0.2813852813852814,0.4675324675324675,4.680753209055096,0.2041689385812937
spatial,NDVI,0,3,MLP,6898,231,0.08,50.07,0.7507390864223024,0.1228193175424536,0.039244033396244,-0.2016607780991446,0.1862133741378784,-0.2406333018059745,0.153649166226387,0.0376744278531659,0.2121212121212121,0.1848225770529655,0.5924112885264827,0.2121212121212121,0.2121212121212121,0.3896103896103896,3.90062767421258,0.1562788636585831
spatial,NDVI,0,3,LightGBM + terrain,6898,231,0.08,21.64,0.7944940415316897,0.2832328687122305,0.0276068843750565,0.1546712381964644,0.1212054271577842,0.1924775068243172,0.1191827049852655,0.0137968636317404,0.3766233766233766,0.3550244565693793,0.6775122282846897,0.3766233766233766,0.3766233766233766,0.4372294372294372,4.377371056616339,0.1835334241699333
spatial,NDVI,0,3,XGBoost + terrain,6898,231,0.08,13.59,0.7724678701129878,0.2316506065158237,0.0290603823959827,0.1101648148847644,0.1249222755432128,0.1677142638447777,0.1200401335954666,0.0174980860608511,0.3463203463203463,0.3236714787637241,0.661835739381862,0.3463203463203463,0.3463203463203463,0.4069264069264069,4.073988904177583,0.1698063598236088
spatial,NDVI,0,3,MLP + terrain,6898,231,0.08,53.77,0.6333907330607496,0.0990770266930304,0.0378871969878673,-0.1601141542396502,0.3520257472991943,-1.3453463920864377,0.0948664173483848,0.0360732553734992,0.1601731601731601,0.1310746151004138,0.5655373075502069,0.1601731601731601,0.1601731601731601,0.2987012987012987,2.990481216896311,0.0876657026976472
spatial,NDVI,0,4,GLM-m4 (published),6898,129,0.08,0.46,0.7293962100364062,0.1003167563310087,0.0178777650757364,0.0819717870550075,0.0861210636356709,0.2013484134276263,0.0549152042428979,0.0088541314866664,0.1395348837209302,0.1231365974157152,0.5615682987078576,0.1395348837209302,0.1395348837209302,0.3720930232558139,3.725250615992169,0.1076491965079374
spatial,NDVI,0,4,GLM-m3 (published),6898,129,0.08,0.38,0.7290835672428226,0.0997035028474685,0.0178715472583541,0.0822910737083283,0.0861497636477637,0.2010822612318115,0.0542390101965272,0.0093982081282858,0.1395348837209302,0.1231365974157152,0.5615682987078576,0.1395348837209302,0.1395348837209302,0.3720930232558139,3.725250615992169,0.1075024820285747
spatial,NDVI,0,4,GLM-splines,6898,129,0.08,3.11,0.7748382102173497,0.1350507997661901,0.0173450687356475,0.1093258923954915,0.0813207843642561,0.2458642437513709,0.0708430105204983,0.0066765727244034,0.2325581395348837,0.2179326409383406,0.6089663204691703,0.2325581395348837,0.2325581395348837,0.4651162790697674,4.656563269990212,0.1289738505046872
spatial,NDVI,0,4,GLM-m4 + terrain,6898,129,0.08,1.62,0.7864964653040938,0.1548489613406648,0.0172062690068759,0.1164532971030531,0.0808297004532429,0.2504183554647379,0.0862579538092835,0.0081090984404619,0.2170542635658914,0.2021333003512364,0.6010666501756182,0.2170542635658914,0.2170542635658914,0.4418604651162791,4.423735106490701,0.1344447420794582
spatial,NDVI,0,4,RandomForest,6898,129,0.08,8.16,0.8224229014854542,0.1523708620705946,0.0170821598236033,0.1228263382101003,0.0766550854951444,0.2891320303645127,0.0951959309172593,0.0072250429898216,0.2325581395348837,0.2179326409383406,0.6089663204691703,0.2325581395348837,0.2325581395348837,0.5503875968992248,5.510266536155084,0.1513040503419067
spatial,NDVI,0,4,LightGBM,6898,129,0.08,10.79,0.81934972589358,0.1274445015970533,0.0177938155122049,0.0862826205098503,0.0821507842844096,0.2381671633264264,0.0826127344192565,0.006661888288745,0.2170542635658914,0.2021333003512364,0.6010666501756182,0.2170542635658914,0.2170542635658914,0.5348837209302325,5.355047760488743,0.1498618528132985
spatial,NDVI,0,4,XGBoost,6898,129,0.08,5.02,0.8088802005494726,0.1391520897763747,0.0172796919941902,0.1126830062670537,0.0784605219960212,0.2723892729650302,0.0904468670487403,0.0046542899769323,0.2170542635658914,0.2021333003512364,0.6010666501756182,0.2170542635658914,0.2170542635658914,0.5426356589147286,5.432657148321914,0.1449487987584361
spatial,NDVI,0,4,MLP,6898,129,0.08,49.38,0.7107229606928989,0.0952607757815391,0.0212189238518476,-0.0895976461154568,0.1181962341070175,-0.0961034370350431,0.1014871224761009,0.0166864501099581,0.1472868217054263,0.1310362677092674,0.5655181338546337,0.1472868217054263,0.1472868217054263,0.4496124031007752,4.501344494323871,0.0988871441589833
spatial,NDVI,0,4,LightGBM + terrain,6898,129,0.08,20.04,0.8431930334481981,0.1514736266406173,0.0174549690748949,0.1036824793841959,0.0801689689435979,0.2565457097518234,0.0896449205477184,0.0065589447052759,0.2480620155038759,0.2337319815254449,0.6168659907627224,0.2480620155038759,0.2480620155038759,0.5968992248062015,5.975922863154104,0.1610508471151323
spatial,NDVI,0,4,XGBoost + terrain,6898,129,0.08,12.51,0.835852799069172,0.1563414177897841,0.0171359665691852,0.1200633468472717,0.0762494355440139,0.2928939825942088,0.1023177579045295,0.0062387565167193,0.2480620155038759,0.2337319815254449,0.6168659907627224,0.2480620155038759,0.2480620155038759,0.5503875968992248,5.510266536155084,0.1576062813519734
spatial,NDVI,0,4,MLP + terrain,6898,129,0.08,52.85,0.7120067430064785,0.075186684510244,0.0245875492691993,-0.2625774989590086,0.1829850226640701,-0.6969281109787431,0.0994661599397659,0.0227764299458525,0.1240310077519379,0.107337256828611,0.5536686284143055,0.1240310077519379,0.1240310077519379,0.4031007751937984,4.0356881673248495,0.1036104422099296
spatial,NDVI,0,5,GLM-m4 (published),6898,95,0.08,0.42,0.8637659855945907,0.1976900661163761,0.0127036115240133,0.1588236184646368,0.0650529070498089,0.3077335695764395,0.126240005037664,0.0197050544583939,0.2631578947368421,0.2528683166095453,0.6264341583047727,0.2631578947368421,0.2631578947368421,0.6,6.0069666182873735,0.1468593372157176
spatial,NDVI,0,5,GLM-m3 (published),6898,95,0.08,0.35,0.8635849509117495,0.2084094950901668,0.0126578131165425,0.1618561843301421,0.0650127343017631,0.3081610715306363,0.1291264011405941,0.0197907746014064,0.2736842105263158,0.2635416263722661,0.631770813186133,0.2736842105263158,0.2736842105263158,0.6,6.0069666182873735,0.1467862500261837
spatial,NDVI,0,5,GLM-splines,6898,95,0.08,2.71,0.8814903641582273,0.2112814633289996,0.0125894435023146,0.1663833146343472,0.0626645104698762,0.3331499091346385,0.1485295433348924,0.0196997067813209,0.2842105263157894,0.2742149361349869,0.6371074680674935,0.2842105263157894,0.2842105263157894,0.6947368421052632,6.955435031701168,0.1540150103448626
spatial,NDVI,0,5,GLM-m4 + terrain,6898,95,0.08,1.4,0.8867558430104365,0.1172214030511443,0.0141959396077554,0.0600083221079378,0.0643678629797342,0.3150235283896616,0.1211471203875836,0.0167520858248861,0.1578947368421052,0.1461352189823375,0.5730676094911688,0.1578947368421052,0.1578947368421052,0.6631578947368421,6.63927889389657,0.1561407856082526
spatial,NDVI,0,5,RandomForest,6898,95,0.08,8.66,0.9077179572479634,0.2138051971305768,0.0124911043435976,0.1728948942380236,0.0554504062538874,0.4099194556590126,0.1568755462632544,0.0120587394969221,0.2526315789473684,0.2421950068468245,0.6210975034234123,0.2526315789473684,0.2526315789473684,0.6947368421052632,6.955435031701168,0.16460414803406
spatial,NDVI,0,5,LightGBM,6898,95,0.08,8.96,0.9048840681742576,0.182491906175011,0.0128832988942979,0.1469255238434436,0.0551941874450879,0.4126460314297036,0.1296012755895833,0.0066152052039077,0.2,0.1888284580332206,0.5944142290166103,0.2,0.2,0.6526315789473685,6.53389351462837,0.1634594990816402
spatial,NDVI,0,5,XGBoost,6898,95,0.08,6.52,0.91041258887333,0.174355096581684,0.0129068316891789,0.1453672873366041,0.0538264065980911,0.4272012523390376,0.1469561755657196,0.0066628651514486,0.2210526315789473,0.2101750775586622,0.6050875387793311,0.2210526315789473,0.2210526315789473,0.7157894736842105,7.166205790237568,0.1656914694084732
spatial,NDVI,0,5,MLP,6898,95,0.08,48.89,0.8326512297206341,0.1494432044815458,0.0151821123436093,-0.0052916291654743,0.0796868056058883,0.1520053939886425,0.1920247077941894,0.013934538823513,0.231578947368421,0.2208483873213829,0.6104241936606914,0.231578947368421,0.231578947368421,0.5789473684210527,5.796195859750974,0.1345978410983313
spatial,NDVI,0,5,LightGBM + terrain,6898,95,0.08,16.42,0.91259119428735,0.1838695820282345,0.0123808581026109,0.180194907615774,0.0535997481621565,0.4296134021588378,0.105346478846466,0.0038942769807445,0.2526315789473684,0.2421950068468245,0.6210975034234123,0.2526315789473684,0.2526315789473684,0.6421052631578947,6.428508135360171,0.166571014387043
spatial,NDVI,0,5,XGBoost + terrain,6898,95,0.08,12.1,0.8994174396744471,0.1929728960557267,0.0122798588126897,0.1868826292194261,0.0535061284899711,0.4306095218266174,0.1221517920494079,0.0043827735441695,0.2526315789473684,0.2421950068468245,0.6210975034234123,0.2526315789473684,0.2526315789473684,0.631578947368421,6.323122756091971,0.1612525158473866
spatial,NDVI,0,5,MLP + terrain,6898,95,0.08,51.09,0.7657975970353638,0.0902229675280406,0.0154288858175277,-0.0216318657554581,0.1288004070520401,-0.3706415962058136,0.0886849015951156,0.0096008973684977,0.1894736842105263,0.1781551482704998,0.58907757413525,0.1894736842105263,0.1894736842105263,0.5157894736842106,5.163883584141777,0.1216483835913209
spatial,NDVI,0,6,GLM-m4 (published),6897,358,0.08,0.28,0.7031869803952393,0.1644882273540718,0.0471968069973061,0.0411792309555912,0.1954326642929881,0.04299609876384,0.0587740583404416,0.0195215127018834,0.2234636871508379,0.1809495412569704,0.5904747706284852,0.2234636871508379,0.2234636871508379,0.3184357541899441,3.187592738240994,0.1561433385812859
spatial,NDVI,0,6,GLM-m3 (published),6897,358,0.08,0.32,0.7050520256202365,0.1678518635895819,0.0471807262502678,0.0415059173401802,0.1951610882632214,0.044325965093551,0.0595326881841528,0.0192389279997157,0.2234636871508379,0.1809495412569704,0.5904747706284852,0.2234636871508379,0.2234636871508379,0.3184357541899441,3.187592738240994,0.1575765720860591
spatial,NDVI,0,6,GLM-splines,6897,358,0.08,2.26,0.747402136386665,0.199292154320974,0.0459284167478901,0.0669470528013139,0.1870493987521507,0.0840476694247837,0.073391109597416,0.0180261854108053,0.2486033519553072,0.207465563302608,0.6037327816513041,0.2486033519553072,0.2486033519553072,0.3798882681564245,3.802742214041887,0.1901214116791
spatial,NDVI,0,6,GLM-m4 + terrain,6897,358,0.08,0.9,0.8064381224470966,0.1971632766691827,0.0463219657072863,0.0589519586432193,0.1811676791309329,0.1128495518728689,0.0639848729816895,0.0214408111113777,0.2262569832402234,0.1838957659287079,0.591947882964354,0.2262569832402234,0.2262569832402234,0.4106145251396648,4.110316951942334,0.2354888655462007
spatial,NDVI,0,6,RandomForest,6897,358,0.08,8.9,0.7362295927913397,0.2009904181878749,0.0465142024291498,0.0550465978100961,0.1941396869004565,0.0493276115298321,0.1064683269157141,0.0193758481231614,0.2290502793296089,0.1868419906004454,0.5934209953002227,0.2290502793296089,0.2290502793296089,0.3770949720670391,3.774780874232756,0.1815358261614217
spatial,NDVI,0,6,LightGBM,6897,358,0.08,9.47,0.7765850107776204,0.2129664784079882,0.0469654735592742,0.0458788561860039,0.2032716787939139,0.004609642301342,0.111270433819308,0.0304438586211181,0.2346368715083799,0.1927344399439204,0.5963672199719603,0.2346368715083799,0.2346368715083799,0.3631284916201117,3.6349741751870974,0.2125476090300627
spatial,NDVI,0,6,XGBoost,6897,358,0.08,6.04,0.7623154498022607,0.2044893799576146,0.0468015149235725,0.0492097371327588,0.1946329623460769,0.0469121650143511,0.1203539967536926,0.024210834166518,0.2374301675977653,0.195680664615658,0.597840332307829,0.2374301675977653,0.2374301675977653,0.3938547486033519,3.9425489130875446,0.2015818627024705
spatial,NDVI,0,6,MLP,6897,358,0.08,48.74,0.7119239868054243,0.1422681545755576,0.0595708973705768,-0.2102050385057217,0.2966159284114837,-0.4524828149575632,0.1342501640319824,0.0520111979690977,0.2150837988826815,0.1721108672417578,0.586055433620879,0.2150837988826815,0.2150837988826815,0.2932960893854748,2.9359406799588097,0.1628593161066621
spatial,NDVI,0,6,LightGBM + terrain,6897,358,0.08,16.27,0.8200936196315872,0.2013973199595384,0.0472064679742907,0.0409829645983657,0.1963287158630401,0.0386082711130697,0.0959270851775896,0.0314931256351147,0.2430167597765363,0.201573113959133,0.6007865569795665,0.2430167597765363,0.2430167597765363,0.3659217877094972,3.6629355149962297,0.2459827209351639
spatial,NDVI,0,6,XGBoost + terrain,6897,358,0.08,12.95,0.8210400254254447,0.2167937905885656,0.0461672246456146,0.0620955811294451,0.17886683344841,0.1241164857833245,0.1091072037816047,0.025465381844327,0.2486033519553072,0.207465563302608,0.6037327816513041,0.2486033519553072,0.2486033519553072,0.3743016759776536,3.746819534423624,0.2467100065149077
spatial,NDVI,0,6,MLP + terrain,6897,358,0.08,52.38,0.653955937772591,0.1059543254636708,0.0702407956123352,-0.4269680080509335,0.5362679362297058,-1.6260220270633634,0.0885668694972992,0.0694750289206521,0.1368715083798882,0.0896165764331074,0.5448082882165537,0.1368715083798882,0.1368715083798882,0.2346368715083799,2.348752543967048,0.1225169662962701
spatial,NDVI,0,7,GLM-m4 (published),6897,178,0.08,0.27,0.6780503385502458,0.1416472538187438,0.0287390333832636,-0.113996909659447,0.1342595789445237,-0.0487557332698953,0.1027463060634082,0.0444322635800061,0.1853932584269663,0.1638126660769142,0.5819063330384571,0.1853932584269663,0.1853932584269663,0.3089887640449438,3.0930268586617964,0.0977992508753439
spatial,NDVI,0,7,GLM-m3 (published),6897,178,0.08,0.24,0.6797577221061856,0.1386904417309478,0.0285705299889159,-0.1074652960847271,0.133456322814757,-0.042481175595876,0.1037399808313244,0.0434712538201469,0.1910112359550561,0.1695794752763837,0.5847897376381919,0.1910112359550561,0.1910112359550561,0.3089887640449438,3.0930268586617964,0.0987370802222995
spatial,NDVI,0,7,GLM-splines,6897,178,0.08,1.75,0.6697893446556888,0.1156400180782297,0.0317869906065134,-0.232143365115804,0.1438021216032856,-0.1232963835685552,0.0824311985057232,0.0510832840023862,0.1853932584269663,0.1638126660769142,0.5819063330384571,0.1853932584269663,0.1853932584269663,0.2752808988764045,2.7556057468077824,0.0932616632416902
spatial,NDVI,0,7,GLM-m4 + terrain,6897,178,0.08,1.05,0.7208574209310843,0.1744156478946969,0.0246987920613533,0.0426129625955999,0.115989109470028,0.0939622743504582,0.1094430390695507,0.0265136035076809,0.247191011235955,0.2272475672710793,0.6136237836355397,0.247191011235955,0.247191011235955,0.398876404494382,3.9928164902725,0.1213122676002949
spatial,NDVI,0,7,RandomForest,6897,178,0.08,7.75,0.7524306385882062,0.1733373481916469,0.0247375353718191,0.0411111748509214,0.1135828618044375,0.1127584455793139,0.1129985758555776,0.0265516584283552,0.2415730337078651,0.2214807580716097,0.6107403790358049,0.2415730337078651,0.2415730337078651,0.4101123595505618,4.105290194223838,0.138654782384077
spatial,NDVI,0,7,LightGBM,6897,178,0.08,8.98,0.7740183380686332,0.1695241222888037,0.0234845186143571,0.0896812424989547,0.1094281363709585,0.1452126820127812,0.1199367086893308,0.0122710891850105,0.2528089887640449,0.2330143764705489,0.6165071882352744,0.2528089887640449,0.2528089887640449,0.4325842696629213,4.330237602126514,0.15051242441057
spatial,NDVI,0,7,XGBoost,6897,178,0.08,8.12,0.7661361124164076,0.1862088600940519,0.0233853626996278,0.0935247740857606,0.1075084879994392,0.1602077838331117,0.1239595487713813,0.01307164513075,0.2584269662921348,0.2387811856700184,0.6193905928350092,0.2584269662921348,0.2584269662921348,0.4438202247191011,4.442711306077853,0.1461828860992672
spatial,NDVI,0,7,MLP,6897,178,0.08,50.34,0.7133970243699319,0.0693492803155572,0.0408644936978817,-0.5840101191694482,0.1816498339176178,-0.4189402104959294,0.1207047551870346,0.0446918431371891,0.1011235955056179,0.0773105280848708,0.5386552640424354,0.1011235955056179,0.1011235955056179,0.3539325842696629,3.542921674467149,0.1172379949238918
spatial,NDVI,0,7,LightGBM + terrain,6897,178,0.08,12.53,0.7757959567953364,0.1738240959952349,0.023221901031416,0.0998609577286605,0.1080423244922247,0.156037817652869,0.1096690735262044,0.0087948711487338,0.2808988764044944,0.2618484224678967,0.6309242112339484,0.2808988764044944,0.2808988764044944,0.4269662921348314,4.2740007501508455,0.1514888324381447
spatial,NDVI,0,7,XGBoost + terrain,6897,178,0.08,12.91,0.7753561508450796,0.1860492372924639,0.0231514163315296,0.1025931212222821,0.105070449411869,0.1792522878221051,0.1160574406385421,0.0111331781664605,0.2808988764044944,0.2618484224678967,0.6309242112339484,0.2808988764044944,0.2808988764044944,0.4662921348314606,4.667658713980528,0.1512472564418459
spatial,NDVI,0,7,MLP + terrain,6897,178,0.08,50.68,0.7039817488891973,0.0849356925511038,0.0320524014532566,-0.2424313542460905,0.2502084672451019,-0.954479382247292,0.0919641852378845,0.0285115590488452,0.1516853932584269,0.1292118108800968,0.5646059054400484,0.1516853932584269,0.1516853932584269,0.3370786516853932,3.374211118540141,0.1152614529467332
spatial,NDVI,0,8,GLM-m4 (published),6897,560,0.08,0.36,0.8281787517752881,0.3687097228605216,0.0653617907192951,0.1387649433590424,0.2354930079679784,0.1986656926845732,0.1014637124184621,0.0391524825175082,0.4428571428571428,0.3936224892355554,0.6968112446177777,0.4428571428571428,0.4428571428571428,0.4928571428571429,4.933578685465478,0.3105108129557981
spatial,NDVI,0,8,GLM-m3 (published),6897,560,0.08,0.31,0.827608968867648,0.3683643258222569,0.0653752690984498,0.1385873464403076,0.2356694238537002,0.1980653856826619,0.1014358851580204,0.0391755255535536,0.4410714285714285,0.3916789715728488,0.6958394857864244,0.4410714285714285,0.4410714285714285,0.4910714285714285,4.915703400373212,0.3099717050674826
spatial,NDVI,0,8,GLM-splines,6897,560,0.08,2.06,0.8373082407177799,0.3882886579971303,0.0604050124462192,0.2040775850383794,0.2180262414615741,0.2581015093154984,0.1572826970794058,0.0263955405217358,0.4785714285714286,0.4324928424896864,0.7162464212448432,0.4785714285714286,0.4785714285714286,0.5410714285714285,5.416211382956666,0.3191488037399949
spatial,NDVI,0,8,GLM-m4 + terrain,6897,560,0.08,1.0,0.842738931220271,0.3954028928187818,0.0594724825900024,0.2163649993625587,0.2145283769834826,0.2700040232492279,0.1972856213222512,0.0177869275080407,0.4607142857142857,0.4130576658626209,0.7065288329313104,0.4607142857142857,0.4607142857142857,0.5339285714285714,5.344710242587602,0.3242871258090437
spatial,NDVI,0,8,RandomForest,6897,560,0.08,8.04,0.8813555310083635,0.4334945639538659,0.0575000628934162,0.242354449321244,0.1986004473019038,0.3242034944288234,0.1884654032180031,0.0187055933673606,0.4839285714285714,0.4383233954778061,0.719161697738903,0.4839285714285714,0.4839285714285714,0.5428571428571428,5.434086668048932,0.3608250332619325
spatial,NDVI,0,8,LightGBM,6897,560,0.08,9.13,0.8807777170360018,0.4270336139069456,0.0591610156984359,0.2204690210401796,0.2124672199200582,0.2770177171246404,0.2069157825168942,0.0288191547477906,0.4714285714285714,0.4247187718388602,0.7123593859194302,0.4714285714285714,0.4714285714285714,0.5339285714285714,5.344710242587602,0.3602780424741372
spatial,NDVI,0,8,XGBoost,6897,560,0.08,3.44,0.8875917232128768,0.4348989457245401,0.057393629103899,0.2437568666928403,0.198879987001419,0.3232522162147362,0.2098864018917083,0.0225031328082991,0.4875,0.4422104308032192,0.7211052154016095,0.4875,0.4875,0.5428571428571428,5.434086668048932,0.366725207570668
spatial,NDVI,0,8,MLP,6897,560,0.08,49.66,0.7908555760950428,0.2675853810249647,0.0739334821701049,0.0258206514278275,0.3168068528175354,-0.0780287084930348,0.1864571124315261,0.0501184799525836,0.3232142857142857,0.2634068058342163,0.6317034029171081,0.3232142857142857,0.3232142857142857,0.3714285714285714,3.718059299191375,0.2752000417210274
spatial,NDVI,0,8,LightGBM + terrain,6897,560,0.08,15.29,0.8833349771185103,0.4162851658936182,0.0593485938432817,0.2179974107549795,0.2128498427105954,0.2757157304055276,0.2564223229697651,0.0283737831276864,0.4517857142857143,0.4033400775490881,0.701670038774544,0.4517857142857143,0.4517857142857143,0.5214285714285715,5.219583246941737,0.3626976290574389
spatial,NDVI,0,8,XGBoost + terrain,6897,560,0.08,10.37,0.8914769268919498,0.4308018945053001,0.0573401637375354,0.2444613493473345,0.1970809549093246,0.3293739532464003,0.2754977941513061,0.0199983106469317,0.4767857142857143,0.4305493248269799,0.7152746624134899,0.4767857142857143,0.4767857142857143,0.5446428571428571,5.451961953141199,0.3704012461552643
spatial,NDVI,0,8,MLP + terrain,6897,560,0.08,50.83,0.8028825886516828,0.2712697722890256,0.0941022112965583,-0.239931195032363,0.5836712718009949,-0.9861135632899614,0.2297252118587494,0.0807041896393401,0.3035714285714285,0.2420281115444442,0.6210140557722221,0.3035714285714285,0.3035714285714285,0.3642857142857142,3.64655815882231,0.295382675219331
spatial,NDVI,0,9,GLM-m4 (published),6897,811,0.08,0.26,0.902415561902902,0.5203871356360752,0.073361753068884,0.3305938400099241,0.2371790247820593,0.4244722567307784,0.3067301393995097,0.018116181206761,0.5277435265104808,0.4648122087319728,0.7324061043659864,0.5277435265104808,0.5277435265104808,0.4722564734895191,4.727362696164315,0.4490364239720049
spatial,NDVI,0,9,GLM-m3 (published),6897,811,0.08,0.23,0.903024183173121,0.5217360606778536,0.0732113734702664,0.331966013185188,0.236746758561668,0.4255211741151968,0.3051477799332149,0.018836257814079,0.5363748458692972,0.4745937088334772,0.7372968544167386,0.5363748458692972,0.5363748458692972,0.4808877928483354,4.813763580950608,0.4497155555578717
spatial,NDVI,0,9,GLM-splines,6897,811,0.08,1.34,0.9037967107707732,0.5004695924571103,0.074060321448019,0.324219592440783,0.2367515742325338,0.4255094886291457,0.2661887104199054,0.0235721277795254,0.5326757090012331,0.4704016373614039,0.735200818680702,0.5326757090012331,0.5326757090012331,0.469790382244143,4.702676729082517,0.4505775824343398
spatial,NDVI,0,9,GLM-m4 + terrain,6897,811,0.08,0.71,0.8972913111817342,0.4712089550352898,0.0859164748239738,0.2160353987479316,0.2623000302276484,0.3635147770968233,0.3568857081806475,0.0541076479516672,0.4401972872996301,0.3655998505595709,0.6827999252797855,0.4401972872996301,0.4401972872996301,0.3822441430332922,3.8263248976786888,0.443318515826285
spatial,NDVI,0,9,RandomForest,6897,811,0.08,7.57,0.9142484236425455,0.5321464515889907,0.0709769292926767,0.352354712119741,0.2226336230660668,0.4597674614068313,0.2698271795413196,0.0212454689015646,0.5487053020961775,0.488567280407055,0.7442836402035276,0.5487053020961775,0.5487053020961775,0.4858199753390875,4.863135515114204,0.4622405079572292
spatial,NDVI,0,9,LightGBM,6897,811,0.08,3.3,0.9049949085710652,0.5003209859681342,0.0758014530620199,0.3083322372589716,0.2482221545285602,0.3976755045834375,0.2934804119708377,0.0366986675796003,0.5240443896424167,0.4606201372598995,0.7303100686299497,0.5240443896424167,0.5240443896424167,0.4549938347718865,4.55456092659173,0.4519145936456781
spatial,NDVI,0,9,XGBoost,6897,811,0.08,1.67,0.9070967185102312,0.5129952957709467,0.0733107179403305,0.3310595217582532,0.2322233617305755,0.4364974792482914,0.3130998909473419,0.0230749675715284,0.5141800246609125,0.4494412800010373,0.7247206400005186,0.5141800246609125,0.5141800246609125,0.4451294697903822,4.455817058264537,0.4542599035936341
spatial,NDVI,0,9,MLP,6897,811,0.08,37.05,0.8739627201237665,0.441594624903865,0.0907512232661247,0.1719196265125088,0.3312272131443023,0.1962592903769723,0.2910575270652771,0.063759888076867,0.4722564734895191,0.401931136650873,0.7009655683254365,0.4722564734895191,0.4722564734895191,0.4081381011097411,4.085527552037568,0.4173090801820309
spatial,NDVI,0,9,LightGBM + terrain,6897,811,0.08,16.0,0.9075789151224556,0.5059681329243095,0.0785489073960833,0.2832624593627625,0.2540010926837656,0.3836525983082559,0.2332725509654989,0.0463778352930793,0.5104808877928483,0.445249208528964,0.7226246042644819,0.5104808877928483,0.5104808877928483,0.4426633785450061,4.43113109118274,0.4547979639036849
spatial,NDVI,0,9,XGBoost + terrain,6897,811,0.08,11.06,0.904172540483242,0.5023378606788865,0.0748184472322464,0.31730189965429,0.2348344326019287,0.4301615748547622,0.2747323513031006,0.026884760097774,0.4981504315659679,0.4312756369553863,0.7156378184776931,0.4981504315659679,0.4981504315659679,0.4290998766954377,4.295358272232851,0.4509969521543417
spatial,NDVI,0,9,MLP + terrain,6897,811,0.08,53.24,0.8575851553139079,0.4307909276240371,0.1057662144303321,0.0349118921406299,0.6373791098594666,-0.5466348105708281,0.345760315656662,0.0944445245746161,0.4574599260172626,0.3851628507625798,0.6925814253812899,0.4574599260172626,0.4574599260172626,0.4056720098643649,4.060841584955769,0.4127873968844059
spatial,NDVI,1,0,GLM-m4 (published),6898,132,0.08,0.38,0.8670441109289765,0.1893018050665966,0.0173630234211992,0.1257462631855899,0.0793959306848651,0.2720080203085488,0.1198950541820015,0.0174085042018734,0.2575757575757575,0.2430915719417049,0.6215457859708524,0.2575757575757575,0.2575757575757575,0.5909090909090909,5.915951972555747,0.1741961936073916
spatial,NDVI,1,0,GLM-m3 (published),6898,132,0.08,0.32,0.8682040998217468,0.1920059743963121,0.0173557795685894,0.1261110018062428,0.07937518623058,0.2721982290032818,0.1201386407071336,0.0174766502342013,0.2575757575757575,0.2430915719417049,0.6215457859708524,0.2575757575757575,0.2575757575757575,0.5984848484848485,5.991797510665435,0.1747467150399139
spatial,NDVI,1,0,GLM-splines,6898,132,0.08,2.64,0.8694816551563522,0.2097494034649769,0.0170579757335275,0.1411058623973231,0.0771956913096758,0.2921823114179607,0.1469448395015435,0.017502488798164,0.2651515151515151,0.2508151273300549,0.6254075636650274,0.2651515151515151,0.2651515151515151,0.6590909090909091,6.598561815542948,0.1753530325635701
spatial,NDVI,1,0,GLM-m4 + terrain,6898,132,0.08,1.36,0.8928874542050717,0.2196358286384447,0.016586853966738,0.1648275354676602,0.0726284718800552,0.3340597613776047,0.1165347435066511,0.0120991945831134,0.2803030303030303,0.2662622381067548,0.6331311190533774,0.2803030303030303,0.2803030303030303,0.7196969696969697,7.205326120420461,0.1864612372196308
spatial,NDVI,1,0,RandomForest,6898,132,0.08,7.73,0.8661847562231835,0.2828744549645681,0.0159265209165109,0.1980762746243587,0.0736914778642086,0.3243129163673821,0.1660632697659641,0.0113995213026514,0.3939393939393939,0.382115568932004,0.691057784466002,0.3939393939393939,0.3939393939393939,0.7121212121212122,7.129480582310772,0.17379509965518
spatial,NDVI,1,0,LightGBM,6898,132,0.08,10.16,0.8787027830775984,0.2494475004320759,0.0162591103219481,0.1813299094623237,0.0705760907500312,0.352878320326903,0.1629940750029889,0.0046966430757,0.3636363636363636,0.3512213473786043,0.6756106736893022,0.3636363636363636,0.3636363636363636,0.6893939393939394,6.901943967981704,0.1797293057186268
spatial,NDVI,1,0,XGBoost,6898,132,0.08,4.86,0.876260760128629,0.2564508812741983,0.0161885842680931,0.1848809998818819,0.0698020532727241,0.3599757535132709,0.1677130609750747,0.0064672813484995,0.3333333333333333,0.3203271258252044,0.6601635629126023,0.3333333333333333,0.3333333333333333,0.6666666666666666,6.6744073536526365,0.1785703411987456
spatial,NDVI,1,0,MLP,6898,132,0.08,51.75,0.8316767661838604,0.1324489721441688,0.0201916452497243,-0.0166790013339312,0.0980154722929,0.1012831878569178,0.1424837708473205,0.0141155452941548,0.1969696969696969,0.1813031288349053,0.5906515644174527,0.1969696969696969,0.1969696969696969,0.6136363636363636,6.143488586884813,0.1574279073526149
spatial,NDVI,1,0,LightGBM + terrain,6898,132,0.08,22.56,0.8906979191859475,0.3005703634139434,0.0155680509849931,0.2161257622949453,0.0681917319749073,0.3747408270073367,0.1475323645287561,0.0072959453778448,0.3863636363636363,0.3743920135436541,0.687196006771827,0.3863636363636363,0.3863636363636363,0.7045454545454546,7.053635044201084,0.1854221011868861
spatial,NDVI,1,0,XGBoost + terrain,6898,132,0.08,14.29,0.8763301803133314,0.3143532208231807,0.0150839434936642,0.2405012856728274,0.0658164098858833,0.3965206441837636,0.1784280240535736,0.0033054446642767,0.4393939393939394,0.4284569012621037,0.7142284506310519,0.4393939393939394,0.4393939393939394,0.6818181818181818,6.826098429872015,0.1786032874816237
spatial,NDVI,1,0,MLP + terrain,6898,132,0.08,53.25,0.7675873798582934,0.1244922637189508,0.0221128296107053,-0.1134134562702955,0.1677722483873367,-0.5383259062015111,0.1488111466169357,0.0159772763519544,0.2196969696969697,0.2044737949999552,0.6022368974999776,0.2196969696969697,0.2196969696969697,0.5303030303030303,5.309187667678234,0.1355874632260002
spatial,NDVI,1,1,GLM-m4 (published),6898,310,0.08,0.4,0.8188127974616606,0.338474221977215,0.0354772900770186,0.173791020447527,0.1434498079241362,0.2184595525733128,0.1998951961616512,0.0072638990804047,0.3806451612903225,0.3515012632939656,0.6757506316469828,0.3806451612903225,0.3806451612903225,0.532258064516129,5.328760709771057,0.2288025337015737
spatial,NDVI,1,1,GLM-m3 (published),6898,310,0.08,0.31,0.8189293338817399,0.33562820194265,0.0354984354193374,0.1732985794617154,0.1435618992220197,0.2178488589490533,0.1994862689855961,0.007245989276816,0.3741935483870968,0.3447460681199443,0.6723730340599722,0.3741935483870968,0.3741935483870968,0.535483870967742,5.361056229224214,0.2288861684502255
spatial,NDVI,1,1,GLM-splines,6898,310,0.08,2.12,0.8362673090859236,0.3044441813414508,0.0366944519275044,0.145445280165311,0.1450158808244578,0.2099273047234764,0.1369908532817896,0.0156704544703137,0.3677419354838709,0.3379908729459231,0.6689954364729616,0.3677419354838709,0.3677419354838709,0.5838709677419355,5.845489021021583,0.241329121454486
spatial,NDVI,1,1,GLM-m4 + terrain,6898,310,0.08,1.04,0.849755665236892,0.3716647858948202,0.0349137575603022,0.1869147856666342,0.1399614637970492,0.2374646810521438,0.197315609639603,0.0188066227755674,0.4064516129032258,0.3785220439900503,0.6892610219950251,0.4064516129032258,0.4064516129032258,0.5741935483870968,5.74860246266211,0.2510093164988851
spatial,NDVI,1,1,RandomForest,6898,310,0.08,7.92,0.8400021054899425,0.3570845151731727,0.0351391475834022,0.1816658148297257,0.1402856826712429,0.2356982781013953,0.1577208496703678,0.0166316626489721,0.4,0.3717668488160291,0.6858834244080145,0.4,0.4,0.5548387096774193,5.554829345943163,0.2440095192318302
spatial,NDVI,1,1,LightGBM,6898,310,0.08,8.65,0.8211131676361714,0.3263821895397121,0.0358317531239301,0.1655361466496125,0.1525838244297417,0.1686957818865722,0.1703492658631265,0.0132049662821346,0.3516129032258064,0.3211028850108702,0.6605514425054351,0.3516129032258064,0.3516129032258064,0.5,5.005805515239478,0.2304534395649148
spatial,NDVI,1,1,XGBoost,6898,310,0.08,3.9,0.8227006091231368,0.3231244008860554,0.0357408784329891,0.1676524719243599,0.1465365141630172,0.201642535467764,0.166921854019165,0.0071109632200431,0.3580645161290323,0.3278580801848914,0.6639290400924457,0.3580645161290323,0.3580645161290323,0.4903225806451612,4.908918956880004,0.2315926994573429
spatial,NDVI,1,1,MLP,6898,310,0.08,51.07,0.8167420725855415,0.2684362607928259,0.0415969155728817,0.0312747931594824,0.1910959780216217,-0.0411254926258746,0.2332103550434112,0.0292239812708039,0.3,0.2670613236187006,0.6335306618093504,0.3,0.3,0.5193548387096775,5.199578631958425,0.2273173047149458
spatial,NDVI,1,1,LightGBM + terrain,6898,310,0.08,14.8,0.7912661339287462,0.295068339292364,0.0361651621068652,0.1577715881118437,0.1597165440783149,0.1298354377272891,0.1685009908195045,0.0164676168643152,0.3774193548387097,0.3481236657069549,0.6740618328534775,0.3774193548387097,0.3774193548387097,0.4419354838709677,4.424486165082635,0.2090331047126695
spatial,NDVI,1,1,XGBoost + terrain,6898,310,0.08,12.6,0.7848419413596568,0.3038205227715762,0.035782229155302,0.1666894801622565,0.151670441031456,0.1736719722181089,0.1864508837461471,0.0193048138186454,0.4,0.3717668488160291,0.6858834244080145,0.4,0.4,0.432258064516129,4.327599606723161,0.2044226513982611
spatial,NDVI,1,1,MLP + terrain,6898,310,0.08,52.79,0.6762297530211333,0.2234448514786908,0.0464726276695728,-0.0822726933383179,0.4316643476486206,-1.351785533360871,0.2401649802923202,0.0448937547854769,0.3032258064516129,0.2704389212057113,0.6352194606028556,0.3032258064516129,0.3032258064516129,0.4064516129032258,4.0692354510978985,0.1328319225506825
spatial,NDVI,1,2,GLM-m4 (published),6898,304,0.08,0.44,0.732085488402535,0.1640727055071915,0.0400333068014327,0.0503713874330707,0.1678811009772775,0.0723992070117587,0.0489338858549177,0.0159821886635658,0.2039473684210526,0.167247338090449,0.5836236690452246,0.2039473684210526,0.2039473684210526,0.3125,3.128628447024673,0.1650162402300747
spatial,NDVI,1,2,GLM-m3 (published),6898,304,0.08,0.33,0.737998958383219,0.1650972418020852,0.0400553417867966,0.0498486963477992,0.1674734721931977,0.0746514961685255,0.0482802384429437,0.0166247540568097,0.2072368421052631,0.1706884647925546,0.5853442323962773,0.2072368421052631,0.2072368421052631,0.3190789473684211,3.194494309067298,0.1692208054945493
spatial,NDVI,1,2,GLM-splines,6898,304,0.08,2.49,0.743652024168702,0.1490862978321517,0.0404176348677183,0.0412547553704853,0.1696310259255123,0.0627302701260499,0.0440057770042848,0.0183502389873294,0.194078947368421,0.1569239579841323,0.5784619789920662,0.194078947368421,0.194078947368421,0.2993421052631579,2.996896722939424,0.173240219496323
spatial,NDVI,1,2,GLM-m4 + terrain,6898,304,0.08,1.38,0.7283744791916096,0.1658100977774496,0.040278348983714,0.0445587507519613,0.1730789437087718,0.0436793391320805,0.0647831020352458,0.0200861604503309,0.2072368421052631,0.1706884647925546,0.5853442323962773,0.2072368421052631,0.2072368421052631,0.3355263157894737,3.35915896417386,0.162377657388635
spatial,NDVI,1,2,RandomForest,6898,304,0.08,7.52,0.7681434877001421,0.1410293071407683,0.0421073448643269,0.0011732060825686,0.1710078271203757,0.0551229702411436,0.0802094454683342,0.0351583370667892,0.2105263157894736,0.1741295914946602,0.5870647957473301,0.2105263157894736,0.2105263157894736,0.3651315789473684,3.655555343365671,0.1906540287026265
spatial,NDVI,1,2,LightGBM,6898,304,0.08,8.85,0.7656277437223632,0.1109965622306439,0.043119986534598,-0.0228476300960853,0.1737938382261122,0.0397293011746953,0.0621011798569755,0.023598332529701,0.131578947368421,0.0915425506441262,0.5457712753220632,0.131578947368421,0.131578947368421,0.3026315789473684,3.029829653960736,0.1888652831585094
spatial,NDVI,1,2,XGBoost,6898,304,0.08,3.49,0.7594578604153696,0.1085430863794911,0.0454795137047767,-0.0788178881625658,0.175496369600296,0.0303222266087968,0.0837669000029563,0.0265031619544326,0.1381578947368421,0.0984248040483374,0.5492124020241687,0.1381578947368421,0.1381578947368421,0.3157894736842105,3.161561378045985,0.1844784042071591
spatial,NDVI,1,2,MLP,6898,304,0.08,50.35,0.6766782601407979,0.0938994170994521,0.0609025284647941,-0.4446666595568491,0.2622033059597015,-0.4487634044960149,0.0849095210433006,0.0645205734254984,0.1151315789473684,0.0743369171335983,0.5371684585667992,0.1151315789473684,0.1151315789473684,0.2203947368421052,2.2065063784279277,0.125621143976964
spatial,NDVI,1,2,LightGBM + terrain,6898,304,0.08,12.64,0.798599304790639,0.1542154072235369,0.0409907215326679,0.0276605874638451,0.1790293350172756,0.0108013816715469,0.0401640454058713,0.0277415802848973,0.2039473684210526,0.167247338090449,0.5836236690452246,0.2039473684210526,0.2039473684210526,0.3947368421052631,3.951951722557482,0.2123085542926092
spatial,NDVI,1,2,XGBoost + terrain,6898,304,0.08,12.67,0.8080748746867169,0.1535556004680253,0.0397758223116397,0.0564791676374999,0.1567282825708389,0.1340223594547674,0.0674712210893631,0.013318653098995,0.1973684210526315,0.1603650846862379,0.580182542343119,0.1973684210526315,0.1973684210526315,0.3947368421052631,3.951951722557482,0.2190458256614793
spatial,NDVI,1,2,MLP + terrain,6898,304,0.08,51.98,0.6755957369538497,0.1004817776989489,0.0502145215868949,-0.1911368376785842,0.4323912262916565,-1.389110170764912,0.0585506372153759,0.0441656935248963,0.1677631578947368,0.1293949443672876,0.5646974721836437,0.1677631578947368,0.1677631578947368,0.3157894736842105,3.161561378045985,0.1282928358245025
spatial,NDVI,1,3,GLM-m4 (published),6898,520,0.08,0.38,0.9014086885206358,0.4891057926874487,0.0491457217616223,0.3035902585066018,0.1728622186219349,0.3730481913819909,0.3375422477356727,0.0190162276137568,0.5384615384615384,0.5008321875678414,0.7504160937839206,0.5384615384615384,0.5384615384615384,0.6461538461538462,6.469040973540248,0.3671116277656504
spatial,NDVI,1,3,GLM-m3 (published),6898,520,0.08,0.32,0.9012108932146562,0.4906826888030727,0.0490403766328102,0.3050830308435209,0.1726513315172803,0.3738130551719587,0.3334175299743862,0.0179636836618602,0.5461538461538461,0.5091516511083773,0.7545758255541887,0.5461538461538461,0.5461538461538461,0.6442307692307693,6.449787875404712,0.3669307324367271
spatial,NDVI,1,3,GLM-splines,6898,520,0.08,2.41,0.9090120486286996,0.4976755009986871,0.0475542964371088,0.3261412366817957,0.1668133125785627,0.3949868927031099,0.3704393770540469,0.0192883317211023,0.5596153846153846,0.5237107123043153,0.7618553561521577,0.5596153846153846,0.5596153846153846,0.6807692307692308,6.815596739979904,0.3740653434812886
spatial,NDVI,1,3,GLM-m4 + terrain,6898,520,0.08,1.38,0.8951519043828546,0.4479286230661493,0.061296812237911,0.1314056313583824,0.201008923143629,0.2709632624299476,0.4460127128555554,0.0436293365463765,0.4519230769230769,0.4072382227368116,0.7036191113684058,0.4519230769230769,0.4519230769230769,0.5442307692307692,5.448626772356817,0.3613894342130783
spatial,NDVI,1,3,RandomForest,6898,520,0.08,7.04,0.9082814723689608,0.504253931982336,0.0475763885226487,0.3258281851479411,0.1682131526354248,0.3899098303905807,0.3228593828881563,0.0144953233081995,0.5423076923076923,0.5049919193381094,0.7524959596690546,0.5423076923076923,0.5423076923076923,0.6711538461538461,6.719331249302222,0.3734123199155992
spatial,NDVI,1,3,LightGBM,6898,520,0.08,8.96,0.901516028656198,0.4808208732053547,0.0493317592884961,0.3009540504837209,0.1799053007612927,0.3475037252706711,0.3531025659070448,0.0171776717178771,0.5134615384615384,0.4737939310610994,0.7368969655305497,0.5134615384615384,0.5134615384615384,0.6346153846153846,6.35352238472703,0.3672097923633498
spatial,NDVI,1,3,XGBoost,6898,520,0.08,3.77,0.9052519779530596,0.5025854352089181,0.0489755570888519,0.3060015433860907,0.1734111905097961,0.3710571320914119,0.3899231553077698,0.0217672260125669,0.5423076923076923,0.5049919193381094,0.7524959596690546,0.5423076923076923,0.5423076923076923,0.6538461538461539,6.546053366082394,0.3706265355892995
spatial,NDVI,1,3,MLP,6898,520,0.08,50.4,0.8690622210965578,0.3341895499773715,0.0654740184545517,0.0722133558719126,0.2602633237838745,0.0560542212366366,0.3151870369911194,0.0423319998722795,0.4173076923076923,0.3698006368043997,0.6849003184021999,0.4173076923076923,0.4173076923076923,0.5076923076923077,5.082817907781624,0.3375596348320771
spatial,NDVI,1,3,LightGBM + terrain,6898,520,0.08,15.34,0.9036483585401742,0.4693622572836691,0.0490651143686414,0.30473248964486,0.1812162250368765,0.342749150487988,0.3046615651040103,0.0158248651404687,0.5269230769230769,0.4883529922570374,0.7441764961285187,0.5269230769230769,0.5269230769230769,0.6384615384615384,6.392028580998102,0.369159932231789
spatial,NDVI,1,3,XGBoost + terrain,6898,520,0.08,11.47,0.9039363074993366,0.5025350399484583,0.0488790124654769,0.3073696098992501,0.1750211119651794,0.3652181281939146,0.3897589445114136,0.0205736750929209,0.5384615384615384,0.5008321875678414,0.7504160937839206,0.5384615384615384,0.5384615384615384,0.6442307692307693,6.449787875404712,0.3694232783587609
spatial,NDVI,1,3,MLP + terrain,6898,520,0.08,54.56,0.8608785910702657,0.356789630797584,0.0663123577833175,0.0603338340274396,0.3739509582519531,-0.3562780317044292,0.2940637469291687,0.0546203670046994,0.4173076923076923,0.3698006368043997,0.6849003184021999,0.4173076923076923,0.4173076923076923,0.5230769230769231,5.236842692865915,0.3442428480696511
spatial,NDVI,1,4,GLM-m4 (published),6898,384,0.08,0.31,0.7198987677182479,0.2049153727879883,0.0489745769748702,0.069395294265335,0.1962103175913985,0.0894055066218726,0.0637026455066427,0.01616220494181,0.2630208333333333,0.219575945399652,0.609787972699826,0.2630208333333333,0.2630208333333333,0.3802083333333333,3.806497943880019,0.1746544774955809
spatial,NDVI,1,4,GLM-m3 (published),6898,384,0.08,0.32,0.7197556464921706,0.2036243822895867,0.0490078583115995,0.0687628892403904,0.1962255137706109,0.0893349825165094,0.0635231963685209,0.0159077396495658,0.2604166666666667,0.2168182632279193,0.6084091316139597,0.2604166666666667,0.2604166666666667,0.3828125,3.832569847605225,0.1745408035390672
spatial,NDVI,1,4,GLM-splines,6898,384,0.08,2.5,0.7535714342825708,0.2410201146056458,0.0483888677615211,0.0805248186799002,0.191784818195779,0.1099438525639618,0.0659148067039953,0.0243686111623652,0.2942708333333333,0.2526681314604441,0.6263340657302221,0.2942708333333333,0.2942708333333333,0.4375,4.380079825834543,0.2013989747280988
spatial,NDVI,1,4,GLM-m4 + terrain,6898,384,0.08,1.34,0.8230148126471191,0.226260882535468,0.0478720157582564,0.0903459327377774,0.1795548162562788,0.1667021951262743,0.0800186679406931,0.0180825614422688,0.2708333333333333,0.22784899191485,0.613924495957425,0.2708333333333333,0.2708333333333333,0.4166666666666667,4.171504596032898,0.2565543404886211
spatial,NDVI,1,4,RandomForest,6898,384,0.08,7.65,0.7506774271440998,0.2803065024910546,0.0462778807771533,0.1206373534426873,0.1989903718874969,0.0765035238699198,0.1054199716772414,0.0225393615822625,0.3385416666666667,0.2995487283798997,0.6497743641899498,0.3385416666666667,0.3385416666666667,0.4947916666666667,4.953661707789066,0.1991005015145933
spatial,NDVI,1,4,LightGBM,6898,384,0.08,8.44,0.7782542488614268,0.2846016564434044,0.0472047014640885,0.1030260998921641,0.2081610312688504,0.0339433158450946,0.1064762861102664,0.0313606914450481,0.3515625,0.3133371392385631,0.6566685696192816,0.3515625,0.3515625,0.5078125,5.084021226415094,0.2210032862139098
spatial,NDVI,1,4,XGBoost,6898,384,0.08,2.67,0.7758131924188927,0.2980365861081174,0.0459544286131858,0.1267835240573447,0.1922458410263061,0.1078042748826439,0.117989532649517,0.0260366715458954,0.3619791666666667,0.3243678679254938,0.6621839339627469,0.3619791666666667,0.3619791666666667,0.5390625,5.396884071117562,0.2190644784726403
spatial,NDVI,1,4,MLP,6898,384,0.08,49.67,0.7387773769317368,0.2078522398588101,0.050986360758543,0.0311677980489368,0.2921353876590729,-0.3557741620494208,0.1328685134649276,0.0350200161851547,0.2890625,0.2471527671169788,0.6235763835584894,0.2890625,0.2890625,0.4088541666666667,4.093288884857281,0.1897505471086433
spatial,NDVI,1,4,LightGBM + terrain,6898,384,0.08,15.03,0.7967938446678949,0.2659440328134437,0.0486574941270176,0.0754204364624959,0.2086496224032955,0.0316758081930985,0.0853171196096535,0.0342201627030143,0.3177083333333333,0.2774872710060382,0.6387436355030192,0.3177083333333333,0.3177083333333333,0.484375,4.849374092888244,0.2357283501281974
spatial,NDVI,1,4,XGBoost + terrain,6898,384,0.08,4.91,0.8054582757650189,0.285373089930282,0.0468084141612052,0.1105562686381903,0.1873764842748642,0.130402523325966,0.108616255223751,0.0244929238091441,0.3333333333333333,0.2940333640364343,0.6470166820182172,0.3333333333333333,0.3333333333333333,0.5,5.005805515239477,0.2426100698424891
spatial,NDVI,1,4,MLP + terrain,6898,384,0.08,52.35,0.7273604608023743,0.1592373458301661,0.0615482032299041,-0.169526131581539,0.4519169330596924,-1.0973059996071997,0.129588633775711,0.0574012676357724,0.2317708333333333,0.1864837593388598,0.59324187966943,0.2317708333333333,0.2317708333333333,0.3463541666666667,3.467563195452346,0.186037050836778
spatial,NDVI,1,5,GLM-m4 (published),6898,625,0.08,0.4,0.8509500398533397,0.3979825136020493,0.0719356630915785,0.1491769292208719,0.2485480831579372,0.2321487562563994,0.1045528628658765,0.0442949506854595,0.4544,0.4000400446357405,0.7000200223178703,0.4544,0.4544,0.4752,4.757517561683599,0.3489718429282436
spatial,NDVI,1,5,GLM-m3 (published),6898,625,0.08,0.32,0.8516573250438387,0.3980798532633595,0.0719283035433251,0.1492639746886603,0.2484413175585696,0.2324785922270569,0.104494613908482,0.0443866042435367,0.456,0.4017994579945799,0.70089972899729,0.456,0.456,0.4752,4.757517561683599,0.3496751413706869
spatial,NDVI,1,5,GLM-splines,6898,625,0.08,2.32,0.8576119878845847,0.4228192820944838,0.0666088948967608,0.2121795773937768,0.2286493561924935,0.2936228262037476,0.1461794539018275,0.0262205412908471,0.4784,0.4264312450183325,0.7132156225091663,0.4784,0.4784,0.5136,5.141963425253992,0.3555962396170922
spatial,NDVI,1,5,GLM-m4 + terrain,6898,625,0.08,1.41,0.838466060895903,0.4011589702388761,0.066147808843245,0.2176330984302946,0.2319376738071805,0.2834640724600826,0.1823157777799616,0.0148856954732821,0.4416,0.3859647377650247,0.6929823688825123,0.4416,0.4416,0.4784,4.789554716981132,0.3365582323024272
spatial,NDVI,1,5,RandomForest,6898,625,0.08,7.63,0.8615970667941973,0.3951572428526739,0.0664925676560129,0.2135554443272949,0.2280588314403446,0.2954471620008205,0.1729475100719547,0.0255954720895873,0.4288,0.3718894308943089,0.6859447154471545,0.4288,0.4288,0.472,4.725480406386067,0.3595588554378292
spatial,NDVI,1,5,LightGBM,6898,625,0.08,9.3,0.8431918380360274,0.346532495867526,0.0696317960246645,0.1764260455603318,0.2375657221928568,0.2660770787730517,0.1973678314937801,0.0172917991357964,0.3936,0.3331823369998405,0.6665911684999203,0.3936,0.3936,0.416,4.164830188679246,0.3412573709891157
spatial,NDVI,1,5,XGBoost,6898,625,0.08,3.88,0.8389300175354696,0.3192143606522932,0.0705449357628822,0.1656258343336453,0.2386631816625595,0.2626866989475328,0.1700892597436905,0.0102364372214082,0.3872,0.3261446835644827,0.6630723417822413,0.3872,0.3872,0.4096,4.10075587808418,0.3370195730717778
spatial,NDVI,1,5,MLP,6898,625,0.08,50.73,0.7660587278813964,0.2449429858343333,0.088158018887043,-0.0426938895077668,0.3586711883544922,-0.1080596346526798,0.1751502603292465,0.0660918812790094,0.3008,0.2311363621871512,0.6155681810935757,0.3008,0.3008,0.3136,3.1396412191582006,0.2645594275005277
spatial,NDVI,1,5,LightGBM + terrain,6898,625,0.08,17.62,0.8519427387215048,0.3961830456151371,0.0686862408910165,0.1876096516859499,0.2361335780162863,0.2705014689080623,0.2687441223570065,0.0308652070508729,0.4384,0.3824459110473457,0.6912229555236729,0.4384,0.4384,0.4624,4.629368940493469,0.3499589455335528
spatial,NDVI,1,5,XGBoost + terrain,6898,625,0.08,12.67,0.8496823848238483,0.3885970557473447,0.0719848722219467,0.1485949054845097,0.2426143735647201,0.2504800974760379,0.2922548651695251,0.0458375329795291,0.4272,0.3701300175354695,0.6850650087677348,0.4272,0.4272,0.4448,4.45316458635704,0.3477113325824176
spatial,NDVI,1,5,MLP + terrain,6898,625,0.08,52.74,0.75350027100271,0.2394495186640113,0.1227702498435974,-0.4520719832563682,0.6863072514533997,-1.1202410090250408,0.2982650995254516,0.1225574809391387,0.3216,0.2540087358520644,0.6270043679260322,0.3216,0.3216,0.3424,3.4279756168359943,0.2528541557707085
spatial,NDVI,1,6,GLM-m4 (published),6897,228,0.08,0.43,0.8038508890309445,0.2992647516138568,0.0292785571824403,0.0927906839946377,0.1297340884743824,0.128432207232951,0.1845017640944199,0.0357517715956005,0.3991228070175439,0.3785799970010496,0.6892899985005247,0.3991228070175439,0.3991228070175439,0.5526315789473685,5.531930333817127,0.1881866011137083
spatial,NDVI,1,6,GLM-m3 (published),6897,228,0.08,0.35,0.8043967506109705,0.2981134039916722,0.0290494286001923,0.0998903365862335,0.1287863084163335,0.1347994973024793,0.1853452638643292,0.0348409550057133,0.3991228070175439,0.3785799970010496,0.6892899985005247,0.3991228070175439,0.3991228070175439,0.5526315789473685,5.531930333817127,0.1885246742908224
spatial,NDVI,1,6,GLM-splines,6897,228,0.08,2.4,0.8153777756732512,0.2587590557697209,0.0324652277519473,-0.0059497426487467,0.1381729647454797,0.0717389136543179,0.1689397432467686,0.0440047380661692,0.3464912280701754,0.3241490478332584,0.6620745239166292,0.3464912280701754,0.3464912280701754,0.4912280701754385,4.917271407837445,0.1953256475899482
spatial,NDVI,1,6,GLM-m4 + terrain,6897,228,0.08,1.37,0.8372240768362652,0.2529842680828843,0.0279517979475719,0.1339009180293484,0.1175844064684641,0.2100550995139624,0.1322002040569678,0.0154308850930103,0.3640350877192982,0.3422926975558554,0.6711463487779277,0.3640350877192982,0.3640350877192982,0.5877192982456141,5.883164005805515,0.2088559063819683
spatial,NDVI,1,6,RandomForest,6897,228,0.08,7.8,0.8557103697916255,0.3200528900781343,0.027651679786254,0.1432002147861313,0.117499555752374,0.2106251359030643,0.1752824864859004,0.0249667412037448,0.4210526315789473,0.401259559154296,0.700629779577148,0.4210526315789473,0.4210526315789473,0.6447368421052632,6.453918722786647,0.22030518291093
spatial,NDVI,1,6,LightGBM,6897,228,0.08,8.5,0.8444110350850885,0.2743647779977142,0.0282582101390674,0.1244065979052297,0.1161479541415333,0.2197053433220527,0.2096764961356577,0.0194365094092563,0.3859649122807017,0.3649722597091018,0.6824861298545508,0.3859649122807017,0.3859649122807017,0.5833333333333334,5.839259796806966,0.2133070659338744
spatial,NDVI,1,6,XGBoost,6897,228,0.08,2.89,0.8588237537914362,0.3261586374391836,0.0265451073646545,0.1774878609790177,0.1093214526772499,0.265566560609311,0.2091790586709976,0.0147765238197285,0.3947368421052631,0.3740440845704003,0.6870220422852003,0.3947368421052631,0.3947368421052631,0.6271929824561403,6.278301886792453,0.2222334196429675
spatial,NDVI,1,6,MLP,6897,228,0.08,49.96,0.7572326659353438,0.1509122661939425,0.0359627828001976,-0.1143230652562281,0.1818506270647049,-0.2216923414362781,0.1731405407190323,0.0319175423645742,0.2675438596491228,0.2425026240815714,0.6212513120407858,0.2675438596491228,0.2675438596491228,0.425438596491228,4.2587082728592165,0.1593403243689417
spatial,NDVI,1,6,LightGBM + terrain,6897,228,0.08,11.4,0.8464701828044395,0.2647918304691191,0.0273568697003853,0.1523350384280846,0.1127095574854042,0.2428048680459021,0.1739584006352837,0.0077902369735217,0.3596491228070175,0.3377567851252062,0.6688783925626032,0.3596491228070175,0.3596491228070175,0.6359649122807017,6.36611030478955,0.2145823757560501
spatial,NDVI,1,6,XGBoost + terrain,6897,228,0.08,9.08,0.8509337521341216,0.3022135583213989,0.026592094451189,0.1760319448841626,0.110036052763462,0.2607657993108391,0.1818150281906128,0.0122556767816474,0.4078947368421052,0.3876518218623482,0.6938259109311741,0.4078947368421052,0.4078947368421052,0.6447368421052632,6.453918722786647,0.217346836794778
spatial,NDVI,1,6,MLP + terrain,6897,228,0.08,53.36,0.8166174733580088,0.2010347064063562,0.0359201543033123,-0.1130022020299197,0.24433034658432,-0.6414379098969303,0.1922424584627151,0.0266179059908434,0.2719298245614035,0.2470385365122207,0.6235192682561104,0.2719298245614035,0.2719298245614035,0.5526315789473685,5.531930333817127,0.2085181572760005
spatial,NDVI,1,7,GLM-m4 (published),6897,249,0.08,0.38,0.8535867295898395,0.270726334522474,0.0302022518886023,0.1370809149323758,0.1212674647993516,0.2309087022917358,0.1386743522936234,0.0075700238084544,0.3413654618473896,0.316696388441854,0.658348194220927,0.3413654618473896,0.3413654618473896,0.5381526104417671,5.386993547484568,0.2284922835749931
spatial,NDVI,1,7,GLM-m3 (published),6897,249,0.08,0.31,0.8529028871200808,0.2731323978185039,0.0301876836846254,0.1374971481752873,0.1213742744322601,0.2302313041180606,0.1406246180751367,0.0079235590741631,0.3413654618473896,0.316696388441854,0.658348194220927,0.3413654618473896,0.3413654618473896,0.5502008032128514,5.507597880637208,0.2280503757927016
spatial,NDVI,1,7,GLM-splines,6897,249,0.08,2.42,0.8561867808176147,0.291958699889958,0.0294138455701948,0.159606747160088,0.1176718895523565,0.253712227023573,0.1387631736389005,0.0089389778506739,0.3614457831325301,0.3375288156235048,0.6687644078117524,0.3614457831325301,0.3614457831325301,0.5863453815261044,5.869410880095127,0.2301724700546594
spatial,NDVI,1,7,GLM-m4 + terrain,6897,249,0.08,1.34,0.8571986501964536,0.2801410743441089,0.0298981096120334,0.1457706701200107,0.1196572802436039,0.2411206658351216,0.126742297738328,0.00988512425611,0.3534136546184739,0.3291958447508445,0.6645979223754223,0.3534136546184739,0.3534136546184739,0.5542168674698795,5.547799325021421,0.2308263530258534
spatial,NDVI,1,7,RandomForest,6897,249,0.08,7.14,0.9155185724848852,0.3666431010276773,0.0273034473140287,0.2199036726693555,0.1008074526806347,0.3606682985490403,0.1886660980200514,0.0108900782091596,0.4016064257028112,0.3791936699868064,0.6895968349934032,0.4016064257028112,0.4016064257028112,0.7349397590361446,7.356864322311016,0.2685135044778697
spatial,NDVI,1,7,LightGBM,6897,249,0.08,9.24,0.9117359933113924,0.3349020305839309,0.0291312676323431,0.1676803800961559,0.1132992621642014,0.2814438999658184,0.1822115972738641,0.0137165454252372,0.3734939759036144,0.3500282719324953,0.6750141359662476,0.3734939759036144,0.3734939759036144,0.6706827309236948,6.713641212163604,0.2660690840512275
spatial,NDVI,1,7,XGBoost,6897,249,0.08,2.07,0.915649964478854,0.3565782100790135,0.0280535370111465,0.1984725980083352,0.104531392455101,0.3370507409267401,0.1979003101587295,0.0092429760211223,0.3734939759036144,0.3500282719324953,0.6750141359662476,0.3734939759036144,0.3734939759036144,0.7068273092369478,7.075454211621523,0.268598342467981
spatial,NDVI,1,7,MLP,6897,249,0.08,50.72,0.8828225054248281,0.2595403488387611,0.0325959995388984,0.0686883149403271,0.137815237045288,0.1259610424933076,0.2151252925395965,0.0199669081126501,0.2971887550200803,0.2708650486422223,0.6354325243211112,0.2971887550200803,0.2971887550200803,0.6184738955823293,6.191022435168833,0.2474143814333924
spatial,NDVI,1,7,LightGBM + terrain,6897,249,0.08,13.54,0.9109141137353264,0.3248927110838186,0.0298309004940911,0.1476909252975666,0.1211564562015524,0.2316127307521261,0.1444215801569672,0.019332919875973,0.3734939759036144,0.3500282719324953,0.6750141359662476,0.3734939759036144,0.3734939759036144,0.6706827309236948,6.713641212163604,0.265537974931408
spatial,NDVI,1,7,XGBoost + terrain,6897,249,0.08,3.25,0.9115710737051697,0.3245791235276287,0.0289823450148105,0.1719353002041374,0.1105978116393089,0.298576862324904,0.1674261838197708,0.0137906792529981,0.3694779116465863,0.3458617864961651,0.6729308932480825,0.3694779116465863,0.3694779116465863,0.6907630522088354,6.91464843408467,0.265962510899318
spatial,NDVI,1,7,MLP + terrain,6897,249,0.08,52.79,0.8247230800458151,0.2011327897510414,0.0374434478580951,-0.0698098236733819,0.2659936249256134,-0.6869599880092365,0.1510162949562072,0.0254293774854684,0.2971887550200803,0.2708650486422223,0.6354325243211112,0.2971887550200803,0.2971887550200803,0.5100401606425703,5.105583436795077,0.2222485073271926
spatial,NDVI,1,8,GLM-m4 (published),6897,155,0.08,0.36,0.8189151299987559,0.2651283246246067,0.0192752532335673,0.1556261694841,0.0889189390888685,0.2497412045497002,0.1625424267263932,0.0171196480606211,0.3419354838709677,0.3268064420436168,0.6634032210218084,0.3419354838709677,0.3419354838709677,0.5870967741935483,5.876932440657334,0.1637441334291081
spatial,NDVI,1,8,GLM-m3 (published),6897,155,0.08,0.32,0.8192089070917983,0.2699513135081904,0.0192082009087358,0.1585634708869386,0.0888567324830506,0.2502660764569475,0.1666909037038641,0.0173764749877151,0.3354838709677419,0.3202065052009071,0.6601032526004535,0.3354838709677419,0.3354838709677419,0.5935483870967742,5.941514115829392,0.1638949706613263
spatial,NDVI,1,8,GLM-splines,6897,155,0.08,2.24,0.8241323049540197,0.255569508446025,0.0194692528429791,0.1471278015854954,0.088997618866828,0.2490773392804665,0.170243154829412,0.0178579932151981,0.3612903225806451,0.3466062525717457,0.6733031262858729,0.3612903225806451,0.3612903225806451,0.5483870967741935,5.489442389624982,0.1664228454488263
spatial,NDVI,1,8,GLM-m4 + terrain,6897,155,0.08,0.93,0.8539865647218687,0.2549027089311103,0.0192768892922934,0.155554500118375,0.0843839771642767,0.288005213385396,0.1761376838298473,0.0127575087905298,0.3290322580645161,0.3136065683581975,0.6568032841790987,0.3290322580645161,0.3290322580645161,0.632258064516129,6.329004166861744,0.1817512492606586
spatial,NDVI,1,8,RandomForest,6897,155,0.08,7.52,0.8905598989483354,0.2870206377514648,0.0191304266211987,0.1619704597491631,0.0814277500445368,0.3129485541478953,0.1895570589564807,0.0161235485406647,0.3677419354838709,0.3532061894144553,0.6766030947072277,0.3677419354838709,0.3677419354838709,0.6129032258064516,6.135259141345569,0.2005295096998746
spatial,NDVI,1,8,LightGBM,6897,155,0.08,7.99,0.8979560004210486,0.2854875284204758,0.0186695610258092,0.1821591879291034,0.0762202448992183,0.3568871860935956,0.2045862808947054,0.0057881185180439,0.3483870967741935,0.3334063788863264,0.6667031894431632,0.3483870967741935,0.3483870967741935,0.6645161290322581,6.651912542722037,0.2043269640677583
spatial,NDVI,1,8,XGBoost,6897,155,0.08,2.38,0.879793494799093,0.2621645509598995,0.0193774718791246,0.1511483684273018,0.0804917141795158,0.3208464531982296,0.1974711269140243,0.0098410452957356,0.3354838709677419,0.3202065052009071,0.6601032526004535,0.3354838709677419,0.3354838709677419,0.5935483870967742,5.941514115829392,0.1950015873219568
spatial,NDVI,1,8,MLP,6897,155,0.08,52.0,0.8400474636606348,0.142433900707738,0.0262351874262094,-0.1492614614677714,0.1159452497959137,0.0217051725585987,0.2004062682390213,0.0204690432231766,0.2258064516129032,0.2080075788748433,0.6040037894374216,0.2258064516129032,0.2258064516129032,0.5483870967741935,5.489442389624982,0.1746077120496414
spatial,NDVI,1,8,LightGBM + terrain,6897,155,0.08,14.78,0.8959885551334437,0.2590776729657238,0.0188698152169296,0.1733868311468488,0.0773112401178756,0.3476818495592286,0.18396549222073,0.0051793452805847,0.3612903225806451,0.3466062525717457,0.6733031262858729,0.3612903225806451,0.3612903225806451,0.6387096774193548,6.3935858420338025,0.2033167968132357
spatial,NDVI,1,8,XGBoost + terrain,6897,155,0.08,4.67,0.8973072028018871,0.2881846572580088,0.0185206625610589,0.1886818502005478,0.0753281787037849,0.3644140858188782,0.2161871194839477,0.0059489539278859,0.3870967741935484,0.3730059999425842,0.6865029999712922,0.3870967741935484,0.3870967741935484,0.6774193548387096,6.781075893066154,0.2039938447216971
spatial,NDVI,1,8,MLP + terrain,6897,155,0.08,52.34,0.8502014334791055,0.1608305792600659,0.0269388426095247,-0.1800858566286918,0.1593947559595108,-0.3449025773022187,0.2173505574464798,0.0253406214227948,0.2645161290322581,0.2476071999311011,0.6238035999655506,0.2645161290322581,0.2645161290322581,0.5290322580645161,5.295697364108807,0.1880478169464803
spatial,NDVI,1,9,GLM-m4 (published),6897,463,0.08,0.39,0.7471169294333356,0.2034741363109332,0.0595447272842723,0.0553903889522162,0.228669457046091,0.0862208149441156,0.0856444759434738,0.0221910265670416,0.285097192224622,0.233651746156857,0.6168258730784285,0.285097192224622,0.285097192224622,0.3498920086393088,3.5024748673226607,0.2142219286812138
spatial,NDVI,1,9,GLM-m3 (published),6897,463,0.08,0.32,0.7457543651403753,0.2028569047918464,0.0595572532765005,0.0551916782823321,0.2289065139258231,0.0852735190298659,0.0853888127326618,0.0218746983309239,0.2872570194384449,0.2359669976790417,0.6179834988395209,0.2872570194384449,0.2872570194384449,0.3563714902807775,3.567335513013821,0.213040742303334
spatial,NDVI,1,9,GLM-splines,6897,463,0.08,2.24,0.7712493227461293,0.2101172550340641,0.0588923553583976,0.0657395301652914,0.2270719467810023,0.092604577983606,0.0873081734637708,0.0255616327777386,0.2915766738660907,0.2405975007234111,0.6202987503617056,0.2915766738660907,0.2915766738660907,0.3693304535637149,3.6970568043961416,0.2351419354610604
spatial,NDVI,1,9,GLM-m4 + terrain,6897,463,0.08,1.33,0.7711667430920105,0.2202574134798326,0.0595440794628561,0.0554006659047507,0.2294222288231174,0.083212686137453,0.1080435473278627,0.0312409108400176,0.2786177105831533,0.2267059915903028,0.6133529957951513,0.2786177105831533,0.2786177105831533,0.3520518358531317,3.5240950825530475,0.2350703483992576
spatial,NDVI,1,9,RandomForest,6897,463,0.08,7.43,0.8196838004902411,0.2333173410551061,0.0567054972799787,0.1004315550193141,0.2033924467085587,0.1872295207207853,0.089411516481322,0.0160166272805239,0.2980561555075594,0.2475432552899653,0.6237716276449827,0.2980561555075594,0.2980561555075594,0.3930885529157667,3.9348791719303966,0.2771298098305772
spatial,NDVI,1,9,LightGBM,6897,463,0.08,10.02,0.8192275982546824,0.2284225061058016,0.0590136250824101,0.0638157234395592,0.228926540091846,0.085193493066169,0.0806348900956761,0.0341241455029089,0.3023758099352052,0.2521737583343348,0.6260868791671674,0.3023758099352052,0.3023758099352052,0.3952483801295896,3.956499387160784,0.276733576449118
spatial,NDVI,1,9,XGBoost,6897,463,0.08,8.05,0.8158780869181073,0.2261471058525838,0.0581025443971157,0.0782689859032614,0.214997336268425,0.1408556033697366,0.0861287117004394,0.0261864954143818,0.2872570194384449,0.2359669976790417,0.6179834988395209,0.2872570194384449,0.2872570194384449,0.3801295896328294,3.8051578805480752,0.2738299357319794
spatial,NDVI,1,9,MLP,6897,463,0.08,50.29,0.7509216359365171,0.1628121909653246,0.0749282762408256,-0.1886521797039444,0.3338716626167297,-0.3341745209934477,0.1222238987684249,0.058790368144684,0.2311015118790496,0.1757704581022389,0.5878852290511195,0.2311015118790496,0.2311015118790496,0.3110151187904967,3.1133109931756984,0.2176203911410641
spatial,NDVI,1,9,LightGBM + terrain,6897,463,0.08,12.81,0.8347257180569477,0.24230984747279,0.0588789175994468,0.0659527049808421,0.2251925764567059,0.1001146735842074,0.0832005811827153,0.0357359117246797,0.2980561555075594,0.2475432552899653,0.6237716276449827,0.2980561555075594,0.2980561555075594,0.3974082073434125,3.97811960239117,0.2901686620888505
spatial,NDVI,1,9,XGBoost + terrain,6897,463,0.08,12.0,0.8349915842604522,0.2357026495590502,0.0574934370815753,0.0879317831089995,0.2058808505535125,0.1772857180626372,0.0871062725782394,0.0251325625776774,0.2958963282937365,0.2452280037677806,0.6226140018838904,0.2958963282937365,0.2958963282937365,0.3844492440604751,3.8483983110088498,0.2903991374846195
spatial,NDVI,1,9,MLP + terrain,6897,463,0.08,51.87,0.7429211444868681,0.153719131796951,0.091186486184597,-0.4465702535914964,0.5128911137580872,-1.0495487716953176,0.1436529755592346,0.0869545492676421,0.1922246220302375,0.1340959307029139,0.567047965351457,0.1922246220302375,0.1922246220302375,0.2894168466522678,2.89710884087183,0.2122692558634794
spatial,NDVI,2,0,GLM-m4 (published),6898,188,0.08,0.28,0.8594012588388242,0.1833010442151025,0.0246417880282285,0.0902948381056927,0.1023245602805806,0.2257151341565874,0.0985761540238544,0.0133761756872777,0.2340425531914893,0.212582046485081,0.6062910232425405,0.2340425531914893,0.2340425531914893,0.5,5.005805515239477,0.2027156221720929
spatial,NDVI,2,0,GLM-m3 (published),6898,188,0.08,0.24,0.8596977359926437,0.1826680179505654,0.0246315330679229,0.0906734222536562,0.1023496042102979,0.2255256279841871,0.0992377205878963,0.0132015451918737,0.2340425531914893,0.212582046485081,0.6062910232425405,0.2340425531914893,0.2340425531914893,0.5,5.005805515239477,0.2028828462683314
spatial,NDVI,2,0,GLM-splines,6898,188,0.08,1.58,0.8849743951548974,0.2349980791535841,0.0234602300472963,0.1339146189876672,0.09422859877421,0.286976872801198,0.102924354689103,0.0119650282795072,0.324468085106383,0.3055411104417034,0.6527705552208517,0.324468085106383,0.324468085106383,0.675531914893617,6.763162770589506,0.2171398182807919
spatial,NDVI,2,0,GLM-m4 + terrain,6898,188,0.08,0.82,0.8907889938802042,0.2110349443972111,0.0239475812544646,0.1159229899586176,0.0966755209802639,0.2684611339908033,0.0977142936715344,0.0136560546788595,0.2659574468085106,0.2453911278815359,0.622695563940768,0.2659574468085106,0.2659574468085106,0.6382978723404256,6.390390019454651,0.2204194673340253
spatial,NDVI,2,0,RandomForest,6898,188,0.08,8.58,0.8874365824269905,0.2730556517726107,0.0226052914838947,0.1654765341919551,0.090337963483006,0.3164171168270226,0.1322196924738637,0.010225978840239,0.3085106382978723,0.2891365697434759,0.644568284871738,0.3085106382978723,0.3085106382978723,0.7978723404255319,7.987987524318314,0.2185323967124185
spatial,NDVI,2,0,LightGBM,6898,188,0.08,10.06,0.8870485461521388,0.2960853999603732,0.022757353411288,0.1598628376485534,0.090706748138387,0.3136265416549059,0.1326080774755987,0.0131671072520225,0.3404255319148936,0.3219456511399309,0.6609728255699654,0.3404255319148936,0.3404255319148936,0.8085106382978723,8.09449402464256,0.2183097150643762
spatial,NDVI,2,0,XGBoost,6898,188,0.08,3.66,0.8962964137362462,0.2982851554748683,0.022384038195014,0.1736445802262087,0.087182343006134,0.3402955118461823,0.1464729756116867,0.0105948966708969,0.3563829787234042,0.3383501918381583,0.6691750959190792,0.3563829787234042,0.3563829787234042,0.7925531914893617,7.934734274156193,0.2235258549012872
spatial,NDVI,2,0,MLP,6898,188,0.08,51.18,0.8397739163522212,0.1971307375915551,0.0266411900520324,0.0164825668665781,0.1260397583246231,0.046263367265478,0.1379131227731704,0.0128520279438848,0.2393617021276596,0.2180502267178235,0.6090251133589117,0.2393617021276596,0.2393617021276596,0.6436170212765957,6.443643269616773,0.1916499710400113
spatial,NDVI,2,0,LightGBM + terrain,6898,188,0.08,13.59,0.8916471129149887,0.2338974383207634,0.0244445916346647,0.0975747715637045,0.1006521892229868,0.2383698828935351,0.0807530130522598,0.015410198490521,0.25,0.2289865871833085,0.6144932935916543,0.25,0.25,0.7553191489361702,7.5619615230213375,0.2209034770408186
spatial,NDVI,2,0,XGBoost + terrain,6898,188,0.08,9.26,0.8903482417477881,0.2204458583517799,0.0241020154207944,0.1102217170590134,0.0948991924524307,0.2819024928174204,0.0950208157300949,0.0112330851407149,0.2659574468085106,0.2453911278815359,0.622695563940768,0.2659574468085106,0.2659574468085106,0.7127659574468085,7.1359355217243605,0.2201708656125818
spatial,NDVI,2,0,MLP + terrain,6898,188,0.08,51.99,0.752996480324698,0.117402805712883,0.0307774692773818,-0.1362171705885964,0.2712301909923553,-1.052385473373715,0.0949742197990417,0.0222280661463778,0.1808510638297872,0.157900244157656,0.578950122078828,0.1808510638297872,0.1808510638297872,0.4042553191489361,4.04724701232128,0.1521236696886778
spatial,NDVI,2,1,GLM-m4 (published),6898,445,0.08,0.36,0.7430770811241876,0.1920137591513515,0.0574480767645242,0.0528286329835168,0.2205282430725877,0.0896272536255264,0.0742477786558523,0.0180878437870064,0.2606741573033708,0.2096901188716336,0.6048450594358168,0.2606741573033708,0.2606741573033708,0.3662921348314606,3.667174377456337,0.2068579843690796
spatial,NDVI,2,1,GLM-m3 (published),6898,445,0.08,0.31,0.7433507975560536,0.1934238048358076,0.0573850371691671,0.0538679941436006,0.2203447011275604,0.0903849415399693,0.0748541422264983,0.0186864658957144,0.2651685393258427,0.2144944342584321,0.607247217129216,0.2651685393258427,0.2651685393258427,0.3617977528089887,3.6221783728249695,0.2070909163638306
spatial,NDVI,2,1,GLM-splines,6898,445,0.08,2.21,0.7274703691515313,0.1827698350914542,0.057632337363182,0.0497906485470085,0.2260124047919196,0.066987834309305,0.0786359419021074,0.0261982971153825,0.2584269662921348,0.2072879611782343,0.6036439805891172,0.2584269662921348,0.2584269662921348,0.3235955056179775,3.239712333458358,0.1935767117523368
spatial,NDVI,2,1,GLM-m4 + terrain,6898,445,0.08,1.29,0.7380453651903043,0.206158137613906,0.0565176326167435,0.0681692693463018,0.2221714395088468,0.0828438991142515,0.0861004569813085,0.0210480048750137,0.2831460674157303,0.2337116958056265,0.6168558479028132,0.2831460674157303,0.2831460674157303,0.3415730337078652,3.419696351983823,0.2025760067690641
spatial,NDVI,2,1,RandomForest,6898,445,0.08,7.31,0.8031298046200964,0.268586862522926,0.0536652412476337,0.1151978834358542,0.2007747397980211,0.1711725957369453,0.1052237399512815,0.0130522726065817,0.3235955056179775,0.2769505342868137,0.6384752671434069,0.3235955056179775,0.3235955056179775,0.4157303370786517,4.162130428401364,0.2579627007875926
spatial,NDVI,2,1,LightGBM,6898,445,0.08,7.99,0.7962458015346924,0.2561965630775821,0.0549062752348836,0.0947364176319494,0.209698903340342,0.1343323472502992,0.1160840405401151,0.0209636921628474,0.3056179775280899,0.2577332727396194,0.6288666363698097,0.3056179775280899,0.3056179775280899,0.3910112359550561,3.91465240292885,0.2521044314812736
spatial,NDVI,2,1,XGBoost,6898,445,0.08,2.69,0.8073694492762709,0.2646048218122651,0.0543642751872539,0.1036726075785803,0.2008737623691558,0.1707637667020968,0.1307489573955536,0.0157161265782845,0.3056179775280899,0.2577332727396194,0.6288666363698097,0.3056179775280899,0.3056179775280899,0.4247191011235955,4.252122437664095,0.2615706277097182
spatial,NDVI,2,1,MLP,6898,445,0.08,50.05,0.7181629657488808,0.1737291610659374,0.0642711147665977,-0.0596657549159951,0.3122875094413757,-0.2891684557550411,0.1113206818699836,0.0494352934395451,0.2337078651685393,0.1808642265508421,0.5904321132754211,0.2337078651685393,0.2337078651685393,0.3191011235955056,3.1947163288269924,0.1856576246184238
spatial,NDVI,2,1,LightGBM + terrain,6898,445,0.08,13.22,0.8132844752984848,0.2799610759769788,0.0539030294062853,0.1112773668933497,0.2063516964873045,0.1481501052527527,0.1109404108745854,0.0244563649536476,0.3033707865168539,0.2553311150462201,0.62766555752311,0.3033707865168539,0.3033707865168539,0.4584269662921348,4.5895924723993415,0.266604299964537
spatial,NDVI,2,1,XGBoost + terrain,6898,445,0.08,3.3,0.8020643651502567,0.2648226512200204,0.0538501366972923,0.1121494319354483,0.200910285115242,0.1706129954712653,0.1166256517171859,0.0120702450180269,0.298876404494382,0.2505267996594215,0.6252633998297108,0.298876404494382,0.298876404494382,0.4179775280898876,4.184628430717047,0.2570560144827015
spatial,NDVI,2,1,MLP + terrain,6898,445,0.08,53.12,0.6937985467955851,0.1356583460132693,0.1016672104597091,-0.6762314099145044,0.5372619032859802,-1.2178956162357304,0.1611761897802353,0.0996158756925916,0.1932584269662921,0.1376253880696549,0.5688126940348275,0.1932584269662921,0.1932584269662921,0.2584269662921348,2.5872702663035505,0.1650733282297909
spatial,NDVI,2,2,GLM-m4 (published),6898,276,0.08,0.4,0.7280305218879537,0.175086641030638,0.0359967353504715,0.0651965608323429,0.1532782697352364,0.0934125342713524,0.0654426416496962,0.0104173942293126,0.2318840579710145,0.1998695608402383,0.5999347804201192,0.2318840579710145,0.2318840579710145,0.3297101449275362,3.3009297238173363,0.1548137563233491
spatial,NDVI,2,2,GLM-m3 (published),6898,276,0.08,0.33,0.7297737230750376,0.176826076933897,0.0359678265252283,0.0659472975032243,0.1529960672911275,0.0950816632292209,0.0660506387522133,0.0104089319897602,0.2463768115942029,0.2149663615791017,0.6074831807895509,0.2463768115942029,0.2463768115942029,0.3333333333333333,3.337203676826318,0.1559972449263897
spatial,NDVI,2,2,GLM-splines,6898,276,0.08,2.53,0.752363115482428,0.1885528716560583,0.0356601795085519,0.0739366189358129,0.1505769129787748,0.1093901166129315,0.0699171128889772,0.0121213895762676,0.2572463768115942,0.2262889621332492,0.6131444810666247,0.2572463768115942,0.2572463768115942,0.3478260869565217,3.4822994888622447,0.171333563339802
spatial,NDVI,2,2,GLM-m4 + terrain,6898,276,0.08,1.34,0.734532235543358,0.171648460679425,0.0364628515160476,0.0530919354992417,0.156960828507484,0.0716314844820011,0.077217265645177,0.0149159941995123,0.2355072463768115,0.2036437610249541,0.6018218805124771,0.2355072463768115,0.2355072463768115,0.3478260869565217,3.4822994888622447,0.1592278790682625
spatial,NDVI,2,2,RandomForest,6898,276,0.08,7.31,0.7733236598251765,0.1743058878580734,0.0375512232253419,0.0248278830223911,0.1566525702928927,0.0734547242278509,0.09321610256437,0.028744972446162,0.2282608695652173,0.1960953606555224,0.5980476803277612,0.2282608695652173,0.2282608695652173,0.391304347826087,3.9175869249700255,0.1855640317504707
spatial,NDVI,2,2,LightGBM,6898,276,0.08,10.53,0.7664761510818134,0.1537762253978448,0.0374188535601631,0.0282654063712688,0.1627983649276198,0.0371044940718732,0.0869026095117972,0.0203631153525192,0.1920289855072463,0.1583533588083638,0.5791766794041819,0.1920289855072463,0.1920289855072463,0.358695652173913,3.59112134788919,0.1809151404518919
spatial,NDVI,2,2,XGBoost,6898,276,0.08,6.9,0.7683856840833585,0.1466086282044112,0.0374302193522453,0.0279702467846044,0.1560802012681961,0.0768401146144937,0.0889483615756034,0.0178306518749792,0.2028985507246377,0.1696759593625114,0.5848379796812557,0.2028985507246377,0.2028985507246377,0.3731884057971014,3.736217159925117,0.182211554528681
spatial,NDVI,2,2,MLP,6898,276,0.08,50.5,0.7044666657912362,0.1013514797016229,0.0597704872488975,-0.5521867885239806,0.2562265992164612,-0.515490856902072,0.13996621966362,0.0657529793118315,0.1413043478260869,0.1055145562223418,0.5527572781111709,0.1413043478260869,0.1413043478260869,0.2898550724637681,2.901916240718537,0.1388177336778839
spatial,NDVI,2,2,LightGBM + terrain,6898,276,0.08,13.21,0.7741077173584756,0.1793696509735684,0.0364115736533256,0.054423576326084,0.1721547857671316,-0.0182354694587418,0.0686829489559402,0.023661391661444,0.2318840579710145,0.1998695608402383,0.5999347804201192,0.2318840579710145,0.2318840579710145,0.3876811594202898,3.881312971961044,0.1860963391432512
spatial,NDVI,2,2,XGBoost + terrain,6898,276,0.08,3.28,0.768925715336231,0.1676561912820783,0.036417581140995,0.0542675671747151,0.1566173434257507,0.0736631063291712,0.0833076834678649,0.0165399972210982,0.213768115942029,0.180998559916659,0.5904992799583295,0.213768115942029,0.213768115942029,0.3768115942028985,3.7724911129340986,0.1825781908249511
spatial,NDVI,2,2,MLP + terrain,6898,276,0.08,52.76,0.6526537584424339,0.0924418358222977,0.0453686453402042,-0.1781836680876976,0.3929992616176605,-1.324453392318086,0.0729763507843017,0.0427745713858556,0.1557971014492753,0.1206113569612053,0.5603056784806026,0.1557971014492753,0.1557971014492753,0.2934782608695652,2.938190193727519,0.1064549727482884
spatial,NDVI,2,3,GLM-m4 (published),6898,133,0.08,0.49,0.8647466782254972,0.1630747650325969,0.0175907547665512,0.1199862167456915,0.080555000916915,0.2641445275216997,0.0923686224754965,0.0150513901132833,0.2406015037593984,0.2256717180979055,0.6128358590489528,0.2406015037593984,0.2406015037593984,0.6015037593984962,6.0220216724685445,0.1737474763402765
spatial,NDVI,2,3,GLM-m3 (published),6898,133,0.08,0.38,0.8666461052853864,0.1658794004505632,0.0175573086864714,0.121659425874954,0.0803052174571412,0.2664262545866487,0.0931701221943359,0.0148355463966399,0.2481203007518796,0.2333383347504015,0.6166691673752007,0.2481203007518796,0.2481203007518796,0.6090225563909775,6.097296943374401,0.1746522704833068
spatial,NDVI,2,3,GLM-splines,6898,133,0.08,2.84,0.8789929368876738,0.161801931202727,0.0177800083943207,0.1105184137333514,0.0789027707321946,0.2792373536576502,0.1162118878512862,0.0171941838273534,0.2030075187969924,0.1873386348354256,0.5936693174177128,0.2030075187969924,0.2030075187969924,0.6616541353383458,6.624223839715398,0.1805336971274983
spatial,NDVI,2,3,GLM-m4 + terrain,6898,133,0.08,1.66,0.8626394145007752,0.1139265568458803,0.0190514915044271,0.0469098490686729,0.0808955495265631,0.2610336771064305,0.0912280500654059,0.0119734729077533,0.0902255639097744,0.0723393850479858,0.5361696925239929,0.0902255639097744,0.0902255639097744,0.6466165413533834,6.4736732979036855,0.1727436789762125
spatial,NDVI,2,3,RandomForest,6898,133,0.08,7.67,0.9040405892780732,0.1684040718665878,0.0191058502532392,0.044190440559488,0.0788816496441202,0.2794302910056407,0.1719305058252221,0.0229635255961456,0.2406015037593984,0.2256717180979055,0.6128358590489528,0.2406015037593984,0.2406015037593984,0.6466165413533834,6.4736732979036855,0.1924652439891142
spatial,NDVI,2,3,LightGBM,6898,133,0.08,9.24,0.9028558091459248,0.153661843207234,0.0192608198003299,0.0364377693845262,0.0745324020918767,0.3191598866366082,0.1679264727576331,0.0121621911333562,0.2330827067669172,0.2180051014454095,0.6090025507227047,0.2330827067669172,0.2330827067669172,0.6240601503759399,6.2478474851861145,0.1919008016761926
spatial,NDVI,2,3,XGBoost,6898,133,0.08,2.31,0.8999505415423258,0.1467418053225587,0.0196548607200384,0.016725059775896,0.0763659700751304,0.3024102746258365,0.1680092960596084,0.0149608452417708,0.2406015037593984,0.2256717180979055,0.6128358590489528,0.2406015037593984,0.2406015037593984,0.6390977443609023,6.398398026997828,0.1905168743087545
spatial,NDVI,2,3,MLP,6898,133,0.08,50.93,0.8179950986112732,0.094352013984174,0.0275371242314577,-0.3776014273672954,0.1172216311097145,-0.0707990139231862,0.1698743551969528,0.0292194544072186,0.1428571428571428,0.1260057016154577,0.5630028508077288,0.1428571428571428,0.1428571428571428,0.4812030075187969,4.817617337974835,0.1515017351589568
spatial,NDVI,2,3,LightGBM + terrain,6898,133,0.08,15.0,0.9009397106958082,0.1419407362331467,0.0180628567588699,0.0963683410003992,0.0721612306688714,0.3408201119229586,0.1153949768087528,0.0062474964916744,0.1954887218045112,0.1796720181829296,0.5898360090914647,0.1954887218045112,0.1954887218045112,0.6616541353383458,6.624223839715398,0.1909880661045227
spatial,NDVI,2,3,XGBoost + terrain,6898,133,0.08,12.52,0.8996293394239478,0.1408878818391297,0.0192755982279777,0.0356984480650327,0.0754538774490356,0.3107420805850525,0.1551676392555236,0.0140079671140867,0.2105263157894736,0.1950052514879215,0.5975026257439608,0.2105263157894736,0.2105263157894736,0.6165413533834586,6.172572214280258,0.1903638693347221
spatial,NDVI,2,3,MLP + terrain,6898,133,0.08,53.15,0.8128714246814376,0.084733172236645,0.0381183661520481,-0.906949875324396,0.1855883598327636,-0.6953170743592874,0.1776162832975387,0.040278612381635,0.1278195488721804,0.1106724683104657,0.5553362341552329,0.1278195488721804,0.1278195488721804,0.4285714285714285,4.290690441633839,0.1513887129127522
spatial,NDVI,2,4,GLM-m4 (published),6898,185,0.08,0.39,0.6611620856667781,0.055647890664316,0.0298246751368462,-0.1170413647300185,0.1363824413572093,-0.0418129741422146,0.03829623892148,0.0356575205999548,0.1081081081081081,0.0835289333725204,0.5417644666862602,0.1081081081081081,0.1081081081081081,0.2108108108108108,2.1105558388577257,0.0901933475604614
spatial,NDVI,2,4,GLM-m3 (published),6898,185,0.08,0.39,0.661468067203208,0.0558950912947093,0.0295946703850288,-0.1084268594358066,0.1355547323243867,-0.0354901806753436,0.0380798051654668,0.034324663494691,0.1135135135135135,0.089083303473293,0.5445416517366465,0.1135135135135135,0.1135135135135135,0.2054054054054054,2.0564390224767584,0.0903645882027509
spatial,NDVI,2,4,GLM-splines,6898,185,0.08,2.77,0.6447155780836699,0.0547313620042969,0.0320954150903592,-0.2020887439547958,0.1443683496810468,-0.1028165961575526,0.0372670579291638,0.04348865372066,0.0972972972972973,0.0724201931709752,0.5362100965854877,0.0972972972972973,0.0972972972972973,0.2054054054054054,2.0564390224767584,0.0809891630373963
spatial,NDVI,2,4,GLM-m4 + terrain,6898,185,0.08,1.58,0.6553717876971266,0.1033431276565193,0.0271700496798417,-0.017616092544038,0.1275135532841194,0.025935649278888,0.0693770750489919,0.0306840396343244,0.1567567567567567,0.1335182642794738,0.5667591321397369,0.1567567567567567,0.1567567567567567,0.2972972972972973,2.976424900953203,0.0869528437209709
spatial,NDVI,2,4,RandomForest,6898,185,0.08,8.37,0.8223414834468015,0.1406679232962974,0.0251831324337902,0.0568011053617646,0.1091176156397737,0.1664605315046996,0.0855004561192503,0.0196579068711727,0.2,0.1779532250856547,0.5889766125428274,0.2,0.2,0.4918918918918919,4.924630290668026,0.1803964621420833
spatial,NDVI,2,4,LightGBM,6898,185,0.08,9.37,0.814498693539361,0.1605396823710345,0.0246090794006325,0.0783014563511238,0.1066275479043279,0.1854819307952849,0.079007074620928,0.0073515236052652,0.2486486486486486,0.2279425559926081,0.613971277996304,0.2486486486486486,0.2486486486486486,0.5027027027027027,5.032863923429962,0.1760072149993969
spatial,NDVI,2,4,XGBoost,6898,185,0.08,4.5,0.8243722345912127,0.1662769889795677,0.0243792664259672,0.0869087789011597,0.1035170778632164,0.2092426198378876,0.08631531894207,0.0079424032787899,0.2486486486486486,0.2279425559926081,0.613971277996304,0.2486486486486486,0.2486486486486486,0.5459459459459459,5.465798454477699,0.1815328801359166
spatial,NDVI,2,4,MLP,6898,185,0.08,50.51,0.7724020758431603,0.0983636638891908,0.0284200459718704,-0.0644329499799869,0.1368695199489593,-0.0455335994114607,0.0828624293208122,0.0221219230505539,0.1243243243243243,0.1001920436748382,0.5500960218374191,0.1243243243243243,0.1243243243243243,0.3945945945945946,3.9505275958106143,0.1524533715648463
spatial,NDVI,2,4,LightGBM + terrain,6898,185,0.08,11.92,0.7837370813387498,0.1451590112795455,0.0246650390735168,0.076205565311852,0.112668880883517,0.1393327416753492,0.0672399232120099,0.0084547013187246,0.2486486486486486,0.2279425559926081,0.613971277996304,0.2486486486486486,0.2486486486486486,0.3837837837837838,3.84229396304868,0.1587916722847706
spatial,NDVI,2,4,XGBoost + terrain,6898,185,0.08,13.0,0.770486470382195,0.1453570958683151,0.0247614756226539,0.072593669659555,0.1117830500006675,0.1460996234664016,0.0771473199129104,0.0129541542549511,0.2378378378378378,0.2168338157910629,0.6084169078955315,0.2378378378378378,0.2378378378378378,0.4054054054054054,4.058761228572549,0.1513760512446757
spatial,NDVI,2,4,MLP + terrain,6898,185,0.08,52.28,0.746107794074426,0.0876955008740704,0.0363365150988101,-0.3609331947211258,0.248602420091629,-0.8990508858197919,0.1026854887604713,0.0350360676193472,0.1459459459459459,0.1224095240779286,0.5612047620389643,0.1459459459459459,0.1459459459459459,0.3783783783783784,3.7881771466677128,0.1418308884069672
spatial,NDVI,2,5,GLM-m4 (published),6898,290,0.08,0.3,0.9266510812390416,0.4179052753330829,0.0307208928700476,0.2382823042699395,0.116007487813553,0.337167417669554,0.2982865270737485,0.0223884416012197,0.4448275862068965,0.4204631794272355,0.7102315897136178,0.4448275862068965,0.4448275862068965,0.7448275862068966,7.45692407787398,0.2966021576138421
spatial,NDVI,2,5,GLM-m3 (published),6898,290,0.08,0.28,0.9272517116139268,0.4197171203378543,0.0305943628760907,0.2414195872859398,0.1156824336453528,0.3390246813493922,0.2957454375194043,0.0221671094040037,0.4448275862068965,0.4204631794272355,0.7102315897136178,0.4448275862068965,0.4448275862068965,0.7482758620689656,7.491446874530804,0.2970197078626355
spatial,NDVI,2,5,GLM-splines,6898,290,0.08,1.84,0.9316559864740752,0.4369454299597518,0.0293649091398594,0.2719036188188236,0.1101167707329092,0.37082523828038,0.2690816940684551,0.0132251654954342,0.4827586206896552,0.4600588628204057,0.7300294314102029,0.4827586206896552,0.4827586206896552,0.7413793103448276,7.422401281217156,0.3000815011726415
spatial,NDVI,2,5,GLM-m4 + terrain,6898,290,0.08,1.06,0.9251643775569842,0.3749239054588572,0.035218767194052,0.1267585122936835,0.1217202175463136,0.3045265642876805,0.3142245746296533,0.0295319956226251,0.3689655172413793,0.341271812640895,0.6706359063204476,0.3689655172413793,0.3689655172413793,0.7241379310344828,7.249787297933035,0.295568620983154
spatial,NDVI,2,5,RandomForest,6898,290,0.08,7.32,0.9347092343658678,0.4405155080541322,0.0291542722487983,0.2771263136139752,0.1044059310339838,0.4034552925661667,0.2516094663043521,0.0075735922508953,0.4724137931034483,0.4492600400768139,0.7246300200384069,0.4724137931034483,0.4724137931034483,0.7517241379310344,7.525969671187627,0.302205009918668
spatial,NDVI,2,5,LightGBM,6898,290,0.08,7.69,0.9244364198046254,0.3980805380083846,0.0307028941373007,0.2387285788392369,0.1127613222216129,0.3557150507795479,0.2420922024919621,0.0097626276128676,0.4620689655172413,0.438461217333222,0.719230608666611,0.4620689655172413,0.4620689655172413,0.7413793103448276,7.422401281217156,0.2950625532806058
spatial,NDVI,2,5,XGBoost,6898,290,0.08,2.18,0.9254232069800452,0.4171575605637325,0.0299636851996183,0.2570570997925948,0.1082243397831916,0.3816380586356436,0.2579493820667267,0.0072890880455842,0.4689655172413793,0.4456604324956166,0.7228302162478083,0.4689655172413793,0.4689655172413793,0.7620689655172413,7.629538061158099,0.2957485545989137
spatial,NDVI,2,5,MLP,6898,290,0.08,48.5,0.8957324455205812,0.3812341397171923,0.0325004607439041,0.1941583152308447,0.1414393186569214,0.1918574708318132,0.3188051581382751,0.0173934907473277,0.4379310344827586,0.4132639642648409,0.7066319821324205,0.4379310344827586,0.4379310344827586,0.7034482758620689,7.042650517992093,0.2751914421779098
spatial,NDVI,2,5,LightGBM + terrain,6898,290,0.08,15.67,0.9271911789262752,0.4184237883237462,0.030886644831748,0.234172521300309,0.1147135166321633,0.3445607874923726,0.2298229418252772,0.0146503989649898,0.4827586206896552,0.4600588628204057,0.7300294314102029,0.4827586206896552,0.4827586206896552,0.7482758620689656,7.491446874530804,0.2969776251950136
spatial,NDVI,2,5,XGBoost + terrain,6898,290,0.08,6.56,0.9249058090506804,0.4103915431398862,0.0299688782542943,0.2569283391586386,0.1082259863615036,0.3816286505730617,0.2573668658733368,0.0067059054036397,0.4793103448275862,0.4564592552392085,0.7282296276196043,0.4793103448275862,0.4793103448275862,0.7551724137931034,7.560492467844452,0.295388866470441
spatial,NDVI,2,5,MLP + terrain,6898,290,0.08,53.81,0.8628350171161392,0.2543777453265953,0.0427412874996662,-0.0597607030661568,0.256712406873703,-0.4667789390515056,0.2058821469545364,0.0293924776181036,0.3482758620689655,0.3196741671537113,0.6598370835768557,0.3482758620689655,0.3482758620689655,0.596551724137931,5.972443821630548,0.2631943013711192
spatial,NDVI,2,6,GLM-m4 (published),6897,826,0.08,0.31,0.8586411682898454,0.4837610390863683,0.0798210292470577,0.2849234882932127,0.2675382340857116,0.3621429557912727,0.2344847368026174,0.0196739119592884,0.5012106537530266,0.4333470398508688,0.7166735199254344,0.5012106537530266,0.5012106537530266,0.4503631961259079,4.508207494456296,0.403376587406356
spatial,NDVI,2,6,GLM-m3 (published),6897,826,0.08,0.26,0.8588024957295091,0.4839588127346876,0.0798498091509585,0.284665663588586,0.2675602209213827,0.3620905354033586,0.2339835641377144,0.0196950117553439,0.5072639225181598,0.4402238961633583,0.7201119480816791,0.5072639225181598,0.5072639225181598,0.4467312348668281,4.471850982404229,0.4035580381649984
spatial,NDVI,2,6,GLM-splines,6897,826,0.08,2.49,0.8512360593349959,0.4523095229452953,0.0804493357843682,0.2792948055861535,0.2696598469634566,0.3570846667441828,0.2314708490020441,0.0166189278468478,0.4975786924939467,0.4292209260633751,0.7146104630316876,0.4975786924939467,0.4975786924939467,0.437046004842615,4.374900283598716,0.3950477957235078
spatial,NDVI,2,6,GLM-m4 + terrain,6897,826,0.08,1.8,0.8619038113557767,0.4602505992656156,0.0803559656817481,0.2801312614413226,0.2673967477643519,0.3624802834522962,0.235941153450797,0.029051051317002,0.4915254237288136,0.4223440697508857,0.7111720348754429,0.4915254237288136,0.4915254237288136,0.4176755447941888,4.180998885987693,0.4070461991024588
spatial,NDVI,2,6,RandomForest,6897,826,0.08,8.69,0.8899684045493939,0.5003794959163412,0.0773128068219596,0.3073933932699141,0.2535336430386796,0.395532303228432,0.220654338705938,0.0374202158006409,0.5193704600484261,0.4539776087883372,0.7269888043941686,0.5193704600484261,0.5193704600484261,0.4588377723970944,4.5930393559111184,0.4386114489633823
spatial,NDVI,2,6,LightGBM,6897,826,0.08,8.51,0.8737087323811092,0.4756138418544447,0.0813502605042618,0.2712238735011022,0.2771921672386198,0.339126323095963,0.2358781002512169,0.0396708115002709,0.5084745762711864,0.4415992674258562,0.7207996337129281,0.5084745762711864,0.5084745762711864,0.4418886198547215,4.423375633001473,0.4203236123883206
spatial,NDVI,2,6,XGBoost,6897,826,0.08,2.43,0.8534775934333151,0.4690454755603384,0.0798480212688446,0.2846816803264987,0.270435631275177,0.3552350663817029,0.247424766421318,0.0183308641381029,0.5121065375302664,0.4457253812133498,0.722862690606675,0.5121065375302664,0.5121065375302664,0.4430992736077482,4.435494470352162,0.3975689248550223
spatial,NDVI,2,6,MLP,6897,826,0.08,50.06,0.8186036461995523,0.4018657953120206,0.0912618860602378,0.1824305981604131,0.3728535175323486,0.1110532574885605,0.238066479563713,0.056330350808229,0.4552058111380145,0.381082931875949,0.6905414659379745,0.4552058111380145,0.4552058111380145,0.4031476997578692,4.0355728377794255,0.3583474438290314
spatial,NDVI,2,6,LightGBM + terrain,6897,826,0.08,16.07,0.8625779367077955,0.4605870010732907,0.0842116208037007,0.2455903836681648,0.2861059620557758,0.3178743071581862,0.2400339491069594,0.047518997904912,0.486682808716707,0.4168425847008941,0.708421292350447,0.486682808716707,0.486682808716707,0.4188861985472155,4.193117723338382,0.4078044073439336
spatial,NDVI,2,6,XGBoost + terrain,6897,826,0.08,3.31,0.8671850415762149,0.4772368575799813,0.0788343176245689,0.2937629421529969,0.262945294380188,0.3730933143799561,0.2503285408020019,0.0259882945501743,0.5121065375302664,0.4457253812133498,0.722862690606675,0.5121065375302664,0.5121065375302664,0.4406779661016949,4.411256795650783,0.4129861835271468
spatial,NDVI,2,6,MLP + terrain,6897,826,0.08,50.15,0.7446658248658031,0.2907054524901553,0.1210057586431503,-0.0840298177458898,0.6520748734474182,-0.5546583507136968,0.208456814289093,0.109302478099166,0.324455205811138,0.2325428355261767,0.6162714177630884,0.324455205811138,0.324455205811138,0.2893462469733656,2.8964021268146625,0.2759797577924226
spatial,NDVI,2,7,GLM-m4 (published),6897,447,0.08,0.39,0.8286554636421969,0.3668959810993105,0.0514470418027513,0.1555613542302324,0.1910124254005014,0.214433845895419,0.1194916047877212,0.0256651493469433,0.4250559284116331,0.385210967171323,0.6926054835856614,0.4250559284116331,0.4250559284116331,0.5503355704697986,5.508946922395068,0.2802882416632266
spatial,NDVI,2,7,GLM-m3 (published),6897,447,0.08,0.32,0.8290668192775263,0.3683300747223021,0.0513582153625029,0.1570193288053204,0.1906755056731993,0.2158194768765643,0.1215461013455065,0.0254019778243366,0.4272930648769575,0.3876031423963373,0.6938015711981687,0.4272930648769575,0.4272930648769575,0.5458612975391499,5.464158736034133,0.2806390593445972
spatial,NDVI,2,7,GLM-splines,6897,447,0.08,2.37,0.8450410141685308,0.4011166779979601,0.0471057438827317,0.2268183129980424,0.175962537933115,0.2763286791381907,0.1859341957767861,0.0205336659399841,0.4899328859060403,0.4545840486967379,0.7272920243483689,0.4899328859060403,0.4899328859060403,0.6129753914988815,6.135981531448165,0.294262380704804
spatial,NDVI,2,7,GLM-m4 + terrain,6897,447,0.08,1.36,0.8889693564330681,0.4442621029663891,0.0451840827942681,0.2583599688505243,0.1636456549454528,0.3269836372064243,0.2331801572086658,0.0147582053446676,0.5055928411633109,0.4713292752718381,0.735664637635919,0.5055928411633109,0.5055928411633109,0.6174496644295302,6.1807697178091,0.3317259228381588
spatial,NDVI,2,7,RandomForest,6897,447,0.08,6.9,0.8250363317898826,0.4510058232370451,0.0446997969269568,0.2663089137777323,0.1810295283945481,0.2554899499229228,0.236408429869821,0.0197900014472951,0.5190156599552572,0.4856823266219239,0.742841163310962,0.5190156599552572,0.5190156599552572,0.6532438478747203,6.539075208696584,0.2772018848934172
spatial,NDVI,2,7,LightGBM,6897,447,0.08,7.36,0.8543518374000659,0.4254146858311074,0.0459233491945138,0.2462258383735973,0.1967184449132195,0.1909670175231118,0.2298513585959282,0.024759615107659,0.4921700223713646,0.4569762239217522,0.7284881119608762,0.4921700223713646,0.4921700223713646,0.6442953020134228,6.449498835974714,0.3022029570067994
spatial,NDVI,2,7,XGBoost,6897,447,0.08,1.56,0.8486160969772645,0.4421588699736021,0.0451121442019939,0.2595407505885988,0.1863235384225845,0.2337175972118117,0.3211421966552734,0.0217949090205496,0.5100671140939598,0.4761136257218667,0.7380568128609334,0.5100671140939598,0.5100671140939598,0.6420581655480985,6.427104742794246,0.2973113280392215
spatial,NDVI,2,7,MLP,6897,447,0.08,51.53,0.8057333125227616,0.2826169071390645,0.0602702349424362,0.0107397084142013,0.3098325729370117,-0.2742311060760856,0.2501726448535919,0.0465507211465887,0.3668903803131991,0.323014411320951,0.6615072056604755,0.3668903803131991,0.3668903803131991,0.5078299776286354,5.0834591519661805,0.2609161616226401
spatial,NDVI,2,7,LightGBM + terrain,6897,447,0.08,12.0,0.8981466451624093,0.4079870292941444,0.0469550343772512,0.2292920204504658,0.1876719738465009,0.228171934790666,0.2233569724437027,0.0274173106811732,0.5011185682326622,0.4665449248218095,0.7332724624109048,0.5011185682326622,0.5011185682326622,0.6487695749440716,6.494287022335649,0.3395526163420861
spatial,NDVI,2,7,XGBoost + terrain,6897,447,0.08,5.01,0.8961361705079515,0.4351189446393979,0.0452454760670661,0.2573522753015018,0.1722788214683532,0.2914785196657395,0.3033994734287262,0.0205227072167441,0.5033557046979866,0.4689371000468237,0.7344685500234119,0.5033557046979866,0.5033557046979866,0.6420581655480985,6.427104742794246,0.3378380171392663
spatial,NDVI,2,7,MLP + terrain,6897,447,0.08,51.7,0.8109116764649776,0.3373638986554145,0.0576053895056247,0.0544798029462538,0.4342436492443084,-0.7858895862301123,0.2912144064903259,0.0472215596416083,0.4496644295302013,0.4115248946464804,0.7057624473232402,0.4496644295302013,0.4496644295302013,0.5615212527964206,5.620917388297407,0.280100382085536
spatial,NDVI,2,8,GLM-m4 (published),6897,256,0.08,0.39,0.720629305639211,0.0836310163961742,0.0353354712490777,0.015999839775595,0.1494733257460064,0.0694434485708879,0.027629396900475,0.010939588527211,0.1015625,0.0669291616473422,0.5334645808236711,0.1015625,0.1015625,0.30078125,3.010868332728592,0.1444875157846549
spatial,NDVI,2,8,GLM-m3 (published),6897,256,0.08,0.32,0.7201675670079807,0.0839848831326113,0.0353276476635535,0.0162177061047309,0.1494589475003866,0.0695329613357422,0.0276586497523213,0.0103519371948588,0.1015625,0.0669291616473422,0.5334645808236711,0.1015625,0.1015625,0.29296875,2.932663960449927,0.144185128630895
spatial,NDVI,2,8,GLM-splines,6897,256,0.08,2.6,0.755823788774281,0.1112070188794396,0.034576540350977,0.0371340739864888,0.1435887286815402,0.1060784155359271,0.0505244359650716,0.0069188376137766,0.1640625,0.1318384373588315,0.5659192186794157,0.1640625,0.1640625,0.37109375,3.714707683236575,0.1675359654127693
spatial,NDVI,2,8,GLM-m4 + terrain,6897,256,0.08,1.38,0.77723787362596,0.1095887248211597,0.0347875674551916,0.0312575228321223,0.14223184064102,0.114525816096262,0.0513132359458937,0.0080292012123995,0.13671875,0.1034406292350549,0.5517203146175275,0.13671875,0.13671875,0.35546875,3.558298938679245,0.1815597956290532
spatial,NDVI,2,8,RandomForest,6897,256,0.08,7.43,0.81037923740777,0.1369257457225973,0.0338510537934572,0.0573369710642733,0.1351134046204136,0.1588421330166487,0.0684802245454589,0.0064108999049905,0.1640625,0.1318384373588315,0.5659192186794157,0.1640625,0.1640625,0.40234375,4.0275251723512335,0.2032636892574194
spatial,NDVI,2,8,LightGBM,6897,256,0.08,7.79,0.8001559911910857,0.128799728623761,0.0348056980870317,0.0307526323069639,0.1465838240555718,0.0874322416547351,0.0651119775958372,0.0178089117666313,0.203125,0.1724067346785122,0.5862033673392562,0.203125,0.203125,0.34375,3.440992380261248,0.1965685983138307
spatial,NDVI,2,8,XGBoost,6897,256,0.08,2.45,0.80853787080259,0.1276090573758497,0.0346658825874328,0.0346461271195106,0.1395983397960662,0.1309209767081316,0.0715125650167465,0.0158883140077597,0.171875,0.1399520968227676,0.5699760484113838,0.171875,0.171875,0.33203125,3.323685821843251,0.2020577918603532
spatial,NDVI,2,8,MLP,6897,256,0.08,49.37,0.6789437184723687,0.0733773190283748,0.0444577448070049,-0.2380315435711186,0.2315099835395813,-0.4412812549978868,0.0558591969311237,0.041466703740224,0.1015625,0.0669291616473422,0.5334645808236711,0.1015625,0.1015625,0.23046875,2.3070289822206096,0.11719397130007
spatial,NDVI,2,8,LightGBM + terrain,6897,256,0.08,12.16,0.7842489482946846,0.110430294078653,0.0360781914644242,-0.0046829694545762,0.163629124152842,-0.0186844557387719,0.0492246544415807,0.026632664116272,0.16015625,0.1277816076268634,0.5638908038134317,0.16015625,0.16015625,0.30078125,3.010868332728592,0.1861512646168812
spatial,NDVI,2,8,XGBoost + terrain,6897,256,0.08,11.98,0.7885201776840837,0.1109982106016296,0.0358944870531559,0.0004327163911779,0.1500662118196487,0.0657525226456451,0.0567898713052272,0.0209089824424809,0.15625,0.1237247778948953,0.5618623889474477,0.15625,0.15625,0.3125,3.128174891146589,0.1889484420928695
spatial,NDVI,2,8,MLP + terrain,6897,256,0.08,51.03,0.6545153920719772,0.0861441846387905,0.0480313599109649,-0.3375473476788342,0.4206103682518005,-1.6185386485306077,0.0982923060655593,0.0493022762095839,0.14453125,0.1115542886989911,0.5557771443494955,0.14453125,0.14453125,0.25390625,2.541642099056604,0.1042418931597471
spatial,NDVI,2,9,GLM-m4 (published),6897,324,0.08,0.38,0.7797898435988604,0.3096015098087952,0.0379985081157279,0.1513355660064125,0.1546946414639103,0.1839424056538633,0.1343685188660586,0.008585349393552,0.3796296296296296,0.3490499856314553,0.6745249928157276,0.3796296296296296,0.3796296296296296,0.4598765432098765,4.603437617588561,0.2050768646466413
spatial,NDVI,2,9,GLM-m3 (published),6897,324,0.08,0.25,0.7792489101505786,0.3074910112429739,0.037975386607082,0.1518519652815706,0.1546614031295722,0.1841177471841412,0.1359819239947253,0.007751960486171,0.3796296296296296,0.3490499856314553,0.6745249928157276,0.3796296296296296,0.3796296296296296,0.4537037037037037,4.541646508627641,0.2046803780046346
spatial,NDVI,2,9,GLM-splines,6897,324,0.08,1.68,0.7888899219215157,0.3071223140222728,0.0382186260723393,0.146419418233176,0.1534667406230971,0.1904199267675044,0.1186676741389009,0.0116058270769698,0.4074074074074074,0.3781970012001961,0.689098500600098,0.4074074074074074,0.4074074074074074,0.4907407407407407,4.912393162393163,0.2117469263845673
spatial,NDVI,2,9,GLM-m4 + terrain,6897,324,0.08,0.83,0.8097496680208784,0.255340872056999,0.0397882650265441,0.1113628641551196,0.1569580486564633,0.1720022982842657,0.0951412376876182,0.0117878715836544,0.2962962962962963,0.2616089389252328,0.6308044694626165,0.2962962962962963,0.2962962962962963,0.4166666666666667,4.170899854862119,0.2270364425169525
spatial,NDVI,2,9,RandomForest,6897,324,0.08,7.4,0.8405255882181689,0.2915435074065345,0.038892321346885,0.131373005960484,0.1489949957656614,0.2140096343123521,0.1186800649796714,0.0112861372726719,0.3580246913580246,0.3263800846335458,0.6631900423167729,0.3580246913580246,0.3580246913580246,0.5,5.005079825834542,0.2495944440787686
spatial,NDVI,2,9,LightGBM,6897,324,0.08,8.55,0.8122209638006586,0.1642460606722098,0.0434822787142292,0.0288602031065322,0.1715995975545287,0.0947640238476938,0.0900545874556618,0.0222272555549226,0.1790123456790123,0.1385437620794383,0.5692718810397192,0.1790123456790123,0.1790123456790123,0.3302469135802469,3.3058243294092358,0.2288478216702988
spatial,NDVI,2,9,XGBoost,6897,324,0.08,3.16,0.8226541237723345,0.204305642730108,0.0414145775139331,0.0750405548054143,0.1593673378229141,0.1592927846069602,0.10577904433012,0.0150318787148388,0.2067901234567901,0.1676907776481791,0.5838453888240895,0.2067901234567901,0.2067901234567901,0.3981481481481481,3.985526527979358,0.2364949889402103
spatial,NDVI,2,9,MLP,6897,324,0.08,50.13,0.7954973394714253,0.1672782633101099,0.0463721342384815,-0.0356822677542556,0.2055931985378265,-0.0845615407000464,0.1270646452903747,0.0347396776787572,0.2129629629629629,0.1741678922190104,0.5870839461095052,0.2129629629629629,0.2129629629629629,0.3395061728395062,3.398510992850616,0.2166619981905821
spatial,NDVI,2,9,LightGBM + terrain,6897,324,0.08,13.49,0.8523763506901597,0.227891467410139,0.0408891532257371,0.08677546041777,0.1611352122613496,0.1499665894172003,0.0974328067614772,0.0191135164871244,0.2592592592592592,0.2227462515002451,0.6113731257501226,0.2592592592592592,0.2592592592592592,0.4537037037037037,4.541646508627641,0.258280415519426
spatial,NDVI,2,9,XGBoost + terrain,6897,324,0.08,4.96,0.8458936013959089,0.2343742549578606,0.0402849726378917,0.1002693211517774,0.1533794701099395,0.1908804590946301,0.1245237737894058,0.0146642072349985,0.2716049382716049,0.2357004806419076,0.6178502403209538,0.2716049382716049,0.2716049382716049,0.4506172839506173,4.510750954147181,0.2535287709473774
spatial,NDVI,2,9,MLP + terrain,6897,324,0.08,52.01,0.7257674023737212,0.1307083647124184,0.0510039925575256,-0.1391308928081174,0.4703001976013183,-1.480964888574248,0.0819911137223243,0.0436269304035508,0.1944444444444444,0.1547365485065165,0.5773682742532583,0.1944444444444444,0.1944444444444444,0.2993827160493827,2.996868784604634,0.1756706642603445
spatial,NDVI,0,0,HERON,6898,166,0.08,220.41,0.8612766574318664,0.1950646963446191,0.0212821689640641,0.122192635363895,0.0905123371778029,0.2643972974949365,0.0866441162186201,0.011625417823065,0.3072289156626506,0.2901463250506482,0.6450731625253241,0.3072289156626506,0.3072289156626506,0.608433734939759,6.0914018920384,0.1917933025013951
spatial,NDVI,0,0,HERON-NN,6898,166,0.08,72.41,0.8175160535188883,0.1437038434927945,0.0221256557852029,0.087402058105561,0.0964469015598297,0.2161665033488973,0.0461293049156665,0.0099870646419692,0.253012048192771,0.2345925591850468,0.6172962795925234,0.253012048192771,0.253012048192771,0.5060240963855421,5.06611642506164,0.168561824443303
spatial,NDVI,0,1,HERON,6898,395,0.08,235.85,0.7805966866314865,0.1724770415493839,0.0522712733968949,0.0332872033707158,0.2033938980404842,0.0766203957487403,0.0711311604730688,0.0287420207673205,0.2050632911392405,0.1567778844038876,0.5783889422019438,0.2050632911392405,0.2050632911392405,0.3468354430379747,3.4723815472800426,0.2258423586374122
spatial,NDVI,0,1,HERON-NN,6898,395,0.08,79.77,0.7335695112479732,0.1541877496233903,0.0530058965086936,0.0197009729859466,0.213518738746643,0.0306550191930847,0.060392003506422,0.0295096649211812,0.1974683544303797,0.1487216221529693,0.5743608110764846,0.1974683544303797,0.1974683544303797,0.2835443037974683,2.8387352795282097,0.1879918468162336
spatial,NDVI,0,2,HERON,6898,447,0.08,188.82,0.8284063272364341,0.2983733678050979,0.0523821837228251,0.1400916693303571,0.1915715705334172,0.2120417381428818,0.1271736923095415,0.0074322109196074,0.3288590604026846,0.2823546424829822,0.6411773212414911,0.3288590604026846,0.3288590604026846,0.4586129753914988,4.591454723150303,0.2800568733772968
spatial,NDVI,0,2,HERON-NN,6898,447,0.08,76.66,0.787237953153648,0.3054202907174413,0.0520970448851585,0.1447725215682938,0.2000123709440231,0.1773238041530226,0.1321055442094802,0.016629262518426,0.3803131991051454,0.3373741198926202,0.6686870599463102,0.3803131991051454,0.3803131991051454,0.465324384787472,4.658646743489088,0.2449494921547635
spatial,NDVI,0,3,HERON,6898,231,0.08,181.69,0.8098647015701163,0.2676547441711118,0.0288532871538462,0.1165061159251974,0.1241341961761639,0.1729647926239961,0.1127039788823469,0.0212915051610024,0.3722943722943723,0.35054545974,0.67527272987,0.3722943722943723,0.3722943722943723,0.4502164502164502,4.507391979090093,0.193112666754041
spatial,NDVI,0,3,HERON-NN,6898,231,0.08,84.34,0.8601946526050319,0.2967049050305347,0.028387788683176,0.1307597796304944,0.1216981112957,0.1891950278042712,0.1327254325151443,0.0247235614053038,0.3809523809523809,0.3595034533987586,0.6797517266993793,0.3809523809523809,0.3809523809523809,0.5887445887445888,5.894281818810121,0.2244791018895686
spatial,NDVI,0,4,HERON,6898,129,0.08,156.17,0.8329170488810708,0.1568901047733427,0.0170199955535454,0.1260184907811044,0.0765069775072402,0.2905055233815529,0.0856451880294161,0.0061590812587265,0.2403100775193798,0.2258323112318927,0.6129161556159464,0.2403100775193798,0.2403100775193798,0.5503875968992248,5.510266536155084,0.1562286162143071
spatial,NDVI,0,4,HERON-NN,6898,129,0.08,39.8,0.7398983739139099,0.1113566689620014,0.017513208091259,0.1006918896829738,0.0826445668935775,0.2335881552511781,0.0604244619607925,0.0059114054169977,0.2093023255813953,0.1942336300576843,0.5971168150288422,0.2093023255813953,0.2093023255813953,0.4883720930232558,4.889391433489722,0.1125775658451238
spatial,NDVI,0,5,HERON,6898,95,0.08,188.52,0.9182280263351308,0.2234168756809727,0.0122644178910325,0.187905058044696,0.0568269828338003,0.3952704907103541,0.1405089497615238,0.0133844993662842,0.2736842105263158,0.2635416263722661,0.631770813186133,0.2736842105263158,0.2736842105263158,0.7052631578947368,7.060820410969368,0.1688467120814717
spatial,NDVI,0,5,HERON-NN,6898,95,0.08,76.05,0.8981238927098727,0.2443361767959838,0.0122388573363423,0.189597563743861,0.0602848529815673,0.3584730901952569,0.1605420708656311,0.0181498133700808,0.2947368421052631,0.2848882458977076,0.6424441229488538,0.2947368421052631,0.2947368421052631,0.7263157894736842,7.271591169505767,0.1607302860124851
spatial,NDVI,0,6,HERON,6897,358,0.08,167.1,0.8183255430886961,0.2203162616938978,0.0454936006938317,0.0757805034067521,0.1723566759454657,0.1559956884350507,0.1030256230271725,0.0214278080013818,0.2430167597765363,0.201573113959133,0.6007865569795665,0.2430167597765363,0.2430167597765363,0.3798882681564245,3.802742214041887,0.2446240050581069
spatial,NDVI,0,6,HERON-NN,6897,358,0.08,113.23,0.7644393629627478,0.1877446186429821,0.0461536683142185,0.0623709830670248,0.1818478405475616,0.1095189501554415,0.0655836760997772,0.0156799946810763,0.2430167597765363,0.201573113959133,0.6007865569795665,0.2430167597765363,0.2430167597765363,0.4189944134078212,4.194200971369728,0.2032140287470444
spatial,NDVI,0,7,HERON,6897,178,0.08,220.05,0.7505079507885569,0.1770789156095182,0.0253380647263496,0.0178331530683131,0.1169024269109301,0.0868279833749351,0.1248556048587308,0.0306788482743453,0.2640449438202247,0.244547994869488,0.622273997434744,0.2640449438202247,0.2640449438202247,0.3932584269662921,3.936579638296832,0.1375986704845137
spatial,NDVI,0,7,HERON-NN,6897,178,0.08,72.04,0.6751757133468563,0.1188471951604433,0.0280881710350513,-0.0887678549848243,0.1318645924329757,-0.0300475839062104,0.0859199613332748,0.0391929162345768,0.196629213483146,0.1753462844758533,0.5876731422379267,0.196629213483146,0.196629213483146,0.3089887640449438,3.0930268586617964,0.0962202803660745
spatial,NDVI,0,8,HERON,6897,560,0.08,209.47,0.8931149823034785,0.4463671343373635,0.0563596638864185,0.2573808369488861,0.1930452802835144,0.3431065860879519,0.2229696736432085,0.0159736310282348,0.4803571428571428,0.4344363601523929,0.7172181800761965,0.4803571428571428,0.4803571428571428,0.55,5.505587808417997,0.3719511146592941
spatial,NDVI,0,8,HERON-NN,6897,560,0.08,64.43,0.8233092495322257,0.3477854646525746,0.0634795576333999,0.1635660557597751,0.2285557240247726,0.222271772855166,0.1227260679006576,0.0307930679307224,0.4321428571428571,0.381961383259316,0.690980691629658,0.4321428571428571,0.4321428571428571,0.4946428571428571,4.951453970557744,0.3059034663052758
spatial,NDVI,0,9,HERON,6897,811,0.08,192.94,0.9132471565595148,0.5284192893391316,0.0721638997099895,0.3415239280144441,0.2252668421814064,0.4533778126747086,0.256730167152474,0.0262523751424967,0.5178791615289766,0.4536333514731106,0.7268166757365553,0.5178791615289766,0.5178791615289766,0.4537607891491985,4.54221794305083,0.4611228854474734
spatial,NDVI,0,9,HERON-NN,6897,811,0.08,75.64,0.911527862252231,0.5169734504575461,0.0777862071990966,0.2902218924287791,0.2412428259849548,0.4146112624383335,0.1870622932910919,0.0447730111480526,0.5561035758323057,0.4969514233512016,0.7484757116756008,0.5561035758323057,0.5561035758323057,0.4858199753390875,4.863135515114204,0.4592044065562861
spatial,NDVI,1,0,HERON,6898,132,0.08,158.25,0.895667060794167,0.3262851846758512,0.0152746649224761,0.2308981815483592,0.0661336362020234,0.393611784286536,0.1573573756728565,0.0093536667005569,0.4242424242424242,0.4130097904854038,0.7065048952427019,0.4242424242424242,0.4242424242424242,0.7196969696969697,7.205326120420461,0.1877804159551
spatial,NDVI,1,0,HERON-NN,6898,132,0.08,63.91,0.8636318849147699,0.2890599265615313,0.0158348456025123,0.2026922613619608,0.0737819895148277,0.3234831924067206,0.1745650172233581,0.0163707267742784,0.3787878787878788,0.3666684581553041,0.6833342290776521,0.3787878787878788,0.3787878787878788,0.6893939393939394,6.901943967981704,0.172576778240075
spatial,NDVI,1,1,HERON,6898,310,0.08,186.51,0.802898721037272,0.329714964064324,0.0352399295955578,0.1793187639913003,0.1442022165917207,0.2143602943364336,0.1928979454975898,0.0156083244245979,0.4096774193548387,0.3818996415770609,0.6909498207885305,0.4096774193548387,0.4096774193548387,0.4580645161290322,4.585963762348425,0.2173814690134118
spatial,NDVI,1,1,HERON-NN,6898,310,0.08,53.42,0.8320631842842314,0.3540164523078981,0.0349732562899589,0.1855291560255976,0.1396398693323135,0.2392167053753049,0.1608335524797439,0.0142326022675987,0.3709677419354839,0.3413684705329338,0.6706842352664668,0.3709677419354839,0.3709677419354839,0.5870967741935483,5.8777845404747415,0.2383119432146239
spatial,NDVI,1,2,HERON,6898,304,0.08,156.15,0.8116614186740737,0.1808229468472557,0.0392708188193138,0.0684583370860191,0.1540675938757474,0.1487235822197953,0.0577280937176048,0.0140591431521677,0.2467105263157894,0.2119819852178216,0.6059909926089108,0.2467105263157894,0.2467105263157894,0.4210526315789473,4.21541517072798,0.2215959118654671
spatial,NDVI,1,2,HERON-NN,6898,304,0.08,62.94,0.684128713503504,0.1444190337578859,0.0405832566320896,0.0373260475300135,0.1743175089359283,0.0368358370428247,0.0467173233628273,0.015202519863252,0.1809210526315789,0.1431594511757099,0.571579725587855,0.1809210526315789,0.1809210526315789,0.2960526315789473,2.963963791918112,0.13091825849704
spatial,NDVI,1,3,HERON,6898,520,0.08,94.9,0.9089824999396968,0.5084152421967123,0.0471618673340282,0.3317020757626916,0.1647885793470712,0.4023303722186016,0.3136235321793525,0.0105405928687226,0.551923076923077,0.5153912487637793,0.7576956243818898,0.551923076923077,0.551923076923077,0.65,6.507547169811321,0.3740383151900256
spatial,NDVI,1,3,HERON-NN,6898,520,0.08,67.54,0.9043611452830644,0.4815873864863843,0.0484863743185997,0.31293341119397,0.1695039421319961,0.3852282821373823,0.296091079711914,0.0156454930965491,0.5634615384615385,0.5278704440745833,0.7639352220372917,0.5634615384615385,0.5634615384615385,0.6596153846153846,6.603812660489004,0.3698118172273863
spatial,NDVI,1,4,HERON,6898,384,0.08,173.42,0.800287921527991,0.2835600900997339,0.046338045147171,0.1194941226214238,0.1773187826619262,0.1770794265737362,0.0975858441403375,0.016941484418506,0.3359375,0.296791046208167,0.6483955231040834,0.3359375,0.3359375,0.4973958333333333,4.9797336115142725,0.2385035187723863
spatial,NDVI,1,4,HERON-NN,6898,384,0.08,48.54,0.8463161875703612,0.2670262023008847,0.046811930835247,0.110489445530898,0.1741501539945602,0.1917847372250053,0.0858315080404281,0.0245218694320223,0.3072916666666667,0.2664565423191075,0.6332282711595538,0.3072916666666667,0.3072916666666667,0.5286458333333334,5.292596456216739,0.2750614441145098
spatial,NDVI,1,5,HERON,6898,625,0.08,138.54,0.8682296827674159,0.4221157371412377,0.0648072402787495,0.233488747959541,0.2241115598280049,0.307641653217246,0.2634980273718046,0.0314533527589464,0.4784,0.4264312450183325,0.7132156225091663,0.4784,0.4784,0.5104,5.109926269956459,0.3661540850718725
spatial,NDVI,1,5,HERON-NN,6898,625,0.08,39.08,0.841909899569584,0.4213554299031891,0.0641610324382782,0.2411318072650683,0.2272010594606399,0.2980971677885667,0.2063632011413574,0.0154724124785016,0.4896,0.4387471385302088,0.7193735692651044,0.4896,0.4896,0.5168,5.174000580551525,0.3399826584132039
spatial,NDVI,1,6,HERON,6897,228,0.08,138.9,0.8488653971110112,0.3230495674602664,0.0274548817697605,0.1492980901978811,0.1191085246713587,0.199815906764901,0.1979055067977827,0.0289818242599631,0.4385964912280701,0.4194032088768931,0.7097016044384465,0.4385964912280701,0.4385964912280701,0.6403508771929824,6.410014513788099,0.216065824451673
spatial,NDVI,1,6,HERON-NN,6897,228,0.08,78.81,0.8382789707812792,0.2867997238991591,0.0279315803200006,0.134527370349587,0.1182052567601203,0.2058841960992262,0.1920249462127685,0.0247534071888606,0.3991228070175439,0.3785799970010496,0.6892899985005247,0.3991228070175439,0.3991228070175439,0.5921052631578947,5.927068214804064,0.209509241454714
spatial,NDVI,1,7,HERON,6897,249,0.08,96.66,0.9144707590893056,0.3368175545101603,0.0286152898944101,0.1824225602214886,0.1065058017293705,0.3245287563236116,0.1587781685961072,0.0120714922767923,0.3734939759036144,0.3500282719324953,0.6750141359662476,0.3734939759036144,0.3734939759036144,0.6706827309236948,6.713641212163604,0.2678363248012332
spatial,NDVI,1,7,HERON-NN,6897,249,0.08,62.31,0.871462987932476,0.2760617869105842,0.0301824770867824,0.137645907700358,0.1203218773007392,0.2369057989819569,0.1125024259090423,0.013522951319253,0.3172690763052209,0.2916974758238731,0.6458487379119365,0.3172690763052209,0.3172690763052209,0.5622489959839357,5.628202213789848,0.2400441510337047
spatial,NDVI,1,8,HERON,6897,155,0.08,137.17,0.893079492062277,0.2897854373906616,0.0185774858748053,0.1861926419650321,0.0801696665068084,0.3235637082338949,0.1993685128546901,0.0147049358793863,0.3870967741935484,0.3730059999425842,0.6865029999712922,0.3870967741935484,0.3870967741935484,0.6709677419354839,6.716494217894096,0.2018231642774601
spatial,NDVI,1,8,HERON-NN,6897,155,0.08,37.54,0.80776547592846,0.2666790680624026,0.0191815439611673,0.1597312080188726,0.0885392948985099,0.2529445201335548,0.1643756926059723,0.016956162805863,0.3548387096774194,0.3400063157290361,0.670003157864518,0.3548387096774194,0.3548387096774194,0.6,6.006095791001452,0.1580194425470336
spatial,NDVI,1,9,HERON,6897,463,0.08,111.48,0.8423567830457928,0.25802595836329,0.0558959328308128,0.1132743774541843,0.1973823204893132,0.2112464065333852,0.1057078455566954,0.0169478379793964,0.3326133909287257,0.2845872796449209,0.6422936398224605,0.3326133909287257,0.3326133909287257,0.4125269978401727,4.129461109003878,0.2967839168985594
spatial,NDVI,1,9,HERON-NN,6897,463,0.08,62.07,0.7790997609218306,0.2296275983183599,0.0589091032743454,0.0654738434606776,0.2324878424406051,0.0709623170952754,0.1023256331682205,0.0321877945970154,0.2894168466522678,0.2382822492012264,0.6191411246006132,0.2894168466522678,0.2894168466522678,0.3650107991360691,3.653816373935368,0.2419473612433128
spatial,NDVI,0,0,HERON-plus,6898,166,0.08,73.85,0.8875743616175933,0.2999728607382841,0.0195984134132326,0.191641056023578,0.0816564490014826,0.3363699752392637,0.180783802315941,0.0109918092865128,0.3855421686746988,0.3703906535231836,0.6851953267615918,0.3855421686746988,0.3855421686746988,0.6987951807228916,6.996065539370837,0.2057541367584364
spatial,NDVI,0,1,HERON-plus,6898,395,0.08,81.14,0.8455820779893214,0.2439154021965626,0.0481383226391033,0.1097226166628119,0.175939135786818,0.201261143326904,0.1165452545517891,0.0123011437416674,0.3037974683544304,0.2615092936658251,0.6307546468329126,0.3037974683544304,0.3037974683544304,0.4379746835443038,4.384832172842681,0.278146803987131
spatial,NDVI,0,2,HERON-plus,6898,447,0.08,83.84,0.8759448702436574,0.4460409637072344,0.0474046478630077,0.2218031263156601,0.175338161753716,0.2788118154067113,0.2007540731787852,0.0279941920128132,0.4563758389261745,0.4187072604112156,0.7093536302056078,0.4563758389261745,0.4563758389261745,0.5570469798657718,5.576937688119149,0.3205965786552815
spatial,NDVI,0,3,HERON-plus,6898,231,0.08,75.07,0.8190122961384397,0.3341931269171326,0.0265431529854803,0.1872429230786048,0.1101733422552775,0.2659779837773895,0.1480807395347949,0.0145043313960025,0.4155844155844156,0.3953354280337931,0.6976677140168965,0.4155844155844156,0.4155844155844156,0.5930735930735931,5.937622126301371,0.1988135948446645
spatial,NDVI,0,4,HERON-plus,6898,129,0.08,83.01,0.9063090857660492,0.2547554715270063,0.0158834136880374,0.1843822859444073,0.0690574984327344,0.359588951184545,0.1390713569217214,0.0102440084595284,0.3333333333333333,0.3206283547545181,0.6603141773772591,0.3333333333333333,0.3333333333333333,0.689922480620155,6.907235517152148,0.190669436803227
spatial,NDVI,0,5,HERON-plus,6898,95,0.08,113.17,0.9531352267188624,0.3444069590997623,0.011227165497009,0.2565872760025044,0.0500987336746649,0.4668697664326321,0.1951856451633222,0.012465374029044,0.4,0.3916213435249154,0.6958106717624577,0.4,0.4,0.8210526315789474,8.220059582919562,0.1829394214192719
spatial,NDVI,0,6,HERON-plus,6897,358,0.08,70.06,0.8432482030891575,0.297610258519548,0.0422719842181897,0.1412288458532552,0.1652325260710682,0.190881562029694,0.1430981052994385,0.020187299472985,0.3156424581005586,0.2781749554243085,0.6390874777121542,0.3156424581005586,0.3156424581005586,0.5027932960893855,5.033041165643675,0.2637763509454603
spatial,NDVI,0,7,HERON-plus,6897,178,0.08,89.3,0.841419854144962,0.266015357108174,0.0235302180009339,0.0879098198230059,0.1057216986481189,0.1741651622931043,0.1717911847158912,0.0310652749133553,0.3314606741573033,0.3137497052631227,0.6568748526315613,0.3314606741573033,0.3314606741573033,0.550561797752809,5.511211493615565,0.1875346385593016
spatial,NDVI,0,8,HERON-plus,6897,560,0.08,80.93,0.9244127460041932,0.5207421672462309,0.0519832374999956,0.3150465126489746,0.1714842930819528,0.4164741942954513,0.2790312592517407,0.0140036123582822,0.525,0.4830243017200568,0.7415121508600284,0.525,0.525,0.5839285714285715,5.845218225171055,0.4015639216393907
spatial,NDVI,0,9,HERON-plus,6897,811,0.08,77.36,0.934608871688292,0.616701545453876,0.0648357773733962,0.4083910628370039,0.2012029950030286,0.5117700405442398,0.3272761343526662,0.021171094430144,0.5856966707768188,0.5304879951277882,0.765243997563894,0.5856966707768188,0.5856966707768188,0.5129469790382244,5.1346811530139815,0.4849594093293681
spatial,NDVI,1,0,HERON-plus,6898,132,0.08,75.66,0.9051899425827892,0.4619209916683146,0.0137872097000379,0.3057937371791255,0.0596893886654745,0.4526999577141478,0.2408614797280972,0.0071969556056599,0.5151515151515151,0.5056924551456032,0.7528462275728016,0.5151515151515151,0.5151515151515151,0.7954545454545454,7.96378150151735,0.1922998993302627
spatial,NDVI,1,1,HERON-plus,6898,310,0.08,95.42,0.9146914233112012,0.46003242717631,0.0316226919426301,0.2635584064086385,0.1195237427528981,0.3488130744754026,0.2481037630379666,0.0145598025988447,0.4580645161290322,0.4325636053822199,0.71628180269111,0.4580645161290322,0.4580645161290322,0.6096774193548387,6.103853176646847,0.2976117907594563
spatial,NDVI,1,2,HERON-plus,6898,304,0.08,78.57,0.830599089283719,0.2746596485490088,0.0370152884632344,0.1219616905129611,0.1440108507097107,0.2042905452751385,0.0980267089442613,0.0085891083454043,0.3059210526315789,0.2739222658557221,0.636961132927861,0.3059210526315789,0.3059210526315789,0.4769736842105263,4.775274998090291,0.2350608778014707
spatial,NDVI,1,3,HERON-plus,6898,520,0.08,134.55,0.9267756349952962,0.5454408603391224,0.0464132878177224,0.342309673916736,0.1591726822136725,0.4226985989651152,0.3917819513730455,0.0234808458488629,0.573076923076923,0.5382697735002533,0.7691348867501266,0.573076923076923,0.573076923076923,0.6942307692307692,6.95036842692866,0.3903111734535193
spatial,NDVI,1,4,HERON-plus,6898,384,0.08,85.26,0.895970857639955,0.3635777809158501,0.0426440088013582,0.18968743145454,0.1505362602238857,0.3013747121134246,0.1549729330431374,0.0136342987681585,0.390625,0.3547023718145533,0.6773511859072766,0.390625,0.390625,0.59375,5.944394049346879,0.3144996388614084
spatial,NDVI,1,5,HERON-plus,6898,625,0.08,80.1,0.8973010680695043,0.4927674705308364,0.0665851452511826,0.2124604776525961,0.2288641187714993,0.2929593501016431,0.330914653723929,0.0684261502727283,0.52,0.4721759923481587,0.7360879961740794,0.52,0.52,0.56,5.606502177068215,0.395061603891104
spatial,NDVI,1,6,HERON-plus,6897,228,0.08,91.23,0.900986628364283,0.4000879628665083,0.0253281298968165,0.2151964573866789,0.1064803792468428,0.2846531686119289,0.2469348296795107,0.026372862380892,0.4517543859649123,0.4330109461688409,0.7165054730844205,0.4517543859649123,0.4517543859649123,0.7280701754385965,7.28809869375907,0.2483465174718384
spatial,NDVI,1,7,HERON-plus,6897,249,0.08,68.6,0.9438222202890988,0.4171492659493572,0.0264352593264604,0.2447089748257109,0.09441671965889,0.4011990143608468,0.2155282997815619,0.0101282138041629,0.4216867469879518,0.4000260971684572,0.7000130485842286,0.4216867469879518,0.4216867469879518,0.751004016064257,7.517670099847868,0.286803615780064
spatial,NDVI,1,8,HERON-plus,6897,155,0.08,100.52,0.9609544406273623,0.4295005170230683,0.0162514035762264,0.288089255033956,0.0627065717940624,0.4709096003269725,0.2575556658031149,0.0097692951458757,0.4516129032258064,0.4390053683696807,0.7195026841848403,0.4516129032258064,0.4516129032258064,0.8903225806451613,8.912271173744088,0.2366729520969811
spatial,NDVI,1,9,HERON-plus,6897,463,0.08,83.66,0.8962480639099384,0.3618516036533885,0.0508200724212745,0.1937971499290069,0.1750243485369039,0.3005904302350594,0.1722202694327361,0.0162216687504033,0.3974082073434125,0.3540448253104625,0.6770224126552313,0.3974082073434125,0.3974082073434125,0.5053995680345572,5.059130363910509,0.3435014531461243
