protocol,index,rep,fold,method,n_test,pos_test,block_deg,secs,AUC,AP,Brier,BrierSkill,LogLoss,pseudoR2,TjurR2,ECE,F1,MCC,BalAcc,Precision_at_prev,Recall_at_prev,Recall_at_10pct,Lift_at_10pct,SpearmanRank
spatial,NDVI,0,0,GLM-m4 (published),6898,166,0.08,0.41,0.8218766330920831,0.13829797060618354,0.02207847693442998,0.08934800368721374,0.09671965988226686,0.21394977289113648,0.05242412980031047,0.006480935740589041,0.21686746987951808,0.19755671527464583,0.5987783576373229,0.21686746987951808,0.21686746987951808,0.4819277108433735,4.824872785772991,0.17087675423449591
spatial,NDVI,0,0,GLM-m3 (published),6898,166,0.08,0.32,0.8213522539355282,0.1377338371703539,0.022089175723690336,0.08890671990541088,0.09681566726105402,0.2131695114428266,0.05204612301041408,0.006794293007803347,0.20481927710843373,0.18521143397117884,0.5926057169855894,0.20481927710843373,0.20481927710843373,0.4819277108433735,4.824872785772991,0.17059837364066546
spatial,NDVI,0,0,GLM-splines,6898,166,0.08,2.45,0.8199240813521466,0.15527136187287655,0.021834780551246095,0.0993995393298076,0.09475716932408575,0.22989912745705443,0.062239893174002345,0.009053146557736626,0.24096385542168675,0.2222472778815798,0.6111236389407899,0.24096385542168675,0.24096385542168675,0.5060240963855421,5.06611642506164,0.16984019031685413
spatial,NDVI,0,0,GLM-m4 + terrain,6898,166,0.08,1.43,0.8089479128635755,0.15041994563053881,0.02194456675707739,0.09487128188683314,0.09652161328594057,0.21555931713694865,0.07256310351882589,0.00504820181133394,0.24096385542168675,0.2222472778815798,0.6111236389407899,0.24096385542168675,0.24096385542168675,0.4819277108433735,4.824872785772991,0.1640131999317321
spatial,NDVI,0,0,RandomForest,6898,166,0.08,8.4,0.82788104288813,0.150114258467078,0.02184059071959072,0.09915989230081823,0.0939999665082604,0.23605298951644849,0.07993798841273772,0.004730503743282667,0.25903614457831325,0.24076519983678027,0.6203825999183901,0.25903614457831325,0.25903614457831325,0.5060240963855421,5.06611642506164,0.17406594239424844
spatial,NDVI,0,0,LightGBM,6898,166,0.08,9.55,0.8228690161716384,0.14377586346893997,0.022368652446120477,0.07737938330697569,0.09996614876760858,0.18756523712316953,0.06461943698819908,0.0093423512221728,0.23493975903614459,0.2160746372298463,0.6080373186149232,0.23493975903614459,0.23493975903614459,0.536144578313253,5.367670974172452,0.1714035867351303
spatial,NDVI,0,0,XGBoost,6898,166,0.08,7.32,0.8374424614679752,0.14267435833431305,0.022273005917668343,0.08132443360795427,0.0948035717010498,0.22952200745039053,0.0719505324959755,0.005698916998656889,0.22289156626506024,0.2037293559263793,0.6018646779631897,0.22289156626506024,0.22289156626506024,0.536144578313253,5.367670974172452,0.1791402869865196
spatial,NDVI,0,0,MLP,6898,166,0.08,50.82,0.7405168803556472,0.08408745184248657,0.026348533108830452,-0.08677533992629449,0.1373092532157898,-0.11592586521733583,0.07768575102090836,0.02152410507856997,0.1566265060240964,0.1358303087573109,0.5679151543786555,0.1566265060240964,0.1566265060240964,0.3614457831325301,3.618654589329743,0.12768542611071051
spatial,NDVI,0,0,LightGBM + terrain,6898,166,0.08,15.76,0.8490915533792925,0.17082531716891663,0.02176843297639827,0.10213612082793921,0.0945687305825245,0.23143058771839764,0.080457656703383,0.008857987208562831,0.25903614457831325,0.24076519983678027,0.6203825999183901,0.25903614457831325,0.25903614457831325,0.5662650602409639,5.669225523283264,0.1853245166065546
spatial,NDVI,0,0,XGBoost + terrain,6898,166,0.08,12.99,0.8511872803155581,0.16860570745236114,0.021715469658374786,0.10432065336760088,0.09059008210897446,0.2637654536020605,0.08823739737272263,0.004986567678513659,0.26506024096385544,0.24693784048851378,0.6234689202442569,0.26506024096385544,0.26506024096385544,0.5783132530120482,5.7898473429275885,0.18643708890386704
spatial,NDVI,0,0,MLP + terrain,6898,166,0.08,55.02,0.736444888287553,0.06721569263233237,0.03310403227806091,-0.3654136184098786,0.21863135695457458,-0.776838635847434,0.07189875096082687,0.033430441578046415,0.10240963855421686,0.08027654289170943,0.5401382714458547,0.10240963855421686,0.10240963855421686,0.3433734939759036,3.437721859863256,0.12888405201598804
spatial,NDVI,0,1,GLM-m4 (published),6898,395,0.08,0.39,0.7549935083515495,0.16605395647611687,0.05258678173194161,0.027452144740770068,0.20597041710990657,0.06492336264406251,0.06099536765465944,0.02271464375834035,0.21265822784810126,0.16483414665480586,0.5824170733274029,0.21265822784810126,0.21265822784810126,0.3392405063291139,3.3963439951498224,0.20523526522955082
spatial,NDVI,0,1,GLM-m3 (published),6898,395,0.08,0.34,0.7561785505034677,0.16566323745242825,0.05263259849319528,0.026604802663072413,0.20594290750292285,0.06504825237897816,0.060497664618094825,0.02205911825133632,0.21772151898734177,0.17020498815541804,0.585102494077709,0.21772151898734177,0.21772151898734177,0.3392405063291139,3.3963439951498224,0.20618906378673532
spatial,NDVI,0,1,GLM-splines,6898,395,0.08,2.63,0.7651165868917364,0.16589190767721707,0.0520870327690591,0.036694577268718276,0.20506231334140795,0.06904602564651119,0.06070073228660519,0.02420650034833718,0.22784810126582278,0.1809466711566424,0.5904733355783212,0.22784810126582278,0.22784810126582278,0.3291139240506329,3.2949605923095295,0.213382973469521
spatial,NDVI,0,1,GLM-m4 + terrain,6898,395,0.08,1.45,0.7430406998133285,0.17027146189208567,0.05348486935145764,0.010842777150118499,0.2161075136990816,0.01890237417317875,0.08891447560024618,0.034084161964996494,0.20506329113924052,0.1567778844038876,0.5783889422019438,0.20506329113924052,0.20506329113924052,0.3189873417721519,3.1935771894692366,0.19561487196370433
spatial,NDVI,0,1,RandomForest,6898,395,0.08,9.12,0.7906452134068598,0.1854202322481653,0.05090298262053752,0.05859257890597347,0.1918915863366438,0.1288392682488031,0.08860478554651005,0.022787452870604907,0.21265822784810126,0.16483414665480586,0.5824170733274029,0.21265822784810126,0.21265822784810126,0.3620253164556962,3.6244566515404824,0.23393006511455763
spatial,NDVI,0,1,LightGBM,6898,395,0.08,9.94,0.7809731438459756,0.17844853601372745,0.05297918855711406,0.020194913861802943,0.20583771165120832,0.06552582670574436,0.08972363048909568,0.028084200821663536,0.21518987341772153,0.16751956740511195,0.583759783702556,0.21518987341772153,0.21518987341772153,0.35443037974683544,3.5484190994102627,0.22614535574991185
spatial,NDVI,0,1,XGBoost,6898,395,0.08,5.7,0.7809789834097992,0.18125158121721444,0.053333401679992676,0.013644043060918265,0.1997031718492508,0.09337574575601226,0.10856479406356812,0.022641013733322758,0.21518987341772153,0.16751956740511195,0.583759783702556,0.21518987341772153,0.21518987341772153,0.3518987341772152,3.5230732487001895,0.22615005580850184
spatial,NDVI,0,1,MLP,6898,395,0.08,49.96,0.6735080401061243,0.1202205447068731,0.06905707716941833,-0.27715197773349654,0.33540990948677063,-0.5227137167557594,0.09684207290410995,0.06441849738549302,0.1518987341772152,0.10038404864745969,0.5501920243237298,0.1518987341772152,0.1518987341772152,0.23037974683544304,2.3064724146166706,0.1396819941005817
spatial,NDVI,0,1,LightGBM + terrain,6898,395,0.08,15.22,0.7731383957160958,0.15971799682347004,0.054667121715188935,-0.01102197598467236,0.25341016645560377,-0.15044640704238965,0.046604554344855144,0.03814983205921037,0.20506329113924052,0.1567778844038876,0.5783889422019438,0.20506329113924052,0.20506329113924052,0.3139240506329114,3.1428854880490897,0.21983944381033765
spatial,NDVI,0,1,XGBoost + terrain,6898,395,0.08,12.7,0.7701407529533594,0.1654295129640726,0.05322485789656639,0.015651468126613777,0.2195948362350464,0.0030703929544199093,0.06646928191184998,0.03414684605488225,0.21265822784810126,0.16483414665480586,0.5824170733274029,0.21265822784810126,0.21265822784810126,0.3265822784810127,3.269614741599456,0.21742674707937273
spatial,NDVI,0,1,MLP + terrain,6898,395,0.08,54.07,0.6888773827853552,0.11529310281759497,0.07208263128995895,-0.33310703096154404,0.5566290616989136,-1.5270174894080002,0.06844085454940796,0.06925871635657525,0.15949367088607594,0.10844031089837797,0.554220155449189,0.15949367088607594,0.15949367088607594,0.27848101265822783,2.7880435781080637,0.15657085490659609
spatial,NDVI,0,2,GLM-m4 (published),6898,447,0.08,0.4,0.7968514671086147,0.30034030458674266,0.05281686162681457,0.13295597692058014,0.19941939448157958,0.17976263900339873,0.11446361371385333,0.015647615208976316,0.3668903803131991,0.32302121274227985,0.66151060637114,0.3668903803131991,0.3668903803131991,0.43847874720357943,4.389878662133949,0.2531476621734082
spatial,NDVI,0,2,GLM-m3 (published),6898,447,0.08,0.31,0.7980308968278161,0.3049052645990239,0.0525870295051773,0.13672891157136013,0.19867859958224773,0.18280962274761947,0.11879672046285425,0.01583084363426315,0.37360178970917224,0.33019766631745007,0.6650988331587251,0.37360178970917224,0.37360178970917224,0.4407158836689038,4.412276002246877,0.2541534509573472
spatial,NDVI,0,2,GLM-splines,6898,447,0.08,2.17,0.799104209083308,0.29114884936820296,0.052959329461446186,0.1306172184125265,0.1997442044461417,0.17842665426204285,0.10926447414440582,0.019123272689783314,0.38926174496644295,0.3469427246595138,0.6734713623297569,0.38926174496644295,0.38926174496644295,0.4988814317673378,4.9946068451830135,0.2550687453667242
spatial,NDVI,0,2,GLM-m4 + terrain,6898,447,0.08,1.32,0.8002257250232956,0.2598568123586834,0.05522823545494345,0.09337075355267332,0.20829258685842095,0.14326606895956684,0.08315894439808723,0.02501716945976418,0.2953020134228188,0.2464723746071313,0.6232361873035657,0.2953020134228188,0.2953020134228188,0.3982102908277405,3.9867265401012393,0.25602514669787935
spatial,NDVI,0,2,RandomForest,6898,447,0.08,8.1,0.8171642916815351,0.2552308390215402,0.05418009786002571,0.11057702838701311,0.1985166831774582,0.1834756055368657,0.11613630821708418,0.014374662649798992,0.31543624161073824,0.2680017353326418,0.6340008676663209,0.31543624161073824,0.31543624161073824,0.4161073825503356,4.165905261004666,0.2704699409972408
spatial,NDVI,0,2,LightGBM,6898,447,0.08,9.58,0.7810980521896784,0.18409290183770166,0.05933502740827887,0.025953468475621966,0.22546463156995264,0.07263526259432418,0.10112571670434461,0.03324090600018044,0.22371364653243847,0.16992353647198274,0.5849617682359913,0.22371364653243847,0.22371364653243847,0.29082774049217003,2.9116542146806803,0.23971353498195772
spatial,NDVI,0,2,XGBoost,6898,447,0.08,7.04,0.7998179010451185,0.219816978195924,0.05625917762517929,0.07644675959863456,0.2073664516210556,0.14707553957429798,0.11447867751121521,0.018830339614647286,0.24608501118568232,0.19384504838921665,0.5969225241946083,0.24608501118568232,0.24608501118568232,0.3400447427293065,3.404395697165103,0.2556773636595111
spatial,NDVI,0,2,MLP,6898,447,0.08,49.44,0.7388046942759338,0.16500928899813253,0.06819409132003784,-0.11947733104900449,0.31134605407714844,-0.2806057252920624,0.12045614421367645,0.05579469430156533,0.21700223713646533,0.16274708289681256,0.5813735414484063,0.21700223713646533,0.21700223713646533,0.2953020134228188,2.956448894906537,0.20365231091430072
spatial,NDVI,0,2,LightGBM + terrain,6898,447,0.08,16.41,0.815440576474452,0.2629700846971223,0.054908982577042714,0.0986116234398422,0.21410133445129156,0.1193739504990845,0.10017267921990887,0.026609754208011222,0.3042505592841163,0.25604097937402487,0.6280204896870124,0.3042505592841163,0.3042505592841163,0.38926174496644295,3.8971371796495258,0.2689999986638611
spatial,NDVI,0,2,XGBoost + terrain,6898,447,0.08,12.73,0.8166274621592406,0.2424074183601033,0.05455387011170387,0.10444116595920916,0.20293773710727692,0.16529140288061028,0.11154460906982422,0.01605671500175123,0.29082774049217003,0.24168807222368452,0.6208440361118422,0.29082774049217003,0.29082774049217003,0.3959731543624161,3.9643291999883106,0.2700121457220587
spatial,NDVI,0,2,MLP + terrain,6898,447,0.08,54.42,0.7237263043344824,0.14745888850934977,0.0740966796875,-0.21637449243028417,0.5386211276054382,-1.215416867315989,0.09891952574253082,0.07033915775527085,0.20134228187919462,0.1460020245547488,0.5730010122773744,0.20134228187919462,0.20134228187919462,0.2953020134228188,2.956448894906537,0.19615627116332005
spatial,NDVI,0,3,GLM-m4 (published),6898,231,0.08,0.41,0.8413400758533502,0.23928513691744144,0.028770493199588857,0.11904128468551012,0.12044637065078626,0.19753466653544383,0.11320116466990701,0.013977904082373689,0.3116883116883117,0.2878395041286897,0.6439197520643448,0.3116883116883117,0.3116883116883117,0.5367965367965368,5.37419812891511,0.2127286291457008
spatial,NDVI,0,3,GLM-m3 (published),6898,231,0.08,0.33,0.8424491113106682,0.2405625724178271,0.028737694401938314,0.12004559095310285,0.12028865931833811,0.19858540701272287,0.1136518417414071,0.014061670605059664,0.3116883116883117,0.2878395041286897,0.6439197520643448,0.3116883116883117,0.3116883116883117,0.5324675324675324,5.3308578214238596,0.21341979789264456
spatial,NDVI,0,3,GLM-splines,6898,231,0.08,2.57,0.8611890834029727,0.2678597168507384,0.029246670635546437,0.10446062875678475,0.12419333211034281,0.17257080369029743,0.13951104508410722,0.029301766321236766,0.31601731601731603,0.292318500958069,0.6461592504790344,0.31601731601731603,0.31601731601731603,0.5974025974025974,5.980962433792622,0.22509885012071446
spatial,NDVI,0,3,GLM-m4 + terrain,6898,231,0.08,1.2,0.8676420075100142,0.2825147318297753,0.028563364732339287,0.12538360308608054,0.12179246681907767,0.1885663970498055,0.14748949599011696,0.027935287577456273,0.33766233766233766,0.31471348510496555,0.6573567425524828,0.33766233766233766,0.33766233766233766,0.6320346320346321,6.32768489372263,0.22912041628204352
spatial,NDVI,0,3,RandomForest,6898,231,0.08,8.93,0.8504000124669091,0.277274600756789,0.029211243019167686,0.10554543002157935,0.12330106756821257,0.17851545241213473,0.1152517727177278,0.025622478699491403,0.3333333333333333,0.3102344882755862,0.6551172441377932,0.3333333333333333,0.3333333333333333,0.5151515151515151,5.157496591458856,0.2183749982283244
spatial,NDVI,0,3,LightGBM,6898,231,0.08,9.57,0.8346732014048649,0.19137956768341735,0.02974503469498083,0.08920061362556997,0.12117627844481589,0.19267170804055833,0.11108485649165623,0.009156964314105188,0.24242424242424243,0.2161755548586207,0.6080877774293103,0.24242424242424243,0.24242424242424243,0.47186147186147187,4.724093516546347,0.20857372294075682
spatial,NDVI,0,3,XGBoost,6898,231,0.08,7.24,0.8276053729781042,0.20397854004758814,0.030060380697250366,0.07954465093102359,0.12441416829824448,0.17109949206436825,0.11788704991340637,0.018967263751192946,0.2813852813852814,0.2564865263230345,0.6282432631615172,0.2813852813852814,0.2813852813852814,0.4675324675324675,4.680753209055096,0.2041689385812937
spatial,NDVI,0,3,MLP,6898,231,0.08,50.07,0.7507390864223024,0.1228193175424536,0.03924403339624405,-0.20166077809914462,0.18621337413787842,-0.24063330180597453,0.15364916622638702,0.03767442785316598,0.21212121212121213,0.18482257705296554,0.5924112885264827,0.21212121212121213,0.21212121212121213,0.38961038961038963,3.90062767421258,0.15627886365858315
spatial,NDVI,0,3,LightGBM + terrain,6898,231,0.08,21.64,0.7944940415316897,0.2832328687122305,0.027606884375056557,0.15467123819646444,0.12120542715778423,0.1924775068243172,0.11918270498526552,0.013796863631740458,0.37662337662337664,0.3550244565693793,0.6775122282846897,0.37662337662337664,0.37662337662337664,0.43722943722943725,4.377371056616339,0.1835334241699333
spatial,NDVI,0,3,XGBoost + terrain,6898,231,0.08,13.59,0.7724678701129878,0.23165060651582373,0.029060382395982742,0.11016481488476448,0.12492227554321289,0.16771426384477772,0.12004013359546661,0.01749808606085111,0.3463203463203463,0.32367147876372415,0.661835739381862,0.3463203463203463,0.3463203463203463,0.4069264069264069,4.073988904177583,0.16980635982360887
spatial,NDVI,0,3,MLP + terrain,6898,231,0.08,53.77,0.6333907330607496,0.0990770266930304,0.037887196987867355,-0.16011415423965025,0.35202574729919434,-1.3453463920864377,0.09486641734838486,0.03607325537349923,0.16017316017316016,0.13107461510041382,0.5655373075502069,0.16017316017316016,0.16017316017316016,0.2987012987012987,2.990481216896311,0.08766570269764729
spatial,NDVI,0,4,GLM-m4 (published),6898,129,0.08,0.46,0.7293962100364062,0.10031675633100874,0.017877765075736463,0.08197178705500752,0.08612106363567097,0.20134841342762633,0.05491520424289792,0.00885413148666641,0.13953488372093023,0.12313659741571528,0.5615682987078576,0.13953488372093023,0.13953488372093023,0.37209302325581395,3.725250615992169,0.10764919650793746
spatial,NDVI,0,4,GLM-m3 (published),6898,129,0.08,0.38,0.7290835672428226,0.09970350284746853,0.017871547258354166,0.08229107370832833,0.08614976364776375,0.2010822612318115,0.05423901019652724,0.00939820812828588,0.13953488372093023,0.12313659741571528,0.5615682987078576,0.13953488372093023,0.13953488372093023,0.37209302325581395,3.725250615992169,0.10750248202857474
spatial,NDVI,0,4,GLM-splines,6898,129,0.08,3.11,0.7748382102173497,0.13505079976619017,0.017345068735647597,0.10932589239549151,0.08132078436425613,0.24586424375137095,0.07084301052049838,0.006676572724403442,0.23255813953488372,0.21793264093834067,0.6089663204691703,0.23255813953488372,0.23255813953488372,0.46511627906976744,4.656563269990212,0.12897385050468727
spatial,NDVI,0,4,GLM-m4 + terrain,6898,129,0.08,1.62,0.7864964653040938,0.15484896134066486,0.017206269006875947,0.11645329710305319,0.08082970045324298,0.2504183554647379,0.08625795380928358,0.00810909844046195,0.21705426356589147,0.20213330035123642,0.6010666501756182,0.21705426356589147,0.21705426356589147,0.4418604651162791,4.423735106490701,0.13444474207945828
spatial,NDVI,0,4,RandomForest,6898,129,0.08,8.16,0.8224229014854542,0.15237086207059464,0.017082159823603355,0.12282633821010036,0.0766550854951444,0.28913203036451274,0.09519593091725931,0.007225042989821651,0.23255813953488372,0.21793264093834067,0.6089663204691703,0.23255813953488372,0.23255813953488372,0.5503875968992248,5.5102665361550835,0.15130405034190675
spatial,NDVI,0,4,LightGBM,6898,129,0.08,10.79,0.81934972589358,0.12744450159705337,0.017793815512204995,0.08628262050985036,0.08215078428440963,0.2381671633264264,0.08261273441925654,0.0066618882887450786,0.21705426356589147,0.20213330035123642,0.6010666501756182,0.21705426356589147,0.21705426356589147,0.5348837209302325,5.355047760488743,0.14986185281329853
spatial,NDVI,0,4,XGBoost,6898,129,0.08,5.02,0.8088802005494726,0.1391520897763747,0.017279691994190216,0.11268300626705374,0.07846052199602127,0.27238927296503024,0.09044686704874039,0.004654289976932393,0.21705426356589147,0.20213330035123642,0.6010666501756182,0.21705426356589147,0.21705426356589147,0.5426356589147286,5.432657148321914,0.14494879875843614
spatial,NDVI,0,4,MLP,6898,129,0.08,49.38,0.7107229606928989,0.0952607757815391,0.02121892385184765,-0.08959764611545684,0.11819623410701752,-0.0961034370350431,0.10148712247610092,0.01668645010995812,0.14728682170542637,0.1310362677092674,0.5655181338546337,0.14728682170542637,0.14728682170542637,0.4496124031007752,4.501344494323871,0.09888714415898338
spatial,NDVI,0,4,LightGBM + terrain,6898,129,0.08,20.04,0.8431930334481981,0.15147362664061734,0.01745496907489495,0.10368247938419595,0.0801689689435979,0.25654570975182345,0.08964492054771848,0.006558944705275982,0.24806201550387597,0.2337319815254449,0.6168659907627224,0.24806201550387597,0.24806201550387597,0.5968992248062015,5.975922863154104,0.1610508471151323
spatial,NDVI,0,4,XGBoost + terrain,6898,129,0.08,12.51,0.835852799069172,0.15634141778978417,0.017135966569185257,0.12006334684727171,0.07624943554401398,0.29289398259420885,0.10231775790452957,0.00623875651671936,0.24806201550387597,0.2337319815254449,0.6168659907627224,0.24806201550387597,0.24806201550387597,0.5503875968992248,5.5102665361550835,0.15760628135197344
spatial,NDVI,0,4,MLP + terrain,6898,129,0.08,52.85,0.7120067430064785,0.075186684510244,0.02458754926919937,-0.2625774989590086,0.18298502266407013,-0.6969281109787431,0.09946615993976593,0.0227764299458525,0.12403100775193798,0.10733725682861105,0.5536686284143055,0.12403100775193798,0.12403100775193798,0.40310077519379844,4.0356881673248495,0.10361044220992963
spatial,NDVI,0,5,GLM-m4 (published),6898,95,0.08,0.42,0.8637659855945907,0.19769006611637618,0.012703611524013345,0.15882361846463688,0.06505290704980897,0.3077335695764395,0.12624000503766408,0.019705054458393954,0.2631578947368421,0.25286831660954534,0.6264341583047727,0.2631578947368421,0.2631578947368421,0.6,6.0069666182873735,0.1468593372157176
spatial,NDVI,0,5,GLM-m3 (published),6898,95,0.08,0.35,0.8635849509117495,0.20840949509016682,0.012657813116542554,0.16185618433014215,0.06501273430176316,0.3081610715306363,0.12912640114059412,0.01979077460140644,0.2736842105263158,0.2635416263722661,0.631770813186133,0.2736842105263158,0.2736842105263158,0.6,6.0069666182873735,0.14678625002618378
spatial,NDVI,0,5,GLM-splines,6898,95,0.08,2.71,0.8814903641582273,0.21128146332899966,0.012589443502314637,0.1663833146343472,0.0626645104698762,0.3331499091346385,0.14852954333489243,0.01969970678132097,0.28421052631578947,0.2742149361349869,0.6371074680674935,0.28421052631578947,0.28421052631578947,0.6947368421052632,6.955435031701168,0.15401501034486262
spatial,NDVI,0,5,GLM-m4 + terrain,6898,95,0.08,1.4,0.8867558430104365,0.11722140305114437,0.014195939607755415,0.06000832210793783,0.06436786297973422,0.31502352838966163,0.1211471203875836,0.01675208582488615,0.15789473684210525,0.1461352189823375,0.5730676094911688,0.15789473684210525,0.15789473684210525,0.6631578947368421,6.63927889389657,0.15614078560825267
spatial,NDVI,0,5,RandomForest,6898,95,0.08,8.66,0.9077179572479634,0.21380519713057686,0.012491104343597641,0.17289489423802362,0.05545040625388743,0.40991945565901267,0.15687554626325445,0.012058739496922115,0.25263157894736843,0.24219500684682455,0.6210975034234123,0.25263157894736843,0.25263157894736843,0.6947368421052632,6.955435031701168,0.16460414803406004
spatial,NDVI,0,5,LightGBM,6898,95,0.08,8.96,0.9048840681742575,0.18249190617501107,0.01288329889429793,0.1469255238434436,0.05519418744508792,0.4126460314297036,0.1296012755895833,0.006615205203907778,0.2,0.18882845803322063,0.5944142290166103,0.2,0.2,0.6526315789473685,6.53389351462837,0.1634594990816402
spatial,NDVI,0,5,XGBoost,6898,95,0.08,6.52,0.9104125888733299,0.17435509658168402,0.012906831689178944,0.1453672873366041,0.053826406598091125,0.4272012523390376,0.1469561755657196,0.006662865151448616,0.22105263157894736,0.2101750775586622,0.6050875387793311,0.22105263157894736,0.22105263157894736,0.7157894736842105,7.1662057902375675,0.1656914694084732
spatial,NDVI,0,5,MLP,6898,95,0.08,48.89,0.8326512297206341,0.14944320448154588,0.015182112343609333,-0.005291629165474321,0.07968680560588837,0.15200539398864255,0.19202470779418945,0.013934538823513006,0.23157894736842105,0.22084838732138298,0.6104241936606914,0.23157894736842105,0.23157894736842105,0.5789473684210527,5.796195859750974,0.13459784109833137
spatial,NDVI,0,5,LightGBM + terrain,6898,95,0.08,16.42,0.9125911942873499,0.18386958202823453,0.012380858102610972,0.18019490761577406,0.05359974816215653,0.4296134021588378,0.10534647884646609,0.003894276980744565,0.25263157894736843,0.24219500684682455,0.6210975034234123,0.25263157894736843,0.25263157894736843,0.6421052631578947,6.428508135360171,0.16657101438704308
spatial,NDVI,0,5,XGBoost + terrain,6898,95,0.08,12.1,0.8994174396744471,0.19297289605572676,0.012279858812689781,0.1868826292194261,0.05350612848997116,0.4306095218266174,0.12215179204940796,0.004382773544169502,0.25263157894736843,0.24219500684682455,0.6210975034234123,0.25263157894736843,0.25263157894736843,0.631578947368421,6.323122756091971,0.16125251584738662
spatial,NDVI,0,5,MLP + terrain,6898,95,0.08,51.09,0.7657975970353638,0.09022296752804063,0.015428885817527771,-0.02163186575545817,0.1288004070520401,-0.3706415962058136,0.08868490159511566,0.009600897368497757,0.18947368421052632,0.17815514827049986,0.58907757413525,0.18947368421052632,0.18947368421052632,0.5157894736842106,5.163883584141777,0.12164838359132095
spatial,NDVI,0,6,GLM-m4 (published),6897,358,0.08,0.28,0.7031869803952393,0.16448822735407187,0.04719680699730618,0.041179230955591284,0.19543266429298817,0.04299609876384003,0.0587740583404416,0.019521512701883414,0.22346368715083798,0.18094954125697044,0.5904747706284852,0.22346368715083798,0.22346368715083798,0.31843575418994413,3.187592738240994,0.1561433385812859
spatial,NDVI,0,6,GLM-m3 (published),6897,358,0.08,0.32,0.7050520256202365,0.16785186358958193,0.04718072625026786,0.041505917340180276,0.19516108826322148,0.04432596509355102,0.05953268818415283,0.01923892799971576,0.22346368715083798,0.18094954125697044,0.5904747706284852,0.22346368715083798,0.22346368715083798,0.31843575418994413,3.187592738240994,0.15757657208605913
spatial,NDVI,0,6,GLM-splines,6897,358,0.08,2.26,0.747402136386665,0.19929215432097402,0.04592841674789012,0.06694705280131397,0.18704939875215074,0.0840476694247837,0.07339110959741607,0.018026185410805386,0.24860335195530725,0.20746556330260807,0.6037327816513041,0.24860335195530725,0.24860335195530725,0.37988826815642457,3.802742214041887,0.1901214116791
spatial,NDVI,0,6,GLM-m4 + terrain,6897,358,0.08,0.9,0.8064381224470966,0.1971632766691827,0.046321965707286306,0.05895195864321934,0.1811676791309329,0.11284955187286894,0.06398487298168956,0.02144081111137771,0.22625698324022347,0.18389576592870793,0.591947882964354,0.22625698324022347,0.22625698324022347,0.4106145251396648,4.110316951942334,0.23548886554620072
spatial,NDVI,0,6,RandomForest,6897,358,0.08,8.9,0.7362295927913397,0.20099041818787494,0.046514202429149824,0.05504659781009613,0.19413968690045658,0.049327611529832116,0.10646832691571419,0.019375848123161434,0.22905027932960895,0.18684199060044546,0.5934209953002227,0.22905027932960895,0.22905027932960895,0.3770949720670391,3.7747808742327558,0.1815358261614217
spatial,NDVI,0,6,LightGBM,6897,358,0.08,9.47,0.7765850107776204,0.21296647840798824,0.04696547355927426,0.04587885618600396,0.20327167879391392,0.004609642301342087,0.11127043381930807,0.030443858621118175,0.2346368715083799,0.19273443994392048,0.5963672199719603,0.2346368715083799,0.2346368715083799,0.36312849162011174,3.6349741751870983,0.21254760903006273
spatial,NDVI,0,6,XGBoost,6897,358,0.08,6.04,0.7623154498022607,0.20448937995761468,0.04680151492357254,0.04920973713275889,0.19463296234607697,0.04691216501435114,0.12035399675369263,0.024210834166518,0.23743016759776536,0.195680664615658,0.597840332307829,0.23743016759776536,0.23743016759776536,0.39385474860335196,3.9425489130875446,0.2015818627024705
spatial,NDVI,0,6,MLP,6897,358,0.08,48.74,0.7119239868054243,0.14226815457555764,0.05957089737057686,-0.2102050385057217,0.29661592841148376,-0.45248281495756326,0.13425016403198242,0.052011197969097714,0.21508379888268156,0.17211086724175786,0.586055433620879,0.21508379888268156,0.21508379888268156,0.29329608938547486,2.9359406799588097,0.16285931610666216
spatial,NDVI,0,6,LightGBM + terrain,6897,358,0.08,16.27,0.8200936196315872,0.20139731995953844,0.047206467974290726,0.0409829645983657,0.1963287158630401,0.03860827111306975,0.0959270851775896,0.03149312563511472,0.2430167597765363,0.20157311395913305,0.6007865569795665,0.2430167597765363,0.2430167597765363,0.3659217877094972,3.6629355149962297,0.2459827209351639
spatial,NDVI,0,6,XGBoost + terrain,6897,358,0.08,12.95,0.8210400254254447,0.21679379058856565,0.046167224645614624,0.06209558112944513,0.17886683344841003,0.12411648578332457,0.10910720378160477,0.02546538184432706,0.24860335195530725,0.20746556330260807,0.6037327816513041,0.24860335195530725,0.24860335195530725,0.3743016759776536,3.746819534423624,0.24671000651490776
spatial,NDVI,0,6,MLP + terrain,6897,358,0.08,52.38,0.653955937772591,0.10595432546367085,0.0702407956123352,-0.4269680080509335,0.5362679362297058,-1.6260220270633634,0.0885668694972992,0.06947502892065216,0.13687150837988826,0.08961657643310741,0.5448082882165537,0.13687150837988826,0.13687150837988826,0.2346368715083799,2.348752543967048,0.12251696629627017
spatial,NDVI,0,7,GLM-m4 (published),6897,178,0.08,0.27,0.6780503385502458,0.1416472538187438,0.028739033383263623,-0.11399690965944709,0.13425957894452376,-0.04875573326989535,0.10274630606340829,0.044432263580006195,0.1853932584269663,0.1638126660769142,0.5819063330384571,0.1853932584269663,0.1853932584269663,0.3089887640449438,3.0930268586617964,0.09779925087534397
spatial,NDVI,0,7,GLM-m3 (published),6897,178,0.08,0.24,0.6797577221061856,0.13869044173094786,0.028570529988915933,-0.1074652960847271,0.13345632281475708,-0.04248117559587605,0.10373998083132444,0.043471253820146945,0.19101123595505617,0.16957947527638376,0.5847897376381919,0.19101123595505617,0.19101123595505617,0.3089887640449438,3.0930268586617964,0.09873708022229954
spatial,NDVI,0,7,GLM-splines,6897,178,0.08,1.75,0.6697893446556888,0.11564001807822978,0.031786990606513466,-0.23214336511580402,0.14380212160328562,-0.12329638356855521,0.08243119850572322,0.05108328400238625,0.1853932584269663,0.1638126660769142,0.5819063330384571,0.1853932584269663,0.1853932584269663,0.2752808988764045,2.7556057468077824,0.09326166324169022
spatial,NDVI,0,7,GLM-m4 + terrain,6897,178,0.08,1.05,0.7208574209310843,0.17441564789469696,0.024698792061353347,0.04261296259559999,0.11598910947002802,0.09396227435045823,0.10944303906955073,0.026513603507680943,0.24719101123595505,0.22724756727107934,0.6136237836355397,0.24719101123595505,0.24719101123595505,0.398876404494382,3.9928164902725003,0.12131226760029491
spatial,NDVI,0,7,RandomForest,6897,178,0.08,7.75,0.7524306385882062,0.17333734819164692,0.02473753537181916,0.04111117485092142,0.11358286180443752,0.11275844557931392,0.11299857585557765,0.026551658428355277,0.24157303370786518,0.22148075807160977,0.6107403790358049,0.24157303370786518,0.24157303370786518,0.4101123595505618,4.105290194223838,0.138654782384077
spatial,NDVI,0,7,LightGBM,6897,178,0.08,8.98,0.7740183380686332,0.16952412228880373,0.02348451861435713,0.0896812424989547,0.10942813637095854,0.14521268201278126,0.11993670868933089,0.012271089185010506,0.25280898876404495,0.2330143764705489,0.6165071882352744,0.25280898876404495,0.25280898876404495,0.43258426966292135,4.330237602126514,0.15051242441057003
spatial,NDVI,0,7,XGBoost,6897,178,0.08,8.12,0.7661361124164076,0.18620886009405194,0.023385362699627876,0.09352477408576065,0.10750848799943924,0.16020778383311174,0.12395954877138138,0.013071645130750037,0.25842696629213485,0.23878118567001844,0.6193905928350092,0.25842696629213485,0.25842696629213485,0.4438202247191011,4.442711306077853,0.14618288609926727
spatial,NDVI,0,7,MLP,6897,178,0.08,50.34,0.7133970243699319,0.06934928031555723,0.0408644936978817,-0.5840101191694482,0.1816498339176178,-0.41894021049592944,0.1207047551870346,0.044691843137189186,0.10112359550561797,0.07731052808487084,0.5386552640424354,0.10112359550561797,0.10112359550561797,0.3539325842696629,3.5429216744671486,0.11723799492389186
spatial,NDVI,0,7,LightGBM + terrain,6897,178,0.08,12.53,0.7757959567953364,0.17382409599523496,0.02322190103141602,0.09986095772866055,0.10804232449222478,0.15603781765286906,0.10966907352620447,0.008794871148733875,0.2808988764044944,0.2618484224678967,0.6309242112339484,0.2808988764044944,0.2808988764044944,0.42696629213483145,4.2740007501508455,0.15148883243814473
spatial,NDVI,0,7,XGBoost + terrain,6897,178,0.08,12.91,0.7753561508450796,0.1860492372924639,0.023151416331529617,0.10259312122228215,0.10507044941186905,0.17925228782210512,0.11605744063854218,0.011133178166460558,0.2808988764044944,0.2618484224678967,0.6309242112339484,0.2808988764044944,0.2808988764044944,0.46629213483146065,4.667658713980528,0.15124725644184597
spatial,NDVI,0,7,MLP + terrain,6897,178,0.08,50.68,0.7039817488891973,0.0849356925511038,0.03205240145325661,-0.24243135424609052,0.25020846724510193,-0.9544793822472919,0.09196418523788452,0.028511559048845253,0.15168539325842698,0.12921181088009687,0.5646059054400484,0.15168539325842698,0.15168539325842698,0.33707865168539325,3.374211118540141,0.11526145294673329
spatial,NDVI,0,8,GLM-m4 (published),6897,560,0.08,0.36,0.8281787517752881,0.36870972286052167,0.06536179071929513,0.13876494335904244,0.23549300796797842,0.19866569268457324,0.10146371241846214,0.03915248251750823,0.44285714285714284,0.3936224892355554,0.6968112446177777,0.44285714285714284,0.44285714285714284,0.4928571428571429,4.933578685465478,0.31051081295579813
spatial,NDVI,0,8,GLM-m3 (published),6897,560,0.08,0.31,0.827608968867648,0.3683643258222569,0.06537526909844983,0.13858734644030768,0.23566942385370024,0.19806538568266197,0.10143588515802048,0.039175525553553636,0.44107142857142856,0.3916789715728488,0.6958394857864244,0.44107142857142856,0.44107142857142856,0.49107142857142855,4.915703400373212,0.3099717050674826
spatial,NDVI,0,8,GLM-splines,6897,560,0.08,2.06,0.8373082407177799,0.3882886579971303,0.060405012446219285,0.20407758503837947,0.21802624146157415,0.25810150931549847,0.15728269707940584,0.026395540521735893,0.4785714285714286,0.43249284248968645,0.7162464212448432,0.4785714285714286,0.4785714285714286,0.5410714285714285,5.416211382956666,0.31914880373999494
spatial,NDVI,0,8,GLM-m4 + terrain,6897,560,0.08,1.0,0.842738931220271,0.3954028928187818,0.059472482590002464,0.2163649993625587,0.2145283769834826,0.2700040232492279,0.1972856213222512,0.017786927508040794,0.4607142857142857,0.4130576658626209,0.7065288329313104,0.4607142857142857,0.4607142857142857,0.5339285714285714,5.344710242587602,0.3242871258090437
spatial,NDVI,0,8,RandomForest,6897,560,0.08,8.04,0.8813555310083635,0.43349456395386593,0.057500062893416234,0.24235444932124406,0.19860044730190388,0.32420349442882346,0.18846540321800315,0.018705593367360673,0.48392857142857143,0.4383233954778061,0.719161697738903,0.48392857142857143,0.48392857142857143,0.5428571428571428,5.434086668048932,0.36082503326193255
spatial,NDVI,0,8,LightGBM,6897,560,0.08,9.13,0.8807777170360018,0.42703361390694566,0.05916101569843591,0.22046902104017962,0.2124672199200582,0.2770177171246404,0.20691578251689424,0.02881915474779065,0.4714285714285714,0.4247187718388602,0.7123593859194302,0.4714285714285714,0.4714285714285714,0.5339285714285714,5.344710242587602,0.3602780424741372
spatial,NDVI,0,8,XGBoost,6897,560,0.08,3.44,0.8875917232128768,0.43489894572454013,0.057393629103899,0.24375686669284036,0.19887998700141907,0.3232522162147362,0.20988640189170837,0.022503132808299155,0.4875,0.4422104308032192,0.7211052154016095,0.4875,0.4875,0.5428571428571428,5.434086668048932,0.36672520757066807
spatial,NDVI,0,8,MLP,6897,560,0.08,49.66,0.7908555760950428,0.26758538102496476,0.07393348217010498,0.025820651427827523,0.3168068528175354,-0.07802870849303489,0.18645711243152618,0.050118479952583644,0.32321428571428573,0.2634068058342163,0.6317034029171081,0.32321428571428573,0.32321428571428573,0.37142857142857144,3.7180592991913746,0.2752000417210274
spatial,NDVI,0,8,LightGBM + terrain,6897,560,0.08,15.29,0.8833349771185103,0.41628516589361825,0.059348593843281734,0.21799741075497958,0.21284984271059543,0.27571573040552766,0.25642232296976514,0.028373783127686434,0.4517857142857143,0.4033400775490881,0.701670038774544,0.4517857142857143,0.4517857142857143,0.5214285714285715,5.219583246941737,0.36269762905743896
spatial,NDVI,0,8,XGBoost + terrain,6897,560,0.08,10.37,0.8914769268919498,0.4308018945053001,0.05734016373753548,0.24446134934733454,0.19708095490932465,0.3293739532464003,0.27549779415130615,0.019998310646931756,0.4767857142857143,0.4305493248269799,0.7152746624134899,0.4767857142857143,0.4767857142857143,0.5446428571428571,5.451961953141199,0.3704012461552643
spatial,NDVI,0,8,MLP + terrain,6897,560,0.08,50.83,0.8028825886516828,0.2712697722890256,0.09410221129655838,-0.23993119503236304,0.5836712718009949,-0.9861135632899614,0.2297252118587494,0.08070418963934017,0.30357142857142855,0.2420281115444442,0.6210140557722221,0.30357142857142855,0.30357142857142855,0.36428571428571427,3.64655815882231,0.29538267521933104
spatial,NDVI,0,9,GLM-m4 (published),6897,811,0.08,0.26,0.902415561902902,0.5203871356360752,0.07336175306888403,0.3305938400099241,0.23717902478205935,0.4244722567307784,0.3067301393995097,0.018116181206761048,0.5277435265104808,0.4648122087319728,0.7324061043659864,0.5277435265104808,0.5277435265104808,0.4722564734895191,4.727362696164315,0.44903642397200494
spatial,NDVI,0,9,GLM-m3 (published),6897,811,0.08,0.23,0.903024183173121,0.5217360606778536,0.07321137347026642,0.33196601318518804,0.23674675856166802,0.42552117411519685,0.30514777993321496,0.018836257814079008,0.5363748458692972,0.47459370883347723,0.7372968544167386,0.5363748458692972,0.5363748458692972,0.4808877928483354,4.813763580950608,0.44971555555787174
spatial,NDVI,0,9,GLM-splines,6897,811,0.08,1.34,0.9037967107707731,0.5004695924571103,0.07406032144801904,0.324219592440783,0.23675157423253382,0.4255094886291457,0.26618871041990544,0.023572127779525484,0.5326757090012331,0.47040163736140395,0.735200818680702,0.5326757090012331,0.5326757090012331,0.46979038224414305,4.702676729082517,0.4505775824343398
spatial,NDVI,0,9,GLM-m4 + terrain,6897,811,0.08,0.71,0.8972913111817342,0.47120895503528987,0.08591647482397385,0.21603539874793165,0.2623000302276484,0.36351477709682334,0.3568857081806475,0.05410764795166721,0.4401972872996301,0.36559985055957095,0.6827999252797855,0.4401972872996301,0.4401972872996301,0.38224414303329224,3.8263248976786888,0.44331851582628506
spatial,NDVI,0,9,RandomForest,6897,811,0.08,7.57,0.9142484236425457,0.5321464515889907,0.07097692929267674,0.352354712119741,0.22263362306606685,0.45976746140683133,0.2698271795413196,0.021245468901564642,0.5487053020961775,0.488567280407055,0.7442836402035276,0.5487053020961775,0.5487053020961775,0.48581997533908755,4.8631355151142035,0.46224050795722926
spatial,NDVI,0,9,LightGBM,6897,811,0.08,3.3,0.9049949085710651,0.5003209859681342,0.07580145306201999,0.30833223725897163,0.24822215452856025,0.3976755045834375,0.29348041197083774,0.03669866757960033,0.5240443896424167,0.46062013725989953,0.7303100686299497,0.5240443896424167,0.5240443896424167,0.45499383477188654,4.55456092659173,0.4519145936456781
spatial,NDVI,0,9,XGBoost,6897,811,0.08,1.67,0.9070967185102313,0.5129952957709467,0.0733107179403305,0.33105952175825326,0.23222336173057556,0.4364974792482914,0.3130998909473419,0.02307496757152841,0.5141800246609125,0.44944128000103734,0.7247206400005186,0.5141800246609125,0.5141800246609125,0.44512946979038226,4.455817058264537,0.45425990359363416
spatial,NDVI,0,9,MLP,6897,811,0.08,37.05,0.8739627201237665,0.44159462490386503,0.09075122326612473,0.1719196265125088,0.33122721314430237,0.19625929037697232,0.2910575270652771,0.06375988807686708,0.4722564734895191,0.40193113665087304,0.7009655683254365,0.4722564734895191,0.4722564734895191,0.4081381011097411,4.085527552037568,0.4173090801820309
spatial,NDVI,0,9,LightGBM + terrain,6897,811,0.08,16.0,0.9075789151224557,0.5059681329243095,0.07854890739608338,0.2832624593627625,0.25400109268376564,0.38365259830825593,0.23327255096549893,0.04637783529307932,0.5104808877928483,0.445249208528964,0.7226246042644819,0.5104808877928483,0.5104808877928483,0.44266337854500615,4.43113109118274,0.4547979639036849
spatial,NDVI,0,9,XGBoost + terrain,6897,811,0.08,11.06,0.9041725404832419,0.5023378606788865,0.0748184472322464,0.31730189965429,0.2348344326019287,0.43016157485476225,0.2747323513031006,0.026884760097774043,0.49815043156596794,0.4312756369553863,0.7156378184776931,0.49815043156596794,0.49815043156596794,0.42909987669543775,4.295358272232851,0.4509969521543417
spatial,NDVI,0,9,MLP + terrain,6897,811,0.08,53.24,0.8575851553139079,0.4307909276240371,0.10576621443033218,0.03491189214062995,0.6373791098594666,-0.5466348105708281,0.345760315656662,0.09444452457461619,0.45745992601726265,0.3851628507625798,0.6925814253812899,0.45745992601726265,0.45745992601726265,0.40567200986436497,4.060841584955769,0.41278739688440597
spatial,NDVI,1,0,GLM-m4 (published),6898,132,0.08,0.38,0.8670441109289765,0.18930180506659666,0.01736302342119922,0.1257462631855899,0.07939593068486518,0.27200802030854887,0.11989505418200155,0.017408504201873436,0.25757575757575757,0.24309157194170497,0.6215457859708524,0.25757575757575757,0.25757575757575757,0.5909090909090909,5.915951972555747,0.17419619360739166
spatial,NDVI,1,0,GLM-m3 (published),6898,132,0.08,0.32,0.8682040998217468,0.19200597439631212,0.017355779568589462,0.1261110018062428,0.07937518623058001,0.27219822900328183,0.12013864070713368,0.017476650234201325,0.25757575757575757,0.24309157194170497,0.6215457859708524,0.25757575757575757,0.25757575757575757,0.5984848484848485,5.991797510665435,0.1747467150399139
spatial,NDVI,1,0,GLM-splines,6898,132,0.08,2.64,0.8694816551563522,0.20974940346497697,0.017057975733527544,0.14110586239732315,0.07719569130967587,0.2921823114179607,0.14694483950154358,0.017502488798164035,0.26515151515151514,0.2508151273300549,0.6254075636650274,0.26515151515151514,0.26515151515151514,0.6590909090909091,6.598561815542948,0.17535303256357013
spatial,NDVI,1,0,GLM-m4 + terrain,6898,132,0.08,1.36,0.8928874542050717,0.21963582863844472,0.01658685396673808,0.16482753546766027,0.0726284718800552,0.33405976137760474,0.11653474350665115,0.012099194583113456,0.2803030303030303,0.2662622381067548,0.6331311190533774,0.2803030303030303,0.2803030303030303,0.7196969696969697,7.205326120420461,0.1864612372196308
spatial,NDVI,1,0,RandomForest,6898,132,0.08,7.73,0.8661847562231835,0.28287445496456814,0.01592652091651098,0.19807627462435873,0.07369147786420868,0.32431291636738213,0.1660632697659641,0.011399521302651422,0.3939393939393939,0.38211556893200405,0.691057784466002,0.3939393939393939,0.3939393939393939,0.7121212121212122,7.129480582310772,0.17379509965518006
spatial,NDVI,1,0,LightGBM,6898,132,0.08,10.16,0.8787027830775984,0.2494475004320759,0.016259110321948197,0.18132990946232375,0.07057609075003121,0.352878320326903,0.16299407500298896,0.004696643075700007,0.36363636363636365,0.3512213473786043,0.6756106736893022,0.36363636363636365,0.36363636363636365,0.6893939393939394,6.901943967981704,0.17972930571862686
spatial,NDVI,1,0,XGBoost,6898,132,0.08,4.86,0.876260760128629,0.25645088127419835,0.01618858426809311,0.1848809998818819,0.06980205327272415,0.35997575351327094,0.16771306097507477,0.006467281348499578,0.3333333333333333,0.32032712582520445,0.6601635629126023,0.3333333333333333,0.3333333333333333,0.6666666666666666,6.6744073536526365,0.1785703411987456
spatial,NDVI,1,0,MLP,6898,132,0.08,51.75,0.8316767661838604,0.13244897214416881,0.020191645249724388,-0.016679001333931298,0.09801547229290009,0.10128318785691781,0.14248377084732056,0.014115545294154853,0.19696969696969696,0.18130312883490537,0.5906515644174527,0.19696969696969696,0.19696969696969696,0.6136363636363636,6.143488586884813,0.15742790735261497
spatial,NDVI,1,0,LightGBM + terrain,6898,132,0.08,22.56,0.8906979191859475,0.3005703634139434,0.015568050984993184,0.2161257622949453,0.06819173197490734,0.3747408270073367,0.1475323645287561,0.007295945377844823,0.38636363636363635,0.3743920135436541,0.687196006771827,0.38636363636363635,0.38636363636363635,0.7045454545454546,7.053635044201084,0.18542210118688612
spatial,NDVI,1,0,XGBoost + terrain,6898,132,0.08,14.29,0.8763301803133314,0.3143532208231807,0.015083943493664265,0.24050128567282747,0.06581640988588333,0.39652064418376365,0.1784280240535736,0.003305444664276746,0.4393939393939394,0.42845690126210373,0.7142284506310519,0.4393939393939394,0.4393939393939394,0.6818181818181818,6.826098429872015,0.17860328748162377
spatial,NDVI,1,0,MLP + terrain,6898,132,0.08,53.25,0.7675873798582934,0.12449226371895085,0.022112829610705376,-0.11341345627029553,0.16777224838733673,-0.5383259062015111,0.14881114661693573,0.015977276351954475,0.2196969696969697,0.20447379499995522,0.6022368974999776,0.2196969696969697,0.2196969696969697,0.5303030303030303,5.309187667678234,0.1355874632260002
spatial,NDVI,1,1,GLM-m4 (published),6898,310,0.08,0.4,0.8188127974616606,0.338474221977215,0.03547729007701868,0.17379102044752703,0.14344980792413622,0.21845955257331284,0.1998951961616512,0.007263899080404709,0.38064516129032255,0.3515012632939656,0.6757506316469828,0.38064516129032255,0.38064516129032255,0.532258064516129,5.328760709771057,0.22880253370157372
spatial,NDVI,1,1,GLM-m3 (published),6898,310,0.08,0.31,0.8189293338817399,0.33562820194265003,0.035498435419337414,0.17329857946171545,0.14356189922201973,0.21784885894905337,0.19948626898559615,0.007245989276816021,0.3741935483870968,0.34474606811994435,0.6723730340599722,0.3741935483870968,0.3741935483870968,0.535483870967742,5.361056229224214,0.22888616845022552
spatial,NDVI,1,1,GLM-splines,6898,310,0.08,2.12,0.8362673090859236,0.3044441813414508,0.0366944519275044,0.145445280165311,0.14501588082445782,0.20992730472347643,0.13699085328178967,0.015670454470313795,0.36774193548387096,0.33799087294592317,0.6689954364729616,0.36774193548387096,0.36774193548387096,0.5838709677419355,5.845489021021583,0.24132912145448604
spatial,NDVI,1,1,GLM-m4 + terrain,6898,310,0.08,1.04,0.849755665236892,0.37166478589482027,0.034913757560302204,0.18691478566663422,0.1399614637970492,0.2374646810521438,0.19731560963960304,0.01880662277556749,0.4064516129032258,0.37852204399005035,0.6892610219950251,0.4064516129032258,0.4064516129032258,0.5741935483870968,5.74860246266211,0.2510093164988851
spatial,NDVI,1,1,RandomForest,6898,310,0.08,7.92,0.8400021054899425,0.35708451517317275,0.035139147583402267,0.18166581482972577,0.1402856826712429,0.23569827810139532,0.15772084967036787,0.016631662648972104,0.4,0.3717668488160291,0.6858834244080145,0.4,0.4,0.5548387096774193,5.554829345943163,0.2440095192318302
spatial,NDVI,1,1,LightGBM,6898,310,0.08,8.65,0.8211131676361714,0.3263821895397121,0.03583175312393015,0.16553614664961258,0.15258382442974178,0.1686957818865722,0.1703492658631265,0.013204966282134613,0.35161290322580646,0.3211028850108702,0.6605514425054351,0.35161290322580646,0.35161290322580646,0.5,5.005805515239478,0.23045343956491487
spatial,NDVI,1,1,XGBoost,6898,310,0.08,3.9,0.8227006091231368,0.3231244008860554,0.03574087843298912,0.16765247192435995,0.14653651416301727,0.201642535467764,0.16692185401916504,0.007110963220043199,0.3580645161290323,0.3278580801848914,0.6639290400924457,0.3580645161290323,0.3580645161290323,0.49032258064516127,4.908918956880004,0.23159269945734295
spatial,NDVI,1,1,MLP,6898,310,0.08,51.07,0.8167420725855415,0.26843626079282595,0.0415969155728817,0.03127479315948245,0.1910959780216217,-0.041125492625874616,0.23321035504341125,0.02922398127080393,0.3,0.26706132361870066,0.6335306618093504,0.3,0.3,0.5193548387096775,5.199578631958425,0.2273173047149458
spatial,NDVI,1,1,LightGBM + terrain,6898,310,0.08,14.8,0.7912661339287462,0.29506833929236403,0.036165162106865226,0.15777158811184377,0.15971654407831493,0.12983543772728912,0.16850099081950454,0.01646761686431524,0.3774193548387097,0.34812366570695497,0.6740618328534775,0.3774193548387097,0.3774193548387097,0.44193548387096776,4.424486165082635,0.2090331047126695
spatial,NDVI,1,1,XGBoost + terrain,6898,310,0.08,12.6,0.7848419413596568,0.3038205227715762,0.03578222915530205,0.1666894801622565,0.151670441031456,0.17367197221810893,0.18645088374614716,0.019304813818645464,0.4,0.3717668488160291,0.6858834244080145,0.4,0.4,0.432258064516129,4.327599606723161,0.20442265139826118
spatial,NDVI,1,1,MLP + terrain,6898,310,0.08,52.79,0.6762297530211333,0.22344485147869086,0.04647262766957283,-0.08227269333831799,0.4316643476486206,-1.351785533360871,0.24016498029232025,0.0448937547854769,0.3032258064516129,0.2704389212057113,0.6352194606028556,0.3032258064516129,0.3032258064516129,0.4064516129032258,4.0692354510978985,0.13283192255068257
spatial,NDVI,1,2,GLM-m4 (published),6898,304,0.08,0.44,0.732085488402535,0.16407270550719155,0.040033306801432786,0.05037138743307079,0.1678811009772775,0.07239920701175873,0.04893388585491773,0.015982188663565808,0.20394736842105263,0.16724733809044906,0.5836236690452246,0.20394736842105263,0.20394736842105263,0.3125,3.1286284470246732,0.1650162402300747
spatial,NDVI,1,2,GLM-m3 (published),6898,304,0.08,0.33,0.737998958383219,0.1650972418020852,0.040055341786796685,0.049848696347799204,0.16747347219319775,0.07465149616852551,0.0482802384429437,0.016624754056809715,0.20723684210526316,0.17068846479255464,0.5853442323962773,0.20723684210526316,0.20723684210526316,0.3190789473684211,3.194494309067298,0.1692208054945493
spatial,NDVI,1,2,GLM-splines,6898,304,0.08,2.49,0.743652024168702,0.14908629783215177,0.040417634867718315,0.041254755370485396,0.16963102592551238,0.06273027012604993,0.04400577700428489,0.018350238987329435,0.19407894736842105,0.1569239579841323,0.5784619789920662,0.19407894736842105,0.19407894736842105,0.2993421052631579,2.996896722939424,0.17324021949632304
spatial,NDVI,1,2,GLM-m4 + terrain,6898,304,0.08,1.38,0.7283744791916096,0.1658100977774496,0.04027834898371403,0.04455875075196136,0.17307894370877183,0.04367933913208055,0.0647831020352458,0.020086160450330907,0.20723684210526316,0.17068846479255464,0.5853442323962773,0.20723684210526316,0.20723684210526316,0.3355263157894737,3.3591589641738597,0.162377657388635
spatial,NDVI,1,2,RandomForest,6898,304,0.08,7.52,0.7681434877001421,0.14102930714076833,0.04210734486432694,0.0011732060825686563,0.1710078271203757,0.055122970241143654,0.08020944546833421,0.03515833706678923,0.21052631578947367,0.17412959149466023,0.5870647957473301,0.21052631578947367,0.21052631578947367,0.3651315789473684,3.6555553433656707,0.1906540287026265
spatial,NDVI,1,2,LightGBM,6898,304,0.08,8.85,0.7656277437223632,0.11099656223064391,0.04311998653459805,-0.02284763009608537,0.1737938382261122,0.03972930117469531,0.062101179856975545,0.023598332529701047,0.13157894736842105,0.09154255064412624,0.5457712753220632,0.13157894736842105,0.13157894736842105,0.3026315789473684,3.029829653960736,0.18886528315850948
spatial,NDVI,1,2,XGBoost,6898,304,0.08,3.49,0.7594578604153696,0.10854308637949114,0.045479513704776764,-0.07881788816256585,0.17549636960029602,0.0303222266087968,0.08376690000295639,0.02650316195443265,0.13815789473684212,0.09842480404833741,0.5492124020241687,0.13815789473684212,0.13815789473684212,0.3157894736842105,3.1615613780459855,0.18447840420715916
spatial,NDVI,1,2,MLP,6898,304,0.08,50.35,0.6766782601407979,0.0938994170994521,0.06090252846479416,-0.44466665955684914,0.26220330595970154,-0.44876340449601493,0.08490952104330063,0.06452057342549847,0.11513157894736842,0.07433691713359833,0.5371684585667992,0.11513157894736842,0.11513157894736842,0.22039473684210525,2.2065063784279273,0.125621143976964
spatial,NDVI,1,2,LightGBM + terrain,6898,304,0.08,12.64,0.798599304790639,0.15421540722353694,0.04099072153266794,0.027660587463845143,0.17902933501727564,0.010801381671546983,0.04016404540587138,0.027741580284897358,0.20394736842105263,0.16724733809044906,0.5836236690452246,0.20394736842105263,0.20394736842105263,0.39473684210526316,3.951951722557482,0.21230855429260925
spatial,NDVI,1,2,XGBoost + terrain,6898,304,0.08,12.67,0.8080748746867169,0.15355560046802533,0.039775822311639786,0.05647916763749994,0.15672828257083893,0.13402235945476748,0.0674712210893631,0.013318653098995041,0.19736842105263158,0.1603650846862379,0.580182542343119,0.19736842105263158,0.19736842105263158,0.39473684210526316,3.951951722557482,0.21904582566147937
spatial,NDVI,1,2,MLP + terrain,6898,304,0.08,51.98,0.6755957369538497,0.10048177769894895,0.05021452158689499,-0.19113683767858425,0.4323912262916565,-1.389110170764912,0.0585506372153759,0.044165693524896375,0.16776315789473684,0.12939494436728766,0.5646974721836437,0.16776315789473684,0.16776315789473684,0.3157894736842105,3.1615613780459855,0.12829283582450257
spatial,NDVI,1,3,GLM-m4 (published),6898,520,0.08,0.38,0.9014086885206358,0.48910579268744875,0.04914572176162237,0.3035902585066018,0.17286221862193496,0.37304819138199097,0.3375422477356727,0.019016227613756823,0.5384615384615384,0.5008321875678414,0.7504160937839206,0.5384615384615384,0.5384615384615384,0.6461538461538462,6.469040973540248,0.36711162776565043
spatial,NDVI,1,3,GLM-m3 (published),6898,520,0.08,0.32,0.9012108932146562,0.49068268880307275,0.0490403766328102,0.30508303084352095,0.17265133151728038,0.37381305517195873,0.33341752997438623,0.017963683661860283,0.5461538461538461,0.5091516511083773,0.7545758255541887,0.5461538461538461,0.5461538461538461,0.6442307692307693,6.449787875404712,0.36693073243672714
spatial,NDVI,1,3,GLM-splines,6898,520,0.08,2.41,0.9090120486286997,0.4976755009986871,0.047554296437108866,0.32614123668179573,0.16681331257856277,0.39498689270310994,0.37043937705404695,0.019288331721102385,0.5596153846153846,0.5237107123043153,0.7618553561521577,0.5596153846153846,0.5596153846153846,0.6807692307692308,6.815596739979904,0.37406534348128867
spatial,NDVI,1,3,GLM-m4 + terrain,6898,520,0.08,1.38,0.8951519043828546,0.44792862306614933,0.06129681223791103,0.13140563135838246,0.20100892314362906,0.2709632624299476,0.4460127128555554,0.04362933654637655,0.4519230769230769,0.40723822273681165,0.7036191113684058,0.4519230769230769,0.4519230769230769,0.5442307692307692,5.448626772356817,0.36138943421307834
spatial,NDVI,1,3,RandomForest,6898,520,0.08,7.04,0.9082814723689607,0.504253931982336,0.047576388522648734,0.3258281851479411,0.16821315263542483,0.3899098303905807,0.3228593828881563,0.014495323308199547,0.5423076923076923,0.5049919193381094,0.7524959596690546,0.5423076923076923,0.5423076923076923,0.6711538461538461,6.719331249302222,0.3734123199155992
spatial,NDVI,1,3,LightGBM,6898,520,0.08,8.96,0.9015160286561981,0.48082087320535477,0.04933175928849618,0.3009540504837209,0.17990530076129277,0.3475037252706711,0.3531025659070448,0.017177671717877107,0.5134615384615384,0.47379393106109946,0.7368969655305497,0.5134615384615384,0.5134615384615384,0.6346153846153846,6.35352238472703,0.36720979236334983
spatial,NDVI,1,3,XGBoost,6898,520,0.08,3.77,0.9052519779530597,0.5025854352089181,0.04897555708885193,0.30600154338609076,0.17341119050979614,0.3710571320914119,0.3899231553077698,0.021767226012566948,0.5423076923076923,0.5049919193381094,0.7524959596690546,0.5423076923076923,0.5423076923076923,0.6538461538461539,6.546053366082394,0.37062653558929953
spatial,NDVI,1,3,MLP,6898,520,0.08,50.4,0.8690622210965578,0.3341895499773715,0.0654740184545517,0.07221335587191269,0.2602633237838745,0.056054221236636614,0.3151870369911194,0.04233199987227951,0.4173076923076923,0.36980063680439973,0.6849003184021999,0.4173076923076923,0.4173076923076923,0.5076923076923077,5.082817907781624,0.3375596348320771
spatial,NDVI,1,3,LightGBM + terrain,6898,520,0.08,15.34,0.9036483585401742,0.46936225728366915,0.04906511436864145,0.30473248964486,0.18121622503687654,0.34274915048798804,0.3046615651040103,0.01582486514046879,0.5269230769230769,0.48835299225703743,0.7441764961285187,0.5269230769230769,0.5269230769230769,0.6384615384615384,6.392028580998102,0.369159932231789
spatial,NDVI,1,3,XGBoost + terrain,6898,520,0.08,11.47,0.9039363074993366,0.5025350399484583,0.04887901246547699,0.3073696098992501,0.17502111196517944,0.36521812819391464,0.3897589445114136,0.020573675092920986,0.5384615384615384,0.5008321875678414,0.7504160937839206,0.5384615384615384,0.5384615384615384,0.6442307692307693,6.449787875404712,0.36942327835876093
spatial,NDVI,1,3,MLP + terrain,6898,520,0.08,54.56,0.8608785910702657,0.356789630797584,0.06631235778331757,0.06033383402743964,0.3739509582519531,-0.3562780317044292,0.2940637469291687,0.0546203670046994,0.4173076923076923,0.36980063680439973,0.6849003184021999,0.4173076923076923,0.4173076923076923,0.5230769230769231,5.236842692865915,0.3442428480696511
spatial,NDVI,1,4,GLM-m4 (published),6898,384,0.08,0.31,0.7198987677182479,0.20491537278798833,0.04897457697487026,0.06939529426533508,0.19621031759139856,0.08940550662187263,0.0637026455066427,0.01616220494181005,0.2630208333333333,0.21957594539965203,0.609787972699826,0.2630208333333333,0.2630208333333333,0.3802083333333333,3.806497943880019,0.17465447749558097
spatial,NDVI,1,4,GLM-m3 (published),6898,384,0.08,0.32,0.7197556464921706,0.20362438228958674,0.04900785831159958,0.06876288924039042,0.19622551377061093,0.0893349825165094,0.06352319636852097,0.01590773964956588,0.2604166666666667,0.21681826322791936,0.6084091316139597,0.2604166666666667,0.2604166666666667,0.3828125,3.832569847605225,0.1745408035390672
spatial,NDVI,1,4,GLM-splines,6898,384,0.08,2.5,0.7535714342825708,0.24102011460564582,0.04838886776152116,0.08052481867990025,0.19178481819577906,0.10994385256396189,0.06591480670399535,0.024368611162365265,0.2942708333333333,0.25266813146044415,0.6263340657302221,0.2942708333333333,0.2942708333333333,0.4375,4.380079825834543,0.2013989747280988
spatial,NDVI,1,4,GLM-m4 + terrain,6898,384,0.08,1.34,0.8230148126471191,0.22626088253546806,0.047872015758256496,0.09034593273777747,0.17955481625627884,0.16670219512627438,0.08001866794069319,0.018082561442268844,0.2708333333333333,0.22784899191485006,0.613924495957425,0.2708333333333333,0.2708333333333333,0.4166666666666667,4.171504596032898,0.2565543404886211
spatial,NDVI,1,4,RandomForest,6898,384,0.08,7.65,0.7506774271440998,0.28030650249105465,0.04627788077715339,0.12063735344268733,0.19899037188749694,0.07650352386991988,0.10541997167724147,0.022539361582262593,0.3385416666666667,0.2995487283798997,0.6497743641899498,0.3385416666666667,0.3385416666666667,0.4947916666666667,4.953661707789066,0.19910050151459333
spatial,NDVI,1,4,LightGBM,6898,384,0.08,8.44,0.7782542488614268,0.2846016564434044,0.04720470146408851,0.10302609989216416,0.2081610312688504,0.03394331584509469,0.10647628611026644,0.031360691445048175,0.3515625,0.3133371392385631,0.6566685696192816,0.3515625,0.3515625,0.5078125,5.084021226415094,0.22100328621390988
spatial,NDVI,1,4,XGBoost,6898,384,0.08,2.67,0.7758131924188927,0.2980365861081174,0.04595442861318588,0.12678352405734472,0.19224584102630615,0.10780427488264399,0.11798953264951706,0.026036671545895486,0.3619791666666667,0.3243678679254938,0.6621839339627469,0.3619791666666667,0.3619791666666667,0.5390625,5.396884071117562,0.21906447847264035
spatial,NDVI,1,4,MLP,6898,384,0.08,49.67,0.7387773769317368,0.20785223985881016,0.050986360758543015,0.03116779804893688,0.2921353876590729,-0.3557741620494208,0.13286851346492767,0.035020016185154754,0.2890625,0.2471527671169788,0.6235763835584894,0.2890625,0.2890625,0.4088541666666667,4.093288884857281,0.18975054710864334
spatial,NDVI,1,4,LightGBM + terrain,6898,384,0.08,15.03,0.7967938446678949,0.26594403281344375,0.04865749412701764,0.07542043646249597,0.20864962240329551,0.031675808193098565,0.08531711960965355,0.034220162703014374,0.3177083333333333,0.27748727100603826,0.6387436355030192,0.3177083333333333,0.3177083333333333,0.484375,4.849374092888244,0.23572835012819748
spatial,NDVI,1,4,XGBoost + terrain,6898,384,0.08,4.91,0.8054582757650189,0.28537308993028204,0.04680841416120529,0.11055626863819035,0.1873764842748642,0.13040252332596602,0.10861625522375107,0.024492923809144144,0.3333333333333333,0.2940333640364343,0.6470166820182172,0.3333333333333333,0.3333333333333333,0.5,5.005805515239477,0.24261006984248917
spatial,NDVI,1,4,MLP + terrain,6898,384,0.08,52.35,0.7273604608023743,0.1592373458301661,0.061548203229904175,-0.16952613158153906,0.4519169330596924,-1.0973059996071997,0.12958863377571106,0.057401267635772454,0.23177083333333334,0.18648375933885988,0.59324187966943,0.23177083333333334,0.23177083333333334,0.3463541666666667,3.467563195452346,0.18603705083677805
spatial,NDVI,1,5,GLM-m4 (published),6898,625,0.08,0.4,0.8509500398533397,0.39798251360204934,0.0719356630915785,0.1491769292208719,0.24854808315793728,0.2321487562563994,0.10455286286587656,0.044294950685459515,0.4544,0.4000400446357405,0.7000200223178703,0.4544,0.4544,0.4752,4.757517561683599,0.3489718429282436
spatial,NDVI,1,5,GLM-m3 (published),6898,625,0.08,0.32,0.8516573250438387,0.39807985326335954,0.07192830354332513,0.14926397468866037,0.24844131755856966,0.2324785922270569,0.10449461390848205,0.04438660424353671,0.456,0.40179945799457994,0.70089972899729,0.456,0.456,0.4752,4.757517561683599,0.3496751413706869
spatial,NDVI,1,5,GLM-splines,6898,625,0.08,2.32,0.8576119878845847,0.42281928209448383,0.06660889489676086,0.2121795773937768,0.2286493561924935,0.2936228262037476,0.14617945390182754,0.02622054129084716,0.4784,0.4264312450183325,0.7132156225091663,0.4784,0.4784,0.5136,5.141963425253992,0.35559623961709225
spatial,NDVI,1,5,GLM-m4 + terrain,6898,625,0.08,1.41,0.838466060895903,0.40115897023887614,0.066147808843245,0.21763309843029466,0.23193767380718053,0.28346407246008265,0.1823157777799616,0.01488569547328217,0.4416,0.3859647377650247,0.6929823688825123,0.4416,0.4416,0.4784,4.789554716981132,0.33655823230242726
spatial,NDVI,1,5,RandomForest,6898,625,0.08,7.63,0.8615970667941973,0.39515724285267395,0.06649256765601294,0.2135554443272949,0.2280588314403446,0.29544716200082055,0.17294751007195475,0.02559547208958732,0.4288,0.3718894308943089,0.6859447154471545,0.4288,0.4288,0.472,4.725480406386067,0.3595588554378292
spatial,NDVI,1,5,LightGBM,6898,625,0.08,9.3,0.8431918380360274,0.34653249586752605,0.06963179602466457,0.1764260455603318,0.23756572219285682,0.26607707877305176,0.19736783149378018,0.017291799135796482,0.3936,0.33318233699984057,0.6665911684999203,0.3936,0.3936,0.416,4.164830188679246,0.3412573709891157
spatial,NDVI,1,5,XGBoost,6898,625,0.08,3.88,0.8389300175354696,0.3192143606522932,0.07054493576288223,0.1656258343336453,0.2386631816625595,0.2626866989475328,0.1700892597436905,0.010236437221408209,0.3872,0.32614468356448273,0.6630723417822413,0.3872,0.3872,0.4096,4.10075587808418,0.3370195730717778
spatial,NDVI,1,5,MLP,6898,625,0.08,50.73,0.7660587278813964,0.24494298583433338,0.088158018887043,-0.04269388950776687,0.3586711883544922,-0.10805963465267987,0.17515026032924652,0.06609188127900947,0.3008,0.23113636218715128,0.6155681810935757,0.3008,0.3008,0.3136,3.1396412191582006,0.26455942750052774
spatial,NDVI,1,5,LightGBM + terrain,6898,625,0.08,17.62,0.8519427387215048,0.3961830456151371,0.06868624089101655,0.1876096516859499,0.23613357801628634,0.27050146890806237,0.2687441223570065,0.030865207050872933,0.4384,0.38244591104734577,0.6912229555236729,0.4384,0.4384,0.4624,4.629368940493469,0.3499589455335528
spatial,NDVI,1,5,XGBoost + terrain,6898,625,0.08,12.67,0.8496823848238483,0.38859705574734477,0.07198487222194672,0.1485949054845097,0.24261437356472015,0.25048009747603794,0.29225486516952515,0.04583753297952911,0.4272,0.3701300175354695,0.6850650087677348,0.4272,0.4272,0.4448,4.4531645863570395,0.3477113325824176
spatial,NDVI,1,5,MLP + terrain,6898,625,0.08,52.74,0.75350027100271,0.23944951866401137,0.12277024984359741,-0.4520719832563682,0.6863072514533997,-1.1202410090250408,0.29826509952545166,0.12255748093913876,0.3216,0.2540087358520644,0.6270043679260322,0.3216,0.3216,0.3424,3.4279756168359943,0.2528541557707085
spatial,NDVI,1,6,GLM-m4 (published),6897,228,0.08,0.43,0.8038508890309445,0.29926475161385685,0.02927855718244034,0.09279068399463775,0.1297340884743824,0.128432207232951,0.18450176409441998,0.03575177159560057,0.3991228070175439,0.3785799970010496,0.6892899985005247,0.3991228070175439,0.3991228070175439,0.5526315789473685,5.531930333817127,0.18818660111370833
spatial,NDVI,1,6,GLM-m3 (published),6897,228,0.08,0.35,0.8043967506109705,0.29811340399167224,0.029049428600192325,0.09989033658623359,0.12878630841633357,0.1347994973024793,0.1853452638643292,0.034840955005713325,0.3991228070175439,0.3785799970010496,0.6892899985005247,0.3991228070175439,0.3991228070175439,0.5526315789473685,5.531930333817127,0.18852467429082245
spatial,NDVI,1,6,GLM-splines,6897,228,0.08,2.4,0.8153777756732512,0.25875905576972097,0.032465227751947365,-0.005949742648746703,0.13817296474547971,0.07173891365431795,0.16893974324676864,0.04400473806616929,0.34649122807017546,0.3241490478332584,0.6620745239166292,0.34649122807017546,0.34649122807017546,0.49122807017543857,4.917271407837445,0.1953256475899482
spatial,NDVI,1,6,GLM-m4 + terrain,6897,228,0.08,1.37,0.8372240768362652,0.2529842680828843,0.027951797947571914,0.13390091802934845,0.11758440646846412,0.2100550995139624,0.1322002040569678,0.015430885093010303,0.36403508771929827,0.34229269755585545,0.6711463487779277,0.36403508771929827,0.36403508771929827,0.5877192982456141,5.883164005805515,0.2088559063819683
spatial,NDVI,1,6,RandomForest,6897,228,0.08,7.8,0.8557103697916255,0.32005289007813437,0.02765167978625407,0.14320021478613132,0.11749955575237402,0.2106251359030643,0.17528248648590042,0.02496674120374483,0.42105263157894735,0.401259559154296,0.700629779577148,0.42105263157894735,0.42105263157894735,0.6447368421052632,6.453918722786647,0.22030518291093004
spatial,NDVI,1,6,LightGBM,6897,228,0.08,8.5,0.8444110350850885,0.2743647779977142,0.028258210139067486,0.12440659790522979,0.11614795414153335,0.21970534332205272,0.20967649613565778,0.01943650940925637,0.38596491228070173,0.3649722597091018,0.6824861298545508,0.38596491228070173,0.38596491228070173,0.5833333333333334,5.839259796806966,0.21330706593387447
spatial,NDVI,1,6,XGBoost,6897,228,0.08,2.89,0.8588237537914362,0.3261586374391836,0.02654510736465454,0.1774878609790177,0.10932145267724991,0.26556656060931105,0.20917905867099762,0.01477652381972851,0.39473684210526316,0.37404408457040034,0.6870220422852003,0.39473684210526316,0.39473684210526316,0.6271929824561403,6.278301886792453,0.22223341964296753
spatial,NDVI,1,6,MLP,6897,228,0.08,49.96,0.7572326659353438,0.15091226619394257,0.0359627828001976,-0.11432306525622815,0.1818506270647049,-0.22169234143627814,0.1731405407190323,0.03191754236457425,0.2675438596491228,0.24250262408157144,0.6212513120407858,0.2675438596491228,0.2675438596491228,0.42543859649122806,4.2587082728592165,0.15934032436894174
spatial,NDVI,1,6,LightGBM + terrain,6897,228,0.08,11.4,0.8464701828044395,0.2647918304691191,0.027356869700385356,0.1523350384280846,0.1127095574854042,0.24280486804590218,0.17395840063528378,0.007790236973521728,0.35964912280701755,0.3377567851252062,0.6688783925626032,0.35964912280701755,0.35964912280701755,0.6359649122807017,6.36611030478955,0.21458237575605013
spatial,NDVI,1,6,XGBoost + terrain,6897,228,0.08,9.08,0.8509337521341216,0.3022135583213989,0.02659209445118904,0.17603194488416263,0.11003605276346207,0.2607657993108391,0.1818150281906128,0.0122556767816474,0.40789473684210525,0.3876518218623482,0.6938259109311741,0.40789473684210525,0.40789473684210525,0.6447368421052632,6.453918722786647,0.21734683679477804
spatial,NDVI,1,6,MLP + terrain,6897,228,0.08,53.36,0.8166174733580088,0.2010347064063562,0.0359201543033123,-0.11300220202991973,0.24433034658432007,-0.6414379098969303,0.19224245846271515,0.026617905990843488,0.2719298245614035,0.2470385365122207,0.6235192682561104,0.2719298245614035,0.2719298245614035,0.5526315789473685,5.531930333817127,0.20851815727600057
spatial,NDVI,1,7,GLM-m4 (published),6897,249,0.08,0.38,0.8535867295898395,0.270726334522474,0.030202251888602375,0.13708091493237584,0.12126746479935163,0.23090870229173588,0.1386743522936234,0.007570023808454406,0.3413654618473896,0.31669638844185405,0.658348194220927,0.3413654618473896,0.3413654618473896,0.5381526104417671,5.386993547484568,0.2284922835749931
spatial,NDVI,1,7,GLM-m3 (published),6897,249,0.08,0.31,0.8529028871200808,0.27313239781850396,0.030187683684625474,0.13749714817528735,0.1213742744322601,0.2302313041180606,0.14062461807513676,0.007923559074163198,0.3413654618473896,0.31669638844185405,0.658348194220927,0.3413654618473896,0.3413654618473896,0.5502008032128514,5.507597880637208,0.22805037579270163
spatial,NDVI,1,7,GLM-splines,6897,249,0.08,2.42,0.8561867808176147,0.29195869988995804,0.02941384557019484,0.15960674716008805,0.1176718895523565,0.253712227023573,0.1387631736389005,0.008938977850673928,0.3614457831325301,0.33752881562350484,0.6687644078117524,0.3614457831325301,0.3614457831325301,0.5863453815261044,5.869410880095127,0.23017247005465943
spatial,NDVI,1,7,GLM-m4 + terrain,6897,249,0.08,1.34,0.8571986501964536,0.2801410743441089,0.02989810961203345,0.14577067012001077,0.11965728024360395,0.2411206658351216,0.12674229773832807,0.009885124256110028,0.3534136546184739,0.3291958447508445,0.6645979223754223,0.3534136546184739,0.3534136546184739,0.5542168674698795,5.547799325021421,0.23082635302585347
spatial,NDVI,1,7,RandomForest,6897,249,0.08,7.14,0.9155185724848853,0.36664310102767733,0.027303447314028707,0.2199036726693555,0.10080745268063479,0.36066829854904037,0.18866609802005144,0.010890078209159684,0.40160642570281124,0.3791936699868064,0.6895968349934032,0.40160642570281124,0.40160642570281124,0.7349397590361446,7.356864322311016,0.26851350447786976
spatial,NDVI,1,7,LightGBM,6897,249,0.08,9.24,0.9117359933113923,0.3349020305839309,0.029131267632343194,0.16768038009615593,0.11329926216420143,0.2814438999658184,0.1822115972738641,0.013716545425237238,0.37349397590361444,0.3500282719324953,0.6750141359662476,0.37349397590361444,0.37349397590361444,0.6706827309236948,6.713641212163604,0.2660690840512275
spatial,NDVI,1,7,XGBoost,6897,249,0.08,2.07,0.915649964478854,0.3565782100790135,0.028053537011146545,0.19847259800833528,0.10453139245510101,0.33705074092674014,0.19790031015872955,0.009242976021122338,0.37349397590361444,0.3500282719324953,0.6750141359662476,0.37349397590361444,0.37349397590361444,0.7068273092369478,7.075454211621523,0.268598342467981
spatial,NDVI,1,7,MLP,6897,249,0.08,50.72,0.8828225054248281,0.2595403488387611,0.03259599953889847,0.06868831494032712,0.13781523704528809,0.12596104249330764,0.21512529253959656,0.019966908112650113,0.2971887550200803,0.27086504864222233,0.6354325243211112,0.2971887550200803,0.2971887550200803,0.6184738955823293,6.191022435168833,0.24741438143339248
spatial,NDVI,1,7,LightGBM + terrain,6897,249,0.08,13.54,0.9109141137353264,0.3248927110838186,0.029830900494091192,0.14769092529756667,0.12115645620155248,0.23161273075212618,0.1444215801569672,0.019332919875973034,0.37349397590361444,0.3500282719324953,0.6750141359662476,0.37349397590361444,0.37349397590361444,0.6706827309236948,6.713641212163604,0.26553797493140807
spatial,NDVI,1,7,XGBoost + terrain,6897,249,0.08,3.25,0.9115710737051697,0.32457912352762874,0.028982345014810562,0.1719353002041374,0.11059781163930893,0.298576862324904,0.1674261838197708,0.013790679252998136,0.36947791164658633,0.34586178649616517,0.6729308932480825,0.36947791164658633,0.36947791164658633,0.6907630522088354,6.91464843408467,0.26596251089931805
spatial,NDVI,1,7,MLP + terrain,6897,249,0.08,52.79,0.8247230800458151,0.20113278975104149,0.03744344785809517,-0.06980982367338195,0.2659936249256134,-0.6869599880092365,0.15101629495620728,0.02542937748546842,0.2971887550200803,0.27086504864222233,0.6354325243211112,0.2971887550200803,0.2971887550200803,0.5100401606425703,5.105583436795077,0.22224850732719267
spatial,NDVI,1,8,GLM-m4 (published),6897,155,0.08,0.36,0.8189151299987559,0.2651283246246067,0.019275253233567394,0.15562616948410002,0.0889189390888685,0.24974120454970028,0.16254242672639324,0.01711964806062118,0.3419354838709677,0.3268064420436168,0.6634032210218084,0.3419354838709677,0.3419354838709677,0.5870967741935483,5.876932440657334,0.1637441334291081
spatial,NDVI,1,8,GLM-m3 (published),6897,155,0.08,0.32,0.8192089070917983,0.26995131350819046,0.019208200908735824,0.15856347088693867,0.08885673248305061,0.25026607645694754,0.1666909037038641,0.017376474987715128,0.33548387096774196,0.32020650520090715,0.6601032526004535,0.33548387096774196,0.33548387096774196,0.5935483870967742,5.941514115829392,0.1638949706613263
spatial,NDVI,1,8,GLM-splines,6897,155,0.08,2.24,0.8241323049540197,0.25556950844602505,0.019469252842979186,0.14712780158549543,0.08899761886682803,0.2490773392804665,0.170243154829412,0.017857993215198136,0.36129032258064514,0.3466062525717457,0.6733031262858729,0.36129032258064514,0.36129032258064514,0.5483870967741935,5.489442389624982,0.16642284544882638
spatial,NDVI,1,8,GLM-m4 + terrain,6897,155,0.08,0.93,0.8539865647218687,0.25490270893111033,0.019276889292293414,0.15555450011837502,0.08438397716427679,0.288005213385396,0.17613768382984735,0.01275750879052988,0.32903225806451614,0.3136065683581975,0.6568032841790987,0.32903225806451614,0.32903225806451614,0.632258064516129,6.329004166861744,0.18175124926065864
spatial,NDVI,1,8,RandomForest,6897,155,0.08,7.52,0.8905598989483354,0.2870206377514648,0.019130426621198755,0.16197045974916313,0.08142775004453687,0.31294855414789535,0.18955705895648073,0.01612354854066474,0.36774193548387096,0.35320618941445536,0.6766030947072277,0.36774193548387096,0.36774193548387096,0.6129032258064516,6.135259141345569,0.20052950969987463
spatial,NDVI,1,8,LightGBM,6897,155,0.08,7.99,0.8979560004210486,0.28548752842047587,0.018669561025809273,0.18215918792910346,0.07622024489921832,0.3568871860935956,0.20458628089470546,0.005788118518043949,0.34838709677419355,0.33340637888632646,0.6667031894431632,0.34838709677419355,0.34838709677419355,0.6645161290322581,6.651912542722037,0.20432696406775838
spatial,NDVI,1,8,XGBoost,6897,155,0.08,2.38,0.879793494799093,0.26216455095989954,0.01937747187912464,0.15114836842730184,0.08049171417951584,0.3208464531982296,0.19747112691402435,0.009841045295735647,0.33548387096774196,0.32020650520090715,0.6601032526004535,0.33548387096774196,0.33548387096774196,0.5935483870967742,5.941514115829392,0.19500158732195688
spatial,NDVI,1,8,MLP,6897,155,0.08,52.0,0.8400474636606348,0.142433900707738,0.02623518742620945,-0.14926146146777142,0.1159452497959137,0.021705172558598718,0.2004062682390213,0.02046904322317669,0.22580645161290322,0.2080075788748433,0.6040037894374216,0.22580645161290322,0.22580645161290322,0.5483870967741935,5.489442389624982,0.17460771204964143
spatial,NDVI,1,8,LightGBM + terrain,6897,155,0.08,14.78,0.8959885551334437,0.25907767296572387,0.018869815216929632,0.17338683114684883,0.07731124011787568,0.34768184955922865,0.18396549222073,0.00517934528058473,0.36129032258064514,0.3466062525717457,0.6733031262858729,0.36129032258064514,0.36129032258064514,0.6387096774193548,6.3935858420338025,0.20331679681323572
spatial,NDVI,1,8,XGBoost + terrain,6897,155,0.08,4.67,0.8973072028018871,0.28818465725800885,0.018520662561058998,0.18868185020054784,0.07532817870378494,0.36441408581887824,0.21618711948394775,0.00594895392788591,0.3870967741935484,0.37300599994258427,0.6865029999712922,0.3870967741935484,0.3870967741935484,0.6774193548387096,6.781075893066154,0.20399384472169715
spatial,NDVI,1,8,MLP + terrain,6897,155,0.08,52.34,0.8502014334791055,0.16083057926006591,0.026938842609524727,-0.1800858566286918,0.1593947559595108,-0.34490257730221874,0.2173505574464798,0.02534062142279482,0.2645161290322581,0.24760719993110114,0.6238035999655506,0.2645161290322581,0.2645161290322581,0.5290322580645161,5.295697364108807,0.1880478169464803
spatial,NDVI,1,9,GLM-m4 (published),6897,463,0.08,0.39,0.7471169294333356,0.20347413631093322,0.05954472728427232,0.05539038895221626,0.22866945704609107,0.0862208149441156,0.08564447594347388,0.022191026567041663,0.28509719222462204,0.23365174615685702,0.6168258730784285,0.28509719222462204,0.28509719222462204,0.34989200863930886,3.5024748673226607,0.2142219286812138
spatial,NDVI,1,9,GLM-m3 (published),6897,463,0.08,0.32,0.7457543651403753,0.20285690479184645,0.05955725327650058,0.05519167828233218,0.22890651392582315,0.08527351902986591,0.08538881273266186,0.021874698330923942,0.28725701943844495,0.23596699767904175,0.6179834988395209,0.28725701943844495,0.28725701943844495,0.3563714902807775,3.567335513013821,0.21304074230333406
spatial,NDVI,1,9,GLM-splines,6897,463,0.08,2.24,0.7712493227461293,0.21011725503406417,0.058892355358397624,0.06573953016529144,0.22707194678100237,0.092604577983606,0.08730817346377082,0.025561632777738617,0.2915766738660907,0.24059750072341118,0.6202987503617056,0.2915766738660907,0.2915766738660907,0.3693304535637149,3.6970568043961416,0.23514193546106046
spatial,NDVI,1,9,GLM-m4 + terrain,6897,463,0.08,1.33,0.7711667430920105,0.22025741347983266,0.05954407946285612,0.05540066590475079,0.22942222882311747,0.08321268613745303,0.1080435473278627,0.03124091084001765,0.2786177105831533,0.22670599159030286,0.6133529957951513,0.2786177105831533,0.2786177105831533,0.35205183585313177,3.5240950825530475,0.2350703483992576
spatial,NDVI,1,9,RandomForest,6897,463,0.08,7.43,0.8196838004902411,0.23331734105510618,0.05670549727997873,0.10043155501931411,0.20339244670855877,0.18722952072078536,0.08941151648132202,0.016016627280523915,0.2980561555075594,0.24754325528996537,0.6237716276449827,0.2980561555075594,0.2980561555075594,0.3930885529157667,3.9348791719303966,0.2771298098305772
spatial,NDVI,1,9,LightGBM,6897,463,0.08,10.02,0.8192275982546824,0.22842250610580161,0.05901362508241018,0.06381572343955921,0.228926540091846,0.08519349306616908,0.08063489009567618,0.03412414550290899,0.3023758099352052,0.2521737583343348,0.6260868791671674,0.3023758099352052,0.3023758099352052,0.3952483801295896,3.9564993871607834,0.276733576449118
spatial,NDVI,1,9,XGBoost,6897,463,0.08,8.05,0.8158780869181073,0.22614710585258385,0.05810254439711571,0.07826898590326148,0.214997336268425,0.14085560336973668,0.08612871170043945,0.02618649541438182,0.28725701943844495,0.23596699767904175,0.6179834988395209,0.28725701943844495,0.28725701943844495,0.3801295896328294,3.8051578805480752,0.27382993573197945
spatial,NDVI,1,9,MLP,6897,463,0.08,50.29,0.7509216359365171,0.16281219096532468,0.07492827624082565,-0.18865217970394443,0.33387166261672974,-0.3341745209934477,0.12222389876842499,0.05879036814468401,0.23110151187904968,0.17577045810223899,0.5878852290511195,0.23110151187904968,0.23110151187904968,0.31101511879049676,3.1133109931756984,0.21762039114106416
spatial,NDVI,1,9,LightGBM + terrain,6897,463,0.08,12.81,0.8347257180569477,0.24230984747279002,0.058878917599446856,0.06595270498084216,0.22519257645670598,0.10011467358420745,0.08320058118271537,0.03573591172467979,0.2980561555075594,0.24754325528996537,0.6237716276449827,0.2980561555075594,0.2980561555075594,0.39740820734341253,3.97811960239117,0.29016866208885056
spatial,NDVI,1,9,XGBoost + terrain,6897,463,0.08,12.0,0.8349915842604522,0.23570264955905026,0.057493437081575394,0.08793178310899952,0.20588085055351257,0.17728571806263727,0.08710627257823944,0.02513256257767747,0.2958963282937365,0.24522800376778064,0.6226140018838904,0.2958963282937365,0.2958963282937365,0.38444924406047515,3.8483983110088498,0.2903991374846195
spatial,NDVI,1,9,MLP + terrain,6897,463,0.08,51.87,0.7429211444868681,0.153719131796951,0.09118648618459702,-0.4465702535914964,0.5128911137580872,-1.0495487716953176,0.14365297555923462,0.08695454926764218,0.19222462203023757,0.13409593070291398,0.567047965351457,0.19222462203023757,0.19222462203023757,0.2894168466522678,2.89710884087183,0.21226925586347944
spatial,NDVI,2,0,GLM-m4 (published),6898,188,0.08,0.28,0.8594012588388242,0.18330104421510257,0.02464178802822853,0.09029483810569272,0.10232456028058066,0.2257151341565874,0.09857615402385442,0.013376175687277768,0.23404255319148937,0.21258204648508103,0.6062910232425405,0.23404255319148937,0.23404255319148937,0.5,5.005805515239477,0.2027156221720929
spatial,NDVI,2,0,GLM-m3 (published),6898,188,0.08,0.24,0.8596977359926437,0.18266801795056548,0.024631533067922994,0.09067342225365627,0.1023496042102979,0.22552562798418718,0.09923772058789639,0.01320154519187378,0.23404255319148937,0.21258204648508103,0.6062910232425405,0.23404255319148937,0.23404255319148937,0.5,5.005805515239477,0.2028828462683314
spatial,NDVI,2,0,GLM-splines,6898,188,0.08,1.58,0.8849743951548974,0.2349980791535841,0.02346023004729638,0.1339146189876672,0.09422859877421,0.286976872801198,0.10292435468910306,0.01196502827950724,0.324468085106383,0.3055411104417034,0.6527705552208517,0.324468085106383,0.324468085106383,0.675531914893617,6.763162770589506,0.21713981828079196
spatial,NDVI,2,0,GLM-m4 + terrain,6898,188,0.08,0.82,0.8907889938802042,0.2110349443972111,0.02394758125446461,0.1159229899586176,0.09667552098026391,0.2684611339908033,0.09771429367153443,0.013656054678859535,0.26595744680851063,0.24539112788153597,0.622695563940768,0.26595744680851063,0.26595744680851063,0.6382978723404256,6.390390019454651,0.22041946733402534
spatial,NDVI,2,0,RandomForest,6898,188,0.08,8.58,0.8874365824269905,0.27305565177261076,0.022605291483894726,0.16547653419195518,0.09033796348300605,0.31641711682702267,0.1322196924738637,0.010225978840239099,0.30851063829787234,0.2891365697434759,0.644568284871738,0.30851063829787234,0.30851063829787234,0.7978723404255319,7.9879875243183145,0.21853239671241856
spatial,NDVI,2,0,LightGBM,6898,188,0.08,10.06,0.8870485461521388,0.2960853999603732,0.02275735341128805,0.15986283764855347,0.090706748138387,0.3136265416549059,0.13260807747559872,0.013167107252022543,0.3404255319148936,0.3219456511399309,0.6609728255699654,0.3404255319148936,0.3404255319148936,0.8085106382978723,8.09449402464256,0.21830971506437624
spatial,NDVI,2,0,XGBoost,6898,188,0.08,3.66,0.8962964137362462,0.2982851554748683,0.022384038195014,0.17364458022620877,0.08718234300613403,0.34029551184618234,0.1464729756116867,0.010594896670896966,0.35638297872340424,0.33835019183815834,0.6691750959190792,0.35638297872340424,0.35638297872340424,0.7925531914893617,7.934734274156193,0.2235258549012872
spatial,NDVI,2,0,MLP,6898,188,0.08,51.18,0.8397739163522212,0.19713073759155514,0.02664119005203247,0.01648256686657812,0.1260397583246231,0.046263367265478084,0.13791312277317047,0.012852027943884887,0.2393617021276596,0.2180502267178235,0.6090251133589117,0.2393617021276596,0.2393617021276596,0.6436170212765957,6.443643269616773,0.19164997104001136
spatial,NDVI,2,0,LightGBM + terrain,6898,188,0.08,13.59,0.8916471129149887,0.23389743832076343,0.02444459163466472,0.09757477156370453,0.10065218922298688,0.2383698828935351,0.08075301305225985,0.015410198490521033,0.25,0.2289865871833085,0.6144932935916543,0.25,0.25,0.7553191489361702,7.5619615230213375,0.22090347704081867
spatial,NDVI,2,0,XGBoost + terrain,6898,188,0.08,9.26,0.8903482417477881,0.22044585835177996,0.024102015420794487,0.1102217170590134,0.09489919245243073,0.2819024928174204,0.09502081573009491,0.011233085140714971,0.26595744680851063,0.24539112788153597,0.622695563940768,0.26595744680851063,0.26595744680851063,0.7127659574468085,7.1359355217243605,0.22017086561258187
spatial,NDVI,2,0,MLP + terrain,6898,188,0.08,51.99,0.752996480324698,0.11740280571288307,0.030777469277381897,-0.1362171705885964,0.27123019099235535,-1.052385473373715,0.09497421979904175,0.022228066146377894,0.18085106382978725,0.15790024415765608,0.578950122078828,0.18085106382978725,0.18085106382978725,0.40425531914893614,4.04724701232128,0.15212366968867785
spatial,NDVI,2,1,GLM-m4 (published),6898,445,0.08,0.36,0.7430770811241876,0.1920137591513515,0.05744807676452429,0.05282863298351681,0.22052824307258773,0.08962725362552648,0.0742477786558523,0.018087843787006497,0.2606741573033708,0.2096901188716336,0.6048450594358168,0.2606741573033708,0.2606741573033708,0.36629213483146067,3.667174377456337,0.2068579843690796
spatial,NDVI,2,1,GLM-m3 (published),6898,445,0.08,0.31,0.7433507975560536,0.19342380483580765,0.05738503716916717,0.05386799414360066,0.22034470112756044,0.09038494153996934,0.07485414222649839,0.018686465895714478,0.2651685393258427,0.21449443425843218,0.607247217129216,0.2651685393258427,0.2651685393258427,0.36179775280898874,3.6221783728249703,0.2070909163638306
spatial,NDVI,2,1,GLM-splines,6898,445,0.08,2.21,0.7274703691515313,0.18276983509145428,0.05763233736318206,0.04979064854700854,0.2260124047919196,0.066987834309305,0.07863594190210743,0.026198297115382567,0.25842696629213485,0.2072879611782343,0.6036439805891172,0.25842696629213485,0.25842696629213485,0.3235955056179775,3.2397123334583586,0.1935767117523368
spatial,NDVI,2,1,GLM-m4 + terrain,6898,445,0.08,1.29,0.7380453651903043,0.20615813761390603,0.05651763261674359,0.06816926934630185,0.22217143950884688,0.0828438991142515,0.08610045698130855,0.021048004875013775,0.28314606741573034,0.2337116958056265,0.6168558479028132,0.28314606741573034,0.28314606741573034,0.3415730337078652,3.419696351983823,0.2025760067690641
spatial,NDVI,2,1,RandomForest,6898,445,0.08,7.31,0.8031298046200964,0.268586862522926,0.05366524124763374,0.11519788343585424,0.20077473979802118,0.17117259573694532,0.10522373995128158,0.013052272606581742,0.3235955056179775,0.2769505342868137,0.6384752671434069,0.3235955056179775,0.3235955056179775,0.4157303370786517,4.162130428401364,0.25796270078759265
spatial,NDVI,2,1,LightGBM,6898,445,0.08,7.99,0.7962458015346924,0.2561965630775821,0.05490627523488365,0.0947364176319494,0.20969890334034208,0.1343323472502992,0.11608404054011512,0.02096369216284748,0.3056179775280899,0.25773327273961943,0.6288666363698097,0.3056179775280899,0.3056179775280899,0.39101123595505616,3.91465240292885,0.2521044314812736
spatial,NDVI,2,1,XGBoost,6898,445,0.08,2.69,0.8073694492762709,0.2646048218122651,0.05436427518725395,0.10367260757858032,0.20087376236915588,0.1707637667020968,0.1307489573955536,0.01571612657828456,0.3056179775280899,0.25773327273961943,0.6288666363698097,0.3056179775280899,0.3056179775280899,0.4247191011235955,4.252122437664095,0.26157062770971823
spatial,NDVI,2,1,MLP,6898,445,0.08,50.05,0.7181629657488808,0.17372916106593744,0.06427111476659775,-0.05966575491599513,0.31228750944137573,-0.28916845575504113,0.11132068186998367,0.04943529343954518,0.23370786516853934,0.18086422655084214,0.5904321132754211,0.23370786516853934,0.23370786516853934,0.31910112359550563,3.1947163288269924,0.18565762461842383
spatial,NDVI,2,1,LightGBM + terrain,6898,445,0.08,13.22,0.8132844752984848,0.2799610759769788,0.05390302940628536,0.11127736689334977,0.20635169648730453,0.14815010525275274,0.11094041087458542,0.02445636495364768,0.30337078651685395,0.25533111504622014,0.62766555752311,0.30337078651685395,0.30337078651685395,0.4584269662921348,4.5895924723993415,0.26660429996453705
spatial,NDVI,2,1,XGBoost + terrain,6898,445,0.08,3.3,0.8020643651502567,0.2648226512200204,0.05385013669729233,0.11214943193544835,0.200910285115242,0.1706129954712653,0.11662565171718597,0.01207024501802691,0.298876404494382,0.25052679965942154,0.6252633998297108,0.298876404494382,0.298876404494382,0.41797752808988764,4.184628430717047,0.25705601448270154
spatial,NDVI,2,1,MLP + terrain,6898,445,0.08,53.12,0.6937985467955851,0.13565834601326934,0.10166721045970917,-0.6762314099145044,0.5372619032859802,-1.2178956162357304,0.1611761897802353,0.09961587569259168,0.19325842696629214,0.1376253880696549,0.5688126940348275,0.19325842696629214,0.19325842696629214,0.25842696629213485,2.5872702663035505,0.1650733282297909
spatial,NDVI,2,2,GLM-m4 (published),6898,276,0.08,0.4,0.7280305218879537,0.17508664103063803,0.035996735350471515,0.06519656083234293,0.15327826973523642,0.09341253427135243,0.06544264164969621,0.010417394229312649,0.2318840579710145,0.1998695608402383,0.5999347804201192,0.2318840579710145,0.2318840579710145,0.32971014492753625,3.3009297238173363,0.15481375632334918
spatial,NDVI,2,2,GLM-m3 (published),6898,276,0.08,0.33,0.7297737230750376,0.17682607693389704,0.03596782652522834,0.06594729750322437,0.15299606729112758,0.09508166322922096,0.06605063875221334,0.010408931989760289,0.2463768115942029,0.21496636157910173,0.6074831807895509,0.2463768115942029,0.2463768115942029,0.3333333333333333,3.337203676826318,0.15599724492638972
spatial,NDVI,2,2,GLM-splines,6898,276,0.08,2.53,0.752363115482428,0.18855287165605836,0.03566017950855197,0.07393661893581294,0.1505769129787748,0.10939011661293152,0.06991711288897728,0.012121389576267681,0.2572463768115942,0.22628896213324928,0.6131444810666247,0.2572463768115942,0.2572463768115942,0.34782608695652173,3.4822994888622447,0.17133356333980204
spatial,NDVI,2,2,GLM-m4 + terrain,6898,276,0.08,1.34,0.734532235543358,0.17164846067942505,0.036462851516047695,0.05309193549924174,0.15696082850748408,0.07163148448200118,0.07721726564517707,0.014915994199512362,0.23550724637681159,0.20364376102495416,0.6018218805124771,0.23550724637681159,0.23550724637681159,0.34782608695652173,3.4822994888622447,0.15922787906826255
spatial,NDVI,2,2,RandomForest,6898,276,0.08,7.31,0.7733236598251765,0.1743058878580734,0.03755122322534193,0.02482788302239114,0.15665257029289278,0.07345472422785093,0.09321610256437009,0.028744972446162045,0.22826086956521738,0.19609536065552244,0.5980476803277612,0.22826086956521738,0.22826086956521738,0.391304347826087,3.9175869249700255,0.1855640317504707
spatial,NDVI,2,2,LightGBM,6898,276,0.08,10.53,0.7664761510818134,0.1537762253978448,0.037418853560163126,0.028265406371268842,0.1627983649276198,0.03710449407187322,0.08690260951179726,0.020363115352519272,0.19202898550724637,0.15835335880836388,0.5791766794041819,0.19202898550724637,0.19202898550724637,0.358695652173913,3.59112134788919,0.18091514045189194
spatial,NDVI,2,2,XGBoost,6898,276,0.08,6.9,0.7683856840833585,0.14660862820441123,0.03743021935224533,0.02797024678460447,0.1560802012681961,0.0768401146144937,0.08894836157560349,0.01783065187497924,0.2028985507246377,0.16967595936251142,0.5848379796812557,0.2028985507246377,0.2028985507246377,0.37318840579710144,3.736217159925117,0.18221155452868107
spatial,NDVI,2,2,MLP,6898,276,0.08,50.5,0.7044666657912362,0.10135147970162292,0.05977048724889755,-0.5521867885239806,0.2562265992164612,-0.515490856902072,0.13996621966362,0.0657529793118315,0.14130434782608695,0.10551455622234186,0.5527572781111709,0.14130434782608695,0.14130434782608695,0.2898550724637681,2.9019162407185375,0.1388177336778839
spatial,NDVI,2,2,LightGBM + terrain,6898,276,0.08,13.21,0.7741077173584756,0.1793696509735684,0.03641157365332566,0.05442357632608408,0.17215478576713164,-0.018235469458741882,0.06868294895594022,0.023661391661444067,0.2318840579710145,0.1998695608402383,0.5999347804201192,0.2318840579710145,0.2318840579710145,0.38768115942028986,3.881312971961044,0.18609633914325122
spatial,NDVI,2,2,XGBoost + terrain,6898,276,0.08,3.28,0.768925715336231,0.16765619128207834,0.036417581140995026,0.05426756717471515,0.15661734342575073,0.07366310632917128,0.08330768346786499,0.016539997221098276,0.213768115942029,0.180998559916659,0.5904992799583295,0.213768115942029,0.213768115942029,0.37681159420289856,3.7724911129340986,0.1825781908249511
spatial,NDVI,2,2,MLP + terrain,6898,276,0.08,52.76,0.6526537584424339,0.0924418358222977,0.04536864534020424,-0.1781836680876976,0.3929992616176605,-1.3244533923180861,0.07297635078430176,0.04277457138585561,0.15579710144927536,0.1206113569612053,0.5603056784806026,0.15579710144927536,0.15579710144927536,0.29347826086956524,2.938190193727519,0.10645497274828841
spatial,NDVI,2,3,GLM-m4 (published),6898,133,0.08,0.49,0.8647466782254972,0.16307476503259696,0.0175907547665512,0.11998621674569154,0.08055500091691507,0.2641445275216997,0.09236862247549651,0.015051390113283342,0.24060150375939848,0.2256717180979055,0.6128358590489528,0.24060150375939848,0.24060150375939848,0.6015037593984962,6.0220216724685445,0.17374747634027654
spatial,NDVI,2,3,GLM-m3 (published),6898,133,0.08,0.38,0.8666461052853864,0.16587940045056326,0.017557308686471446,0.12165942587495404,0.08030521745714127,0.2664262545866487,0.09317012219433593,0.01483554639663999,0.24812030075187969,0.2333383347504015,0.6166691673752007,0.24812030075187969,0.24812030075187969,0.6090225563909775,6.097296943374401,0.1746522704833068
spatial,NDVI,2,3,GLM-splines,6898,133,0.08,2.84,0.8789929368876738,0.16180193120272707,0.017780008394320757,0.11051841373335147,0.07890277073219468,0.27923735365765023,0.11621188785128628,0.01719418382735343,0.20300751879699247,0.1873386348354256,0.5936693174177128,0.20300751879699247,0.20300751879699247,0.6616541353383458,6.624223839715398,0.18053369712749834
spatial,NDVI,2,3,GLM-m4 + terrain,6898,133,0.08,1.66,0.8626394145007752,0.11392655684588039,0.019051491504427143,0.046909849068672904,0.08089554952656312,0.26103367710643055,0.09122805006540599,0.011973472907753392,0.09022556390977443,0.07233938504798582,0.5361696925239929,0.09022556390977443,0.09022556390977443,0.6466165413533834,6.4736732979036855,0.1727436789762125
spatial,NDVI,2,3,RandomForest,6898,133,0.08,7.67,0.9040405892780732,0.16840407186658787,0.019105850253239284,0.044190440559488064,0.07888164964412023,0.27943029100564076,0.17193050582522212,0.022963525596145628,0.24060150375939848,0.2256717180979055,0.6128358590489528,0.24060150375939848,0.24060150375939848,0.6466165413533834,6.4736732979036855,0.19246524398911424
spatial,NDVI,2,3,LightGBM,6898,133,0.08,9.24,0.9028558091459247,0.153661843207234,0.01926081980032995,0.03643776938452625,0.0745324020918767,0.3191598866366082,0.16792647275763317,0.012162191133356275,0.23308270676691728,0.21800510144540952,0.6090025507227047,0.23308270676691728,0.23308270676691728,0.6240601503759399,6.2478474851861145,0.1919008016761926
spatial,NDVI,2,3,XGBoost,6898,133,0.08,2.31,0.8999505415423258,0.14674180532255876,0.019654860720038414,0.016725059775896,0.07636597007513046,0.3024102746258365,0.16800929605960846,0.014960845241770819,0.24060150375939848,0.2256717180979055,0.6128358590489528,0.24060150375939848,0.24060150375939848,0.6390977443609023,6.398398026997828,0.19051687430875458
spatial,NDVI,2,3,MLP,6898,133,0.08,50.93,0.8179950986112732,0.09435201398417407,0.02753712423145771,-0.3776014273672954,0.11722163110971451,-0.07079901392318622,0.16987435519695282,0.029219454407218664,0.14285714285714285,0.1260057016154577,0.5630028508077288,0.14285714285714285,0.14285714285714285,0.48120300751879697,4.817617337974835,0.15150173515895687
spatial,NDVI,2,3,LightGBM + terrain,6898,133,0.08,15.0,0.9009397106958082,0.14194073623314674,0.018062856758869945,0.09636834100039926,0.07216123066887149,0.3408201119229586,0.11539497680875285,0.0062474964916744025,0.19548872180451127,0.1796720181829296,0.5898360090914647,0.19548872180451127,0.19548872180451127,0.6616541353383458,6.624223839715398,0.1909880661045227
spatial,NDVI,2,3,XGBoost + terrain,6898,133,0.08,12.52,0.8996293394239478,0.14088788183912976,0.019275598227977753,0.03569844806503275,0.07545387744903564,0.3107420805850525,0.15516763925552368,0.014007967114086712,0.21052631578947367,0.19500525148792158,0.5975026257439608,0.21052631578947367,0.21052631578947367,0.6165413533834586,6.172572214280258,0.19036386933472216
spatial,NDVI,2,3,MLP + terrain,6898,133,0.08,53.15,0.8128714246814376,0.08473317223664506,0.03811836615204811,-0.9069498753243959,0.18558835983276367,-0.6953170743592874,0.17761628329753876,0.04027861238163507,0.12781954887218044,0.11067246831046575,0.5553362341552329,0.12781954887218044,0.12781954887218044,0.42857142857142855,4.2906904416338385,0.1513887129127522
spatial,NDVI,2,4,GLM-m4 (published),6898,185,0.08,0.39,0.6611620856667781,0.05564789066431608,0.029824675136846227,-0.11704136473001858,0.1363824413572093,-0.04181297414221463,0.038296238921480055,0.03565752059995482,0.10810810810810811,0.08352893337252044,0.5417644666862602,0.10810810810810811,0.10810810810810811,0.21081081081081082,2.1105558388577257,0.0901933475604614
spatial,NDVI,2,4,GLM-m3 (published),6898,185,0.08,0.39,0.661468067203208,0.05589509129470935,0.029594670385028814,-0.10842685943580666,0.13555473232438672,-0.0354901806753436,0.03807980516546681,0.03432466349469109,0.11351351351351352,0.08908330347329305,0.5445416517366465,0.11351351351351352,0.11351351351351352,0.20540540540540542,2.0564390224767584,0.09036458820275099
spatial,NDVI,2,4,GLM-splines,6898,185,0.08,2.77,0.6447155780836699,0.05473136200429691,0.032095415090359236,-0.2020887439547958,0.1443683496810468,-0.10281659615755268,0.03726705792916385,0.04348865372066005,0.0972972972972973,0.07242019317097524,0.5362100965854877,0.0972972972972973,0.0972972972972973,0.20540540540540542,2.0564390224767584,0.08098916303739635
spatial,NDVI,2,4,GLM-m4 + terrain,6898,185,0.08,1.58,0.6553717876971266,0.1033431276565193,0.027170049679841705,-0.017616092544038064,0.12751355328411942,0.02593564927888803,0.06937707504899196,0.030684039634324402,0.15675675675675677,0.13351826427947389,0.5667591321397369,0.15675675675675677,0.15675675675675677,0.2972972972972973,2.976424900953203,0.08695284372097091
spatial,NDVI,2,4,RandomForest,6898,185,0.08,8.37,0.8223414834468015,0.14066792329629746,0.025183132433790223,0.05680110536176464,0.10911761563977375,0.16646053150469964,0.08550045611925033,0.019657906871172783,0.2,0.1779532250856547,0.5889766125428274,0.2,0.2,0.4918918918918919,4.924630290668026,0.18039646214208335
spatial,NDVI,2,4,LightGBM,6898,185,0.08,9.37,0.814498693539361,0.16053968237103455,0.02460907940063259,0.07830145635112384,0.10662754790432799,0.18548193079528497,0.07900707462092808,0.0073515236052652195,0.24864864864864866,0.22794255599260813,0.613971277996304,0.24864864864864866,0.24864864864864866,0.5027027027027027,5.032863923429962,0.17600721499939698
spatial,NDVI,2,4,XGBoost,6898,185,0.08,4.5,0.8243722345912127,0.16627698897956772,0.024379266425967216,0.08690877890115978,0.1035170778632164,0.2092426198378876,0.08631531894207001,0.007942403278789971,0.24864864864864866,0.22794255599260813,0.613971277996304,0.24864864864864866,0.24864864864864866,0.5459459459459459,5.465798454477699,0.18153288013591665
spatial,NDVI,2,4,MLP,6898,185,0.08,50.51,0.7724020758431603,0.09836366388919081,0.028420045971870422,-0.06443294997998694,0.13686951994895935,-0.045533599411460735,0.08286242932081223,0.022121923050553993,0.12432432432432433,0.10019204367483825,0.5500960218374191,0.12432432432432433,0.12432432432432433,0.3945945945945946,3.9505275958106143,0.1524533715648463
spatial,NDVI,2,4,LightGBM + terrain,6898,185,0.08,11.92,0.7837370813387498,0.1451590112795455,0.024665039073516873,0.07620556531185207,0.11266888088351705,0.13933274167534926,0.06723992321200992,0.008454701318724642,0.24864864864864866,0.22794255599260813,0.613971277996304,0.24864864864864866,0.24864864864864866,0.3837837837837838,3.8422939630486797,0.15879167228477065
spatial,NDVI,2,4,XGBoost + terrain,6898,185,0.08,13.0,0.770486470382195,0.14535709586831513,0.02476147562265396,0.07259366965955505,0.11178305000066757,0.1460996234664016,0.07714731991291046,0.01295415425495112,0.23783783783783785,0.21683381579106292,0.6084169078955315,0.23783783783783785,0.23783783783783785,0.40540540540540543,4.058761228572549,0.15137605124467576
spatial,NDVI,2,4,MLP + terrain,6898,185,0.08,52.28,0.746107794074426,0.08769550087407041,0.036336515098810196,-0.36093319472112584,0.24860242009162903,-0.8990508858197919,0.10268548876047134,0.03503606761934726,0.14594594594594595,0.12240952407792867,0.5612047620389643,0.14594594594594595,0.14594594594594595,0.3783783783783784,3.7881771466677128,0.14183088840696725
spatial,NDVI,2,5,GLM-m4 (published),6898,290,0.08,0.3,0.9266510812390415,0.4179052753330829,0.030720892870047648,0.23828230426993957,0.11600748781355302,0.33716741766955405,0.29828652707374853,0.02238844160121978,0.44482758620689655,0.42046317942723554,0.7102315897136178,0.44482758620689655,0.44482758620689655,0.7448275862068966,7.45692407787398,0.2966021576138421
spatial,NDVI,2,5,GLM-m3 (published),6898,290,0.08,0.28,0.9272517116139267,0.41971712033785435,0.030594362876090783,0.24141958728593982,0.11568243364535287,0.33902468134939223,0.2957454375194043,0.022167109404003755,0.44482758620689655,0.42046317942723554,0.7102315897136178,0.44482758620689655,0.44482758620689655,0.7482758620689656,7.491446874530804,0.29701970786263554
spatial,NDVI,2,5,GLM-splines,6898,290,0.08,1.84,0.9316559864740753,0.4369454299597518,0.029364909139859407,0.27190361881882363,0.11011677073290928,0.37082523828038005,0.26908169406845517,0.013225165495434264,0.4827586206896552,0.46005886282040576,0.7300294314102029,0.4827586206896552,0.4827586206896552,0.7413793103448276,7.422401281217156,0.30008150117264154
spatial,NDVI,2,5,GLM-m4 + terrain,6898,290,0.08,1.06,0.9251643775569842,0.37492390545885723,0.03521876719405206,0.1267585122936835,0.12172021754631367,0.30452656428768055,0.31422457462965336,0.029531995622625103,0.3689655172413793,0.34127181264089507,0.6706359063204476,0.3689655172413793,0.3689655172413793,0.7241379310344828,7.249787297933035,0.295568620983154
spatial,NDVI,2,5,RandomForest,6898,290,0.08,7.32,0.9347092343658678,0.44051550805413225,0.029154272248798303,0.2771263136139752,0.10440593103398385,0.40345529256616675,0.2516094663043521,0.007573592250895315,0.4724137931034483,0.4492600400768139,0.7246300200384069,0.4724137931034483,0.4724137931034483,0.7517241379310344,7.525969671187627,0.30220500991866805
spatial,NDVI,2,5,LightGBM,6898,290,0.08,7.69,0.9244364198046254,0.3980805380083846,0.030702894137300773,0.23872857883923693,0.11276132222161298,0.3557150507795479,0.24209220249196214,0.00976262761286764,0.46206896551724136,0.438461217333222,0.719230608666611,0.46206896551724136,0.46206896551724136,0.7413793103448276,7.422401281217156,0.2950625532806058
spatial,NDVI,2,5,XGBoost,6898,290,0.08,2.18,0.9254232069800451,0.41715756056373254,0.02996368519961834,0.25705709979259483,0.10822433978319168,0.3816380586356436,0.2579493820667267,0.007289088045584228,0.4689655172413793,0.4456604324956166,0.7228302162478083,0.4689655172413793,0.4689655172413793,0.7620689655172413,7.629538061158099,0.29574855459891375
spatial,NDVI,2,5,MLP,6898,290,0.08,48.5,0.8957324455205812,0.38123413971719233,0.032500460743904114,0.1941583152308447,0.1414393186569214,0.19185747083181326,0.31880515813827515,0.017393490747327777,0.4379310344827586,0.41326396426484097,0.7066319821324205,0.4379310344827586,0.4379310344827586,0.7034482758620689,7.042650517992093,0.27519144217790986
spatial,NDVI,2,5,LightGBM + terrain,6898,290,0.08,15.67,0.9271911789262753,0.41842378832374627,0.030886644831748047,0.23417252130030908,0.11471351663216331,0.3445607874923726,0.22982294182527727,0.014650398964989854,0.4827586206896552,0.46005886282040576,0.7300294314102029,0.4827586206896552,0.4827586206896552,0.7482758620689656,7.491446874530804,0.2969776251950136
spatial,NDVI,2,5,XGBoost + terrain,6898,290,0.08,6.56,0.9249058090506805,0.41039154313988624,0.029968878254294395,0.25692833915863866,0.1082259863615036,0.3816286505730617,0.2573668658733368,0.006705905403639776,0.4793103448275862,0.4564592552392085,0.7282296276196043,0.4793103448275862,0.4793103448275862,0.7551724137931034,7.560492467844452,0.29538886647044105
spatial,NDVI,2,5,MLP + terrain,6898,290,0.08,53.81,0.8628350171161392,0.2543777453265953,0.042741287499666214,-0.059760703066156884,0.256712406873703,-0.4667789390515056,0.20588214695453644,0.02939247761810369,0.3482758620689655,0.3196741671537113,0.6598370835768557,0.3482758620689655,0.3482758620689655,0.596551724137931,5.972443821630548,0.2631943013711192
spatial,NDVI,2,6,GLM-m4 (published),6897,826,0.08,0.31,0.8586411682898454,0.4837610390863683,0.07982102924705776,0.2849234882932127,0.26753823408571165,0.36214295579127276,0.23448473680261744,0.019673911959288477,0.5012106537530266,0.4333470398508688,0.7166735199254344,0.5012106537530266,0.5012106537530266,0.45036319612590797,4.508207494456296,0.40337658740635607
spatial,NDVI,2,6,GLM-m3 (published),6897,826,0.08,0.26,0.8588024957295091,0.48395881273468766,0.07984980915095855,0.284665663588586,0.2675602209213827,0.36209053540335867,0.23398356413771446,0.01969501175534392,0.5072639225181598,0.4402238961633583,0.7201119480816791,0.5072639225181598,0.5072639225181598,0.4467312348668281,4.471850982404229,0.4035580381649984
spatial,NDVI,2,6,GLM-splines,6897,826,0.08,2.49,0.8512360593349959,0.45230952294529536,0.08044933578436829,0.2792948055861535,0.2696598469634566,0.3570846667441828,0.23147084900204418,0.016618927846847847,0.4975786924939467,0.42922092606337514,0.7146104630316876,0.4975786924939467,0.4975786924939467,0.437046004842615,4.374900283598716,0.39504779572350784
spatial,NDVI,2,6,GLM-m4 + terrain,6897,826,0.08,1.8,0.8619038113557767,0.4602505992656156,0.08035596568174813,0.2801312614413226,0.26739674776435196,0.3624802834522962,0.23594115345079703,0.02905105131700201,0.4915254237288136,0.42234406975088573,0.7111720348754429,0.4915254237288136,0.4915254237288136,0.41767554479418884,4.180998885987693,0.4070461991024588
spatial,NDVI,2,6,RandomForest,6897,826,0.08,8.69,0.8899684045493939,0.5003794959163412,0.07731280682195966,0.3073933932699141,0.2535336430386796,0.395532303228432,0.22065433870593804,0.03742021580064092,0.5193704600484261,0.4539776087883372,0.7269888043941686,0.5193704600484261,0.5193704600484261,0.45883777239709445,4.5930393559111184,0.4386114489633823
spatial,NDVI,2,6,LightGBM,6897,826,0.08,8.51,0.8737087323811092,0.4756138418544447,0.08135026050426185,0.2712238735011022,0.2771921672386198,0.339126323095963,0.23587810025121694,0.039670811500270964,0.5084745762711864,0.4415992674258562,0.7207996337129281,0.5084745762711864,0.5084745762711864,0.44188861985472155,4.423375633001473,0.4203236123883206
spatial,NDVI,2,6,XGBoost,6897,826,0.08,2.43,0.8534775934333151,0.46904547556033843,0.0798480212688446,0.28468168032649876,0.270435631275177,0.3552350663817029,0.24742476642131805,0.01833086413810292,0.5121065375302664,0.44572538121334987,0.722862690606675,0.5121065375302664,0.5121065375302664,0.4430992736077482,4.435494470352162,0.3975689248550223
spatial,NDVI,2,6,MLP,6897,826,0.08,50.06,0.8186036461995523,0.4018657953120206,0.09126188606023788,0.18243059816041318,0.37285351753234863,0.11105325748856054,0.23806647956371307,0.056330350808229,0.4552058111380145,0.381082931875949,0.6905414659379745,0.4552058111380145,0.4552058111380145,0.40314769975786924,4.0355728377794255,0.35834744382903144
spatial,NDVI,2,6,LightGBM + terrain,6897,826,0.08,16.07,0.8625779367077955,0.4605870010732907,0.08421162080370073,0.24559038366816488,0.2861059620557758,0.3178743071581862,0.24003394910695944,0.04751899790491207,0.48668280871670705,0.41684258470089414,0.708421292350447,0.48668280871670705,0.48668280871670705,0.4188861985472155,4.193117723338382,0.4078044073439336
spatial,NDVI,2,6,XGBoost + terrain,6897,826,0.08,3.31,0.8671850415762149,0.47723685757998136,0.07883431762456894,0.2937629421529969,0.262945294380188,0.3730933143799561,0.25032854080200195,0.025988294550174335,0.5121065375302664,0.44572538121334987,0.722862690606675,0.5121065375302664,0.5121065375302664,0.4406779661016949,4.411256795650783,0.41298618352714683
spatial,NDVI,2,6,MLP + terrain,6897,826,0.08,50.15,0.7446658248658031,0.29070545249015534,0.12100575864315033,-0.0840298177458898,0.6520748734474182,-0.5546583507136968,0.20845681428909302,0.10930247809916604,0.324455205811138,0.23254283552617672,0.6162714177630884,0.324455205811138,0.324455205811138,0.28934624697336564,2.8964021268146625,0.2759797577924226
spatial,NDVI,2,7,GLM-m4 (published),6897,447,0.08,0.39,0.8286554636421969,0.36689598109931054,0.051447041802751343,0.15556135423023243,0.1910124254005014,0.21443384589541903,0.11949160478772122,0.02566514934694332,0.4250559284116331,0.385210967171323,0.6926054835856614,0.4250559284116331,0.4250559284116331,0.5503355704697986,5.508946922395068,0.2802882416632266
spatial,NDVI,2,7,GLM-m3 (published),6897,447,0.08,0.32,0.8290668192775263,0.3683300747223021,0.05135821536250295,0.15701932880532044,0.19067550567319932,0.21581947687656433,0.12154610134550653,0.025401977824336668,0.4272930648769575,0.38760314239633736,0.6938015711981687,0.4272930648769575,0.4272930648769575,0.5458612975391499,5.464158736034133,0.2806390593445972
spatial,NDVI,2,7,GLM-splines,6897,447,0.08,2.37,0.8450410141685308,0.40111667799796014,0.047105743882731754,0.22681831299804245,0.17596253793311506,0.2763286791381907,0.1859341957767861,0.02053366593998411,0.4899328859060403,0.45458404869673796,0.7272920243483689,0.4899328859060403,0.4899328859060403,0.6129753914988815,6.135981531448165,0.294262380704804
spatial,NDVI,2,7,GLM-m4 + terrain,6897,447,0.08,1.36,0.8889693564330681,0.4442621029663891,0.045184082794268186,0.25835996885052437,0.1636456549454528,0.3269836372064243,0.23318015720866586,0.014758205344667645,0.5055928411633109,0.4713292752718381,0.735664637635919,0.5055928411633109,0.5055928411633109,0.6174496644295302,6.1807697178091,0.3317259228381588
spatial,NDVI,2,7,RandomForest,6897,447,0.08,6.9,0.8250363317898826,0.45100582323704513,0.04469979692695683,0.26630891377773236,0.18102952839454817,0.25548994992292284,0.23640842986982102,0.019790001447295112,0.5190156599552572,0.48568232662192395,0.742841163310962,0.5190156599552572,0.5190156599552572,0.6532438478747203,6.539075208696584,0.2772018848934172
spatial,NDVI,2,7,LightGBM,6897,447,0.08,7.36,0.8543518374000659,0.4254146858311074,0.0459233491945138,0.24622583837359735,0.19671844491321955,0.19096701752311185,0.22985135859592823,0.024759615107659012,0.49217002237136465,0.45697622392175224,0.7284881119608762,0.49217002237136465,0.49217002237136465,0.6442953020134228,6.449498835974714,0.3022029570067994
spatial,NDVI,2,7,XGBoost,6897,447,0.08,1.56,0.8486160969772645,0.4421588699736021,0.04511214420199394,0.2595407505885988,0.18632353842258453,0.23371759721181173,0.32114219665527344,0.021794909020549653,0.5100671140939598,0.4761136257218667,0.7380568128609334,0.5100671140939598,0.5100671140939598,0.6420581655480985,6.427104742794246,0.29731132803922156
spatial,NDVI,2,7,MLP,6897,447,0.08,51.53,0.8057333125227616,0.2826169071390645,0.06027023494243622,0.010739708414201354,0.3098325729370117,-0.2742311060760856,0.2501726448535919,0.04655072114658875,0.3668903803131991,0.32301441132095104,0.6615072056604755,0.3668903803131991,0.3668903803131991,0.5078299776286354,5.0834591519661805,0.26091616162264014
spatial,NDVI,2,7,LightGBM + terrain,6897,447,0.08,12.0,0.8981466451624093,0.4079870292941444,0.04695503437725123,0.22929202045046582,0.18767197384650092,0.228171934790666,0.2233569724437027,0.027417310681173257,0.5011185682326622,0.4665449248218095,0.7332724624109048,0.5011185682326622,0.5011185682326622,0.6487695749440716,6.494287022335649,0.3395526163420861
spatial,NDVI,2,7,XGBoost + terrain,6897,447,0.08,5.01,0.8961361705079515,0.4351189446393979,0.04524547606706619,0.25735227530150184,0.17227882146835327,0.29147851966573957,0.3033994734287262,0.020522707216744106,0.5033557046979866,0.46893710004682376,0.7344685500234119,0.5033557046979866,0.5033557046979866,0.6420581655480985,6.427104742794246,0.3378380171392663
spatial,NDVI,2,7,MLP + terrain,6897,447,0.08,51.7,0.8109116764649776,0.3373638986554145,0.05760538950562477,0.054479802946253875,0.43424364924430847,-0.7858895862301123,0.2912144064903259,0.047221559641608374,0.44966442953020136,0.4115248946464804,0.7057624473232402,0.44966442953020136,0.44966442953020136,0.5615212527964206,5.620917388297407,0.280100382085536
spatial,NDVI,2,8,GLM-m4 (published),6897,256,0.08,0.39,0.720629305639211,0.08363101639617423,0.0353354712490777,0.01599983977559505,0.1494733257460064,0.06944344857088791,0.027629396900475098,0.01093958852721105,0.1015625,0.06692916164734226,0.5334645808236711,0.1015625,0.1015625,0.30078125,3.0108683327285917,0.14448751578465496
spatial,NDVI,2,8,GLM-m3 (published),6897,256,0.08,0.32,0.7201675670079807,0.08398488313261138,0.03532764766355352,0.016217706104730945,0.14945894750038669,0.06953296133574227,0.02765864975232133,0.010351937194858808,0.1015625,0.06692916164734226,0.5334645808236711,0.1015625,0.1015625,0.29296875,2.932663960449927,0.14418512863089505
spatial,NDVI,2,8,GLM-splines,6897,256,0.08,2.6,0.755823788774281,0.11120701887943964,0.034576540350977035,0.037134073986488825,0.14358872868154027,0.10607841553592712,0.05052443596507163,0.006918837613776604,0.1640625,0.1318384373588315,0.5659192186794157,0.1640625,0.1640625,0.37109375,3.7147076832365746,0.16753596541276933
spatial,NDVI,2,8,GLM-m4 + terrain,6897,256,0.08,1.38,0.77723787362596,0.10958872482115976,0.034787567455191626,0.03125752283212235,0.14223184064102,0.114525816096262,0.051313235945893765,0.008029201212399556,0.13671875,0.10344062923505497,0.5517203146175275,0.13671875,0.13671875,0.35546875,3.558298938679245,0.18155979562905325
spatial,NDVI,2,8,RandomForest,6897,256,0.08,7.43,0.81037923740777,0.1369257457225973,0.033851053793457236,0.05733697106427338,0.13511340462041366,0.15884213301664873,0.06848022454545892,0.006410899904990542,0.1640625,0.1318384373588315,0.5659192186794157,0.1640625,0.1640625,0.40234375,4.0275251723512335,0.20326368925741944
spatial,NDVI,2,8,LightGBM,6897,256,0.08,7.79,0.8001559911910857,0.128799728623761,0.03480569808703177,0.0307526323069639,0.14658382405557183,0.08743224165473518,0.06511197759583724,0.017808911766631345,0.203125,0.17240673467851228,0.5862033673392562,0.203125,0.203125,0.34375,3.440992380261248,0.19656859831383078
spatial,NDVI,2,8,XGBoost,6897,256,0.08,2.45,0.80853787080259,0.12760905737584974,0.03466588258743286,0.03464612711951065,0.13959833979606628,0.13092097670813163,0.07151256501674652,0.015888314007759707,0.171875,0.13995209682276766,0.5699760484113838,0.171875,0.171875,0.33203125,3.323685821843251,0.2020577918603532
spatial,NDVI,2,8,MLP,6897,256,0.08,49.37,0.6789437184723687,0.0733773190283748,0.04445774480700493,-0.23803154357111866,0.2315099835395813,-0.44128125499788684,0.055859196931123734,0.041466703740224056,0.1015625,0.06692916164734226,0.5334645808236711,0.1015625,0.1015625,0.23046875,2.3070289822206096,0.11719397130007006
spatial,NDVI,2,8,LightGBM + terrain,6897,256,0.08,12.16,0.7842489482946846,0.110430294078653,0.03607819146442422,-0.004682969454576247,0.16362912415284203,-0.018684455738771977,0.04922465444158079,0.026632664116272062,0.16015625,0.1277816076268634,0.5638908038134317,0.16015625,0.16015625,0.30078125,3.0108683327285917,0.1861512646168812
spatial,NDVI,2,8,XGBoost + terrain,6897,256,0.08,11.98,0.7885201776840837,0.11099821060162969,0.0358944870531559,0.00043271639117792304,0.15006621181964874,0.06575252264564513,0.05678987130522728,0.020908982442480996,0.15625,0.12372477789489535,0.5618623889474477,0.15625,0.15625,0.3125,3.128174891146589,0.1889484420928695
spatial,NDVI,2,8,MLP + terrain,6897,256,0.08,51.03,0.6545153920719772,0.08614418463879053,0.048031359910964966,-0.3375473476788342,0.42061036825180054,-1.6185386485306075,0.09829230606555939,0.04930227620958391,0.14453125,0.11155428869899112,0.5557771443494955,0.14453125,0.14453125,0.25390625,2.5416420990566038,0.10424189315974715
spatial,NDVI,2,9,GLM-m4 (published),6897,324,0.08,0.38,0.7797898435988604,0.3096015098087952,0.03799850811572792,0.15133556600641251,0.15469464146391038,0.18394240565386333,0.13436851886605866,0.00858534939355203,0.37962962962962965,0.3490499856314553,0.6745249928157276,0.37962962962962965,0.37962962962962965,0.45987654320987653,4.603437617588561,0.2050768646466413
spatial,NDVI,2,9,GLM-m3 (published),6897,324,0.08,0.25,0.7792489101505786,0.30749101124297396,0.03797538660708202,0.15185196528157063,0.15466140312957222,0.1841177471841412,0.13598192399472536,0.007751960486171022,0.37962962962962965,0.3490499856314553,0.6745249928157276,0.37962962962962965,0.37962962962962965,0.4537037037037037,4.541646508627641,0.2046803780046346
spatial,NDVI,2,9,GLM-splines,6897,324,0.08,1.68,0.7888899219215157,0.3071223140222728,0.03821862607233933,0.14641941823317606,0.15346674062309718,0.1904199267675044,0.11866767413890095,0.011605827076969891,0.4074074074074074,0.3781970012001961,0.689098500600098,0.4074074074074074,0.4074074074074074,0.49074074074074076,4.912393162393163,0.21174692638456735
spatial,NDVI,2,9,GLM-m4 + terrain,6897,324,0.08,0.83,0.8097496680208784,0.255340872056999,0.0397882650265441,0.11136286415511965,0.15695804865646332,0.17200229828426572,0.09514123768761822,0.0117878715836544,0.2962962962962963,0.26160893892523285,0.6308044694626165,0.2962962962962963,0.2962962962962963,0.4166666666666667,4.170899854862119,0.22703644251695257
spatial,NDVI,2,9,RandomForest,6897,324,0.08,7.4,0.8405255882181689,0.29154350740653456,0.03889232134688502,0.13137300596048407,0.14899499576566144,0.2140096343123521,0.11868006497967148,0.011286137272671965,0.35802469135802467,0.3263800846335458,0.6631900423167729,0.35802469135802467,0.35802469135802467,0.5,5.005079825834542,0.24959444407876868
spatial,NDVI,2,9,LightGBM,6897,324,0.08,8.55,0.8122209638006586,0.16424606067220987,0.04348227871422927,0.028860203106532256,0.17159959755452875,0.09476402384769389,0.09005458745566186,0.022227255554922665,0.17901234567901234,0.13854376207943833,0.5692718810397192,0.17901234567901234,0.17901234567901234,0.33024691358024694,3.3058243294092353,0.22884782167029888
spatial,NDVI,2,9,XGBoost,6897,324,0.08,3.16,0.8226541237723345,0.20430564273010804,0.04141457751393318,0.07504055480541438,0.15936733782291412,0.15929278460696028,0.10577904433012009,0.015031878714838865,0.20679012345679013,0.16769077764817913,0.5838453888240895,0.20679012345679013,0.20679012345679013,0.39814814814814814,3.985526527979358,0.2364949889402103
spatial,NDVI,2,9,MLP,6897,324,0.08,50.13,0.7954973394714253,0.1672782633101099,0.04637213423848152,-0.03568226775425565,0.20559319853782654,-0.0845615407000464,0.12706464529037476,0.03473967767875728,0.21296296296296297,0.17416789221901044,0.5870839461095052,0.21296296296296297,0.21296296296296297,0.3395061728395062,3.398510992850616,0.21666199819058213
spatial,NDVI,2,9,LightGBM + terrain,6897,324,0.08,13.49,0.8523763506901597,0.22789146741013908,0.040889153225737114,0.08677546041777007,0.16113521226134966,0.1499665894172003,0.09743280676147728,0.019113516487124414,0.25925925925925924,0.2227462515002451,0.6113731257501226,0.25925925925925924,0.25925925925925924,0.4537037037037037,4.541646508627641,0.258280415519426
spatial,NDVI,2,9,XGBoost + terrain,6897,324,0.08,4.96,0.8458936013959089,0.2343742549578606,0.04028497263789177,0.10026932115177745,0.15337947010993958,0.19088045909463014,0.12452377378940582,0.014664207234998523,0.2716049382716049,0.23570048064190768,0.6178502403209538,0.2716049382716049,0.2716049382716049,0.4506172839506173,4.510750954147181,0.25352877094737747
spatial,NDVI,2,9,MLP + terrain,6897,324,0.08,52.01,0.7257674023737212,0.13070836471241842,0.051003992557525635,-0.1391308928081174,0.47030019760131836,-1.4809648885742481,0.08199111372232437,0.04362693040355081,0.19444444444444445,0.15473654850651655,0.5773682742532583,0.19444444444444445,0.19444444444444445,0.2993827160493827,2.996868784604634,0.17567066426034458
